2016.07.15 10:00:00.218,1.18024,1.18034,2.25,2.81
2016.07.15 10:00:00.760,1.18023,1.18031,1.50,1.00
2016.07.15 10:00:01.554,1.18022,1.18031,1.50,1.00
2016.07.15 10:00:02.173,1.18022,1.18031,3.00,1.00
2016.07.15 10:00:02.717,1.18024,1.18031,1.00,1.00
2016.07.15 10:00:03.279,1.18025,1.18031,1.00,1.00
2016.07.15 10:00:03.464,1.18023,1.18031,1.12,1.00
2016.07.15 10:00:04.014,1.18026,1.18031,1.00,1.00
2016.07.15 10:00:04.065,1.18027,1.18034,1.00,1.87
2016.07.15 10:00:04.571,1.18028,1.18034,1.00,1.00
2016.07.15 10:00:05.111,1.18028,1.18036,1.00,4.09
2016.07.15 10:00:05.488,1.18027,1.18032,3.19,1.00
2016.07.15 10:00:05.589,1.18027,1.18034,1.75,1.00
2016.07.15 10:00:06.116,1.18028,1.18035,1.50,2.81
2016.07.15 10:00:07.026,1.18031,1.18036,1.00,1.00
2016.07.15 10:00:07.331,1.18034,1.18041,4.31,1.69
2016.07.15 10:00:07.433,1.18034,1.18041,2.00,1.69
2016.07.15 10:00:07.586,1.18033,1.1804,1.19,1.00
2016.07.15 10:00:08.383,1.18033,1.18038,1.19,1.00
2016.07.15 10:00:08.796,1.1803,1.18036,1.12,1.00
2016.07.15 10:00:09.375,1.18029,1.18037,1.69,1.00
2016.07.15 10:00:12.943,1.18028,1.18036,3.56,1.00
2016.07.15 10:00:13.095,1.18028,1.18034,1.69,1.00
2016.07.15 10:00:13.639,1.18027,1.18035,1.19,1.50
2016.07.15 10:00:14.518,1.18027,1.18034,1.19,1.00
2016.07.15 10:00:14.669,1.18026,1.18034,3.75,1.00
2016.07.15 10:00:15.024,1.18028,1.18036,1.00,3.07
2016.07.15 10:00:15.328,1.18029,1.18037,1.00,1.50
2016.07.15 10:00:16.090,1.18029,1.18034,1.00,1.00
2016.07.15 10:00:16.242,1.18027,1.18034,1.00,1.00
2016.07.15 10:00:17.018,1.18026,1.18033,2.25,1.00
2016.07.15 10:00:17.520,1.18025,1.18032,1.31,1.00
2016.07.15 10:00:18.027,1.18025,1.18033,1.50,1.50
2016.07.15 10:00:19.425,1.18026,1.18033,1.00,1.00
2016.07.15 10:00:19.527,1.18027,1.18035,1.00,1.00
2016.07.15 10:00:20.044,1.18028,1.18036,1.00,1.50
2016.07.15 10:00:21.381,1.18027,1.18035,3.00,1.00
2016.07.15 10:00:21.988,1.18027,1.18034,2.25,1.00
2016.07.15 10:00:23.820,1.18027,1.18034,1.50,1.00
2016.07.15 10:00:24.808,1.18026,1.18033,1.12,1.00
2016.07.15 10:00:25.844,1.18026,1.1803,1.00,1.00
2016.07.15 10:00:25.946,1.18023,1.1803,3.00,1.00
2016.07.15 10:00:26.428,1.18023,1.18028,1.00,1.00
2016.07.15 10:00:26.481,1.18021,1.18027,1.00,1.00
2016.07.15 10:00:26.532,1.1802,1.18025,2.25,1.00
2016.07.15 10:00:27.145,1.1802,1.18026,1.00,1.00
2016.07.15 10:00:27.647,1.1802,1.18025,1.00,1.50
2016.07.15 10:00:28.199,1.18017,1.18025,3.94,1.00
2016.07.15 10:00:29.130,1.18017,1.18024,1.12,1.00
2016.07.15 10:00:29.181,1.18017,1.18026,1.12,3.00
2016.07.15 10:00:29.232,1.18017,1.18022,1.12,1.00
2016.07.15 10:00:29.334,1.18015,1.18023,1.50,1.00
2016.07.15 10:00:29.915,1.18016,1.18024,1.00,1.00
2016.07.15 10:00:30.399,1.18018,1.18025,1.50,1.00
2016.07.15 10:00:30.501,1.18019,1.18027,1.00,1.12
2016.07.15 10:00:30.703,1.18021,1.18028,1.00,1.00
2016.07.15 10:00:31.008,1.18021,1.1803,2.25,1.50
2016.07.15 10:00:31.059,1.18023,1.18032,1.50,1.50
2016.07.15 10:00:31.457,1.18025,1.18033,1.00,1.00
2016.07.15 10:00:31.960,1.18026,1.18034,1.00,1.00
2016.07.15 10:00:32.490,1.18026,1.18035,1.00,4.69
2016.07.15 10:00:32.794,1.18024,1.18033,1.50,1.50
2016.07.15 10:00:33.338,1.18024,1.18032,1.00,1.00
2016.07.15 10:00:33.873,1.18025,1.18033,1.12,1.00
2016.07.15 10:00:34.216,1.18027,1.18034,1.00,1.00
2016.07.15 10:00:34.318,1.18025,1.18034,3.37,1.00
2016.07.15 10:00:34.633,1.18025,1.18031,1.00,1.00
2016.07.15 10:00:35.139,1.18025,1.18032,1.00,1.00
2016.07.15 10:00:35.393,1.18023,1.18032,1.50,1.00
2016.07.15 10:00:36.354,1.18023,1.1803,1.00,1.00
2016.07.15 10:00:36.864,1.18022,1.1803,3.00,1.00
2016.07.15 10:00:38.249,1.18022,1.18029,1.50,1.00
2016.07.15 10:00:38.780,1.18022,1.1803,1.00,1.50
2016.07.15 10:00:39.282,1.18021,1.1803,2.62,1.50
2016.07.15 10:00:39.693,1.18021,1.18028,1.00,1.00
2016.07.15 10:00:39.794,1.18019,1.18027,1.50,1.50
2016.07.15 10:00:40.290,1.18017,1.18026,1.65,2.25
2016.07.15 10:00:40.594,1.18019,1.18026,1.00,1.00
2016.07.15 10:00:40.847,1.1802,1.18028,1.00,1.12
2016.07.15 10:00:41.386,1.18019,1.18028,1.50,1.00
2016.07.15 10:00:42.180,1.1802,1.18028,1.00,1.50
2016.07.15 10:00:42.719,1.1802,1.18027,1.00,1.00
2016.07.15 10:00:43.232,1.18021,1.18028,1.50,1.00
2016.07.15 10:00:43.743,1.1802,1.18027,1.00,1.50
2016.07.15 10:00:43.914,1.18018,1.18027,3.90,1.50
2016.07.15 10:00:44.425,1.18019,1.18027,1.00,1.00
2016.07.15 10:00:44.946,1.18021,1.18029,1.00,1.87
2016.07.15 10:00:45.472,1.1802,1.18028,1.00,1.50
2016.07.15 10:00:45.991,1.1802,1.18027,1.00,1.00
2016.07.15 10:00:46.492,1.18019,1.18028,1.00,1.50
2016.07.15 10:00:47.263,1.18019,1.18026,1.00,1.00
2016.07.15 10:00:48.434,1.18019,1.18027,1.50,1.00
2016.07.15 10:00:49.861,1.18019,1.18026,1.00,1.00
2016.07.15 10:00:50.193,1.18017,1.18026,2.40,1.00
2016.07.15 10:00:50.547,1.18017,1.18024,1.00,1.00
2016.07.15 10:00:50.800,1.18017,1.18026,1.50,2.25
2016.07.15 10:00:51.283,1.18017,1.18024,1.00,1.00
2016.07.15 10:00:51.334,1.18015,1.18023,4.50,1.00
2016.07.15 10:00:51.587,1.18015,1.18021,1.00,1.00
2016.07.15 10:00:51.638,1.18013,1.18021,1.87,1.00
2016.07.15 10:00:51.739,1.18012,1.18019,1.00,1.00
2016.07.15 10:00:52.719,1.18011,1.18019,1.00,1.00
2016.07.15 10:00:53.487,1.1801,1.18019,4.12,1.00
2016.07.15 10:00:54.020,1.1801,1.1802,4.12,2.81
2016.07.15 10:00:54.373,1.18012,1.1802,1.87,3.00
2016.07.15 10:00:54.955,1.18011,1.1802,3.00,1.50
2016.07.15 10:00:55.375,1.18013,1.1802,1.00,1.50
2016.07.15 10:00:55.879,1.18012,1.1802,1.12,3.37
2016.07.15 10:00:56.486,1.18012,1.18018,1.00,1.00
2016.07.15 10:00:56.537,1.1801,1.18018,4.12,1.00
2016.07.15 10:00:57.033,1.18011,1.1802,1.00,3.94
2016.07.15 10:00:57.438,1.18013,1.18021,1.00,2.44
2016.07.15 10:00:57.744,1.18011,1.1802,1.00,2.81
2016.07.15 10:00:58.369,1.18012,1.18018,1.00,1.56
2016.07.15 10:00:58.773,1.1801,1.18013,3.75,1.00
2016.07.15 10:00:58.875,1.18011,1.18015,1.00,1.00
2016.07.15 10:00:58.926,1.1801,1.18017,2.25,1.25
2016.07.15 10:00:59.131,1.1801,1.18016,1.00,1.56
2016.07.15 10:00:59.486,1.18009,1.18013,3.00,1.00
2016.07.15 10:00:59.588,1.18009,1.18016,2.25,1.56
2016.07.15 10:01:00.126,1.18009,1.18016,1.00,1.00
2016.07.15 10:01:00.639,1.18008,1.18016,2.25,1.00
2016.07.15 10:01:01.162,1.18009,1.18017,1.50,2.06
2016.07.15 10:01:02.345,1.1801,1.18018,1.00,2.06
2016.07.15 10:01:03.797,1.18009,1.18018,1.87,1.56
2016.07.15 10:01:04.134,1.18011,1.18018,1.00,1.56
2016.07.15 10:01:04.795,1.1801,1.18019,4.50,2.81
2016.07.15 10:01:05.333,1.18011,1.18019,1.00,2.81
2016.07.15 10:01:05.472,1.18011,1.18018,1.00,1.31
2016.07.15 10:01:05.523,1.18014,1.18018,1.00,1.31
2016.07.15 10:01:05.625,1.18016,1.18021,1.00,1.12
2016.07.15 10:01:05.828,1.18015,1.18023,4.87,1.00
2016.07.15 10:01:06.407,1.18015,1.18024,2.62,1.25
2016.07.15 10:01:06.917,1.18016,1.18024,1.00,1.69
2016.07.15 10:01:07.205,1.18017,1.18026,2.62,1.65
2016.07.15 10:01:07.256,1.18019,1.18026,1.00,1.65
2016.07.15 10:01:07.796,1.1802,1.18025,1.00,1.50
2016.07.15 10:01:07.950,1.1802,1.18027,1.87,1.50
2016.07.15 10:01:08.154,1.1802,1.1803,3.75,2.62
2016.07.15 10:01:08.307,1.18023,1.18031,1.12,1.50
2016.07.15 10:01:08.849,1.18024,1.18032,1.00,1.00
2016.07.15 10:01:09.311,1.18023,1.18034,2.62,3.07
2016.07.15 10:01:09.818,1.18027,1.18034,1.12,1.95
2016.07.15 10:01:10.048,1.18028,1.18037,1.50,3.00
2016.07.15 10:01:10.200,1.1803,1.18039,1.00,4.09
2016.07.15 10:01:10.706,1.1803,1.18037,1.00,1.00
2016.07.15 10:01:11.242,1.18027,1.18035,1.00,1.50
2016.07.15 10:01:12.444,1.18027,1.18036,1.12,2.70
2016.07.15 10:01:12.975,1.18027,1.18035,1.12,1.00
2016.07.15 10:01:13.523,1.18028,1.18035,1.00,1.00
2016.07.15 10:01:14.329,1.18028,1.18036,1.00,1.20
2016.07.15 10:01:14.774,1.18026,1.18035,3.75,1.37
2016.07.15 10:01:15.279,1.18026,1.18034,1.00,2.25
2016.07.15 10:01:15.737,1.18025,1.18032,1.87,1.00
2016.07.15 10:01:15.940,1.18023,1.18031,1.50,1.00
2016.07.15 10:01:16.429,1.18025,1.18032,1.00,2.62
2016.07.15 10:01:16.992,1.18024,1.1803,1.00,1.00
2016.07.15 10:01:17.498,1.18024,1.18031,1.00,1.00
2016.07.15 10:01:17.909,1.18025,1.18033,1.50,5.40
2016.07.15 10:01:18.011,1.18023,1.18032,1.87,1.00
2016.07.15 10:01:18.592,1.18023,1.1803,1.00,1.00
2016.07.15 10:01:19.198,1.18023,1.18031,1.00,1.00
2016.07.15 10:01:19.701,1.18023,1.18032,1.00,1.50
2016.07.15 10:01:20.205,1.18023,1.18031,1.00,1.00
2016.07.15 10:01:20.509,1.18022,1.18028,1.00,1.00
2016.07.15 10:01:21.480,1.18023,1.18028,1.00,1.00
2016.07.15 10:01:21.531,1.18022,1.1803,1.00,1.00
2016.07.15 10:01:22.199,1.18023,1.1803,1.00,1.00
2016.07.15 10:01:22.609,1.18021,1.18029,2.25,1.00
2016.07.15 10:01:23.222,1.18021,1.1803,3.37,1.00
2016.07.15 10:01:23.715,1.18023,1.1803,1.00,1.00
2016.07.15 10:01:23.969,1.18022,1.18032,1.12,1.20
2016.07.15 10:01:24.222,1.18022,1.1803,1.87,1.00
2016.07.15 10:01:24.626,1.18022,1.18032,1.12,1.20
2016.07.15 10:01:24.728,1.18022,1.1803,1.12,1.00
2016.07.15 10:01:25.229,1.18023,1.18029,1.00,1.00
2016.07.15 10:01:25.882,1.18022,1.18029,1.00,1.00
2016.07.15 10:01:26.450,1.18022,1.18028,1.00,1.00
2016.07.15 10:01:26.969,1.18021,1.18028,1.50,1.00
2016.07.15 10:01:27.222,1.18021,1.1803,1.50,1.50
2016.07.15 10:01:27.323,1.18021,1.18027,1.00,1.00
2016.07.15 10:01:27.721,1.18021,1.1803,1.50,2.40
2016.07.15 10:01:28.262,1.18022,1.1803,1.00,1.20
2016.07.15 10:01:28.774,1.18023,1.18031,1.00,2.81
2016.07.15 10:01:29.314,1.18023,1.18031,1.00,1.95
2016.07.15 10:01:30.228,1.18024,1.18031,1.00,1.10
2016.07.15 10:01:30.733,1.18025,1.18033,1.00,2.25
2016.07.15 10:01:31.313,1.18025,1.18033,1.50,1.10
2016.07.15 10:01:31.839,1.18026,1.18034,1.50,1.20
2016.07.15 10:01:32.368,1.18027,1.18035,1.00,5.62
2016.07.15 10:01:33.535,1.18027,1.18033,1.00,1.00
2016.07.15 10:01:34.078,1.18026,1.18032,1.00,1.00
2016.07.15 10:01:34.740,1.18025,1.18033,1.50,1.00
2016.07.15 10:01:35.311,1.18025,1.18033,1.00,1.47
2016.07.15 10:01:35.839,1.18024,1.18033,1.50,1.57
2016.07.15 10:01:36.387,1.18024,1.18033,1.50,1.27
2016.07.15 10:01:38.542,1.18025,1.18033,1.00,2.02
2016.07.15 10:01:39.086,1.18025,1.18034,1.50,1.87
2016.07.15 10:01:40.249,1.18028,1.18035,1.12,4.39
2016.07.15 10:01:40.401,1.1803,1.18038,1.00,1.65
2016.07.15 10:01:40.955,1.18031,1.18039,1.12,2.40
2016.07.15 10:01:41.482,1.18031,1.18038,1.12,1.00
2016.07.15 10:01:42.461,1.18031,1.18039,1.87,1.12
2016.07.15 10:01:42.664,1.18031,1.18037,1.00,1.00
2016.07.15 10:01:42.765,1.1803,1.18039,1.50,3.15
2016.07.15 10:01:43.299,1.1803,1.18038,2.25,1.00
2016.07.15 10:01:45.659,1.1803,1.18036,2.25,1.00
2016.07.15 10:01:45.811,1.18028,1.18035,1.50,1.00
2016.07.15 10:01:46.318,1.18028,1.18034,1.00,1.00
2016.07.15 10:01:46.369,1.1803,1.18034,1.00,1.00
2016.07.15 10:01:46.826,1.18028,1.18035,1.50,2.25
2016.07.15 10:01:47.337,1.18029,1.18034,1.00,1.00
2016.07.15 10:01:47.540,1.18027,1.18035,1.00,3.82
2016.07.15 10:01:48.116,1.18026,1.18035,1.50,4.57
2016.07.15 10:01:48.276,1.18028,1.18035,1.00,3.07
2016.07.15 10:01:48.782,1.18027,1.18035,1.00,1.76
2016.07.15 10:01:49.785,1.18026,1.18034,1.87,1.57
2016.07.15 10:01:50.088,1.18024,1.18028,1.75,1.00
2016.07.15 10:01:50.139,1.18024,1.18028,1.00,2.25
2016.07.15 10:01:50.190,1.18022,1.18027,1.00,1.65
2016.07.15 10:01:50.242,1.1802,1.18027,1.00,1.65
2016.07.15 10:01:50.395,1.18018,1.18026,1.50,1.65
2016.07.15 10:01:50.670,1.18016,1.18026,3.75,2.40
2016.07.15 10:01:50.931,1.18016,1.18022,1.50,1.00
2016.07.15 10:01:51.033,1.18016,1.18025,1.50,2.25
2016.07.15 10:01:51.539,1.18017,1.18025,1.00,1.20
2016.07.15 10:01:52.080,1.18016,1.18024,2.62,1.00
2016.07.15 10:01:53.316,1.18016,1.18023,1.00,1.65
2016.07.15 10:01:53.823,1.18015,1.18023,2.25,1.20
2016.07.15 10:01:55.023,1.18014,1.18024,1.50,2.06
2016.07.15 10:01:55.395,1.18016,1.18024,1.00,2.81
2016.07.15 10:01:55.939,1.18015,1.18023,1.00,1.20
2016.07.15 10:01:56.455,1.18014,1.18023,3.00,1.20
2016.07.15 10:01:57.015,1.18015,1.18024,2.25,3.75
2016.07.15 10:01:57.551,1.18016,1.18024,1.00,2.40
2016.07.15 10:01:58.309,1.18016,1.18024,1.00,2.32
2016.07.15 10:01:58.715,1.18014,1.18023,1.50,3.75
2016.07.15 10:01:59.246,1.18015,1.18023,1.00,4.87
2016.07.15 10:01:59.754,1.18014,1.18022,1.00,3.19
2016.07.15 10:02:01.516,1.18015,1.18023,1.00,1.87
2016.07.15 10:02:02.023,1.18015,1.18023,1.50,2.25
2016.07.15 10:02:02.610,1.18015,1.18023,2.25,1.20
2016.07.15 10:02:02.744,1.18017,1.18024,1.00,1.69
2016.07.15 10:02:04.574,1.18016,1.18024,1.00,2.25
2016.07.15 10:02:07.925,1.18017,1.18024,1.00,1.50
2016.07.15 10:02:08.445,1.18018,1.18024,1.00,1.50
2016.07.15 10:02:09.771,1.18017,1.18024,1.50,1.50
2016.07.15 10:02:11.127,1.18016,1.18024,1.00,4.57
2016.07.15 10:02:11.660,1.18017,1.18024,1.00,3.00
2016.07.15 10:02:12.653,1.18016,1.18024,1.00,3.00
2016.07.15 10:02:13.367,1.18015,1.18024,2.25,3.00
2016.07.15 10:02:14.516,1.18016,1.18022,1.00,1.10
2016.07.15 10:02:16.829,1.18016,1.18024,1.50,2.02
2016.07.15 10:02:17.095,1.18018,1.18024,1.00,2.02
2016.07.15 10:02:17.646,1.18019,1.18025,1.00,1.10
2016.07.15 10:02:18.435,1.18018,1.18025,1.50,1.57
2016.07.15 10:02:18.749,1.1802,1.18027,1.00,2.51
2016.07.15 10:02:19.356,1.18021,1.18027,1.00,1.39
2016.07.15 10:02:20.945,1.1802,1.18027,1.00,1.10
2016.07.15 10:02:23.478,1.18019,1.18024,1.00,1.00
2016.07.15 10:02:23.580,1.18016,1.18024,1.00,1.87
2016.07.15 10:02:23.681,1.18014,1.18023,1.50,1.50
2016.07.15 10:02:24.243,1.18014,1.18022,1.50,1.50
2016.07.15 10:02:25.274,1.18013,1.18022,1.50,1.50
2016.07.15 10:02:25.997,1.18014,1.18022,1.00,1.00
2016.07.15 10:02:26.548,1.18013,1.18022,1.50,1.00
2016.07.15 10:02:27.562,1.18012,1.18022,1.12,1.12
2016.07.15 10:02:28.128,1.18012,1.1802,1.12,1.00
2016.07.15 10:02:29.407,1.18012,1.18019,1.00,1.00
2016.07.15 10:02:30.281,1.18011,1.18019,1.12,1.00
2016.07.15 10:02:31.838,1.18012,1.1802,1.00,1.12
2016.07.15 10:02:32.386,1.18012,1.18021,3.00,1.57
2016.07.15 10:02:33.718,1.18012,1.1802,1.12,1.00
2016.07.15 10:02:34.228,1.18013,1.1802,1.00,1.00
2016.07.15 10:02:34.766,1.18014,1.1802,1.00,1.00
2016.07.15 10:02:35.270,1.18015,1.1802,1.00,1.50
2016.07.15 10:02:35.523,1.18013,1.1802,1.12,1.50
2016.07.15 10:02:37.901,1.18013,1.18021,1.00,1.50
2016.07.15 10:02:38.406,1.18012,1.1802,1.00,1.00
2016.07.15 10:02:38.595,1.18011,1.18018,2.40,1.00
2016.07.15 10:02:39.108,1.1801,1.18019,1.50,1.10
2016.07.15 10:02:40.814,1.18012,1.1802,1.00,1.95
2016.07.15 10:02:40.916,1.18012,1.18021,1.00,2.40
2016.07.15 10:02:41.514,1.18012,1.1802,1.00,1.00
2016.07.15 10:02:45.499,1.18011,1.1802,1.00,1.00
2016.07.15 10:02:46.011,1.18011,1.18021,2.25,2.59
2016.07.15 10:02:46.527,1.18012,1.18021,1.50,1.69
2016.07.15 10:02:47.108,1.18013,1.18021,1.00,1.69
2016.07.15 10:02:47.362,1.18015,1.18021,1.00,1.00
2016.07.15 10:02:47.766,1.18014,1.18023,1.50,1.95
2016.07.15 10:02:51.038,1.18014,1.18024,1.87,2.70
2016.07.15 10:02:53.259,1.18014,1.18021,1.12,1.00
2016.07.15 10:02:54.346,1.18013,1.18021,1.00,1.00
2016.07.15 10:02:55.361,1.18013,1.18022,1.12,1.50
2016.07.15 10:02:57.338,1.18013,1.18021,1.12,1.00
2016.07.15 10:02:59.451,1.18012,1.18022,4.12,1.00
2016.07.15 10:03:00.152,1.18014,1.18022,1.00,1.00
2016.07.15 10:03:00.658,1.18013,1.1802,2.62,1.00
2016.07.15 10:03:01.252,1.18012,1.18019,2.62,1.00
2016.07.15 10:03:01.505,1.18014,1.18021,1.12,1.50
2016.07.15 10:03:02.011,1.18015,1.18021,1.12,1.00
2016.07.15 10:03:02.468,1.18015,1.18023,1.12,1.50
2016.07.15 10:03:02.620,1.18017,1.18023,1.00,1.00
2016.07.15 10:03:03.025,1.1802,1.18024,1.00,1.00
2016.07.15 10:03:03.533,1.18019,1.18024,1.00,1.00
2016.07.15 10:03:04.071,1.1802,1.18024,1.00,1.00
2016.07.15 10:03:05.921,1.18016,1.18024,1.00,1.00
2016.07.15 10:03:06.637,1.18016,1.18023,1.00,1.00
2016.07.15 10:03:07.143,1.18017,1.18023,1.00,1.00
2016.07.15 10:03:07.296,1.1802,1.18023,1.00,1.00
2016.07.15 10:03:07.823,1.1802,1.18024,1.00,1.00
2016.07.15 10:03:08.332,1.18019,1.18025,1.00,1.00
2016.07.15 10:03:09.018,1.1802,1.18025,1.00,2.25
2016.07.15 10:03:09.523,1.18019,1.18025,1.00,1.50
2016.07.15 10:03:10.059,1.1802,1.18025,1.69,1.00
2016.07.15 10:03:10.564,1.1802,1.18026,1.69,1.00
2016.07.15 10:03:11.265,1.1802,1.18027,1.69,1.00
2016.07.15 10:03:13.570,1.1802,1.18026,1.69,1.00
2016.07.15 10:03:13.974,1.1802,1.18024,1.69,1.00
2016.07.15 10:03:14.480,1.1802,1.18025,1.00,1.50
2016.07.15 10:03:15.017,1.1802,1.18026,1.00,1.00
2016.07.15 10:03:15.525,1.18019,1.18026,1.00,1.00
2016.07.15 10:03:16.121,1.18019,1.18025,1.00,1.00
2016.07.15 10:03:16.677,1.1802,1.18026,1.00,1.00
2016.07.15 10:03:17.321,1.18019,1.18026,1.00,1.00
2016.07.15 10:03:17.825,1.18019,1.18025,1.00,1.00
2016.07.15 10:03:18.394,1.1802,1.18025,1.00,1.00
2016.07.15 10:03:19.446,1.18019,1.18025,1.50,1.00
2016.07.15 10:03:20.013,1.1802,1.18025,1.00,1.00
2016.07.15 10:03:20.564,1.1802,1.18028,1.00,2.25
2016.07.15 10:03:21.164,1.18019,1.18028,1.50,2.25
2016.07.15 10:03:21.752,1.1802,1.18028,1.00,2.25
2016.07.15 10:03:22.850,1.18019,1.18028,1.50,1.50
2016.07.15 10:03:23.106,1.1802,1.18026,1.00,1.00
2016.07.15 10:03:23.620,1.1802,1.18027,1.00,1.16
2016.07.15 10:03:24.157,1.18019,1.18027,1.50,1.16
2016.07.15 10:03:24.772,1.1802,1.18027,1.00,1.16
2016.07.15 10:03:25.331,1.18019,1.18027,1.00,1.00
2016.07.15 10:03:25.873,1.1802,1.18027,1.00,1.00
2016.07.15 10:03:26.394,1.18019,1.18027,1.00,1.00
2016.07.15 10:03:26.915,1.1802,1.18027,1.00,1.00
2016.07.15 10:03:27.218,1.18019,1.18025,1.12,1.00
2016.07.15 10:03:27.448,1.18014,1.18022,1.31,1.50
2016.07.15 10:03:27.601,1.18014,1.18019,1.00,1.00
2016.07.15 10:03:27.703,1.1801,1.18019,3.37,1.00
2016.07.15 10:03:28.431,1.1801,1.18017,1.00,1.00
2016.07.15 10:03:29.148,1.1801,1.18016,1.00,1.00
2016.07.15 10:03:29.401,1.18006,1.18013,2.44,1.00
2016.07.15 10:03:29.906,1.18006,1.18014,1.00,2.32
2016.07.15 10:03:30.008,1.18008,1.18014,1.00,1.10
2016.07.15 10:03:30.248,1.18009,1.18016,1.00,1.27
2016.07.15 10:03:30.350,1.18005,1.18014,3.56,1.00
2016.07.15 10:03:30.855,1.18004,1.18013,2.44,1.20
2016.07.15 10:03:31.696,1.18006,1.18013,1.00,1.20
2016.07.15 10:03:31.747,1.18009,1.18013,1.00,1.00
2016.07.15 10:03:31.848,1.18009,1.18015,1.00,1.00
2016.07.15 10:03:31.950,1.18009,1.18017,1.00,1.00
2016.07.15 10:03:32.516,1.18009,1.18018,1.00,1.65
2016.07.15 10:03:33.617,1.1801,1.18018,1.00,1.65
2016.07.15 10:03:35.040,1.1801,1.18017,1.00,1.00
2016.07.15 10:03:36.521,1.18009,1.18017,2.62,1.00
2016.07.15 10:03:36.622,1.18014,1.18019,1.50,1.27
2016.07.15 10:03:37.126,1.18015,1.18019,1.00,1.20
2016.07.15 10:03:37.430,1.18013,1.18017,1.00,1.57
2016.07.15 10:03:37.941,1.18012,1.18017,1.50,2.32
2016.07.15 10:03:38.486,1.18013,1.18016,1.00,1.00
2016.07.15 10:03:43.575,1.18013,1.18017,1.50,1.00
2016.07.15 10:03:44.109,1.18014,1.18017,1.00,1.00
2016.07.15 10:03:46.576,1.18015,1.18017,1.00,1.00
2016.07.15 10:03:46.757,1.18016,1.18021,1.50,1.50
2016.07.15 10:03:46.814,1.18019,1.18021,1.00,1.00
2016.07.15 10:03:47.016,1.1802,1.18025,1.00,2.25
2016.07.15 10:03:47.517,1.1802,1.18024,1.50,1.00
2016.07.15 10:03:48.054,1.18021,1.18025,1.00,1.00
2016.07.15 10:03:48.560,1.18021,1.18026,1.50,1.12
2016.07.15 10:03:49.325,1.18023,1.18026,1.00,1.00
2016.07.15 10:03:49.835,1.18023,1.18027,1.00,1.00
2016.07.15 10:03:50.374,1.18022,1.18027,1.50,1.50
2016.07.15 10:03:50.677,1.18019,1.18023,2.25,1.00
2016.07.15 10:03:51.187,1.1802,1.18024,1.50,1.50
2016.07.15 10:03:51.491,1.18019,1.18023,1.00,1.56
2016.07.15 10:03:53.141,1.18019,1.18024,1.50,2.62
2016.07.15 10:03:53.736,1.18018,1.18023,1.00,1.12
2016.07.15 10:03:54.334,1.18019,1.18023,1.00,1.12
2016.07.15 10:03:54.487,1.18021,1.18024,1.00,2.25
2016.07.15 10:03:54.589,1.18021,1.18025,1.00,1.00
2016.07.15 10:03:54.690,1.18021,1.18027,1.00,1.87
2016.07.15 10:03:56.179,1.18021,1.18026,1.00,1.00
2016.07.15 10:03:57.218,1.1802,1.18026,2.25,1.50
2016.07.15 10:03:57.723,1.18021,1.18025,1.00,1.00
2016.07.15 10:03:57.875,1.18021,1.18027,1.00,3.00
2016.07.15 10:03:58.178,1.18023,1.18027,1.00,2.25
2016.07.15 10:03:58.685,1.18024,1.18028,1.50,1.00
2016.07.15 10:03:58.938,1.18025,1.1803,1.00,1.00
2016.07.15 10:03:59.090,1.18026,1.18032,1.69,1.50
2016.07.15 10:03:59.191,1.18026,1.18029,1.25,1.00
2016.07.15 10:03:59.495,1.18027,1.18032,1.50,2.25
2016.07.15 10:03:59.698,1.1803,1.18033,1.00,1.50
2016.07.15 10:04:00.044,1.18034,1.18038,1.00,2.44
2016.07.15 10:04:00.145,1.18035,1.18039,1.00,1.00
2016.07.15 10:04:00.298,1.18038,1.1804,1.00,1.00
2016.07.15 10:04:00.400,1.1804,1.18043,1.00,1.00
2016.07.15 10:04:00.855,1.18042,1.18044,1.00,1.00
2016.07.15 10:04:01.101,1.18044,1.18049,1.50,1.12
2016.07.15 10:04:01.405,1.18044,1.18047,1.00,1.00
2016.07.15 10:04:01.668,1.18043,1.18049,1.50,1.12
2016.07.15 10:04:01.719,1.18045,1.18049,1.00,1.50
2016.07.15 10:04:02.240,1.18044,1.18048,1.00,1.00
2016.07.15 10:04:02.785,1.18043,1.18047,1.00,1.00
2016.07.15 10:04:03.295,1.18043,1.18048,1.50,1.00
2016.07.15 10:04:03.598,1.18046,1.1805,1.00,1.57
2016.07.15 10:04:04.003,1.18048,1.1805,1.00,1.00
2016.07.15 10:04:04.210,1.18048,1.18052,1.50,1.50
2016.07.15 10:04:05.981,1.18048,1.1805,1.00,1.00
2016.07.15 10:04:06.584,1.18048,1.18051,1.50,1.00
2016.07.15 10:04:07.000,1.18046,1.1805,1.69,1.00
2016.07.15 10:04:07.203,1.18046,1.18052,1.69,1.12
2016.07.15 10:04:07.712,1.18046,1.18051,1.69,1.00
2016.07.15 10:04:08.220,1.18046,1.18054,1.69,1.95
2016.07.15 10:04:08.271,1.1805,1.18054,1.00,2.70
2016.07.15 10:04:08.424,1.18052,1.18057,1.00,1.50
2016.07.15 10:04:08.947,1.18053,1.18058,1.00,1.27
2016.07.15 10:04:09.492,1.18053,1.18059,1.00,1.00
2016.07.15 10:04:09.594,1.18053,1.18057,1.50,1.00
2016.07.15 10:04:10.055,1.18055,1.18058,1.00,1.12
2016.07.15 10:04:10.342,1.1806,1.18064,1.50,1.50
2016.07.15 10:04:10.444,1.18056,1.18062,3.00,1.57
2016.07.15 10:04:10.546,1.18057,1.18059,1.00,1.00
2016.07.15 10:04:10.647,1.18055,1.18059,1.00,1.00
2016.07.15 10:04:11.155,1.18054,1.18061,1.00,2.96
2016.07.15 10:04:11.590,1.18054,1.18058,1.00,1.00
2016.07.15 10:04:12.009,1.18052,1.18055,1.00,1.00
2016.07.15 10:04:12.059,1.18049,1.18055,3.75,1.87
2016.07.15 10:04:12.110,1.18049,1.18053,3.00,1.00
2016.07.15 10:04:12.645,1.18048,1.18053,1.50,1.00
2016.07.15 10:04:15.825,1.18048,1.18055,1.50,2.25
2016.07.15 10:04:15.926,1.1805,1.18054,1.00,1.00
2016.07.15 10:04:16.258,1.18047,1.1805,1.50,1.50
2016.07.15 10:04:16.668,1.1805,1.18054,1.00,1.00
2016.07.15 10:04:17.025,1.18051,1.18057,1.00,1.57
2016.07.15 10:04:17.228,1.18052,1.18058,1.00,1.00
2016.07.15 10:04:19.959,1.18051,1.18056,1.50,1.00
2016.07.15 10:04:20.465,1.18051,1.18054,1.50,1.00
2016.07.15 10:04:20.969,1.1805,1.18055,2.25,1.00
2016.07.15 10:04:21.939,1.1805,1.18054,1.00,1.00
2016.07.15 10:04:22.252,1.18045,1.18049,2.25,1.00
2016.07.15 10:04:22.354,1.18046,1.18054,1.00,2.89
2016.07.15 10:04:22.924,1.18045,1.18053,1.50,1.87
2016.07.15 10:04:23.631,1.18045,1.18051,2.25,1.00
2016.07.15 10:04:23.682,1.18045,1.18053,1.50,1.50
2016.07.15 10:04:24.230,1.18046,1.18054,1.00,3.45
2016.07.15 10:04:24.628,1.18046,1.18052,1.00,1.00
2016.07.15 10:04:27.858,1.18046,1.18052,1.00,1.56
2016.07.15 10:04:28.400,1.18045,1.18052,1.50,1.56
2016.07.15 10:04:28.950,1.18044,1.18052,1.00,1.69
2016.07.15 10:04:30.167,1.18044,1.18052,1.00,1.69
2016.07.15 10:04:32.172,1.18044,1.18052,1.00,3.19
2016.07.15 10:04:32.475,1.18046,1.18051,1.00,1.31
2016.07.15 10:04:33.003,1.18045,1.18053,1.50,2.44
2016.07.15 10:04:34.688,1.18046,1.18051,1.00,1.00
2016.07.15 10:04:35.361,1.18046,1.18052,1.00,1.00
2016.07.15 10:04:36.986,1.18047,1.18052,1.00,1.00
2016.07.15 10:04:37.290,1.18051,1.18053,1.50,1.00
2016.07.15 10:04:37.543,1.18052,1.18055,1.50,1.00
2016.07.15 10:04:38.049,1.18053,1.18054,1.00,1.00
2016.07.15 10:04:38.596,1.18052,1.18054,1.50,1.00
2016.07.15 10:04:39.469,1.18052,1.18053,1.00,1.00
2016.07.15 10:04:39.521,1.1805,1.18053,1.50,1.00
2016.07.15 10:04:39.572,1.1805,1.18051,1.00,1.50
2016.07.15 10:04:39.919,1.18047,1.18049,1.00,1.50
2016.07.15 10:04:39.970,1.18046,1.18048,1.50,1.16
2016.07.15 10:04:40.173,1.18042,1.18045,1.00,1.12
2016.07.15 10:04:40.224,1.18041,1.18045,1.00,1.24
2016.07.15 10:04:40.428,1.18039,1.18044,2.25,1.99
2016.07.15 10:04:41.034,1.1804,1.18043,1.00,1.16
2016.07.15 10:04:42.192,1.18039,1.18043,2.25,1.00
2016.07.15 10:04:42.710,1.1804,1.18043,1.00,1.00
2016.07.15 10:04:43.283,1.18039,1.18043,1.50,1.00
2016.07.15 10:04:43.857,1.18039,1.18042,1.50,1.00
2016.07.15 10:04:44.399,1.1804,1.18043,1.00,1.50
2016.07.15 10:04:44.914,1.18039,1.18043,2.25,1.00
2016.07.15 10:04:45.430,1.1804,1.18043,1.00,1.00
2016.07.15 10:04:45.481,1.1804,1.18041,1.00,1.00
2016.07.15 10:04:45.634,1.18037,1.18039,1.00,1.00
2016.07.15 10:04:45.786,1.18036,1.18041,2.25,1.00
2016.07.15 10:04:47.176,1.18036,1.18042,1.50,1.20
2016.07.15 10:04:47.328,1.18039,1.18042,1.00,1.20
2016.07.15 10:04:47.480,1.18038,1.18045,1.00,1.47
2016.07.15 10:04:47.531,1.1804,1.18047,2.25,5.06
2016.07.15 10:04:47.633,1.1804,1.18047,2.25,3.07
2016.07.15 10:04:48.805,1.18041,1.18047,1.00,2.32
2016.07.15 10:04:49.577,1.18042,1.18047,1.00,1.10
2016.07.15 10:04:49.674,1.18045,1.18048,1.50,1.57
2016.07.15 10:04:49.777,1.1805,1.18055,2.25,1.10
2016.07.15 10:04:49.828,1.18055,1.18056,1.50,1.20
2016.07.15 10:04:49.929,1.18056,1.18061,1.00,2.25
2016.07.15 10:04:49.980,1.18058,1.18061,1.00,1.50
2016.07.15 10:04:50.082,1.18058,1.18064,1.00,1.37
2016.07.15 10:04:50.133,1.1806,1.18065,1.00,1.47
2016.07.15 10:04:50.387,1.1806,1.18067,2.25,1.10
2016.07.15 10:04:50.930,1.18061,1.18067,1.50,1.10
2016.07.15 10:04:51.437,1.18062,1.18067,1.00,1.10
2016.07.15 10:04:51.797,1.18061,1.18065,1.12,1.00
2016.07.15 10:04:52.101,1.1806,1.18063,3.00,1.00
2016.07.15 10:04:52.384,1.18061,1.18065,1.50,1.00
2016.07.15 10:04:52.486,1.18065,1.18067,1.00,1.00
2016.07.15 10:04:52.587,1.18067,1.18074,1.00,1.95
2016.07.15 10:04:52.790,1.18069,1.18074,1.00,1.00
2016.07.15 10:04:53.043,1.1807,1.18077,2.25,3.07
2016.07.15 10:04:53.094,1.1807,1.18074,1.50,1.00
2016.07.15 10:04:53.398,1.18071,1.18076,1.00,1.10
2016.07.15 10:04:53.691,1.18074,1.18078,1.00,1.50
2016.07.15 10:04:54.239,1.18073,1.18078,1.50,1.00
2016.07.15 10:04:54.812,1.18074,1.18078,1.00,1.00
2016.07.15 10:04:55.152,1.18081,1.18083,1.00,1.00
2016.07.15 10:04:55.203,1.18081,1.18085,1.00,1.00
2016.07.15 10:04:55.715,1.1808,1.18084,1.50,1.00
2016.07.15 10:04:55.918,1.1808,1.18082,1.00,1.00
2016.07.15 10:04:55.969,1.18078,1.18082,1.50,1.00
2016.07.15 10:04:56.504,1.18078,1.18083,1.00,1.00
2016.07.15 10:04:57.350,1.18076,1.18083,1.00,1.00
2016.07.15 10:04:58.023,1.18076,1.18081,1.00,1.00
2016.07.15 10:04:58.227,1.18079,1.18085,1.00,1.00
2016.07.15 10:04:58.380,1.1808,1.18087,2.25,1.00
2016.07.15 10:04:59.023,1.1808,1.18086,2.25,1.00
2016.07.15 10:04:59.804,1.1808,1.18083,1.50,1.00
2016.07.15 10:04:59.957,1.18078,1.18082,1.50,1.00
2016.07.15 10:05:00.210,1.18078,1.18084,2.25,1.00
2016.07.15 10:05:00.312,1.18078,1.18082,2.25,1.00
2016.07.15 10:05:00.495,1.18076,1.18081,2.25,1.00
2016.07.15 10:05:00.698,1.18076,1.18083,2.25,1.00
2016.07.15 10:05:01.226,1.18076,1.18084,2.25,1.00
2016.07.15 10:05:01.509,1.18078,1.18084,1.00,1.00
2016.07.15 10:05:01.817,1.18077,1.18082,1.50,1.00
2016.07.15 10:05:02.330,1.18078,1.18082,1.00,1.00
2016.07.15 10:05:02.838,1.18077,1.18082,1.50,1.00
2016.07.15 10:05:03.383,1.18078,1.18082,1.00,1.00
2016.07.15 10:05:04.368,1.18077,1.18082,1.00,1.00
2016.07.15 10:05:04.871,1.18076,1.18081,1.50,1.00
2016.07.15 10:05:05.024,1.18073,1.18079,1.50,1.00
2016.07.15 10:05:05.227,1.18076,1.18082,1.00,1.00
2016.07.15 10:05:05.762,1.18077,1.18082,1.00,1.00
2016.07.15 10:05:05.814,1.18078,1.18085,1.00,1.20
2016.07.15 10:05:06.020,1.1808,1.18084,1.00,1.00
2016.07.15 10:05:06.122,1.18079,1.18088,2.25,1.57
2016.07.15 10:05:06.325,1.1808,1.18085,3.75,1.00
2016.07.15 10:05:06.426,1.1808,1.18087,1.87,1.00
2016.07.15 10:05:06.974,1.18081,1.18087,1.00,1.00
2016.07.15 10:05:08.233,1.18082,1.18087,1.00,1.00
2016.07.15 10:05:08.336,1.18082,1.1809,1.00,1.50
2016.07.15 10:05:08.589,1.18085,1.1809,1.00,1.00
2016.07.15 10:05:09.892,1.18084,1.1809,2.25,1.00
2016.07.15 10:05:10.443,1.18085,1.1809,1.00,1.00
2016.07.15 10:05:10.994,1.18084,1.1809,1.50,1.00
2016.07.15 10:05:11.914,1.18084,1.18088,1.50,1.00
2016.07.15 10:05:12.496,1.18084,1.18089,1.50,1.00
2016.07.15 10:05:14.226,1.18082,1.18089,3.00,1.00
2016.07.15 10:05:14.704,1.18085,1.18089,1.00,1.00
2016.07.15 10:05:14.806,1.18087,1.18093,1.20,1.50
2016.07.15 10:05:14.907,1.18088,1.18095,1.00,1.00
2016.07.15 10:05:15.060,1.18088,1.18097,1.50,2.62
2016.07.15 10:05:15.110,1.18091,1.18098,1.00,1.87
2016.07.15 10:05:15.412,1.18093,1.181,1.50,1.00
2016.07.15 10:05:15.982,1.18094,1.18099,1.20,1.00
2016.07.15 10:05:16.508,1.18094,1.181,1.20,1.00
2016.07.15 10:05:17.941,1.18095,1.181,1.00,1.00
2016.07.15 10:05:18.467,1.18098,1.18101,1.00,1.00
2016.07.15 10:05:18.518,1.18099,1.18103,1.12,1.00
2016.07.15 10:05:18.620,1.181,1.18105,1.12,1.00
2016.07.15 10:05:18.722,1.18101,1.18107,1.37,1.00
2016.07.15 10:05:18.823,1.18102,1.1811,1.50,2.81
2016.07.15 10:05:18.925,1.18102,1.18107,1.95,1.00
2016.07.15 10:05:19.128,1.18102,1.18109,1.10,1.12
2016.07.15 10:05:20.106,1.18102,1.1811,2.32,2.25
2016.07.15 10:05:20.619,1.18102,1.1811,2.32,2.25
2016.07.15 10:05:21.308,1.18104,1.1811,1.00,1.00
2016.07.15 10:05:21.821,1.18105,1.18111,1.50,1.00
2016.07.15 10:05:23.125,1.18105,1.18111,1.50,1.00
2016.07.15 10:05:23.329,1.18104,1.18111,2.32,1.00
2016.07.15 10:05:23.833,1.18105,1.18111,1.00,1.00
2016.07.15 10:05:24.879,1.18106,1.18111,1.50,1.00
2016.07.15 10:05:24.931,1.18106,1.18114,3.75,1.12
2016.07.15 10:05:25.084,1.18108,1.18114,1.00,1.00
2016.07.15 10:05:25.135,1.18109,1.18116,1.00,2.37
2016.07.15 10:05:25.657,1.1811,1.18116,1.00,1.16
2016.07.15 10:05:26.167,1.18112,1.18117,1.00,1.00
2016.07.15 10:05:26.218,1.18113,1.1812,1.00,1.62
2016.07.15 10:05:26.319,1.18113,1.18121,1.00,1.62
2016.07.15 10:05:27.226,1.18114,1.18121,1.00,1.00
2016.07.15 10:05:27.770,1.18115,1.18122,1.00,1.50
2016.07.15 10:05:28.300,1.18114,1.18122,1.00,1.50
2016.07.15 10:05:29.154,1.18113,1.18122,1.25,1.50
2016.07.15 10:05:29.357,1.18115,1.18121,1.00,1.00
2016.07.15 10:05:29.459,1.18113,1.18121,3.19,1.50
2016.07.15 10:05:30.360,1.18114,1.18122,1.00,1.00
2016.07.15 10:05:30.942,1.18115,1.18122,1.50,1.50
2016.07.15 10:05:31.151,1.18113,1.18122,3.94,2.25
2016.07.15 10:05:32.253,1.18113,1.1812,1.69,1.00
2016.07.15 10:05:32.835,1.18112,1.1812,1.65,1.00
2016.07.15 10:05:34.222,1.18112,1.18117,1.50,1.00
2016.07.15 10:05:34.526,1.18108,1.18111,1.39,1.00
2016.07.15 10:05:34.577,1.18106,1.18111,1.65,1.00
2016.07.15 10:05:34.628,1.18106,1.18113,1.65,1.00
2016.07.15 10:05:35.134,1.18105,1.18114,4.57,1.00
2016.07.15 10:05:36.443,1.18105,1.18111,3.82,1.00
2016.07.15 10:05:37.615,1.18107,1.18111,1.00,1.00
2016.07.15 10:05:37.767,1.18107,1.18114,1.00,1.00
2016.07.15 10:05:38.331,1.18107,1.18113,1.00,1.00
2016.07.15 10:05:39.241,1.18107,1.18114,1.00,1.00
2016.07.15 10:05:39.761,1.18106,1.18113,1.00,1.00
2016.07.15 10:05:39.913,1.18104,1.18111,1.31,1.00
2016.07.15 10:05:40.065,1.18102,1.18111,1.20,2.06
2016.07.15 10:05:40.116,1.18102,1.18107,1.00,1.00
2016.07.15 10:05:40.217,1.18099,1.18106,1.00,1.00
2016.07.15 10:05:40.405,1.18097,1.18105,1.20,2.25
2016.07.15 10:05:40.709,1.18095,1.18104,4.39,1.50
2016.07.15 10:05:40.862,1.18095,1.18102,1.00,1.00
2016.07.15 10:05:41.368,1.18094,1.18102,1.00,1.50
2016.07.15 10:05:41.914,1.18093,1.18102,2.51,1.50
2016.07.15 10:05:42.369,1.18092,1.181,1.95,1.00
2016.07.15 10:05:42.872,1.18092,1.18101,1.57,2.25
2016.07.15 10:05:43.379,1.18093,1.18101,1.00,2.25
2016.07.15 10:05:43.968,1.1809,1.181,4.76,1.00
2016.07.15 10:05:44.070,1.1809,1.18098,4.50,1.00
2016.07.15 10:05:44.464,1.18092,1.18099,1.00,1.27
2016.07.15 10:05:44.616,1.18093,1.18101,1.50,1.00
2016.07.15 10:05:46.056,1.18092,1.18101,1.57,1.50
2016.07.15 10:05:46.208,1.18092,1.18098,1.10,1.00
2016.07.15 10:05:46.360,1.1809,1.18097,1.20,1.00
2016.07.15 10:05:46.513,1.18087,1.18097,4.39,1.50
2016.07.15 10:05:48.326,1.18089,1.18097,1.00,2.25
2016.07.15 10:05:48.864,1.1809,1.18098,1.00,1.00
2016.07.15 10:05:51.915,1.18091,1.18099,1.00,1.00
2016.07.15 10:05:52.067,1.18092,1.181,1.12,3.37
2016.07.15 10:05:52.219,1.18095,1.18103,1.00,1.00
2016.07.15 10:05:52.371,1.18096,1.18105,1.10,5.25
2016.07.15 10:05:52.473,1.18099,1.18106,1.00,1.42
2016.07.15 10:05:52.575,1.181,1.18108,1.10,2.25
2016.07.15 10:05:53.097,1.18099,1.18109,1.39,1.50
2016.07.15 10:05:53.749,1.181,1.18108,1.57,1.00
2016.07.15 10:05:54.277,1.18101,1.18109,1.00,1.50
2016.07.15 10:05:54.667,1.18105,1.1811,1.00,1.50
2016.07.15 10:05:54.819,1.18106,1.18113,1.00,1.56
2016.07.15 10:05:54.921,1.18108,1.18116,1.57,3.19
2016.07.15 10:05:54.972,1.18108,1.18116,2.44,1.50
2016.07.15 10:05:55.124,1.18107,1.18114,2.06,1.00
2016.07.15 10:05:55.175,1.18107,1.18114,1.09,1.00
2016.07.15 10:05:55.276,1.18107,1.18112,1.00,1.00
2016.07.15 10:05:55.428,1.18103,1.18109,1.00,1.50
2016.07.15 10:05:55.608,1.18099,1.18109,5.06,1.00
2016.07.15 10:05:59.558,1.18102,1.1811,1.00,1.50
2016.07.15 10:06:00.090,1.18103,1.18111,1.00,1.50
2016.07.15 10:06:00.843,1.18102,1.18111,2.02,1.50
2016.07.15 10:06:01.378,1.18103,1.18111,1.00,1.50
2016.07.15 10:06:01.934,1.18103,1.18111,2.06,1.00
2016.07.15 10:06:02.446,1.18103,1.1811,1.31,1.00
2016.07.15 10:06:03.440,1.18103,1.18111,1.25,1.00
2016.07.15 10:06:03.644,1.18106,1.18114,1.00,2.25
2016.07.15 10:06:04.050,1.18108,1.18116,1.00,1.00
2016.07.15 10:06:05.194,1.18108,1.18117,1.00,1.50
2016.07.15 10:06:05.498,1.18111,1.18117,1.00,1.00
2016.07.15 10:06:05.549,1.18112,1.18121,1.00,3.90
2016.07.15 10:06:07.783,1.18112,1.1812,1.10,1.00
2016.07.15 10:06:08.288,1.18111,1.1812,1.27,1.00
2016.07.15 10:06:08.444,1.18111,1.18122,1.27,2.25
2016.07.15 10:06:08.685,1.18111,1.18119,1.27,1.00
2016.07.15 10:06:09.190,1.18111,1.18119,1.65,1.00
2016.07.15 10:06:09.645,1.18109,1.18117,1.00,1.50
2016.07.15 10:06:10.203,1.18107,1.18117,3.19,1.20
2016.07.15 10:06:10.304,1.18109,1.18118,1.00,3.19
2016.07.15 10:06:10.961,1.18109,1.18116,1.50,1.00
2016.07.15 10:06:11.264,1.18107,1.18116,3.94,1.50
2016.07.15 10:06:11.773,1.18108,1.18115,1.00,1.00
2016.07.15 10:06:12.252,1.18108,1.18117,1.00,2.40
2016.07.15 10:06:12.787,1.18109,1.18119,2.25,1.32
2016.07.15 10:06:13.389,1.1811,1.18119,1.00,1.24
2016.07.15 10:06:14.065,1.18109,1.18112,1.00,1.00
2016.07.15 10:06:14.371,1.18093,1.18097,1.37,1.00
2016.07.15 10:06:14.674,1.18092,1.18095,1.37,1.00
2016.07.15 10:06:14.826,1.18091,1.18095,1.00,1.00
2016.07.15 10:06:14.979,1.18091,1.18099,1.00,1.87
2016.07.15 10:06:15.530,1.18091,1.18098,1.00,1.00
2016.07.15 10:06:16.057,1.18091,1.18097,1.00,1.00
2016.07.15 10:06:16.389,1.18091,1.18099,1.00,1.50
2016.07.15 10:06:16.936,1.18093,1.18099,1.00,1.50
2016.07.15 10:06:17.038,1.18093,1.18101,2.44,1.50
2016.07.15 10:06:17.494,1.18093,1.18099,1.00,1.87
2016.07.15 10:06:17.545,1.18091,1.18099,1.25,1.87
2016.07.15 10:06:17.770,1.1809,1.18095,1.00,1.00
2016.07.15 10:06:18.074,1.18081,1.18087,1.50,1.00
2016.07.15 10:06:18.175,1.18078,1.18086,1.69,1.50
2016.07.15 10:06:18.715,1.18078,1.18085,1.00,1.00
2016.07.15 10:06:19.232,1.18077,1.18087,1.00,1.65
2016.07.15 10:06:19.757,1.18077,1.18084,1.00,1.00
2016.07.15 10:06:20.263,1.18074,1.18083,2.59,1.00
2016.07.15 10:06:20.365,1.18074,1.18085,2.59,1.87
2016.07.15 10:06:20.554,1.1808,1.18086,1.00,1.00
2016.07.15 10:06:20.605,1.18077,1.18086,3.19,1.87
2016.07.15 10:06:21.111,1.18077,1.18085,1.20,1.00
2016.07.15 10:06:21.640,1.18076,1.18084,1.50,1.00
2016.07.15 10:06:22.358,1.18075,1.18084,2.44,1.00
2016.07.15 10:06:23.606,1.18075,1.18081,1.69,1.00
2016.07.15 10:06:23.752,1.1807,1.18077,1.00,1.00
2016.07.15 10:06:24.258,1.18069,1.18075,1.00,1.00
2016.07.15 10:06:24.561,1.18067,1.18071,1.50,1.00
2016.07.15 10:06:24.612,1.18063,1.18071,1.12,1.00
2016.07.15 10:06:24.967,1.18061,1.1807,1.84,1.00
2016.07.15 10:06:25.986,1.18062,1.1807,1.00,1.50
2016.07.15 10:06:26.517,1.18061,1.1807,1.69,1.50
2016.07.15 10:06:28.195,1.1806,1.18068,1.69,1.00
2016.07.15 10:06:28.588,1.18058,1.18066,3.56,1.00
2016.07.15 10:06:28.690,1.18059,1.18068,1.37,1.50
2016.07.15 10:06:29.196,1.18059,1.18068,1.87,1.50
2016.07.15 10:06:29.981,1.18059,1.18068,2.62,1.50
2016.07.15 10:06:31.233,1.18059,1.18067,1.87,1.00
2016.07.15 10:06:34.089,1.18059,1.18068,2.62,1.50
2016.07.15 10:06:35.128,1.18058,1.18064,1.00,1.00
2016.07.15 10:06:35.230,1.18055,1.18063,1.69,1.00
2016.07.15 10:06:35.281,1.18054,1.18059,1.19,1.00
2016.07.15 10:06:35.491,1.18052,1.18058,1.95,1.50
2016.07.15 10:06:35.995,1.18052,1.18058,1.00,1.50
2016.07.15 10:06:36.164,1.18052,1.18055,1.00,1.00
2016.07.15 10:06:36.417,1.18043,1.18049,2.25,1.00
2016.07.15 10:06:37.026,1.18043,1.18051,2.02,1.50
2016.07.15 10:06:37.228,1.18046,1.18051,1.12,1.00
2016.07.15 10:06:37.330,1.18047,1.18053,1.87,1.50
2016.07.15 10:06:37.432,1.18047,1.1805,1.50,1.00
2016.07.15 10:06:37.533,1.18045,1.18051,1.57,1.00
2016.07.15 10:06:37.947,1.18044,1.18049,1.10,1.00
2016.07.15 10:06:38.048,1.18042,1.18048,1.77,1.00
2016.07.15 10:06:39.455,1.1804,1.18047,2.74,1.00
2016.07.15 10:06:39.507,1.1804,1.18047,1.87,1.00
2016.07.15 10:06:39.558,1.1804,1.18045,1.50,1.00
2016.07.15 10:06:40.637,1.18038,1.18045,1.57,1.50
2016.07.15 10:06:40.688,1.18038,1.18041,1.50,1.00
2016.07.15 10:06:40.841,1.18033,1.18037,1.16,1.00
2016.07.15 10:06:41.180,1.18032,1.18039,1.00,1.00
2016.07.15 10:06:41.432,1.18034,1.18038,1.00,1.00
2016.07.15 10:06:41.534,1.18034,1.1804,4.12,1.00
2016.07.15 10:06:41.635,1.18035,1.18042,3.37,1.00
2016.07.15 10:06:41.737,1.18035,1.18044,1.27,1.50
2016.07.15 10:06:42.145,1.18038,1.18044,1.00,1.00
2016.07.15 10:06:42.491,1.1804,1.18045,1.50,1.00
2016.07.15 10:06:42.847,1.18038,1.18045,1.20,1.50
2016.07.15 10:06:43.358,1.18037,1.18044,1.50,1.00
2016.07.15 10:06:45.141,1.18036,1.18043,2.25,1.00
2016.07.15 10:06:45.399,1.18037,1.18041,1.00,1.00
2016.07.15 10:06:45.913,1.18036,1.18041,1.00,1.50
2016.07.15 10:06:46.446,1.18035,1.18041,3.71,1.50
2016.07.15 10:06:46.811,1.18035,1.18039,1.20,1.00
2016.07.15 10:06:46.862,1.18032,1.18037,1.12,1.00
2016.07.15 10:06:47.368,1.18029,1.18036,1.20,1.50
2016.07.15 10:06:47.778,1.18027,1.18033,1.39,1.00
2016.07.15 10:06:47.829,1.18025,1.1803,2.32,1.00
2016.07.15 10:06:47.880,1.18025,1.18028,1.00,1.00
2016.07.15 10:06:48.134,1.18016,1.18023,3.00,1.00
2016.07.15 10:06:48.639,1.18017,1.18024,1.69,1.00
2016.07.15 10:06:49.189,1.18019,1.18026,1.31,2.25
2016.07.15 10:06:49.695,1.1802,1.18026,1.00,1.50
2016.07.15 10:06:50.540,1.1802,1.18025,1.00,1.00
2016.07.15 10:06:51.045,1.18019,1.18025,2.06,1.50
2016.07.15 10:06:51.355,1.18019,1.18027,2.81,1.00
2016.07.15 10:06:51.841,1.18019,1.18025,2.21,1.00
2016.07.15 10:06:53.198,1.18018,1.18026,2.81,2.25
2016.07.15 10:06:53.749,1.18018,1.18025,2.81,1.00
2016.07.15 10:06:54.276,1.18019,1.18026,2.21,2.25
2016.07.15 10:06:54.777,1.1802,1.18026,1.00,1.50
2016.07.15 10:06:55.295,1.1802,1.18025,1.00,1.00
2016.07.15 10:06:56.005,1.18019,1.18025,2.77,1.00
2016.07.15 10:06:56.814,1.1802,1.18025,1.00,1.00
2016.07.15 10:06:57.188,1.1802,1.18029,3.37,1.50
2016.07.15 10:06:57.725,1.18021,1.18028,1.00,1.00
2016.07.15 10:06:59.267,1.1802,1.18028,3.82,1.00
2016.07.15 10:07:00.119,1.18021,1.18028,1.00,1.00
2016.07.15 10:07:01.577,1.18024,1.1803,1.37,1.00
2016.07.15 10:07:01.679,1.18025,1.18033,2.25,1.57
2016.07.15 10:07:02.218,1.18025,1.18034,3.64,1.50
2016.07.15 10:07:02.724,1.18025,1.18033,2.25,1.00
2016.07.15 10:07:03.358,1.18026,1.18033,1.00,1.00
2016.07.15 10:07:03.459,1.18026,1.18035,1.00,2.25
2016.07.15 10:07:07.668,1.18027,1.18035,1.00,1.50
2016.07.15 10:07:09.621,1.18027,1.18034,1.00,1.00
2016.07.15 10:07:10.130,1.18025,1.18034,5.25,1.00
2016.07.15 10:07:10.635,1.18025,1.18033,1.00,1.00
2016.07.15 10:07:11.391,1.18025,1.18034,4.31,1.50
2016.07.15 10:07:11.696,1.18027,1.18034,1.00,1.00
2016.07.15 10:07:12.203,1.18025,1.18034,5.77,1.00
2016.07.15 10:07:14.417,1.18026,1.18035,1.50,2.25
2016.07.15 10:07:14.720,1.18028,1.18035,1.00,1.00
2016.07.15 10:07:14.822,1.18028,1.18037,1.00,2.96
2016.07.15 10:07:15.889,1.18028,1.18037,1.50,2.21
2016.07.15 10:07:17.451,1.1803,1.18037,1.00,1.50
2016.07.15 10:07:17.956,1.18031,1.18037,1.00,1.00
2016.07.15 10:07:18.936,1.18031,1.18038,1.00,1.00
2016.07.15 10:07:19.563,1.18029,1.18038,2.25,1.50
2016.07.15 10:07:19.988,1.18028,1.18037,1.00,1.50
2016.07.15 10:07:20.523,1.18028,1.18036,1.00,1.00
2016.07.15 10:07:21.476,1.18028,1.18036,2.25,1.00
2016.07.15 10:07:22.129,1.18029,1.18037,1.12,1.00
2016.07.15 10:07:22.728,1.18029,1.18038,1.87,1.50
2016.07.15 10:07:23.242,1.1803,1.18039,1.12,1.10
2016.07.15 10:07:25.862,1.1803,1.18038,2.25,1.00
2016.07.15 10:07:27.356,1.18028,1.18038,4.65,1.00
2016.07.15 10:07:27.407,1.18028,1.18036,2.40,1.00
2016.07.15 10:07:27.964,1.18028,1.18036,2.25,1.00
2016.07.15 10:07:28.806,1.18028,1.18035,1.00,1.00
2016.07.15 10:07:29.391,1.18028,1.18036,1.00,1.00
2016.07.15 10:07:29.900,1.18028,1.18037,1.00,1.00
2016.07.15 10:07:31.247,1.18028,1.18035,1.00,1.00
2016.07.15 10:07:31.602,1.18025,1.18034,7.46,1.00
2016.07.15 10:07:32.035,1.18028,1.18034,1.00,1.00
2016.07.15 10:07:32.440,1.18026,1.18035,1.87,1.00
2016.07.15 10:07:35.388,1.18026,1.18036,1.12,1.00
2016.07.15 10:07:36.047,1.18026,1.18037,1.12,2.77
2016.07.15 10:07:36.846,1.18026,1.18035,1.87,1.00
2016.07.15 10:07:39.047,1.18027,1.18035,1.00,1.69
2016.07.15 10:07:39.554,1.18026,1.18035,1.20,2.25
2016.07.15 10:07:40.104,1.18025,1.18035,6.07,4.87
2016.07.15 10:07:41.433,1.18026,1.18035,1.00,4.69
2016.07.15 10:07:41.739,1.18024,1.1803,1.47,1.50
2016.07.15 10:07:41.891,1.18021,1.1803,1.00,1.00
2016.07.15 10:07:42.410,1.18021,1.18029,1.12,1.00
2016.07.15 10:07:42.669,1.18021,1.18026,1.12,1.00
2016.07.15 10:07:42.720,1.18019,1.18026,1.10,1.00
2016.07.15 10:07:43.125,1.1802,1.18029,1.00,1.50
2016.07.15 10:07:43.580,1.18019,1.18022,4.27,1.00
2016.07.15 10:07:43.874,1.18007,1.18015,2.62,1.00
2016.07.15 10:07:43.925,1.18006,1.18015,2.25,1.00
2016.07.15 10:07:44.027,1.18005,1.18012,1.95,1.00
2016.07.15 10:07:44.332,1.18003,1.18011,1.00,1.00
2016.07.15 10:07:45.565,1.18002,1.18011,1.95,1.25
2016.07.15 10:07:47.345,1.18003,1.18011,1.00,1.31
2016.07.15 10:07:47.895,1.18004,1.18012,1.00,3.19
2016.07.15 10:07:48.131,1.18001,1.18009,1.47,1.69
2016.07.15 10:07:48.436,1.1799,1.17993,1.00,1.00
2016.07.15 10:07:48.739,1.17987,1.17993,1.57,1.00
2016.07.15 10:07:49.246,1.17987,1.17992,1.12,1.00
2016.07.15 10:07:49.754,1.17987,1.17991,1.00,1.00
2016.07.15 10:07:50.260,1.17985,1.1799,3.52,1.00
2016.07.15 10:07:50.462,1.17984,1.17989,3.45,1.00
2016.07.15 10:07:50.813,1.17984,1.17986,1.00,1.00
2016.07.15 10:07:50.915,1.17981,1.17985,1.00,1.00
2016.07.15 10:07:51.018,1.17978,1.17981,1.00,1.00
2016.07.15 10:07:51.170,1.17975,1.17979,1.10,1.00
2016.07.15 10:07:51.271,1.17973,1.17979,1.00,1.50
2016.07.15 10:07:51.761,1.17984,1.17986,1.00,1.87
2016.07.15 10:07:51.914,1.17984,1.17985,1.00,1.00
2016.07.15 10:07:52.015,1.17985,1.1799,1.00,1.24
2016.07.15 10:07:52.219,1.17983,1.17985,1.10,1.00
2016.07.15 10:07:52.371,1.17979,1.17982,1.10,1.00
2016.07.15 10:07:52.681,1.17974,1.1798,3.37,1.00
2016.07.15 10:07:52.732,1.17974,1.1798,2.62,1.00
2016.07.15 10:07:52.786,1.17973,1.17978,1.20,1.00
2016.07.15 10:07:52.939,1.17972,1.17979,1.20,1.00
2016.07.15 10:07:53.446,1.17973,1.17979,1.00,1.00
2016.07.15 10:07:54.010,1.17973,1.1798,1.00,4.50
2016.07.15 10:07:54.557,1.17972,1.1798,2.32,3.75
2016.07.15 10:07:54.812,1.17972,1.17977,1.20,1.00
2016.07.15 10:07:55.191,1.1797,1.17972,1.00,1.12
2016.07.15 10:07:55.343,1.17974,1.17979,1.00,1.50
2016.07.15 10:07:55.445,1.17974,1.17981,1.20,1.69
2016.07.15 10:07:56.571,1.17974,1.17982,1.20,1.25
2016.07.15 10:07:57.169,1.17975,1.17982,1.00,1.25
2016.07.15 10:07:57.691,1.17974,1.17982,1.00,1.25
2016.07.15 10:07:58.085,1.17971,1.17975,1.20,1.00
2016.07.15 10:07:58.339,1.17964,1.17971,1.00,1.00
2016.07.15 10:07:58.491,1.17966,1.17973,1.00,1.69
2016.07.15 10:07:58.886,1.17963,1.17969,1.20,1.50
2016.07.15 10:07:58.938,1.1796,1.17966,1.00,1.00
2016.07.15 10:07:58.989,1.17958,1.17965,1.20,1.00
2016.07.15 10:07:59.090,1.17958,1.17961,1.50,1.00
2016.07.15 10:07:59.142,1.17954,1.17959,1.10,1.00
2016.07.15 10:07:59.193,1.17952,1.17957,1.00,1.00
2016.07.15 10:07:59.245,1.17949,1.17958,1.00,1.20
2016.07.15 10:07:59.347,1.17948,1.17957,1.00,1.12
2016.07.15 10:07:59.751,1.17933,1.17934,1.00,1.50
2016.07.15 10:07:59.955,1.17923,1.17927,1.00,1.00
2016.07.15 10:08:00.007,1.17923,1.17925,1.00,1.00
2016.07.15 10:08:00.058,1.17916,1.17924,2.25,1.00
2016.07.15 10:08:00.110,1.17915,1.17922,1.00,1.00
2016.07.15 10:08:00.262,1.17912,1.1792,2.25,1.00
2016.07.15 10:08:00.313,1.17914,1.1792,1.00,1.00
2016.07.15 10:08:00.799,1.17912,1.17919,1.00,2.32
2016.07.15 10:08:00.951,1.17908,1.17918,1.69,1.47
2016.07.15 10:08:01.255,1.17911,1.17914,1.50,1.00
2016.07.15 10:08:01.306,1.17915,1.17917,1.00,3.75
2016.07.15 10:08:01.453,1.17922,1.17927,1.50,2.25
2016.07.15 10:08:01.554,1.17929,1.17936,1.87,1.12
2016.07.15 10:08:01.606,1.17931,1.17937,1.00,1.50
2016.07.15 10:08:01.657,1.17933,1.17937,1.00,1.50
2016.07.15 10:08:01.759,1.17931,1.17939,1.00,1.95
2016.07.15 10:08:01.861,1.17933,1.17938,1.50,1.00
2016.07.15 10:08:02.065,1.17931,1.17939,1.00,1.20
2016.07.15 10:08:02.309,1.17939,1.17941,1.50,4.05
2016.07.15 10:08:02.464,1.17943,1.17948,1.00,1.20
2016.07.15 10:08:02.566,1.1794,1.17946,1.00,1.20
2016.07.15 10:08:02.617,1.1794,1.17944,1.00,1.00
2016.07.15 10:08:02.668,1.17938,1.17944,1.00,1.00
2016.07.15 10:08:02.922,1.17935,1.17944,3.00,2.25
2016.07.15 10:08:03.460,1.17934,1.17941,1.50,1.00
2016.07.15 10:08:04.017,1.17933,1.17942,1.00,1.57
2016.07.15 10:08:04.119,1.17933,1.17939,1.00,1.00
2016.07.15 10:08:04.305,1.17928,1.17935,1.00,1.00
2016.07.15 10:08:04.407,1.17928,1.17933,1.00,1.00
2016.07.15 10:08:04.458,1.17926,1.17935,1.00,5.62
2016.07.15 10:08:04.893,1.17925,1.17931,1.00,1.00
2016.07.15 10:08:04.944,1.17922,1.17929,1.65,1.00
2016.07.15 10:08:05.045,1.1792,1.17928,1.00,1.00
2016.07.15 10:08:05.352,1.17918,1.17928,1.00,2.25
2016.07.15 10:08:05.816,1.1792,1.17928,1.00,1.50
2016.07.15 10:08:06.020,1.17917,1.17925,1.65,1.00
2016.07.15 10:08:06.356,1.17919,1.17926,1.00,1.00
2016.07.15 10:08:06.661,1.17924,1.17933,1.00,1.00
2016.07.15 10:08:07.211,1.17923,1.17932,1.50,1.00
2016.07.15 10:08:07.516,1.17925,1.17932,1.00,1.00
2016.07.15 10:08:07.568,1.17925,1.17934,1.00,3.07
2016.07.15 10:08:08.073,1.17926,1.17934,1.00,1.00
2016.07.15 10:08:08.338,1.17927,1.17936,1.00,3.71
2016.07.15 10:08:08.754,1.1793,1.17936,1.00,1.20
2016.07.15 10:08:09.007,1.17937,1.17944,1.00,1.20
2016.07.15 10:08:09.109,1.17937,1.17946,1.00,3.00
2016.07.15 10:08:09.263,1.17939,1.17947,1.00,1.76
2016.07.15 10:08:09.429,1.1794,1.17949,1.00,3.34
2016.07.15 10:08:10.641,1.17945,1.1795,1.00,1.39
2016.07.15 10:08:10.742,1.17945,1.17951,1.00,1.00
2016.07.15 10:08:10.793,1.17947,1.17955,1.00,2.89
2016.07.15 10:08:10.895,1.17947,1.17955,1.00,1.00
2016.07.15 10:08:11.410,1.17948,1.17957,1.00,1.84
2016.07.15 10:08:11.733,1.1795,1.17958,1.00,4.31
2016.07.15 10:08:12.215,1.17952,1.17957,1.00,1.10
2016.07.15 10:08:12.317,1.17952,1.17959,1.00,1.00
2016.07.15 10:08:12.418,1.17953,1.17961,1.00,1.50
2016.07.15 10:08:12.926,1.17954,1.17962,1.00,1.25
2016.07.15 10:08:13.120,1.17952,1.17963,1.65,1.50
2016.07.15 10:08:13.222,1.17955,1.17963,1.00,1.00
2016.07.15 10:08:13.374,1.17954,1.17965,5.40,1.50
2016.07.15 10:08:13.881,1.17956,1.17964,1.87,1.00
2016.07.15 10:08:14.400,1.17956,1.17965,1.12,1.00
2016.07.15 10:08:15.798,1.17956,1.17965,1.87,1.00
2016.07.15 10:08:16.557,1.17956,1.17964,1.00,1.00
2016.07.15 10:08:16.710,1.17954,1.17961,1.20,1.00
2016.07.15 10:08:16.912,1.17952,1.1796,1.10,1.00
2016.07.15 10:08:17.444,1.17952,1.17959,1.10,1.00
2016.07.15 10:08:17.926,1.1795,1.17957,1.10,1.00
2016.07.15 10:08:18.078,1.17947,1.17956,1.00,1.00
2016.07.15 10:08:18.382,1.17946,1.17954,1.00,1.00
2016.07.15 10:08:18.866,1.17944,1.17953,1.00,1.00
2016.07.15 10:08:19.372,1.17945,1.17953,1.00,1.00
2016.07.15 10:08:19.727,1.17946,1.17955,1.50,2.25
2016.07.15 10:08:21.913,1.17952,1.17956,1.00,1.00
2016.07.15 10:08:22.015,1.1795,1.17956,1.50,1.00
2016.07.15 10:08:22.117,1.17953,1.17956,1.00,1.00
2016.07.15 10:08:22.220,1.17953,1.17962,1.00,1.76
2016.07.15 10:08:22.729,1.17954,1.17962,1.00,1.01
2016.07.15 10:08:22.932,1.17954,1.17963,2.25,1.09
2016.07.15 10:08:23.438,1.17955,1.17964,1.50,1.39
2016.07.15 10:08:23.641,1.17953,1.17958,1.00,1.00
2016.07.15 10:08:23.887,1.17943,1.17947,2.25,1.20
2016.07.15 10:08:23.939,1.17943,1.17946,1.00,1.00
2016.07.15 10:08:24.041,1.17936,1.17945,2.25,1.00
2016.07.15 10:08:24.092,1.17936,1.17944,1.12,1.00
2016.07.15 10:08:24.610,1.17936,1.17945,1.00,3.56
2016.07.15 10:08:24.901,1.17936,1.17941,1.00,1.12
2016.07.15 10:08:25.108,1.17928,1.17937,2.77,1.00
2016.07.15 10:08:25.260,1.1793,1.17938,1.00,1.00
2016.07.15 10:08:25.665,1.17928,1.17937,1.50,1.00
2016.07.15 10:08:26.070,1.17927,1.17935,1.00,1.25
2016.07.15 10:08:27.267,1.17929,1.17935,1.00,2.02
2016.07.15 10:08:27.520,1.1793,1.17939,1.00,1.20
2016.07.15 10:08:27.773,1.17932,1.17939,1.00,1.00
2016.07.15 10:08:28.321,1.17932,1.17941,1.00,2.14
2016.07.15 10:08:28.861,1.17933,1.17941,1.00,2.06
2016.07.15 10:08:29.284,1.17935,1.17943,1.00,4.01
2016.07.15 10:08:29.335,1.17935,1.17943,1.00,1.69
2016.07.15 10:08:29.861,1.17935,1.17944,1.00,1.09
2016.07.15 10:08:30.114,1.17938,1.17945,1.00,3.56
2016.07.15 10:08:30.266,1.17938,1.17947,1.00,2.14
2016.07.15 10:08:30.671,1.17936,1.17947,2.44,2.14
2016.07.15 10:08:31.273,1.17938,1.17947,1.00,2.14
2016.07.15 10:08:31.779,1.17937,1.17946,1.25,1.12
2016.07.15 10:08:33.400,1.17937,1.17946,1.25,1.50
2016.07.15 10:08:33.553,1.17935,1.17944,2.25,1.50
2016.07.15 10:08:33.859,1.17935,1.17942,1.00,1.00
2016.07.15 10:08:34.362,1.17934,1.17943,1.69,1.00
2016.07.15 10:08:34.863,1.17934,1.17942,1.69,1.00
2016.07.15 10:08:35.168,1.17937,1.17946,1.50,2.25
2016.07.15 10:08:35.718,1.17936,1.17945,2.62,1.50
2016.07.15 10:08:36.125,1.17935,1.17941,1.00,1.00
2016.07.15 10:08:36.227,1.17935,1.17943,1.00,1.69
2016.07.15 10:08:36.850,1.17935,1.17944,1.50,1.69
2016.07.15 10:08:37.205,1.17935,1.17942,1.00,1.00
2016.07.15 10:08:37.711,1.17934,1.17941,1.20,1.00
2016.07.15 10:08:38.217,1.17934,1.1794,1.00,2.25
2016.07.15 10:08:38.571,1.17932,1.1794,1.00,4.12
2016.07.15 10:08:39.012,1.17932,1.17938,1.00,1.00
2016.07.15 10:08:39.165,1.17932,1.1794,1.00,5.62
2016.07.15 10:08:39.672,1.17934,1.1794,1.00,1.00
2016.07.15 10:08:39.774,1.17934,1.17942,3.52,1.00
2016.07.15 10:08:40.325,1.17935,1.17943,1.00,1.69
2016.07.15 10:08:40.631,1.17939,1.17944,1.00,1.50
2016.07.15 10:08:41.138,1.17938,1.17945,1.87,1.50
2016.07.15 10:08:41.539,1.1794,1.17945,1.00,1.50
2016.07.15 10:08:41.944,1.17942,1.17947,1.00,1.00
2016.07.15 10:08:42.349,1.17941,1.17949,1.12,1.00
2016.07.15 10:08:42.400,1.17943,1.17949,1.00,1.00
2016.07.15 10:08:42.740,1.17956,1.17963,1.37,1.00
2016.07.15 10:08:42.841,1.17957,1.17965,1.50,1.00
2016.07.15 10:08:42.943,1.17958,1.17967,2.62,1.50
2016.07.15 10:08:43.044,1.17958,1.17967,3.00,1.00
2016.07.15 10:08:43.600,1.17958,1.17967,3.00,1.50
2016.07.15 10:08:43.940,1.17961,1.17969,1.00,1.69
2016.07.15 10:08:44.480,1.1796,1.1797,2.62,1.50
2016.07.15 10:08:44.986,1.17961,1.1797,1.00,1.50
2016.07.15 10:08:46.329,1.1796,1.17967,1.50,1.00
2016.07.15 10:08:46.644,1.17952,1.1796,1.00,1.00
2016.07.15 10:08:46.796,1.17954,1.1796,1.00,1.00
2016.07.15 10:08:46.898,1.17956,1.17964,1.00,1.37
2016.07.15 10:08:46.949,1.17962,1.17965,1.00,1.01
2016.07.15 10:08:47.001,1.17963,1.17966,1.00,1.20
2016.07.15 10:08:47.254,1.17965,1.17974,1.00,1.10
2016.07.15 10:08:47.808,1.17964,1.17973,1.00,1.00
2016.07.15 10:08:49.087,1.17965,1.17973,1.00,1.00
2016.07.15 10:08:49.591,1.17966,1.17974,1.50,1.10
2016.07.15 10:08:49.692,1.1797,1.17975,1.00,1.20
2016.07.15 10:08:49.794,1.1797,1.17977,1.50,1.12
2016.07.15 10:08:50.568,1.1797,1.17978,1.50,1.84
2016.07.15 10:08:51.107,1.17969,1.17976,1.50,1.00
2016.07.15 10:08:51.310,1.17964,1.17973,4.12,1.00
2016.07.15 10:08:51.851,1.17965,1.17974,1.00,1.00
2016.07.15 10:08:52.459,1.17964,1.17974,2.25,1.00
2016.07.15 10:08:53.104,1.17965,1.17974,1.00,1.87
2016.07.15 10:08:53.656,1.17964,1.17974,2.25,1.87
2016.07.15 10:08:54.201,1.17965,1.17974,1.00,1.87
2016.07.15 10:08:54.729,1.17964,1.17974,1.00,1.87
2016.07.15 10:08:55.683,1.17965,1.17974,1.00,1.87
2016.07.15 10:08:55.886,1.17968,1.17975,1.00,3.37
2016.07.15 10:08:56.184,1.17965,1.17973,5.70,1.00
2016.07.15 10:08:56.716,1.17964,1.17973,1.00,1.00
2016.07.15 10:08:57.324,1.17962,1.17973,3.45,1.12
2016.07.15 10:09:01.264,1.17962,1.17973,4.87,1.39
2016.07.15 10:09:01.416,1.17965,1.17973,1.00,1.10
2016.07.15 10:09:01.924,1.17964,1.17973,1.00,1.10
2016.07.15 10:09:07.112,1.17964,1.17975,1.00,5.06
2016.07.15 10:09:08.752,1.17964,1.17973,1.50,1.00
2016.07.15 10:09:09.782,1.17964,1.17974,1.50,2.02
2016.07.15 10:09:10.122,1.17962,1.1797,3.00,1.00
2016.07.15 10:09:10.633,1.17961,1.1797,1.50,5.06
2016.07.15 10:09:10.938,1.17957,1.17966,2.25,2.62
2016.07.15 10:09:10.989,1.17956,1.17965,2.25,1.87
2016.07.15 10:09:11.508,1.17955,1.17965,3.00,3.37
2016.07.15 10:09:13.428,1.17956,1.17965,1.00,2.62
2016.07.15 10:09:17.472,1.17956,1.17964,1.00,1.00
2016.07.15 10:09:18.273,1.17955,1.17964,3.75,1.00
2016.07.15 10:09:19.244,1.17955,1.17962,2.25,1.87
2016.07.15 10:09:19.346,1.17952,1.1796,1.12,1.12
2016.07.15 10:09:19.498,1.1795,1.17959,1.00,1.00
2016.07.15 10:09:20.035,1.17951,1.17959,1.00,1.12
2016.07.15 10:09:21.786,1.17951,1.1796,1.00,1.84
2016.07.15 10:09:22.456,1.17951,1.1796,2.25,1.31
2016.07.15 10:09:22.544,1.17954,1.1796,1.50,1.25
2016.07.15 10:09:22.848,1.17956,1.17963,1.00,3.19
2016.07.15 10:09:22.950,1.17954,1.17964,3.00,2.25
2016.07.15 10:09:23.051,1.17955,1.17964,1.00,1.87
2016.07.15 10:09:23.915,1.17955,1.17963,1.50,1.12
2016.07.15 10:09:24.453,1.17955,1.17963,1.50,1.50
2016.07.15 10:09:25.608,1.17954,1.17962,2.25,1.12
2016.07.15 10:09:26.202,1.17955,1.17962,1.00,1.12
2016.07.15 10:09:26.764,1.17954,1.17962,2.25,1.12
2016.07.15 10:09:27.444,1.17955,1.17963,1.00,3.00
2016.07.15 10:09:28.257,1.17954,1.17963,1.50,3.19
2016.07.15 10:09:28.777,1.17955,1.17963,1.00,3.56
2016.07.15 10:09:29.318,1.17954,1.17963,1.00,2.44
2016.07.15 10:09:29.834,1.17953,1.17963,1.12,2.44
2016.07.15 10:09:31.366,1.17952,1.17963,2.62,2.44
2016.07.15 10:09:33.732,1.17952,1.17962,2.62,2.44
2016.07.15 10:09:34.245,1.17953,1.17962,1.00,2.44
2016.07.15 10:09:34.870,1.17956,1.17962,1.00,1.69
2016.07.15 10:09:35.272,1.17956,1.17964,1.00,3.00
2016.07.15 10:09:35.787,1.17955,1.17962,1.00,1.50
2016.07.15 10:09:35.888,1.17951,1.17961,1.87,3.19
2016.07.15 10:09:36.040,1.17951,1.17959,1.00,1.00
2016.07.15 10:09:36.575,1.17951,1.1796,1.50,4.69
2016.07.15 10:09:37.119,1.17951,1.1796,1.87,4.69
2016.07.15 10:09:38.138,1.17952,1.17961,1.12,1.76
2016.07.15 10:09:39.251,1.17952,1.17961,1.00,3.26
2016.07.15 10:09:39.561,1.17951,1.17958,1.00,1.50
2016.07.15 10:09:40.086,1.17952,1.17958,1.00,1.50
2016.07.15 10:09:40.619,1.17952,1.17958,1.00,1.00
2016.07.15 10:09:41.397,1.17951,1.17958,1.12,1.00
2016.07.15 10:09:41.985,1.17951,1.17957,1.00,1.00
2016.07.15 10:09:42.947,1.17951,1.17959,1.00,2.25
2016.07.15 10:09:43.459,1.17951,1.17959,1.37,2.25
2016.07.15 10:09:43.661,1.1795,1.17957,2.25,1.00
2016.07.15 10:09:44.170,1.1795,1.17957,1.00,2.25
2016.07.15 10:09:46.026,1.1795,1.17957,1.00,1.50
2016.07.15 10:09:47.162,1.17948,1.17955,2.02,1.00
2016.07.15 10:09:47.468,1.1794,1.17948,1.00,1.50
2016.07.15 10:09:47.978,1.17939,1.17947,2.62,1.00
2016.07.15 10:09:48.269,1.17941,1.17947,1.12,1.00
2016.07.15 10:09:48.783,1.17942,1.17948,1.00,1.69
2016.07.15 10:09:50.479,1.17941,1.17949,1.00,1.19
2016.07.15 10:09:51.239,1.17944,1.17949,1.00,1.19
2016.07.15 10:09:51.502,1.17946,1.17952,1.00,1.31
2016.07.15 10:09:52.183,1.17945,1.17955,3.00,4.84
2016.07.15 10:09:54.156,1.17945,1.17954,1.50,2.81
2016.07.15 10:09:57.957,1.17945,1.17954,1.00,2.81
2016.07.15 10:10:00.756,1.17945,1.17952,1.00,1.31
2016.07.15 10:10:02.662,1.17945,1.17954,1.50,1.50
2016.07.15 10:10:03.562,1.17945,1.17954,1.50,2.62
2016.07.15 10:10:03.613,1.17945,1.17949,1.00,1.00
2016.07.15 10:10:03.867,1.17942,1.1795,2.25,3.94
2016.07.15 10:10:04.272,1.17943,1.17951,1.50,1.25
2016.07.15 10:10:04.779,1.17944,1.17951,1.00,1.25
2016.07.15 10:10:05.611,1.17941,1.1795,1.00,1.00
2016.07.15 10:10:05.715,1.1794,1.17947,4.20,1.00
2016.07.15 10:10:05.919,1.17936,1.17945,1.10,1.31
2016.07.15 10:10:06.333,1.17936,1.17943,1.10,1.00
2016.07.15 10:10:07.721,1.17937,1.17943,1.00,1.00
2016.07.15 10:10:08.177,1.17937,1.17945,1.00,1.25
2016.07.15 10:10:08.380,1.1794,1.17946,1.00,1.87
2016.07.15 10:10:08.576,1.1794,1.17948,1.50,2.06
2016.07.15 10:10:08.938,1.17944,1.17948,1.00,1.00
2016.07.15 10:10:08.989,1.17945,1.1795,1.00,1.65
2016.07.15 10:10:09.091,1.17945,1.17952,1.87,1.50
2016.07.15 10:10:09.193,1.17945,1.17954,1.12,3.19
2016.07.15 10:10:09.733,1.17946,1.17954,1.00,1.50
2016.07.15 10:10:10.444,1.17945,1.17954,2.77,1.00
2016.07.15 10:10:10.985,1.17946,1.17954,1.12,1.00
2016.07.15 10:10:11.519,1.17947,1.17954,1.87,1.00
2016.07.15 10:10:11.721,1.17947,1.17956,2.62,1.00
2016.07.15 10:10:11.823,1.17949,1.17956,1.87,1.00
2016.07.15 10:10:12.127,1.17949,1.17955,1.00,1.12
2016.07.15 10:10:12.178,1.17946,1.17955,1.65,2.37
2016.07.15 10:10:12.682,1.17946,1.17955,1.27,2.37
2016.07.15 10:10:13.753,1.17947,1.17955,1.00,1.00
2016.07.15 10:10:14.254,1.17947,1.17956,1.37,1.80
2016.07.15 10:10:14.517,1.17946,1.17954,1.95,1.12
2016.07.15 10:10:15.023,1.17945,1.17954,1.95,1.00
2016.07.15 10:10:15.581,1.17946,1.17954,1.00,1.00
2016.07.15 10:10:15.908,1.17944,1.17952,1.00,1.00
2016.07.15 10:10:16.454,1.17945,1.17953,1.00,1.87
2016.07.15 10:10:17.447,1.17944,1.17953,4.12,1.00
2016.07.15 10:10:17.959,1.17945,1.17953,1.31,1.00
2016.07.15 10:10:18.492,1.17945,1.17954,2.06,1.87
2016.07.15 10:10:22.035,1.17945,1.17952,1.50,1.00
2016.07.15 10:10:22.238,1.1794,1.17948,1.31,1.00
2016.07.15 10:10:22.749,1.17939,1.17948,1.50,1.00
2016.07.15 10:10:23.161,1.17938,1.17946,2.25,1.00
2016.07.15 10:10:23.363,1.17938,1.17948,3.00,1.39
2016.07.15 10:10:24.015,1.1794,1.17948,1.00,2.44
2016.07.15 10:10:24.322,1.17937,1.17948,3.82,1.76
2016.07.15 10:10:24.373,1.17939,1.17947,1.00,1.00
2016.07.15 10:10:24.677,1.17941,1.17948,1.00,1.39
2016.07.15 10:10:25.221,1.17941,1.1795,1.50,2.96
2016.07.15 10:10:25.783,1.17941,1.1795,1.00,3.15
2016.07.15 10:10:26.317,1.17941,1.1795,1.00,3.15
2016.07.15 10:10:26.820,1.1794,1.17949,1.50,1.12
2016.07.15 10:10:28.295,1.1794,1.17948,1.00,1.00
2016.07.15 10:10:29.021,1.1794,1.17949,2.25,1.87
2016.07.15 10:10:29.526,1.17941,1.17949,1.00,1.12
2016.07.15 10:10:30.032,1.17942,1.17949,1.00,1.12
2016.07.15 10:10:31.948,1.17944,1.1795,1.00,1.37
2016.07.15 10:10:32.126,1.17943,1.17952,3.94,1.50
2016.07.15 10:10:32.329,1.17944,1.17954,3.19,1.95
2016.07.15 10:10:32.380,1.17946,1.17954,1.56,1.20
2016.07.15 10:10:32.583,1.17947,1.17956,1.69,1.76
2016.07.15 10:10:32.787,1.1795,1.17955,1.00,1.00
2016.07.15 10:10:32.939,1.17951,1.17959,4.69,1.12
2016.07.15 10:10:33.488,1.17951,1.1796,3.56,1.57
2016.07.15 10:10:34.808,1.17953,1.1796,1.00,1.57
2016.07.15 10:10:35.247,1.17954,1.17961,1.50,2.89
2016.07.15 10:10:35.768,1.17955,1.1796,1.00,1.00
2016.07.15 10:10:35.970,1.17956,1.17964,1.00,2.32
2016.07.15 10:10:37.204,1.17957,1.17964,1.00,1.57
2016.07.15 10:10:37.732,1.17957,1.17962,1.00,1.00
2016.07.15 10:10:38.247,1.17956,1.17961,1.00,1.00
2016.07.15 10:10:38.766,1.17955,1.17961,3.00,1.12
2016.07.15 10:10:42.983,1.17955,1.17962,1.50,1.00
2016.07.15 10:10:43.236,1.17955,1.1796,3.00,1.25
2016.07.15 10:10:43.287,1.17953,1.17959,1.00,1.00
2016.07.15 10:10:43.389,1.17952,1.17957,1.00,1.00
2016.07.15 10:10:43.541,1.17947,1.17955,1.00,1.50
2016.07.15 10:10:43.591,1.17947,1.17953,1.00,1.00
2016.07.15 10:10:43.693,1.17944,1.17953,2.32,1.50
2016.07.15 10:10:44.236,1.17945,1.17953,1.50,1.00
2016.07.15 10:10:44.856,1.17945,1.17953,2.25,2.25
2016.07.15 10:10:46.718,1.17944,1.17952,2.14,1.00
2016.07.15 10:10:47.389,1.17943,1.17948,1.20,1.00
2016.07.15 10:10:47.693,1.17935,1.17941,1.10,1.00
2016.07.15 10:10:47.845,1.17931,1.1794,4.76,1.00
2016.07.15 10:10:48.085,1.17931,1.17939,3.37,1.00
2016.07.15 10:10:48.591,1.17932,1.17941,1.69,1.00
2016.07.15 10:10:49.219,1.17935,1.17941,1.00,1.00
2016.07.15 10:10:49.761,1.17935,1.1794,1.00,1.00
2016.07.15 10:10:50.323,1.17934,1.1794,1.00,1.00
2016.07.15 10:10:50.876,1.17935,1.1794,1.00,1.00
2016.07.15 10:10:51.509,1.17934,1.1794,1.50,1.00
2016.07.15 10:10:51.563,1.17934,1.17938,1.00,1.00
2016.07.15 10:10:51.615,1.17932,1.17939,1.50,1.50
2016.07.15 10:10:51.716,1.17935,1.17939,1.00,1.50
2016.07.15 10:10:51.818,1.17932,1.17939,1.87,1.50
2016.07.15 10:10:52.031,1.17934,1.17939,1.00,1.50
2016.07.15 10:10:52.234,1.17932,1.1794,1.50,1.00
2016.07.15 10:10:52.768,1.17931,1.1794,2.25,1.00
2016.07.15 10:10:53.599,1.17935,1.1794,1.12,1.00
2016.07.15 10:10:53.701,1.17936,1.17943,1.00,3.07
2016.07.15 10:10:54.231,1.17936,1.17943,1.00,2.25
2016.07.15 10:10:55.038,1.17935,1.17944,3.37,2.21
2016.07.15 10:10:55.588,1.17936,1.17944,1.00,1.25
2016.07.15 10:11:00.008,1.17935,1.17943,2.25,1.00
2016.07.15 10:11:00.642,1.17934,1.17943,4.12,1.50
2016.07.15 10:11:01.170,1.17935,1.17943,1.50,1.00
2016.07.15 10:11:01.686,1.17935,1.17944,1.50,2.44
2016.07.15 10:11:06.105,1.17935,1.17944,2.44,2.32
2016.07.15 10:11:06.206,1.17937,1.17944,1.37,1.10
2016.07.15 10:11:06.504,1.17939,1.17946,1.00,1.69
2016.07.15 10:11:07.058,1.1794,1.17945,1.00,1.00
2016.07.15 10:11:07.160,1.17941,1.17945,1.00,1.25
2016.07.15 10:11:07.212,1.17946,1.17948,1.00,3.75
2016.07.15 10:11:07.263,1.1795,1.17951,1.50,1.00
2016.07.15 10:11:07.366,1.17955,1.17956,1.00,1.50
2016.07.15 10:11:07.468,1.17954,1.17956,1.00,1.00
2016.07.15 10:11:07.519,1.17954,1.17961,1.00,1.12
2016.07.15 10:11:07.805,1.17955,1.17959,1.00,1.00
2016.07.15 10:11:08.109,1.1796,1.17964,1.00,1.57
2016.07.15 10:11:08.211,1.1796,1.17968,1.00,1.00
2016.07.15 10:11:08.314,1.17961,1.1797,1.50,1.57
2016.07.15 10:11:09.592,1.1796,1.1797,1.50,3.00
2016.07.15 10:11:10.143,1.17959,1.1797,3.00,3.15
2016.07.15 10:11:10.684,1.1796,1.1797,1.00,5.40
2016.07.15 10:11:11.387,1.17959,1.1797,2.25,4.27
2016.07.15 10:11:11.932,1.1796,1.1797,1.00,5.77
2016.07.15 10:11:12.453,1.17961,1.1797,1.00,2.40
2016.07.15 10:11:12.985,1.17964,1.17971,1.00,1.00
2016.07.15 10:11:13.239,1.17968,1.17976,1.00,1.00
2016.07.15 10:11:13.441,1.17969,1.17978,1.00,1.00
2016.07.15 10:11:13.953,1.1797,1.17979,1.00,1.39
2016.07.15 10:11:14.055,1.17975,1.1798,1.00,2.70
2016.07.15 10:11:14.299,1.17976,1.17983,1.00,1.00
2016.07.15 10:11:14.451,1.17976,1.17986,1.00,3.37
2016.07.15 10:11:14.705,1.1798,1.17985,1.00,1.00
2016.07.15 10:11:14.958,1.17983,1.17991,1.00,1.00
2016.07.15 10:11:15.009,1.17981,1.17992,2.40,2.25
2016.07.15 10:11:15.060,1.17981,1.17987,2.02,1.00
2016.07.15 10:11:15.354,1.17975,1.17984,1.00,1.12
2016.07.15 10:11:15.708,1.17974,1.17982,1.00,1.00
2016.07.15 10:11:15.962,1.17975,1.17984,2.25,2.62
2016.07.15 10:11:16.215,1.17975,1.17981,1.00,1.00
2016.07.15 10:11:16.267,1.17972,1.1798,1.87,1.00
2016.07.15 10:11:16.369,1.17971,1.1798,1.12,1.00
2016.07.15 10:11:16.534,1.1797,1.17977,3.15,1.00
2016.07.15 10:11:16.746,1.17967,1.17976,1.50,1.00
2016.07.15 10:11:17.254,1.17967,1.17975,1.00,1.00
2016.07.15 10:11:17.762,1.17967,1.17974,1.00,1.00
2016.07.15 10:11:17.964,1.17965,1.17974,1.50,1.00
2016.07.15 10:11:19.132,1.1797,1.17975,1.00,3.00
2016.07.15 10:11:19.455,1.17974,1.17982,1.00,3.37
2016.07.15 10:11:19.809,1.17975,1.17983,1.00,1.12
2016.07.15 10:11:20.113,1.17976,1.17985,1.00,6.50
2016.07.15 10:11:21.731,1.17976,1.17986,1.50,1.57
2016.07.15 10:11:22.784,1.17976,1.17985,1.87,1.00
2016.07.15 10:11:23.323,1.17977,1.17985,1.00,1.00
2016.07.15 10:11:26.786,1.17976,1.17985,1.12,1.00
2016.07.15 10:11:28.097,1.17975,1.17984,4.87,1.00
2016.07.15 10:11:28.931,1.17975,1.17984,1.87,1.00
2016.07.15 10:11:30.796,1.17975,1.17983,1.00,1.00
2016.07.15 10:11:30.898,1.17975,1.17985,2.25,3.00
2016.07.15 10:11:31.659,1.17974,1.17985,4.65,3.00
2016.07.15 10:11:32.290,1.17974,1.17984,4.65,1.50
2016.07.15 10:11:32.807,1.17974,1.17984,1.50,2.25
2016.07.15 10:11:33.313,1.17974,1.17982,1.00,1.00
2016.07.15 10:11:34.126,1.17973,1.17982,2.02,1.00
2016.07.15 10:11:34.631,1.17972,1.1798,1.12,1.00
2016.07.15 10:11:34.732,1.17971,1.1798,1.00,5.25
2016.07.15 10:11:34.885,1.1797,1.17979,1.00,1.50
2016.07.15 10:11:35.430,1.17969,1.17979,1.57,1.50
2016.07.15 10:11:35.993,1.1797,1.17979,1.00,1.50
2016.07.15 10:11:36.095,1.1797,1.1798,1.00,4.50
2016.07.15 10:11:37.328,1.17969,1.1798,2.32,2.25
2016.07.15 10:11:38.057,1.17973,1.1798,1.00,3.75
2016.07.15 10:11:38.382,1.17975,1.1798,1.50,1.00
2016.07.15 10:11:38.433,1.17975,1.17982,3.00,1.10
2016.07.15 10:11:38.585,1.17972,1.17978,1.47,1.00
2016.07.15 10:11:38.687,1.1797,1.17975,1.10,1.50
2016.07.15 10:11:38.738,1.17968,1.17975,1.00,1.10
2016.07.15 10:11:38.789,1.17965,1.17973,1.10,1.00
2016.07.15 10:11:38.840,1.17964,1.1797,3.37,1.00
2016.07.15 10:11:38.942,1.17963,1.17973,1.87,2.25
2016.07.15 10:11:38.993,1.17963,1.17973,1.12,2.62
2016.07.15 10:11:39.439,1.17965,1.17974,1.00,2.32
2016.07.15 10:11:39.490,1.17965,1.17974,1.00,1.20
2016.07.15 10:11:40.583,1.17965,1.17974,1.00,3.45
2016.07.15 10:11:41.124,1.17966,1.17975,2.25,6.07
2016.07.15 10:11:41.642,1.17967,1.17975,1.00,2.40
2016.07.15 10:11:42.266,1.17966,1.17975,1.50,1.20
2016.07.15 10:11:42.779,1.17967,1.17975,1.00,1.65
2016.07.15 10:11:43.285,1.17968,1.17976,1.00,4.39
2016.07.15 10:11:43.795,1.17968,1.17976,1.00,3.64
2016.07.15 10:11:44.347,1.17967,1.17975,1.50,1.50
2016.07.15 10:11:45.150,1.17967,1.17976,1.50,3.64
2016.07.15 10:11:45.669,1.17967,1.17975,1.50,1.50
2016.07.15 10:11:46.269,1.17967,1.17976,1.00,3.07
2016.07.15 10:11:46.320,1.17967,1.17974,1.00,1.00
2016.07.15 10:11:46.903,1.17966,1.17974,3.00,1.00
2016.07.15 10:11:50.844,1.17967,1.17974,1.00,1.00
2016.07.15 10:11:52.173,1.17966,1.17975,3.19,3.00
2016.07.15 10:11:52.476,1.17971,1.17977,1.00,1.00
2016.07.15 10:11:52.578,1.17971,1.17979,1.00,1.00
2016.07.15 10:11:53.117,1.17972,1.17979,1.00,1.00
2016.07.15 10:11:56.631,1.17972,1.17978,1.00,1.00
2016.07.15 10:11:57.036,1.1797,1.17977,2.62,1.00
2016.07.15 10:11:57.227,1.17971,1.17978,3.00,1.00
2016.07.15 10:11:57.530,1.17972,1.1798,1.50,1.50
2016.07.15 10:11:58.194,1.17972,1.17981,1.87,1.50
2016.07.15 10:11:58.397,1.17975,1.17981,1.00,1.00
2016.07.15 10:11:58.837,1.17976,1.17983,1.00,1.00
2016.07.15 10:11:58.939,1.17981,1.17983,1.00,1.00
2016.07.15 10:11:58.990,1.17979,1.17985,2.06,2.25
2016.07.15 10:11:59.041,1.17984,1.17985,1.00,1.00
2016.07.15 10:11:59.143,1.17982,1.17986,1.50,1.00
2016.07.15 10:11:59.194,1.17982,1.17991,3.00,2.25
2016.07.15 10:11:59.244,1.17983,1.17992,1.87,2.70
2016.07.15 10:11:59.295,1.17984,1.17992,1.00,1.57
2016.07.15 10:11:59.397,1.17981,1.17992,4.54,1.10
2016.07.15 10:11:59.549,1.17982,1.1799,1.69,1.00
2016.07.15 10:11:59.921,1.17982,1.17992,1.25,1.57
2016.07.15 10:12:00.026,1.17982,1.17989,1.69,1.00
2016.07.15 10:12:00.330,1.17979,1.17988,1.50,2.62
2016.07.15 10:12:00.785,1.17978,1.17986,1.87,1.00
2016.07.15 10:12:01.423,1.17978,1.17987,1.12,1.50
2016.07.15 10:12:01.945,1.17977,1.17986,1.50,1.00
2016.07.15 10:12:02.401,1.17984,1.17987,1.00,1.87
2016.07.15 10:12:02.695,1.1799,1.17996,1.00,1.00
2016.07.15 10:12:03.401,1.17989,1.17996,1.00,1.00
2016.07.15 10:12:03.945,1.17985,1.17992,1.62,1.00
2016.07.15 10:12:04.477,1.17985,1.17991,1.50,1.00
2016.07.15 10:12:04.984,1.17985,1.17992,1.50,1.00
2016.07.15 10:12:05.558,1.17985,1.17993,1.00,1.87
2016.07.15 10:12:06.098,1.17986,1.17994,1.00,1.00
2016.07.15 10:12:06.559,1.17986,1.17992,1.00,1.00
2016.07.15 10:12:06.760,1.17983,1.17991,4.12,1.00
2016.07.15 10:12:07.165,1.17989,1.17994,1.00,2.77
2016.07.15 10:12:07.317,1.1799,1.17997,2.25,1.12
2016.07.15 10:12:07.368,1.1799,1.17998,2.62,1.37
2016.07.15 10:12:07.471,1.17991,1.17999,1.50,1.20
2016.07.15 10:12:07.921,1.1799,1.17997,1.00,1.00
2016.07.15 10:12:08.529,1.17987,1.17997,2.74,1.87
2016.07.15 10:12:08.681,1.17987,1.17995,2.44,1.00
2016.07.15 10:12:08.985,1.17989,1.17997,1.00,2.44
2016.07.15 10:12:09.514,1.17989,1.17996,1.00,1.12
2016.07.15 10:12:10.045,1.17987,1.17996,2.81,1.00
2016.07.15 10:12:10.723,1.17987,1.17995,1.62,1.00
2016.07.15 10:12:10.925,1.17983,1.17992,1.50,1.10
2016.07.15 10:12:11.097,1.17982,1.1799,1.62,1.00
2016.07.15 10:12:11.401,1.17979,1.17986,1.00,1.00
2016.07.15 10:12:11.455,1.17977,1.17985,1.50,1.00
2016.07.15 10:12:12.021,1.17977,1.17986,1.50,2.25
2016.07.15 10:12:12.527,1.17976,1.17985,2.37,2.25
2016.07.15 10:12:13.367,1.17975,1.17983,2.44,1.00
2016.07.15 10:12:13.672,1.17969,1.17978,1.95,1.69
2016.07.15 10:12:13.774,1.17968,1.17977,1.50,2.25
2016.07.15 10:12:13.976,1.17968,1.17976,1.00,2.44
2016.07.15 10:12:14.305,1.1797,1.17976,1.00,2.25
2016.07.15 10:12:14.356,1.17967,1.17976,1.69,2.25
2016.07.15 10:12:14.760,1.17969,1.17978,1.00,2.40
2016.07.15 10:12:14.811,1.17969,1.17978,1.00,2.40
2016.07.15 10:12:15.419,1.1797,1.17978,1.00,1.50
2016.07.15 10:12:15.928,1.17971,1.17979,1.00,4.76
2016.07.15 10:12:16.459,1.17971,1.17978,1.00,1.00
2016.07.15 10:12:16.563,1.17969,1.17978,1.00,1.12
2016.07.15 10:12:17.080,1.17967,1.17978,1.50,5.40
2016.07.15 10:12:17.652,1.17967,1.17977,1.00,1.87
2016.07.15 10:12:18.192,1.17967,1.17975,1.00,1.50
2016.07.15 10:12:18.741,1.17966,1.17975,1.00,3.37
2016.07.15 10:12:19.395,1.17965,1.17974,1.00,1.00
2016.07.15 10:12:19.900,1.17966,1.17974,1.00,1.50
2016.07.15 10:12:20.683,1.17966,1.17975,1.50,3.75
2016.07.15 10:12:21.991,1.17967,1.17975,1.00,1.50
2016.07.15 10:12:23.789,1.17965,1.17967,1.50,1.00
2016.07.15 10:12:23.991,1.17955,1.17964,6.07,1.50
2016.07.15 10:12:24.093,1.17953,1.17962,4.20,1.00
2016.07.15 10:12:24.619,1.17953,1.17962,1.50,1.12
2016.07.15 10:12:25.700,1.17952,1.17961,1.50,1.00
2016.07.15 10:12:25.852,1.1795,1.17959,5.32,1.50
2016.07.15 10:12:26.459,1.1795,1.17959,3.37,3.00
2016.07.15 10:12:26.986,1.1795,1.1796,4.12,4.12
2016.07.15 10:12:27.290,1.17954,1.17962,1.50,1.75
2016.07.15 10:12:27.466,1.17954,1.17963,1.50,6.07
2016.07.15 10:12:27.820,1.17951,1.17961,1.47,1.00
2016.07.15 10:12:28.125,1.17951,1.17959,1.00,1.50
2016.07.15 10:12:28.816,1.1795,1.17959,1.50,1.50
2016.07.15 10:12:29.151,1.17949,1.17957,1.00,1.00
2016.07.15 10:12:29.672,1.17948,1.17957,1.50,1.00
2016.07.15 10:12:30.217,1.17949,1.17958,1.00,3.90
2016.07.15 10:12:30.523,1.17954,1.17959,1.00,6.00
2016.07.15 10:12:30.675,1.17955,1.17963,1.00,1.56
2016.07.15 10:12:30.776,1.17955,1.17965,2.25,5.89
2016.07.15 10:12:32.240,1.17955,1.17964,3.75,1.50
2016.07.15 10:12:32.775,1.17956,1.17964,1.00,1.69
2016.07.15 10:12:34.610,1.17956,1.17964,1.00,1.69
2016.07.15 10:12:35.116,1.17956,1.17965,1.00,3.15
2016.07.15 10:12:37.740,1.17956,1.17967,1.50,5.81
2016.07.15 10:12:38.276,1.17956,1.17966,1.57,1.69
2016.07.15 10:12:40.793,1.17956,1.17967,2.70,3.19
2016.07.15 10:12:41.297,1.17956,1.17967,2.32,3.94
2016.07.15 10:12:41.897,1.17956,1.17967,3.82,2.81
2016.07.15 10:12:42.224,1.17958,1.17966,1.00,1.31
2016.07.15 10:12:44.039,1.17958,1.17967,1.12,1.12
2016.07.15 10:12:44.588,1.17958,1.17967,1.50,1.00
2016.07.15 10:12:47.612,1.17959,1.17968,1.12,2.89
2016.07.15 10:12:48.165,1.17958,1.17967,1.50,1.00
2016.07.15 10:12:48.697,1.1796,1.17968,1.00,2.44
2016.07.15 10:12:48.899,1.17961,1.1797,1.00,1.10
2016.07.15 10:12:49.405,1.1796,1.17969,2.25,1.00
2016.07.15 10:12:49.831,1.17962,1.1797,1.00,1.87
2016.07.15 10:12:50.142,1.17965,1.17975,3.00,5.59
2016.07.15 10:12:50.294,1.17965,1.17975,3.00,3.07
2016.07.15 10:12:50.819,1.17966,1.17975,1.00,1.50
2016.07.15 10:12:52.082,1.17967,1.17976,1.00,2.59
2016.07.15 10:12:52.284,1.17969,1.17976,1.00,1.76
2016.07.15 10:12:52.386,1.1797,1.17978,1.00,2.70
2016.07.15 10:12:52.900,1.17969,1.17978,1.50,1.50
2016.07.15 10:12:53.569,1.17968,1.17977,1.50,1.00
2016.07.15 10:12:53.670,1.17971,1.17978,1.00,1.00
2016.07.15 10:12:53.974,1.17974,1.17982,1.50,1.88
2016.07.15 10:12:54.025,1.17974,1.17982,1.50,1.43
2016.07.15 10:12:54.273,1.1797,1.17976,5.62,1.00
2016.07.15 10:12:54.804,1.1797,1.17977,1.50,1.25
2016.07.15 10:12:55.608,1.17971,1.17979,1.00,2.18
2016.07.15 10:12:56.316,1.17969,1.17979,3.37,1.43
2016.07.15 10:12:56.822,1.17968,1.17976,1.00,1.00
2016.07.15 10:12:57.116,1.17966,1.17975,1.50,2.62
2016.07.15 10:12:57.369,1.17969,1.17975,1.00,1.87
2016.07.15 10:12:57.673,1.17967,1.17975,1.00,1.00
2016.07.15 10:12:57.875,1.17965,1.17974,2.25,1.50
2016.07.15 10:12:58.393,1.17966,1.17975,1.00,1.12
2016.07.15 10:12:58.898,1.17966,1.17974,1.50,1.00
2016.07.15 10:12:58.999,1.17968,1.17974,1.00,1.00
2016.07.15 10:12:59.202,1.17968,1.17977,1.50,2.06
2016.07.15 10:12:59.749,1.17967,1.17975,1.00,1.00
2016.07.15 10:13:00.291,1.17968,1.17975,1.00,1.00
2016.07.15 10:13:00.671,1.17966,1.17974,1.00,1.50
2016.07.15 10:13:00.779,1.17964,1.17972,1.00,1.50
2016.07.15 10:13:01.082,1.17963,1.17971,1.00,2.55
2016.07.15 10:13:01.619,1.17962,1.17971,1.00,2.55
2016.07.15 10:13:02.130,1.17963,1.17971,1.00,1.00
2016.07.15 10:13:02.706,1.17966,1.17971,1.00,1.00
2016.07.15 10:13:02.915,1.17967,1.17976,1.50,1.12
2016.07.15 10:13:03.454,1.17968,1.17977,1.00,1.84
2016.07.15 10:13:03.505,1.1797,1.17978,1.00,2.14
2016.07.15 10:13:03.758,1.17968,1.17978,1.50,2.70
2016.07.15 10:13:05.087,1.17967,1.17977,2.62,1.10
2016.07.15 10:13:05.189,1.17967,1.17975,2.62,1.00
2016.07.15 10:13:05.728,1.17967,1.17976,2.62,1.00
2016.07.15 10:13:06.250,1.17967,1.17975,1.50,1.00
2016.07.15 10:13:06.631,1.17969,1.17976,1.00,1.00
2016.07.15 10:13:06.990,1.17971,1.17977,1.00,1.47
2016.07.15 10:13:07.494,1.17971,1.17977,1.00,1.20
2016.07.15 10:13:07.545,1.17969,1.17977,2.25,1.01
2016.07.15 10:13:07.647,1.17968,1.17974,1.00,1.87
2016.07.15 10:13:07.902,1.17966,1.17974,1.00,1.50
2016.07.15 10:13:08.602,1.17966,1.17973,1.50,1.00
2016.07.15 10:13:08.703,1.17966,1.1797,1.00,1.00
2016.07.15 10:13:09.008,1.17957,1.17965,1.12,2.11
2016.07.15 10:13:09.351,1.17953,1.17959,1.00,1.42
2016.07.15 10:13:09.403,1.17952,1.17959,1.00,4.92
2016.07.15 10:13:09.505,1.17949,1.17957,1.50,1.22
2016.07.15 10:13:09.657,1.17947,1.17955,1.50,1.62
2016.07.15 10:13:10.012,1.17945,1.17953,2.25,1.12
2016.07.15 10:13:10.556,1.17945,1.17954,2.25,1.22
2016.07.15 10:13:10.607,1.17947,1.17954,1.00,1.22
2016.07.15 10:13:10.910,1.17953,1.17957,1.00,1.10
2016.07.15 10:13:10.961,1.17953,1.1796,1.00,2.25
2016.07.15 10:13:11.265,1.17954,1.17962,1.00,3.19
2016.07.15 10:13:11.784,1.17955,1.17962,1.00,1.69
2016.07.15 10:13:12.201,1.17958,1.17962,1.00,1.10
2016.07.15 10:13:12.354,1.17958,1.17966,1.00,2.25
2016.07.15 10:13:12.405,1.17958,1.17966,1.00,1.20
2016.07.15 10:13:12.731,1.17957,1.17963,1.00,1.00
2016.07.15 10:13:12.833,1.17955,1.17963,2.62,1.00
2016.07.15 10:13:13.364,1.17954,1.17962,1.00,1.00
2016.07.15 10:13:14.146,1.17953,1.17962,2.40,1.00
2016.07.15 10:13:15.353,1.17953,1.1796,1.00,1.31
2016.07.15 10:13:15.404,1.1795,1.17959,4.27,1.50
2016.07.15 10:13:15.660,1.17949,1.17958,2.25,1.00
2016.07.15 10:13:16.167,1.1795,1.17959,1.00,4.27
2016.07.15 10:13:16.935,1.17949,1.17958,1.12,1.12
2016.07.15 10:13:17.963,1.17949,1.17958,1.00,2.25
2016.07.15 10:13:18.166,1.17947,1.17956,3.07,1.50
2016.07.15 10:13:18.863,1.17948,1.17957,1.00,1.00
2016.07.15 10:13:19.065,1.1795,1.17956,1.00,1.00
2016.07.15 10:13:19.167,1.17951,1.17959,1.00,1.39
2016.07.15 10:13:19.718,1.17951,1.17959,1.00,1.50
2016.07.15 10:13:20.242,1.17952,1.17959,1.00,1.00
2016.07.15 10:13:20.293,1.17954,1.17959,1.00,1.00
2016.07.15 10:13:20.445,1.17956,1.17962,1.00,1.10
2016.07.15 10:13:20.496,1.17958,1.17964,1.00,1.47
2016.07.15 10:13:20.547,1.17958,1.17965,1.00,2.02
2016.07.15 10:13:21.791,1.17957,1.17966,1.50,2.62
2016.07.15 10:13:22.327,1.17956,1.17964,1.00,1.12
2016.07.15 10:13:23.353,1.17956,1.17964,1.00,1.56
2016.07.15 10:13:23.895,1.17956,1.17964,1.00,1.00
2016.07.15 10:13:24.223,1.17955,1.17962,1.50,1.00
2016.07.15 10:13:24.736,1.17957,1.17963,1.00,1.50
2016.07.15 10:13:24.888,1.17956,1.17965,1.00,1.65
2016.07.15 10:13:25.411,1.17957,1.17966,1.00,2.25
2016.07.15 10:13:25.513,1.17958,1.17967,1.00,3.45
2016.07.15 10:13:25.816,1.17961,1.17967,1.00,1.87
2016.07.15 10:13:26.121,1.17969,1.17973,1.00,1.00
2016.07.15 10:13:26.172,1.17969,1.17978,1.00,1.95
2016.07.15 10:13:26.693,1.1797,1.17979,1.00,2.89
2016.07.15 10:13:27.110,1.17972,1.17979,1.00,1.12
2016.07.15 10:13:27.418,1.17974,1.17981,1.00,2.14
2016.07.15 10:13:28.044,1.17973,1.17981,1.50,1.66
2016.07.15 10:13:28.800,1.17975,1.17983,1.00,3.56
2016.07.15 10:13:29.003,1.17977,1.17985,1.00,1.50
2016.07.15 10:13:29.195,1.17978,1.17987,1.00,1.69
2016.07.15 10:13:29.966,1.17978,1.17987,1.00,3.56
2016.07.15 10:13:30.459,1.17976,1.17984,1.10,1.00
2016.07.15 10:13:30.543,1.17975,1.17983,1.50,2.06
2016.07.15 10:13:30.746,1.17971,1.17978,1.00,2.25
2016.07.15 10:13:30.847,1.17969,1.17975,1.37,1.00
2016.07.15 10:13:30.949,1.17969,1.17978,1.00,2.44
2016.07.15 10:13:31.000,1.17967,1.17976,3.07,1.00
2016.07.15 10:13:31.560,1.17967,1.17976,1.00,1.87
2016.07.15 10:13:32.275,1.17967,1.17975,1.00,1.00
2016.07.15 10:13:32.867,1.17966,1.17974,1.12,1.00
2016.07.15 10:13:33.273,1.17967,1.17975,1.12,1.00
2016.07.15 10:13:33.477,1.1797,1.17979,3.00,3.00
2016.07.15 10:13:33.528,1.1797,1.17979,3.00,1.00
2016.07.15 10:13:33.680,1.17973,1.17981,1.00,1.00
2016.07.15 10:13:34.222,1.17972,1.17982,1.00,2.59
2016.07.15 10:13:35.613,1.17971,1.17982,3.75,2.21
2016.07.15 10:13:35.917,1.17967,1.17977,1.00,1.12
2016.07.15 10:13:36.424,1.17967,1.17976,1.00,1.00
2016.07.15 10:13:36.736,1.17966,1.17974,1.95,1.50
2016.07.15 10:13:37.042,1.17961,1.17969,1.00,1.56
2016.07.15 10:13:37.196,1.17959,1.17968,2.25,1.50
2016.07.15 10:13:37.717,1.17959,1.17968,3.00,1.00
2016.07.15 10:13:38.223,1.17959,1.17968,1.00,3.00
2016.07.15 10:13:38.325,1.17957,1.17966,1.50,1.50
2016.07.15 10:13:38.647,1.17955,1.17965,1.50,4.12
2016.07.15 10:13:38.799,1.17955,1.17963,1.00,1.00
2016.07.15 10:13:38.901,1.17953,1.17962,2.25,1.50
2016.07.15 10:13:39.206,1.17952,1.1796,1.00,1.50
2016.07.15 10:13:39.758,1.17951,1.1796,1.69,1.00
2016.07.15 10:13:40.680,1.17951,1.17959,1.25,1.00
2016.07.15 10:13:41.466,1.1795,1.17959,1.50,3.37
2016.07.15 10:13:41.836,1.17949,1.17956,1.20,1.00
2016.07.15 10:13:41.990,1.17945,1.17953,4.50,1.00
2016.07.15 10:13:42.041,1.17945,1.1795,3.00,1.00
2016.07.15 10:13:42.193,1.17943,1.1795,2.25,1.00
2016.07.15 10:13:42.345,1.17943,1.17952,2.25,3.19
2016.07.15 10:13:42.396,1.17943,1.1795,1.00,1.00
2016.07.15 10:13:42.703,1.17932,1.17941,1.75,3.37
2016.07.15 10:13:42.843,1.17931,1.1794,1.12,1.00
2016.07.15 10:13:42.895,1.17931,1.17938,1.00,1.00
2016.07.15 10:13:42.997,1.17929,1.17938,2.40,2.62
2016.07.15 10:13:43.099,1.17927,1.17937,1.20,2.62
2016.07.15 10:13:43.303,1.17926,1.17934,1.00,1.00
2016.07.15 10:13:43.607,1.17919,1.17926,1.69,1.00
2016.07.15 10:13:43.995,1.17923,1.1793,1.19,1.87
2016.07.15 10:13:44.096,1.17925,1.17931,1.69,1.00
2016.07.15 10:13:44.350,1.17924,1.17933,2.06,1.50
2016.07.15 10:13:44.401,1.17924,1.17929,1.87,1.00
2016.07.15 10:13:44.705,1.1792,1.17926,1.31,1.00
2016.07.15 10:13:44.806,1.17919,1.17924,1.76,1.00
2016.07.15 10:13:45.340,1.17919,1.17921,1.00,1.00
2016.07.15 10:13:45.391,1.17915,1.1792,5.81,1.00
2016.07.15 10:13:45.909,1.17915,1.17919,1.00,1.00
2016.07.15 10:13:46.011,1.17917,1.1792,1.00,1.00
2016.07.15 10:13:46.599,1.17914,1.1792,2.06,1.00
2016.07.15 10:13:48.087,1.17918,1.1792,1.00,1.00
2016.07.15 10:13:48.240,1.17919,1.17923,1.00,1.00
2016.07.15 10:13:48.342,1.17919,1.17926,1.00,2.25
2016.07.15 10:13:48.393,1.17919,1.17924,1.00,1.00
2016.07.15 10:13:48.545,1.17914,1.1792,1.57,1.00
2016.07.15 10:13:48.646,1.17914,1.17918,1.00,1.00
2016.07.15 10:13:48.798,1.1791,1.17917,1.69,1.00
2016.07.15 10:13:49.899,1.17913,1.17919,1.00,1.50
2016.07.15 10:13:50.304,1.17915,1.17918,1.00,1.00
2016.07.15 10:13:51.476,1.17915,1.17919,1.00,1.00
2016.07.15 10:13:52.023,1.17915,1.1792,1.25,1.00
2016.07.15 10:13:52.818,1.17915,1.17921,1.25,2.25
2016.07.15 10:13:53.122,1.17918,1.17924,1.00,1.50
2016.07.15 10:13:53.368,1.17916,1.17922,1.12,1.00
2016.07.15 10:13:53.879,1.17915,1.17922,1.00,1.00
2016.07.15 10:13:54.383,1.17915,1.17923,2.25,1.00
2016.07.15 10:13:54.932,1.17916,1.17924,1.31,1.00
2016.07.15 10:13:55.256,1.17917,1.17926,1.00,1.50
2016.07.15 10:13:56.486,1.17917,1.17925,1.12,1.00
2016.07.15 10:13:56.638,1.17914,1.17924,3.90,1.50
2016.07.15 10:13:56.841,1.17914,1.17922,3.15,1.00
2016.07.15 10:13:57.384,1.17914,1.17923,1.12,1.00
2016.07.15 10:13:57.890,1.17913,1.17922,2.44,1.50
2016.07.15 10:13:58.434,1.17913,1.17921,1.50,1.31
2016.07.15 10:13:58.959,1.17913,1.1792,1.50,1.00
2016.07.15 10:13:59.497,1.17912,1.17919,1.65,1.00
2016.07.15 10:14:00.096,1.17915,1.17919,1.00,1.50
2016.07.15 10:14:00.350,1.17915,1.17922,1.00,3.26
2016.07.15 10:14:00.704,1.17913,1.17922,1.50,3.19
2016.07.15 10:14:01.498,1.17914,1.17922,1.00,1.31
2016.07.15 10:14:01.976,1.17915,1.17923,1.00,1.25
2016.07.15 10:14:02.319,1.17918,1.17923,1.50,1.25
2016.07.15 10:14:02.473,1.17918,1.17928,3.82,3.07
2016.07.15 10:14:02.677,1.1792,1.17929,1.50,3.75
2016.07.15 10:14:02.881,1.17918,1.17928,1.20,2.44
2016.07.15 10:14:02.932,1.1792,1.17928,1.00,2.44
2016.07.15 10:14:03.474,1.17919,1.17927,1.00,1.00
2016.07.15 10:14:04.006,1.17918,1.17927,2.62,1.50
2016.07.15 10:14:04.366,1.1792,1.17927,1.00,1.00
2016.07.15 10:14:04.873,1.1792,1.17929,1.50,1.87
2016.07.15 10:14:05.397,1.17923,1.17929,1.00,1.44
2016.07.15 10:14:05.686,1.17928,1.17936,1.00,1.00
2016.07.15 10:14:06.090,1.17926,1.17935,1.12,2.25
2016.07.15 10:14:06.298,1.17926,1.17933,3.00,1.00
2016.07.15 10:14:06.740,1.17926,1.17935,4.57,2.25
2016.07.15 10:14:07.099,1.17929,1.17935,1.00,1.00
2016.07.15 10:14:07.467,1.17927,1.17935,1.20,1.00
2016.07.15 10:14:08.005,1.17926,1.17934,2.32,1.00
2016.07.15 10:14:08.876,1.17926,1.17934,1.57,1.00
2016.07.15 10:14:09.538,1.17926,1.17933,1.57,1.00
2016.07.15 10:14:10.424,1.17925,1.17932,5.32,1.00
2016.07.15 10:14:10.525,1.17924,1.17931,1.20,1.00
2016.07.15 10:14:10.942,1.17922,1.1793,1.87,1.00
2016.07.15 10:14:11.094,1.1792,1.17928,4.87,1.00
2016.07.15 10:14:11.448,1.17923,1.17928,1.00,1.50
2016.07.15 10:14:11.950,1.17922,1.17929,1.00,1.00
2016.07.15 10:14:12.152,1.1792,1.17928,3.00,1.00
2016.07.15 10:14:12.253,1.17922,1.17928,1.00,1.50
2016.07.15 10:14:12.779,1.17922,1.17929,2.70,1.00
2016.07.15 10:14:13.280,1.17922,1.1793,1.57,1.50
2016.07.15 10:14:14.062,1.17921,1.17928,3.07,1.00
2016.07.15 10:14:14.381,1.1792,1.17927,1.00,1.00
2016.07.15 10:14:14.482,1.17917,1.17927,2.62,1.00
2016.07.15 10:14:15.021,1.17917,1.17926,1.00,1.25
2016.07.15 10:14:15.997,1.17918,1.17926,1.00,1.25
2016.07.15 10:14:16.506,1.17917,1.17926,1.87,1.25
2016.07.15 10:14:16.940,1.1792,1.17927,1.00,1.65
2016.07.15 10:14:17.341,1.17918,1.17927,2.25,1.20
2016.07.15 10:14:18.070,1.17917,1.17927,2.62,1.65
2016.07.15 10:14:18.612,1.17918,1.17927,1.00,1.65
2016.07.15 10:14:18.997,1.17917,1.17925,2.62,1.00
2016.07.15 10:14:19.498,1.17917,1.17926,1.12,1.00
2016.07.15 10:14:20.051,1.17916,1.17926,1.87,1.00
2016.07.15 10:14:21.135,1.17917,1.17926,1.00,1.00
2016.07.15 10:14:21.792,1.17917,1.17925,1.00,1.00
2016.07.15 10:14:22.979,1.17916,1.17925,2.62,1.00
2016.07.15 10:14:25.178,1.17917,1.17925,1.00,1.00
2016.07.15 10:14:25.714,1.17918,1.17927,1.00,1.65
2016.07.15 10:14:26.419,1.17918,1.17927,1.50,1.50
2016.07.15 10:14:26.965,1.17918,1.17927,1.00,1.50
2016.07.15 10:14:28.885,1.1792,1.17927,2.62,1.00
2016.07.15 10:14:29.038,1.17922,1.1793,1.00,1.50
2016.07.15 10:14:29.606,1.17923,1.17932,1.00,2.44
2016.07.15 10:14:30.214,1.17923,1.17932,1.00,1.25
2016.07.15 10:14:32.031,1.17923,1.17931,1.50,1.00
2016.07.15 10:14:32.233,1.17925,1.17933,1.12,1.31
2016.07.15 10:14:32.768,1.17926,1.17933,1.50,1.00
2016.07.15 10:14:33.284,1.17925,1.17934,3.75,1.50
2016.07.15 10:14:34.124,1.17925,1.17934,3.00,1.50
2016.07.15 10:14:34.276,1.17928,1.17936,1.50,1.12
2016.07.15 10:14:34.784,1.17928,1.17937,1.50,1.50
2016.07.15 10:14:35.136,1.17927,1.17935,3.52,1.00
2016.07.15 10:14:35.238,1.17927,1.17934,2.40,1.00
2016.07.15 10:14:37.932,1.17926,1.17932,1.00,1.00
2016.07.15 10:14:38.444,1.17925,1.17932,3.37,1.00
2016.07.15 10:14:38.994,1.17925,1.17933,3.37,1.00
2016.07.15 10:14:40.195,1.17925,1.17932,3.37,1.00
2016.07.15 10:14:40.534,1.17923,1.1793,1.31,1.50
2016.07.15 10:14:41.333,1.17923,1.17929,1.31,1.00
2016.07.15 10:14:41.485,1.17921,1.17929,1.20,1.00
2016.07.15 10:14:41.587,1.1792,1.17927,2.59,1.00
2016.07.15 10:14:42.070,1.1792,1.17927,1.84,1.00
2016.07.15 10:14:42.576,1.17921,1.17928,3.56,1.00
2016.07.15 10:14:43.473,1.17922,1.17928,1.56,1.00
2016.07.15 10:14:44.434,1.17922,1.17929,1.56,1.00
2016.07.15 10:14:47.053,1.17922,1.17929,2.06,1.00
2016.07.15 10:14:48.817,1.17922,1.17928,1.56,1.00
2016.07.15 10:14:48.918,1.17919,1.17927,1.20,1.50
2016.07.15 10:14:49.415,1.17917,1.17926,4.95,1.00
2016.07.15 10:14:49.466,1.17917,1.17924,3.82,1.00
2016.07.15 10:14:49.769,1.17915,1.17924,3.82,1.00
2016.07.15 10:14:50.285,1.17916,1.17923,1.00,1.00
2016.07.15 10:14:50.852,1.17917,1.17923,1.50,1.00
2016.07.15 10:14:52.803,1.17918,1.17923,1.00,1.00
2016.07.15 10:14:53.006,1.1792,1.17925,1.00,1.87
2016.07.15 10:14:53.108,1.17917,1.17925,2.25,1.87
2016.07.15 10:14:53.209,1.17918,1.17923,1.00,1.00
2016.07.15 10:14:53.310,1.17916,1.17923,1.00,1.00
2016.07.15 10:14:53.827,1.17917,1.17924,1.00,1.00
2016.07.15 10:14:54.384,1.17917,1.17925,1.00,1.25
2016.07.15 10:14:54.435,1.1792,1.17926,1.00,2.06
2016.07.15 10:14:54.587,1.17921,1.17928,1.00,1.50
2016.07.15 10:14:55.138,1.1792,1.17927,1.84,1.00
2016.07.15 10:14:55.293,1.17921,1.17929,1.00,1.50
2016.07.15 10:14:55.597,1.1792,1.17929,3.07,1.87
2016.07.15 10:14:55.940,1.17898,1.179,1.00,3.56
2016.07.15 10:14:55.991,1.17896,1.179,1.00,3.56
2016.07.15 10:14:56.143,1.1789,1.17896,1.75,1.00
2016.07.15 10:14:56.194,1.17888,1.17898,3.00,2.06
2016.07.15 10:14:56.397,1.17889,1.17897,2.25,1.56
2016.07.15 10:14:56.913,1.1789,1.17898,2.62,1.56
2016.07.15 10:14:57.166,1.1789,1.17897,1.12,1.31
2016.07.15 10:14:57.745,1.17889,1.17896,2.25,1.50
2016.07.15 10:14:57.796,1.17889,1.17898,2.25,2.06
2016.07.15 10:14:57.949,1.17889,1.17896,3.00,1.00
2016.07.15 10:14:58.604,1.1789,1.17896,1.00,1.00
2016.07.15 10:14:59.251,1.17889,1.17896,2.25,1.00
2016.07.15 10:14:59.556,1.17888,1.17892,2.25,1.00
2016.07.15 10:14:59.607,1.17885,1.17892,3.15,1.00
2016.07.15 10:14:59.809,1.17885,1.17892,1.00,1.00
2016.07.15 10:15:00.316,1.17885,1.17891,1.00,1.00
2016.07.15 10:15:01.292,1.17884,1.17891,1.00,1.56
2016.07.15 10:15:01.495,1.17883,1.17888,1.50,1.00
2016.07.15 10:15:01.721,1.1788,1.17887,1.00,1.00
2016.07.15 10:15:01.772,1.17876,1.17885,2.02,1.00
2016.07.15 10:15:01.823,1.17876,1.17883,1.20,1.00
2016.07.15 10:15:01.924,1.17874,1.17883,1.10,1.00
2016.07.15 10:15:02.794,1.17875,1.17883,1.00,1.12
2016.07.15 10:15:02.969,1.17877,1.17884,1.00,1.25
2016.07.15 10:15:03.222,1.17879,1.17888,1.00,1.69
2016.07.15 10:15:03.273,1.17881,1.17888,1.00,1.25
2016.07.15 10:15:03.791,1.17882,1.17888,1.00,1.25
2016.07.15 10:15:04.282,1.1788,1.17888,1.50,1.69
2016.07.15 10:15:04.822,1.17879,1.17888,1.50,1.69
2016.07.15 10:15:05.598,1.1788,1.17889,1.00,1.69
2016.07.15 10:15:06.099,1.1788,1.17889,2.25,1.50
2016.07.15 10:15:07.563,1.17881,1.1789,1.00,1.65
2016.07.15 10:15:08.113,1.17884,1.17891,1.00,3.19
2016.07.15 10:15:08.266,1.17887,1.17894,2.25,1.25
2016.07.15 10:15:08.368,1.1789,1.17897,1.00,1.69
2016.07.15 10:15:08.470,1.1789,1.17899,1.00,2.52
2016.07.15 10:15:08.968,1.1789,1.17897,1.00,1.00
2016.07.15 10:15:09.069,1.17888,1.17897,1.50,1.00
2016.07.15 10:15:09.120,1.17888,1.17895,1.00,1.00
2016.07.15 10:15:09.626,1.17887,1.17895,1.00,1.12
2016.07.15 10:15:10.138,1.17888,1.17895,1.00,1.77
2016.07.15 10:15:11.079,1.17889,1.17896,1.00,1.62
2016.07.15 10:15:11.590,1.1789,1.17897,1.50,2.52
2016.07.15 10:15:11.766,1.1789,1.17897,1.50,1.65
2016.07.15 10:15:12.692,1.1789,1.17898,1.50,2.59
2016.07.15 10:15:12.847,1.17894,1.17898,1.00,2.32
2016.07.15 10:15:12.999,1.17895,1.17902,1.00,2.21
2016.07.15 10:15:13.050,1.17895,1.17902,1.00,1.20
2016.07.15 10:15:13.101,1.17897,1.17903,1.00,1.45
2016.07.15 10:15:13.450,1.17904,1.17909,1.00,1.75
2016.07.15 10:15:13.502,1.17905,1.17911,1.00,1.12
2016.07.15 10:15:13.756,1.17905,1.17913,1.00,1.09
2016.07.15 10:15:14.010,1.17907,1.17913,1.00,1.09
2016.07.15 10:15:14.314,1.17915,1.1792,1.00,1.69
2016.07.15 10:15:14.415,1.17916,1.1792,1.00,1.12
2016.07.15 10:15:14.466,1.1792,1.17923,1.50,1.00
2016.07.15 10:15:14.568,1.1792,1.17927,1.50,1.75
2016.07.15 10:15:14.671,1.17922,1.17929,1.00,1.31
2016.07.15 10:15:14.874,1.17924,1.17929,1.00,1.25
2016.07.15 10:15:15.178,1.17928,1.17935,1.00,1.12
2016.07.15 10:15:15.229,1.17928,1.17936,1.00,1.50
2016.07.15 10:15:15.712,1.17926,1.17935,1.65,1.00
2016.07.15 10:15:16.228,1.17926,1.17933,1.00,1.00
2016.07.15 10:15:16.279,1.17924,1.17933,1.65,1.00
2016.07.15 10:15:16.851,1.17925,1.17934,1.50,1.50
2016.07.15 10:15:18.225,1.17923,1.17932,2.25,1.00
2016.07.15 10:15:18.586,1.17924,1.17934,1.95,1.50
2016.07.15 10:15:18.890,1.17927,1.17936,2.25,1.00
2016.07.15 10:15:19.459,1.17928,1.17937,1.87,1.00
2016.07.15 10:15:19.975,1.17927,1.17936,3.75,1.50
2016.07.15 10:15:20.915,1.17927,1.17934,1.00,1.00
2016.07.15 10:15:21.017,1.17925,1.17933,1.57,1.00
2016.07.15 10:15:21.687,1.17925,1.17931,1.00,1.00
2016.07.15 10:15:21.891,1.17924,1.17933,1.00,1.57
2016.07.15 10:15:22.424,1.17925,1.17933,1.00,1.50
2016.07.15 10:15:22.655,1.17925,1.17931,1.00,1.00
2016.07.15 10:15:22.706,1.17921,1.1793,4.01,1.00
2016.07.15 10:15:22.757,1.17921,1.17925,3.07,1.00
2016.07.15 10:15:22.858,1.17921,1.17927,1.00,1.00
2016.07.15 10:15:22.909,1.17919,1.17923,1.20,1.00
2016.07.15 10:15:23.012,1.17916,1.17924,1.00,1.00
2016.07.15 10:15:24.337,1.17915,1.17924,3.00,1.00
2016.07.15 10:15:24.566,1.17915,1.17922,2.25,1.00
2016.07.15 10:15:26.522,1.17915,1.17921,1.00,1.00
2016.07.15 10:15:26.725,1.17911,1.1792,3.82,1.00
2016.07.15 10:15:26.877,1.17911,1.17918,2.32,1.00
2016.07.15 10:15:27.181,1.17911,1.17915,1.00,1.00
2016.07.15 10:15:28.959,1.1791,1.17916,2.44,1.50
2016.07.15 10:15:29.982,1.1791,1.17916,2.44,1.50
2016.07.15 10:15:30.486,1.17911,1.17915,1.00,1.00
2016.07.15 10:15:30.638,1.17909,1.17914,1.00,1.00
2016.07.15 10:15:30.689,1.17909,1.17912,1.00,1.00
2016.07.15 10:15:31.144,1.17911,1.17913,1.00,1.00
2016.07.15 10:15:31.347,1.17911,1.17915,1.00,2.25
2016.07.15 10:15:31.617,1.17908,1.17915,1.65,2.25
2016.07.15 10:15:31.668,1.17908,1.17915,2.02,2.25
2016.07.15 10:15:31.770,1.17908,1.17915,2.77,2.25
2016.07.15 10:15:32.353,1.17908,1.17914,2.77,1.00
2016.07.15 10:15:36.050,1.1791,1.17915,1.12,2.25
2016.07.15 10:15:36.818,1.17909,1.17915,1.20,1.00
2016.07.15 10:15:37.323,1.17908,1.17915,2.32,2.25
2016.07.15 10:15:37.625,1.17908,1.17915,1.57,2.25
2016.07.15 10:15:37.875,1.17908,1.17915,2.32,2.25
2016.07.15 10:15:38.422,1.17908,1.17914,2.32,1.00
2016.07.15 10:15:39.575,1.17908,1.17915,1.95,1.50
2016.07.15 10:15:39.626,1.1791,1.17915,1.87,1.50
2016.07.15 10:15:40.068,1.17911,1.17917,1.00,1.50
2016.07.15 10:15:41.153,1.17915,1.17918,1.00,1.50
2016.07.15 10:15:41.358,1.17911,1.17918,1.87,1.50
2016.07.15 10:15:41.727,1.17912,1.17918,3.71,1.00
2016.07.15 10:15:41.779,1.17915,1.17921,1.69,1.00
2016.07.15 10:15:41.980,1.17916,1.17923,1.00,1.50
2016.07.15 10:15:42.082,1.17916,1.17923,2.81,1.50
2016.07.15 10:15:42.634,1.17918,1.17924,1.25,1.00
2016.07.15 10:15:43.840,1.17918,1.17921,1.69,1.00
2016.07.15 10:15:44.043,1.17911,1.17918,3.64,1.00
2016.07.15 10:15:44.145,1.1791,1.17916,2.81,1.00
2016.07.15 10:15:45.484,1.1791,1.17916,1.69,1.50
2016.07.15 10:15:46.272,1.1791,1.17917,3.19,1.50
2016.07.15 10:15:46.792,1.1791,1.17916,2.44,1.00
2016.07.15 10:15:48.888,1.1791,1.17916,1.27,1.00
2016.07.15 10:15:49.384,1.17909,1.17913,2.25,1.00
2016.07.15 10:15:49.485,1.17907,1.17913,1.10,1.00
2016.07.15 10:15:49.536,1.17905,1.17913,1.69,1.00
2016.07.15 10:15:49.688,1.17905,1.1791,1.00,1.00
2016.07.15 10:15:49.789,1.17902,1.1791,2.70,1.50
2016.07.15 10:15:50.093,1.17902,1.17905,1.00,1.00
2016.07.15 10:15:50.194,1.179,1.17904,1.24,1.00
2016.07.15 10:15:50.705,1.17898,1.17903,1.12,1.00
2016.07.15 10:15:51.110,1.17896,1.17901,1.20,1.00
2016.07.15 10:15:51.313,1.17893,1.179,1.26,1.00
2016.07.15 10:15:51.463,1.17889,1.17893,2.74,1.00
2016.07.15 10:15:51.666,1.17887,1.17893,1.50,1.50
2016.07.15 10:15:51.919,1.17888,1.17895,1.87,1.50
2016.07.15 10:15:52.348,1.17891,1.17896,1.00,1.50
2016.07.15 10:15:52.552,1.17889,1.17896,1.50,1.00
2016.07.15 10:15:53.084,1.17889,1.17896,2.62,1.00
2016.07.15 10:15:53.873,1.17891,1.17896,1.00,1.00
2016.07.15 10:15:54.400,1.17892,1.17897,1.12,1.00
2016.07.15 10:15:55.611,1.17891,1.17897,1.12,1.00
2016.07.15 10:15:56.112,1.17893,1.17898,3.00,1.00
2016.07.15 10:15:56.345,1.17899,1.17905,1.00,1.50
2016.07.15 10:15:56.851,1.17898,1.17906,1.50,1.00
2016.07.15 10:15:56.903,1.17897,1.17899,1.27,1.00
2016.07.15 10:15:57.005,1.17896,1.17897,1.00,1.00
2016.07.15 10:15:57.056,1.17891,1.17896,1.20,1.00
2016.07.15 10:15:57.107,1.17889,1.17895,1.87,1.00
2016.07.15 10:15:57.626,1.17888,1.17894,1.50,1.50
2016.07.15 10:15:58.693,1.17888,1.17893,1.00,1.00
2016.07.15 10:15:58.845,1.17886,1.17893,1.20,1.00
2016.07.15 10:15:59.051,1.17886,1.17891,1.00,1.00
2016.07.15 10:15:59.556,1.17886,1.17892,1.50,1.00
2016.07.15 10:15:59.860,1.17888,1.17894,1.12,1.50
2016.07.15 10:16:00.926,1.17887,1.17894,2.25,1.50
2016.07.15 10:16:01.230,1.17893,1.179,1.00,1.87
2016.07.15 10:16:01.584,1.17891,1.17897,1.20,1.00
2016.07.15 10:16:02.087,1.17889,1.17896,2.62,1.00
2016.07.15 10:16:02.138,1.17889,1.17896,1.87,1.00
2016.07.15 10:16:02.319,1.17889,1.17896,1.87,1.00
2016.07.15 10:16:02.856,1.1789,1.17896,1.00,1.00
2016.07.15 10:16:03.389,1.1789,1.17897,1.00,1.50
2016.07.15 10:16:03.890,1.1789,1.17896,1.50,1.00
2016.07.15 10:16:05.492,1.17891,1.17896,1.00,1.00
2016.07.15 10:16:05.745,1.17892,1.17898,1.00,1.00
2016.07.15 10:16:06.344,1.17892,1.179,1.50,1.00
2016.07.15 10:16:07.703,1.17894,1.17901,1.50,2.44
2016.07.15 10:16:08.091,1.17894,1.17898,1.95,1.00
2016.07.15 10:16:08.142,1.17892,1.17898,1.50,1.00
2016.07.15 10:16:09.386,1.17892,1.17899,1.12,1.00
2016.07.15 10:16:10.271,1.17892,1.17898,1.00,1.00
2016.07.15 10:16:10.806,1.17892,1.17897,1.00,1.00
2016.07.15 10:16:11.018,1.1789,1.17897,1.27,1.00
2016.07.15 10:16:11.070,1.17892,1.17897,1.00,1.00
2016.07.15 10:16:11.374,1.17887,1.1789,1.20,1.00
2016.07.15 10:16:11.665,1.1788,1.17886,2.06,1.00
2016.07.15 10:16:11.767,1.17879,1.17886,3.00,1.00
2016.07.15 10:16:12.272,1.1788,1.17887,1.00,1.50
2016.07.15 10:16:13.563,1.1788,1.17886,1.00,1.00
2016.07.15 10:16:14.738,1.1788,1.17885,1.00,1.50
2016.07.15 10:16:15.290,1.17879,1.17885,1.87,1.00
2016.07.15 10:16:15.709,1.17879,1.17885,1.37,1.00
2016.07.15 10:16:18.748,1.1788,1.17885,1.50,1.50
2016.07.15 10:16:22.492,1.17881,1.17885,1.00,1.50
2016.07.15 10:16:23.459,1.17885,1.17886,1.00,1.00
2016.07.15 10:16:23.511,1.17885,1.17889,1.00,1.00
2016.07.15 10:16:24.302,1.17885,1.17889,1.50,1.00
2016.07.15 10:16:24.547,1.17885,1.17892,3.00,1.00
2016.07.15 10:16:25.050,1.17885,1.17893,5.74,1.00
2016.07.15 10:16:25.601,1.17887,1.17894,1.00,1.50
2016.07.15 10:16:26.002,1.17887,1.17896,1.00,1.10
2016.07.15 10:16:26.225,1.17887,1.17894,1.00,1.00
2016.07.15 10:16:26.530,1.17879,1.1788,1.00,1.00
2016.07.15 10:16:26.836,1.17873,1.17877,3.75,1.00
2016.07.15 10:16:26.937,1.17873,1.17876,3.00,1.50
2016.07.15 10:16:27.581,1.17875,1.17878,5.62,1.50
2016.07.15 10:16:28.083,1.17876,1.17878,1.00,1.50
2016.07.15 10:16:28.614,1.17876,1.17879,1.50,1.50
2016.07.15 10:16:29.163,1.17876,1.17878,1.00,1.00
2016.07.15 10:16:29.351,1.17876,1.17878,1.00,1.00
2016.07.15 10:16:29.503,1.17873,1.17875,2.62,1.00
2016.07.15 10:16:29.806,1.17875,1.17876,1.00,1.00
2016.07.15 10:16:30.313,1.17874,1.17877,2.25,1.00
2016.07.15 10:16:31.071,1.17875,1.17877,1.12,1.00
2016.07.15 10:16:31.382,1.17872,1.17874,3.75,1.00
2016.07.15 10:16:31.534,1.17871,1.17873,1.00,1.00
2016.07.15 10:16:31.585,1.17866,1.17871,2.06,1.00
2016.07.15 10:16:31.719,1.17866,1.17868,1.00,1.00
2016.07.15 10:16:31.821,1.17862,1.17865,1.50,1.00
2016.07.15 10:16:32.323,1.17861,1.17865,1.50,1.50
2016.07.15 10:16:33.527,1.1786,1.17862,5.06,1.00
2016.07.15 10:16:33.832,1.17842,1.17845,1.05,1.50
2016.07.15 10:16:33.934,1.17838,1.1784,3.75,1.50
2016.07.15 10:16:33.987,1.17838,1.1784,1.50,1.00
2016.07.15 10:16:34.123,1.17835,1.17839,1.00,1.00
2016.07.15 10:16:34.174,1.17838,1.17844,2.62,1.00
2016.07.15 10:16:34.326,1.17846,1.1785,1.00,1.50
2016.07.15 10:16:34.428,1.17847,1.17852,1.00,1.50
2016.07.15 10:16:34.680,1.1785,1.17852,1.00,1.00
2016.07.15 10:16:34.782,1.17847,1.17853,1.12,1.50
2016.07.15 10:16:34.833,1.17845,1.1785,3.00,1.00
2016.07.15 10:16:35.137,1.17843,1.17848,1.87,1.50
2016.07.15 10:16:35.447,1.17846,1.17851,1.50,2.25
2016.07.15 10:16:35.852,1.17846,1.17853,2.25,1.50
2016.07.15 10:16:36.175,1.17846,1.17851,2.25,1.00
2016.07.15 10:16:36.327,1.17843,1.1785,2.32,1.50
2016.07.15 10:16:36.892,1.17842,1.1785,1.10,1.50
2016.07.15 10:16:37.044,1.17842,1.17848,1.00,1.00
2016.07.15 10:16:37.145,1.1784,1.17848,3.90,1.00
2016.07.15 10:16:37.449,1.17841,1.1785,1.87,1.50
2016.07.15 10:16:37.952,1.17842,1.1785,1.50,1.00
2016.07.15 10:16:38.789,1.17842,1.17851,1.50,2.44
2016.07.15 10:16:39.292,1.17843,1.17852,1.00,1.20
2016.07.15 10:16:40.070,1.17845,1.17854,1.00,5.06
2016.07.15 10:16:40.684,1.17845,1.17854,1.00,3.26
2016.07.15 10:16:41.245,1.17845,1.17854,1.00,3.26
2016.07.15 10:16:41.841,1.17845,1.17854,1.00,3.26
2016.07.15 10:16:42.395,1.17849,1.17853,1.00,1.00
2016.07.15 10:16:42.649,1.17845,1.17854,1.00,1.69
2016.07.15 10:16:44.206,1.17847,1.17856,1.00,4.31
2016.07.15 10:16:44.358,1.17847,1.17856,1.50,1.57
2016.07.15 10:16:45.084,1.17848,1.17856,1.00,1.57
2016.07.15 10:16:45.135,1.17852,1.17856,1.00,1.10
2016.07.15 10:16:45.186,1.17853,1.17858,1.00,1.20
2016.07.15 10:16:45.338,1.17853,1.17862,1.00,3.56
2016.07.15 10:16:45.440,1.17851,1.17862,2.25,3.19
2016.07.15 10:16:45.808,1.17853,1.17861,1.00,1.20
2016.07.15 10:16:46.382,1.17853,1.17862,1.27,1.25
2016.07.15 10:16:47.899,1.17854,1.17862,1.00,1.69
2016.07.15 10:16:48.556,1.17852,1.1786,1.57,1.00
2016.07.15 10:16:48.862,1.17842,1.17852,2.62,3.00
2016.07.15 10:16:49.201,1.1784,1.17849,2.62,1.00
2016.07.15 10:16:49.505,1.17847,1.17852,1.00,1.00
2016.07.15 10:16:49.556,1.17848,1.17857,1.00,3.07
2016.07.15 10:16:49.607,1.17848,1.17857,1.00,1.65
2016.07.15 10:16:51.327,1.17848,1.17856,1.00,1.00
2016.07.15 10:16:51.797,1.17847,1.1785,1.00,1.00
2016.07.15 10:16:53.169,1.17846,1.1785,2.02,1.50
2016.07.15 10:16:53.472,1.17843,1.17848,1.27,1.50
2016.07.15 10:16:54.233,1.17844,1.17848,1.00,1.50
2016.07.15 10:16:55.163,1.17843,1.17848,1.87,1.00
2016.07.15 10:16:55.315,1.17843,1.1785,1.87,2.25
2016.07.15 10:16:55.560,1.17845,1.1785,1.00,1.00
2016.07.15 10:16:55.713,1.17845,1.17852,1.00,1.00
2016.07.15 10:16:56.244,1.17846,1.17853,1.00,1.50
2016.07.15 10:16:57.039,1.17845,1.17852,1.12,1.00
2016.07.15 10:16:57.544,1.17845,1.17853,1.12,1.50
2016.07.15 10:16:59.395,1.17845,1.17852,1.12,1.00
2016.07.15 10:16:59.497,1.17843,1.17852,3.37,1.00
2016.07.15 10:17:00.184,1.17844,1.17853,1.00,1.87
2016.07.15 10:17:01.165,1.17845,1.17854,1.00,3.34
2016.07.15 10:17:01.696,1.17844,1.17854,2.25,1.84
2016.07.15 10:17:02.229,1.17843,1.17852,2.62,1.00
2016.07.15 10:17:02.753,1.17844,1.17853,1.00,2.81
2016.07.15 10:17:03.291,1.17843,1.17852,1.50,1.56
2016.07.15 10:17:03.848,1.17841,1.17852,2.25,4.46
2016.07.15 10:17:04.162,1.17841,1.17852,2.62,3.71
2016.07.15 10:17:04.227,1.17841,1.17852,2.25,3.71
2016.07.15 10:17:04.758,1.17842,1.17851,1.00,1.31
2016.07.15 10:17:04.961,1.1784,1.1785,1.95,2.32
2016.07.15 10:17:05.504,1.17839,1.17849,3.00,1.20
2016.07.15 10:17:06.049,1.1784,1.17848,1.50,1.00
2016.07.15 10:17:06.663,1.1784,1.17846,1.50,1.31
2016.07.15 10:17:07.183,1.17839,1.17846,1.69,1.00
2016.07.15 10:17:07.881,1.17839,1.17844,1.69,1.00
2016.07.15 10:17:07.984,1.17835,1.17843,1.69,1.00
2016.07.15 10:17:09.686,1.17834,1.17842,1.19,1.00
2016.07.15 10:17:09.838,1.17834,1.17842,1.19,3.75
2016.07.15 10:17:10.781,1.17834,1.1784,1.19,1.20
2016.07.15 10:17:15.037,1.17831,1.17841,1.00,3.75
2016.07.15 10:17:18.117,1.1783,1.1784,2.25,1.50
2016.07.15 10:17:18.650,1.1783,1.1784,1.87,1.65
2016.07.15 10:17:19.326,1.17831,1.1784,1.00,1.20
2016.07.15 10:17:20.054,1.1783,1.17841,2.25,2.44
2016.07.15 10:17:21.438,1.17829,1.1784,2.40,1.12
2016.07.15 10:17:22.871,1.1783,1.1784,1.50,1.12
2016.07.15 10:17:23.411,1.1783,1.17842,3.75,5.06
2016.07.15 10:17:24.741,1.17834,1.17842,1.00,1.64
2016.07.15 10:17:24.994,1.17837,1.17847,1.87,2.44
2016.07.15 10:17:25.146,1.17838,1.17847,1.87,1.50
2016.07.15 10:17:25.710,1.17838,1.17847,2.62,1.00
2016.07.15 10:17:26.212,1.17839,1.17849,1.12,3.00
2016.07.15 10:17:26.935,1.17841,1.17849,1.00,2.25
2016.07.15 10:17:27.123,1.17842,1.1785,1.00,1.20
2016.07.15 10:17:27.911,1.17841,1.17849,1.12,1.50
2016.07.15 10:17:28.164,1.17838,1.17847,3.75,1.00
2016.07.15 10:17:29.480,1.17837,1.17847,2.62,1.20
2016.07.15 10:17:30.011,1.17838,1.17847,1.00,1.20
2016.07.15 10:17:31.827,1.17839,1.17848,1.00,1.45
2016.07.15 10:17:32.342,1.1784,1.17849,1.50,1.95
2016.07.15 10:17:33.813,1.17845,1.17849,1.00,1.95
2016.07.15 10:17:35.133,1.17847,1.17849,1.50,1.20
2016.07.15 10:17:37.612,1.17848,1.1785,1.00,1.01
2016.07.15 10:17:37.765,1.17851,1.17854,1.00,2.96
2016.07.15 10:17:37.905,1.17852,1.17855,1.00,1.69
2016.07.15 10:17:38.622,1.17852,1.17855,1.00,6.94
2016.07.15 10:17:39.416,1.17852,1.17854,1.00,2.25
2016.07.15 10:17:40.619,1.17851,1.17854,1.00,1.27
2016.07.15 10:17:41.966,1.1785,1.17855,1.50,3.56
2016.07.15 10:17:45.226,1.17852,1.17854,1.00,1.09
2016.07.15 10:17:46.520,1.17853,1.17855,1.00,3.37
2016.07.15 10:17:48.336,1.17853,1.17856,1.00,2.59
2016.07.15 10:17:48.798,1.17851,1.17856,1.50,4.46
2016.07.15 10:17:48.849,1.17851,1.17855,1.50,1.29
2016.07.15 10:17:49.387,1.17852,1.17855,1.00,1.10
2016.07.15 10:17:49.690,1.17853,1.17856,1.00,1.57
2016.07.15 10:17:50.011,1.17852,1.17854,1.00,2.62
2016.07.15 10:17:50.417,1.17852,1.17854,2.50,3.19
2016.07.15 10:17:50.569,1.17855,1.17857,1.50,2.32
2016.07.15 10:17:50.822,1.17856,1.17859,1.50,2.81
2016.07.15 10:17:50.974,1.17857,1.1786,1.00,3.15
2016.07.15 10:17:51.205,1.1786,1.17862,1.00,1.00
2016.07.15 10:17:51.746,1.17861,1.17863,1.50,1.00
2016.07.15 10:17:52.289,1.17861,1.17862,1.50,1.00
2016.07.15 10:17:52.801,1.17861,1.17863,1.50,1.00
2016.07.15 10:17:53.995,1.1786,1.17862,1.50,1.00
2016.07.15 10:17:54.147,1.17858,1.17862,1.50,1.00
2016.07.15 10:17:54.502,1.1786,1.17863,1.00,1.00
2016.07.15 10:17:54.605,1.1786,1.17865,1.00,3.19
2016.07.15 10:17:54.859,1.17862,1.17865,1.00,1.50
2016.07.15 10:17:55.204,1.1786,1.17865,1.50,1.50
2016.07.15 10:17:55.904,1.17859,1.17865,1.50,1.00
2016.07.15 10:17:56.415,1.17859,1.17866,1.00,1.00
2016.07.15 10:17:56.874,1.17858,1.17863,1.87,1.00
2016.07.15 10:17:57.393,1.17858,1.17865,1.00,2.81
2016.07.15 10:17:57.941,1.17858,1.17866,1.50,1.50
2016.07.15 10:18:00.975,1.17858,1.17867,1.00,2.89
2016.07.15 10:18:01.727,1.17857,1.17866,1.87,1.00
2016.07.15 10:18:02.267,1.17857,1.17866,1.00,1.50
2016.07.15 10:18:03.518,1.17857,1.17865,1.00,1.00
2016.07.15 10:18:04.033,1.17856,1.17866,1.12,1.69
2016.07.15 10:18:04.584,1.17857,1.17866,1.00,1.69
2016.07.15 10:18:05.667,1.17857,1.17865,1.00,1.00
2016.07.15 10:18:06.201,1.17857,1.17866,1.00,2.25
2016.07.15 10:18:06.747,1.17855,1.17865,5.70,1.50
2016.07.15 10:18:07.286,1.17855,1.17864,2.62,1.50
2016.07.15 10:18:09.415,1.17855,1.17863,1.12,1.00
2016.07.15 10:18:10.390,1.17856,1.17863,1.50,1.00
2016.07.15 10:18:10.744,1.17856,1.17866,1.87,3.52
2016.07.15 10:18:11.163,1.1786,1.17865,1.00,1.00
2016.07.15 10:18:11.694,1.17859,1.17865,1.00,1.00
2016.07.15 10:18:12.260,1.1786,1.17865,1.00,1.50
2016.07.15 10:18:12.854,1.17859,1.17865,1.00,1.00
2016.07.15 10:18:13.401,1.1786,1.17865,1.00,1.00
2016.07.15 10:18:14.382,1.17857,1.17865,2.62,1.00
2016.07.15 10:18:14.898,1.17856,1.17864,1.87,1.00
2016.07.15 10:18:15.923,1.17856,1.17865,1.50,1.50
2016.07.15 10:18:16.952,1.17857,1.17865,1.00,1.00
2016.07.15 10:18:17.183,1.17857,1.17867,1.00,3.64
2016.07.15 10:18:17.719,1.17857,1.17866,1.00,1.00
2016.07.15 10:18:18.270,1.17856,1.17866,1.20,1.50
2016.07.15 10:18:21.969,1.17856,1.17866,4.65,1.12
2016.07.15 10:18:22.020,1.17859,1.17866,1.00,1.00
2016.07.15 10:18:22.273,1.1786,1.17868,1.87,1.00
2016.07.15 10:18:22.728,1.17862,1.1787,1.00,4.87
2016.07.15 10:18:22.880,1.17863,1.17872,1.00,3.75
2016.07.15 10:18:23.172,1.17865,1.17872,1.00,1.50
2016.07.15 10:18:24.290,1.17864,1.17872,1.00,1.50
2016.07.15 10:18:24.898,1.17865,1.17872,1.00,1.00
2016.07.15 10:18:25.205,1.17863,1.17872,1.00,1.50
2016.07.15 10:18:25.411,1.17865,1.17872,1.00,1.50
2016.07.15 10:18:26.022,1.17864,1.17872,1.00,2.25
2016.07.15 10:18:26.573,1.17865,1.17872,1.00,2.25
2016.07.15 10:18:27.425,1.17864,1.17872,1.00,2.25
2016.07.15 10:18:27.959,1.17865,1.17872,1.00,1.50
2016.07.15 10:18:28.009,1.17862,1.17872,1.50,1.50
2016.07.15 10:18:28.817,1.17865,1.17872,1.00,1.50
2016.07.15 10:18:29.370,1.17864,1.17872,1.00,1.50
2016.07.15 10:18:29.925,1.17865,1.17872,1.00,1.50
2016.07.15 10:18:30.705,1.17864,1.17872,1.00,1.50
2016.07.15 10:18:31.351,1.17865,1.17872,1.00,1.50
2016.07.15 10:18:31.655,1.17862,1.17871,2.06,2.25
2016.07.15 10:18:32.168,1.17862,1.17871,1.00,2.62
2016.07.15 10:18:32.909,1.17861,1.1787,1.50,3.00
2016.07.15 10:18:33.439,1.17862,1.1787,1.00,2.06
2016.07.15 10:18:34.068,1.17861,1.1787,1.87,2.44
2016.07.15 10:18:35.433,1.17861,1.17871,2.25,1.00
2016.07.15 10:18:36.313,1.17863,1.17871,1.00,1.00
2016.07.15 10:18:36.616,1.17861,1.17866,3.00,1.00
2016.07.15 10:18:37.161,1.17861,1.17865,1.87,1.00
2016.07.15 10:18:37.679,1.1786,1.17865,3.45,1.00
2016.07.15 10:18:38.270,1.1786,1.17866,2.70,2.25
2016.07.15 10:18:38.671,1.1786,1.17864,2.70,1.50
2016.07.15 10:18:39.034,1.17865,1.17867,1.00,1.00
2016.07.15 10:18:39.136,1.17864,1.17868,3.37,1.00
2016.07.15 10:18:39.237,1.17865,1.1787,2.25,1.50
2016.07.15 10:18:40.425,1.17864,1.1787,2.25,1.00
2016.07.15 10:18:40.937,1.17864,1.17871,3.75,1.00
2016.07.15 10:18:41.464,1.17865,1.17871,2.25,1.00
2016.07.15 10:18:42.040,1.17865,1.1787,1.50,1.00
2016.07.15 10:18:42.668,1.17865,1.17871,1.00,2.25
2016.07.15 10:18:43.169,1.17865,1.1787,1.50,1.00
2016.07.15 10:18:43.606,1.17867,1.17871,1.00,2.25
2016.07.15 10:18:43.911,1.1787,1.17874,1.00,1.00
2016.07.15 10:18:44.219,1.17869,1.17874,1.56,1.00
2016.07.15 10:18:44.321,1.17868,1.17876,3.26,1.00
2016.07.15 10:18:44.640,1.17872,1.17878,1.10,1.50
2016.07.15 10:18:44.894,1.1787,1.17877,2.62,1.50
2016.07.15 10:18:44.996,1.17869,1.17875,1.25,1.00
2016.07.15 10:18:45.249,1.1787,1.17877,1.00,1.50
2016.07.15 10:18:45.969,1.17869,1.17877,3.19,1.50
2016.07.15 10:18:46.503,1.1787,1.17876,1.00,1.00
2016.07.15 10:18:46.605,1.17872,1.17876,1.12,1.00
2016.07.15 10:18:46.757,1.17872,1.17878,1.37,1.00
2016.07.15 10:18:47.187,1.17875,1.17878,1.00,1.00
2016.07.15 10:18:47.592,1.17875,1.1788,1.12,1.50
2016.07.15 10:18:47.694,1.17876,1.17883,1.00,1.27
2016.07.15 10:18:47.745,1.17876,1.17879,1.65,1.00
2016.07.15 10:18:47.796,1.17876,1.1788,1.20,1.00
2016.07.15 10:18:47.898,1.17874,1.17879,3.00,1.00
2016.07.15 10:18:48.050,1.17874,1.17876,1.50,1.00
2016.07.15 10:18:48.254,1.1787,1.17874,1.37,1.50
2016.07.15 10:18:48.305,1.17867,1.1787,1.31,1.00
2016.07.15 10:18:48.611,1.17861,1.17862,1.00,1.00
2016.07.15 10:18:48.815,1.17855,1.1786,1.31,1.50
2016.07.15 10:18:48.916,1.17853,1.17859,2.06,1.00
2016.07.15 10:18:49.155,1.17853,1.17858,1.00,1.00
2016.07.15 10:18:49.370,1.17851,1.1786,3.75,1.50
2016.07.15 10:18:49.421,1.17854,1.1786,1.00,1.50
2016.07.15 10:18:49.473,1.17854,1.17863,1.50,2.25
2016.07.15 10:18:49.677,1.17855,1.17864,1.65,1.00
2016.07.15 10:18:50.066,1.17854,1.17861,3.75,1.00
2016.07.15 10:18:50.799,1.17855,1.17862,1.00,1.00
2016.07.15 10:18:50.900,1.17855,1.17864,1.00,1.50
2016.07.15 10:18:51.415,1.17854,1.17864,3.07,1.50
2016.07.15 10:18:51.927,1.17855,1.17864,1.00,1.50
2016.07.15 10:18:52.435,1.17854,1.17862,3.07,1.00
2016.07.15 10:18:52.768,1.1786,1.17864,1.00,1.00
2016.07.15 10:18:53.317,1.17861,1.17865,1.00,1.00
2016.07.15 10:18:53.623,1.17865,1.17868,1.00,1.12
2016.07.15 10:18:53.724,1.17865,1.1787,1.50,2.40
2016.07.15 10:18:54.052,1.17867,1.1787,1.00,1.00
2016.07.15 10:18:54.279,1.17869,1.17874,1.00,1.69
2016.07.15 10:18:54.813,1.1787,1.17875,1.00,1.39
2016.07.15 10:18:55.167,1.17871,1.17876,1.50,1.27
2016.07.15 10:18:55.370,1.17873,1.17876,1.00,1.00
2016.07.15 10:18:55.875,1.17872,1.17876,1.00,1.00
2016.07.15 10:18:56.480,1.17872,1.17877,1.50,1.12
2016.07.15 10:18:56.984,1.17873,1.17877,1.00,1.12
2016.07.15 10:18:57.372,1.17875,1.17878,1.00,1.00
2016.07.15 10:18:57.525,1.17876,1.17881,1.00,1.50
2016.07.15 10:18:57.828,1.17877,1.17884,1.50,3.56
2016.07.15 10:18:58.031,1.17879,1.17884,1.00,1.00
2016.07.15 10:18:58.082,1.1788,1.17886,1.00,3.15
2016.07.15 10:18:58.606,1.1788,1.17887,1.50,2.59
2016.07.15 10:18:59.141,1.17881,1.17887,1.00,2.25
2016.07.15 10:18:59.646,1.17882,1.1789,1.00,6.19
2016.07.15 10:18:59.697,1.17884,1.1789,1.00,4.69
2016.07.15 10:18:59.849,1.17886,1.17892,1.00,2.25
2016.07.15 10:19:00.369,1.17886,1.17892,1.00,1.25
2016.07.15 10:19:00.622,1.17888,1.17894,1.00,1.27
2016.07.15 10:19:01.145,1.17889,1.17896,1.00,1.20
2016.07.15 10:19:01.669,1.1789,1.17897,1.00,1.50
2016.07.15 10:19:02.448,1.17889,1.17897,1.50,2.25
2016.07.15 10:19:02.958,1.17888,1.17897,1.00,3.00
2016.07.15 10:19:03.461,1.17887,1.17897,2.25,3.75
2016.07.15 10:19:06.683,1.17888,1.17897,2.62,1.87
2016.07.15 10:19:06.936,1.1789,1.179,3.37,3.75
2016.07.15 10:19:07.189,1.17891,1.17901,1.50,1.27
2016.07.15 10:19:07.443,1.17893,1.17902,1.00,1.01
2016.07.15 10:19:07.782,1.17895,1.17904,1.50,1.09
2016.07.15 10:19:08.238,1.17893,1.17901,3.00,1.00
2016.07.15 10:19:08.441,1.17891,1.17901,1.50,1.00
2016.07.15 10:19:09.026,1.17891,1.179,1.50,1.00
2016.07.15 10:19:09.670,1.17891,1.17901,1.50,1.00
2016.07.15 10:19:10.183,1.17892,1.17901,1.00,1.00
2016.07.15 10:19:10.962,1.17891,1.179,1.50,1.00
2016.07.15 10:19:11.371,1.1789,1.17897,1.00,1.00
2016.07.15 10:19:11.473,1.17888,1.17897,1.50,1.00
2016.07.15 10:19:12.175,1.17888,1.17896,1.50,1.00
2016.07.15 10:19:12.832,1.17887,1.17896,1.57,1.00
2016.07.15 10:19:13.482,1.17887,1.17897,1.57,1.50
2016.07.15 10:19:17.642,1.17886,1.17897,2.77,1.00
2016.07.15 10:19:17.795,1.17886,1.17895,1.65,1.00
2016.07.15 10:19:18.158,1.17881,1.17887,1.00,1.25
2016.07.15 10:19:18.211,1.17879,1.17887,1.00,1.69
2016.07.15 10:19:18.262,1.17876,1.17885,2.25,1.50
2016.07.15 10:19:18.364,1.17873,1.17884,3.00,1.00
2016.07.15 10:19:18.416,1.17873,1.17881,1.65,1.00
2016.07.15 10:19:18.722,1.17871,1.17879,1.00,1.50
2016.07.15 10:19:19.225,1.17873,1.1788,1.12,1.00
2016.07.15 10:19:19.276,1.17874,1.17882,1.00,1.57
2016.07.15 10:19:19.630,1.17873,1.1788,1.31,1.00
2016.07.15 10:19:19.783,1.17871,1.17879,4.31,1.00
2016.07.15 10:19:20.292,1.17871,1.17878,2.06,1.50
2016.07.15 10:19:20.562,1.17871,1.17876,2.06,1.00
2016.07.15 10:19:21.104,1.17869,1.17877,3.00,1.00
2016.07.15 10:19:21.357,1.17872,1.1788,2.81,3.07
2016.07.15 10:19:21.722,1.17871,1.17877,1.50,1.00
2016.07.15 10:19:21.926,1.17869,1.17877,1.69,1.00
2016.07.15 10:19:21.977,1.17871,1.17877,1.50,1.00
2016.07.15 10:19:22.488,1.17872,1.17878,1.50,1.00
2016.07.15 10:19:23.054,1.17871,1.17879,1.50,1.20
2016.07.15 10:19:23.560,1.17871,1.17878,1.50,1.50
2016.07.15 10:19:24.988,1.1787,1.17878,2.25,1.00
2016.07.15 10:19:25.783,1.1787,1.17877,2.25,1.50
2016.07.15 10:19:26.305,1.17871,1.17877,1.50,1.50
2016.07.15 10:19:28.124,1.1787,1.17877,1.50,1.00
2016.07.15 10:19:28.623,1.17868,1.17877,1.50,1.00
2016.07.15 10:19:29.706,1.17871,1.17877,1.00,1.10
2016.07.15 10:19:29.807,1.17871,1.17879,1.00,3.07
2016.07.15 10:19:30.162,1.1787,1.17877,1.12,1.00
2016.07.15 10:19:30.468,1.17874,1.17882,1.87,1.20
2016.07.15 10:19:30.570,1.17875,1.17883,1.00,1.00
2016.07.15 10:19:30.722,1.17875,1.17885,1.00,3.37
2016.07.15 10:19:30.884,1.17877,1.17885,1.00,1.50
2016.07.15 10:19:31.087,1.17877,1.17887,3.75,1.10
2016.07.15 10:19:31.239,1.17878,1.17888,1.37,1.20
2016.07.15 10:19:31.291,1.1788,1.17889,1.50,2.02
2016.07.15 10:19:31.392,1.17882,1.1789,1.00,1.65
2016.07.15 10:19:32.188,1.17881,1.17886,1.50,1.00
2016.07.15 10:19:32.492,1.17872,1.17878,1.00,1.00
2016.07.15 10:19:32.594,1.17872,1.17876,1.00,1.00
2016.07.15 10:19:32.695,1.1787,1.17875,1.12,1.00
2016.07.15 10:19:33.227,1.17868,1.17875,1.50,1.00
2016.07.15 10:19:33.794,1.17868,1.17876,2.25,1.00
2016.07.15 10:19:34.731,1.17868,1.17877,1.50,1.00
2016.07.15 10:19:34.882,1.17868,1.17875,2.25,1.00
2016.07.15 10:19:35.425,1.17867,1.17876,4.09,1.00
2016.07.15 10:19:36.191,1.17868,1.17877,3.00,1.50
2016.07.15 10:19:36.600,1.17872,1.17879,1.00,1.00
2016.07.15 10:19:36.702,1.17872,1.17881,4.62,1.50
2016.07.15 10:19:37.105,1.17875,1.17882,1.00,1.00
2016.07.15 10:19:37.408,1.17873,1.1788,1.57,1.00
2016.07.15 10:19:37.914,1.17873,1.17879,1.00,1.00
2016.07.15 10:19:38.264,1.1787,1.17875,1.00,1.00
2016.07.15 10:19:38.315,1.17868,1.17875,1.16,1.50
2016.07.15 10:19:38.619,1.17868,1.17873,1.00,1.00
2016.07.15 10:19:38.973,1.17866,1.17872,1.87,1.00
2016.07.15 10:19:39.074,1.17866,1.1787,1.50,1.00
2016.07.15 10:19:39.306,1.17864,1.17869,1.00,1.50
2016.07.15 10:19:39.357,1.17862,1.17869,1.16,1.50
2016.07.15 10:19:39.907,1.1786,1.17868,1.62,1.00
2016.07.15 10:19:40.160,1.1786,1.17868,3.12,1.00
2016.07.15 10:19:40.685,1.1786,1.17868,1.99,1.00
2016.07.15 10:19:41.191,1.17862,1.17868,1.00,1.00
2016.07.15 10:19:41.559,1.17861,1.17866,1.16,1.00
2016.07.15 10:19:41.898,1.17858,1.17863,1.12,1.00
2016.07.15 10:19:42.050,1.17857,1.17862,1.16,1.00
2016.07.15 10:19:42.591,1.17856,1.17861,1.00,1.00
2016.07.15 10:19:43.099,1.17855,1.17858,1.00,1.00
2016.07.15 10:19:43.151,1.17853,1.17858,1.00,1.00
2016.07.15 10:19:43.253,1.17851,1.17857,1.57,1.00
2016.07.15 10:19:43.769,1.17851,1.17858,1.00,1.00
2016.07.15 10:19:44.345,1.1785,1.17858,2.25,1.00
2016.07.15 10:19:44.879,1.1785,1.17859,2.25,1.50
2016.07.15 10:19:45.157,1.17852,1.17859,1.00,1.00
2016.07.15 10:19:45.516,1.17854,1.1786,1.00,1.00
2016.07.15 10:19:46.063,1.17855,1.17861,1.00,1.00
2016.07.15 10:19:46.826,1.17854,1.17861,1.50,1.00
2016.07.15 10:19:47.330,1.17855,1.17861,1.00,1.00
2016.07.15 10:19:47.842,1.17855,1.17862,1.50,1.00
2016.07.15 10:19:48.527,1.17856,1.17864,1.50,2.25
2016.07.15 10:19:48.628,1.17858,1.17866,1.00,6.19
2016.07.15 10:19:49.173,1.17859,1.17866,1.00,1.50
2016.07.15 10:19:49.674,1.1786,1.17866,1.00,1.50
2016.07.15 10:19:50.275,1.17859,1.17866,1.00,1.50
2016.07.15 10:19:50.873,1.1786,1.17866,1.00,1.50
2016.07.15 10:19:51.378,1.17859,1.17866,1.00,1.50
2016.07.15 10:19:51.897,1.1786,1.17866,1.00,1.50
2016.07.15 10:19:52.563,1.17859,1.17866,1.00,1.00
2016.07.15 10:19:53.085,1.17858,1.17866,1.00,1.87
2016.07.15 10:19:55.783,1.17858,1.17867,1.00,1.57
2016.07.15 10:19:58.006,1.17859,1.17867,1.00,1.50
2016.07.15 10:19:59.171,1.17861,1.17867,1.00,1.00
2016.07.15 10:19:59.357,1.17862,1.1787,1.50,2.25
2016.07.15 10:19:59.408,1.17865,1.1787,1.00,1.00
2016.07.15 10:19:59.509,1.17864,1.17873,1.00,4.35
2016.07.15 10:19:59.611,1.17866,1.17874,1.00,1.57
2016.07.15 10:20:00.139,1.17867,1.17876,1.00,4.31
2016.07.15 10:20:00.442,1.1787,1.17877,1.00,1.00
2016.07.15 10:20:00.645,1.1787,1.17879,1.12,1.50
2016.07.15 10:20:01.160,1.17869,1.17878,4.50,1.50
2016.07.15 10:20:01.683,1.1787,1.17878,1.12,2.81
2016.07.15 10:20:02.212,1.17868,1.17877,3.00,2.06
2016.07.15 10:20:02.859,1.17869,1.17877,1.50,2.06
2016.07.15 10:20:03.522,1.17869,1.17877,1.50,2.06
2016.07.15 10:20:04.077,1.1787,1.17877,1.00,2.06
2016.07.15 10:20:04.678,1.17869,1.17877,1.50,1.31
2016.07.15 10:20:05.565,1.17868,1.17877,1.12,1.31
2016.07.15 10:20:06.283,1.17866,1.17875,4.84,1.00
2016.07.15 10:20:06.588,1.17862,1.17871,1.50,1.31
2016.07.15 10:20:07.116,1.17862,1.17872,1.50,1.57
2016.07.15 10:20:07.894,1.17862,1.17872,2.25,2.14
2016.07.15 10:20:08.351,1.17863,1.17872,1.50,2.14
2016.07.15 10:20:09.102,1.17861,1.1787,3.75,1.50
2016.07.15 10:20:09.427,1.17862,1.17868,1.00,1.50
2016.07.15 10:20:09.732,1.17856,1.17864,3.75,1.00
2016.07.15 10:20:09.884,1.17857,1.17864,1.50,1.00
2016.07.15 10:20:10.035,1.17855,1.17861,2.44,1.50
2016.07.15 10:20:10.389,1.17852,1.1786,1.50,2.62
2016.07.15 10:20:10.925,1.17854,1.17859,1.50,1.00
2016.07.15 10:20:11.430,1.17853,1.17859,1.00,1.00
2016.07.15 10:20:11.931,1.17853,1.17858,1.00,1.00
2016.07.15 10:20:12.533,1.17852,1.17858,1.12,1.00
2016.07.15 10:20:12.837,1.17853,1.1786,1.00,1.00
2016.07.15 10:20:13.352,1.17854,1.17861,1.00,1.50
2016.07.15 10:20:14.006,1.17856,1.17863,1.00,2.02
2016.07.15 10:20:14.209,1.17856,1.17865,1.00,2.32
2016.07.15 10:20:15.110,1.17856,1.17864,1.00,1.00
2016.07.15 10:20:15.167,1.17858,1.17864,1.00,1.00
2016.07.15 10:20:17.366,1.17859,1.17864,1.00,1.00
2016.07.15 10:20:17.417,1.17858,1.17866,1.00,1.57
2016.07.15 10:20:17.469,1.17861,1.17866,1.00,1.00
2016.07.15 10:20:17.622,1.17862,1.17869,1.00,1.69
2016.07.15 10:20:18.462,1.17862,1.17868,1.00,1.00
2016.07.15 10:20:19.848,1.17862,1.17867,1.00,1.50
2016.07.15 10:20:19.899,1.17862,1.17865,1.00,1.50
2016.07.15 10:20:20.084,1.17857,1.17862,1.00,1.12
2016.07.15 10:20:20.135,1.17855,1.17863,1.00,1.87
2016.07.15 10:20:20.489,1.17855,1.17865,2.25,4.01
2016.07.15 10:20:20.641,1.17858,1.17865,1.00,1.57
2016.07.15 10:20:20.794,1.17859,1.17868,1.50,1.37
2016.07.15 10:20:20.845,1.17857,1.17866,1.20,1.00
2016.07.15 10:20:20.997,1.17854,1.17865,1.57,3.75
2016.07.15 10:20:21.315,1.17853,1.17861,1.50,1.50
2016.07.15 10:20:23.261,1.17853,1.1786,1.50,1.00
2016.07.15 10:20:23.463,1.17851,1.1786,1.50,1.00
2016.07.15 10:20:23.565,1.17851,1.17857,1.50,1.00
2016.07.15 10:20:23.868,1.1785,1.17855,1.00,1.00
2016.07.15 10:20:24.680,1.1785,1.17856,1.00,1.50
2016.07.15 10:20:25.353,1.1785,1.17855,1.00,1.00
2016.07.15 10:20:26.084,1.1785,1.17856,1.00,1.00
2016.07.15 10:20:27.084,1.1785,1.17857,1.50,1.69
2016.07.15 10:20:28.895,1.17851,1.17857,1.00,1.00
2016.07.15 10:20:29.400,1.1785,1.17857,1.00,1.87
2016.07.15 10:20:29.935,1.1785,1.17857,1.50,1.00
2016.07.15 10:20:30.961,1.1785,1.17856,1.00,1.00
2016.07.15 10:20:31.984,1.1785,1.17857,1.00,2.25
2016.07.15 10:20:32.507,1.1785,1.17858,1.50,1.10
2016.07.15 10:20:33.053,1.17851,1.17858,1.50,1.10
2016.07.15 10:20:33.786,1.1785,1.17858,1.50,1.10
2016.07.15 10:20:34.110,1.17849,1.17855,1.00,3.00
2016.07.15 10:20:34.363,1.17847,1.17855,1.00,1.50
2016.07.15 10:20:35.086,1.17846,1.17855,1.65,3.75
2016.07.15 10:20:37.676,1.17847,1.17855,1.00,3.75
2016.07.15 10:20:38.220,1.17846,1.17855,1.50,4.50
2016.07.15 10:20:39.123,1.17846,1.17854,1.00,1.00
2016.07.15 10:20:40.323,1.17846,1.17855,1.00,3.75
2016.07.15 10:20:43.468,1.17846,1.17854,1.00,1.00
2016.07.15 10:20:45.506,1.17845,1.17854,1.50,1.50
2016.07.15 10:20:47.990,1.17846,1.17854,1.00,1.00
2016.07.15 10:20:49.053,1.17846,1.17855,1.50,3.75
2016.07.15 10:20:49.104,1.17845,1.17849,1.00,1.25
2016.07.15 10:20:49.459,1.17833,1.1784,1.57,1.69
2016.07.15 10:20:49.510,1.17831,1.17839,1.87,1.69
2016.07.15 10:20:49.561,1.17831,1.17839,1.50,1.69
2016.07.15 10:20:50.017,1.17831,1.17838,1.00,2.62
2016.07.15 10:20:50.321,1.17826,1.1783,2.25,1.00
2016.07.15 10:20:50.423,1.17824,1.1783,1.00,1.00
2016.07.15 10:20:50.819,1.17821,1.1783,2.25,1.00
2016.07.15 10:20:51.426,1.17818,1.17825,1.05,1.25
2016.07.15 10:20:51.530,1.17809,1.1781,1.00,1.50
2016.07.15 10:20:51.581,1.17803,1.17804,1.57,1.00
2016.07.15 10:20:51.876,1.17791,1.17793,1.00,1.00
2016.07.15 10:20:51.927,1.17789,1.17792,1.00,1.00
2016.07.15 10:20:52.029,1.17787,1.1779,1.20,1.00
2016.07.15 10:20:52.131,1.17783,1.1779,2.32,1.00
2016.07.15 10:20:52.182,1.17786,1.1779,1.00,1.00
2016.07.15 10:20:52.233,1.17786,1.17793,1.00,1.50
2016.07.15 10:20:52.386,1.17789,1.17793,1.00,1.00
2016.07.15 10:20:52.487,1.17786,1.17792,1.57,1.00
2016.07.15 10:20:52.830,1.17784,1.17792,1.00,1.00
2016.07.15 10:20:53.185,1.17783,1.17789,1.10,1.00
2016.07.15 10:20:53.236,1.17781,1.17788,1.20,1.00
2016.07.15 10:20:53.287,1.17781,1.17785,1.20,1.25
2016.07.15 10:20:53.338,1.17778,1.17785,3.75,2.44
2016.07.15 10:20:53.391,1.1778,1.17785,1.00,2.44
2016.07.15 10:20:53.696,1.17776,1.17778,1.50,1.00
2016.07.15 10:20:53.890,1.17773,1.17777,1.00,1.00
2016.07.15 10:20:53.941,1.17772,1.17774,1.00,1.00
2016.07.15 10:20:53.993,1.17769,1.17775,1.00,1.25
2016.07.15 10:20:54.196,1.17767,1.17774,1.00,1.00
2016.07.15 10:20:54.449,1.17768,1.17772,1.00,1.00
2016.07.15 10:20:54.552,1.17768,1.17774,1.00,1.50
2016.07.15 10:20:54.603,1.17766,1.17774,1.87,1.00
2016.07.15 10:20:54.806,1.17768,1.17776,1.00,1.69
2016.07.15 10:20:54.970,1.17765,1.17774,3.15,1.19
2016.07.15 10:20:55.122,1.17762,1.1777,1.50,1.00
2016.07.15 10:20:55.426,1.17757,1.17761,1.00,1.69
2016.07.15 10:20:55.528,1.17755,1.1776,1.00,1.00
2016.07.15 10:20:55.629,1.17753,1.17756,1.50,1.00
2016.07.15 10:20:55.949,1.1775,1.17754,1.00,1.76
2016.07.15 10:20:56.000,1.17745,1.17754,1.50,1.39
2016.07.15 10:20:56.405,1.17752,1.17755,1.50,2.44
2016.07.15 10:20:56.558,1.17763,1.17766,1.00,1.09
2016.07.15 10:20:56.609,1.17762,1.17765,1.00,1.25
2016.07.15 10:20:56.660,1.1776,1.17767,1.50,1.19
2016.07.15 10:20:56.711,1.17761,1.1777,1.00,2.89
2016.07.15 10:20:57.254,1.17758,1.17767,1.50,1.25
2016.07.15 10:20:57.561,1.1776,1.17766,1.00,1.00
2016.07.15 10:20:58.101,1.17759,1.17767,1.00,1.25
2016.07.15 10:20:58.423,1.17761,1.17768,1.00,1.19
2016.07.15 10:20:58.727,1.17774,1.17777,1.00,3.56
2016.07.15 10:20:58.778,1.17774,1.17776,1.00,1.00
2016.07.15 10:20:58.880,1.17774,1.1778,1.00,1.19
2016.07.15 10:20:59.926,1.17775,1.17782,1.50,1.19
2016.07.15 10:21:00.078,1.17773,1.17781,1.00,2.44
2016.07.15 10:21:00.579,1.17772,1.17779,1.00,1.00
2016.07.15 10:21:01.089,1.17772,1.17781,1.00,1.19
2016.07.15 10:21:01.365,1.1777,1.17775,2.70,1.00
2016.07.15 10:21:01.610,1.17764,1.17771,1.00,1.19
2016.07.15 10:21:01.812,1.17766,1.17771,1.00,1.19
2016.07.15 10:21:01.863,1.17766,1.17775,1.00,3.37
2016.07.15 10:21:02.370,1.17767,1.17775,1.00,1.00
2016.07.15 10:21:02.692,1.17769,1.17775,1.00,1.00
2016.07.15 10:21:02.981,1.17772,1.17779,1.00,1.00
2016.07.15 10:21:03.487,1.17772,1.17781,1.00,1.19
2016.07.15 10:21:03.996,1.17773,1.17781,1.00,1.69
2016.07.15 10:21:04.148,1.1777,1.17778,1.20,1.00
2016.07.15 10:21:04.293,1.17768,1.17776,1.20,1.19
2016.07.15 10:21:04.445,1.17766,1.17776,1.65,1.19
2016.07.15 10:21:05.632,1.17768,1.17777,1.00,1.69
2016.07.15 10:21:07.086,1.1777,1.17774,1.00,1.00
2016.07.15 10:21:07.803,1.17771,1.17774,1.00,1.00
2016.07.15 10:21:09.557,1.17771,1.17777,1.00,1.19
2016.07.15 10:21:10.322,1.17769,1.17777,2.25,1.19
2016.07.15 10:21:10.476,1.17771,1.17777,1.00,1.19
2016.07.15 10:21:10.982,1.17772,1.17778,1.00,1.19
2016.07.15 10:21:11.033,1.17772,1.17778,1.00,1.25
2016.07.15 10:21:11.084,1.17774,1.17778,1.00,1.25
2016.07.15 10:21:11.236,1.17774,1.1778,1.00,1.00
2016.07.15 10:21:11.287,1.17776,1.1778,1.00,1.00
2016.07.15 10:21:11.494,1.17776,1.17782,1.00,1.25
2016.07.15 10:21:11.748,1.17775,1.17778,1.50,1.00
2016.07.15 10:21:11.900,1.17773,1.17779,1.50,1.19
2016.07.15 10:21:12.053,1.17775,1.17779,1.00,1.00
2016.07.15 10:21:12.256,1.17775,1.17781,1.50,1.25
2016.07.15 10:21:12.307,1.17777,1.17781,1.00,1.00
2016.07.15 10:21:12.651,1.17784,1.17787,1.00,1.10
2016.07.15 10:21:12.803,1.17786,1.17794,1.50,1.31
2016.07.15 10:21:12.906,1.17789,1.17793,1.00,1.00
2016.07.15 10:21:13.498,1.17788,1.17793,1.00,1.00
2016.07.15 10:21:14.004,1.17789,1.17794,3.00,1.00
2016.07.15 10:21:14.514,1.1779,1.17795,1.87,1.00
2016.07.15 10:21:15.049,1.1779,1.17795,4.12,1.00
2016.07.15 10:21:15.353,1.178,1.17807,1.00,3.26
2016.07.15 10:21:15.405,1.17801,1.17806,1.00,1.19
2016.07.15 10:21:15.600,1.17801,1.17806,1.00,1.25
2016.07.15 10:21:16.308,1.17801,1.17807,2.25,1.25
2016.07.15 10:21:16.511,1.178,1.17807,1.12,1.25
2016.07.15 10:21:18.331,1.17799,1.17807,3.00,1.25
2016.07.15 10:21:18.931,1.178,1.17807,1.00,1.25
2016.07.15 10:21:19.471,1.17799,1.17807,3.00,1.25
2016.07.15 10:21:19.981,1.17801,1.17807,1.00,1.25
2016.07.15 10:21:20.286,1.17806,1.17812,1.00,1.76
2016.07.15 10:21:21.294,1.17805,1.17811,1.00,1.10
2016.07.15 10:21:21.598,1.17808,1.17814,2.25,1.10
2016.07.15 10:21:22.183,1.17808,1.17812,1.00,1.00
2016.07.15 10:21:22.493,1.17808,1.17814,2.62,1.00
2016.07.15 10:21:22.595,1.17808,1.17812,2.25,1.00
2016.07.15 10:21:23.503,1.17809,1.17812,1.00,1.00
2016.07.15 10:21:23.705,1.17809,1.17815,1.50,1.25
2016.07.15 10:21:23.858,1.17807,1.17815,3.00,1.25
2016.07.15 10:21:24.404,1.17807,1.17814,1.00,1.00
2016.07.15 10:21:26.037,1.17806,1.17814,1.87,1.50
2016.07.15 10:21:26.088,1.17806,1.17809,1.12,1.00
2016.07.15 10:21:26.348,1.17798,1.17803,1.00,1.25
2016.07.15 10:21:26.450,1.17794,1.17802,1.00,1.00
2016.07.15 10:21:26.703,1.17792,1.17801,1.87,1.50
2016.07.15 10:21:27.211,1.17791,1.178,2.25,1.00
2016.07.15 10:21:27.801,1.17792,1.178,1.00,1.00
2016.07.15 10:21:28.306,1.17791,1.17799,2.25,1.25
2016.07.15 10:21:28.814,1.1779,1.178,1.00,1.76
2016.07.15 10:21:29.466,1.17789,1.17799,1.50,1.19
2016.07.15 10:21:30.213,1.1779,1.17799,1.00,1.29
2016.07.15 10:21:31.717,1.17794,1.17799,1.00,1.19
2016.07.15 10:21:32.174,1.17796,1.17798,1.00,1.19
2016.07.15 10:21:32.714,1.17795,1.17798,2.25,1.00
2016.07.15 10:21:33.018,1.17799,1.17802,1.50,1.20
2016.07.15 10:21:33.477,1.17801,1.17805,1.00,1.69
2016.07.15 10:21:33.730,1.17805,1.17808,2.25,1.00
2016.07.15 10:21:34.124,1.17805,1.1781,1.50,1.09
2016.07.15 10:21:34.635,1.17805,1.17809,1.50,1.00
2016.07.15 10:21:34.889,1.17803,1.17809,1.50,1.29
2016.07.15 10:21:35.399,1.17803,1.17808,1.50,1.19
2016.07.15 10:21:35.728,1.17805,1.1781,1.00,1.84
2016.07.15 10:21:35.781,1.17805,1.1781,1.00,1.65
2016.07.15 10:21:36.330,1.17807,1.1781,1.00,1.00
2016.07.15 10:21:36.834,1.17807,1.17811,1.00,1.25
2016.07.15 10:21:37.382,1.17808,1.17813,1.00,1.29
2016.07.15 10:21:37.840,1.1781,1.17812,1.00,1.00
2016.07.15 10:21:38.346,1.17808,1.17812,1.50,1.00
2016.07.15 10:21:38.545,1.1781,1.17812,1.00,1.00
2016.07.15 10:21:38.749,1.17811,1.17814,1.00,1.00
2016.07.15 10:21:38.901,1.17813,1.17814,1.00,1.00
2016.07.15 10:21:39.331,1.1781,1.17814,1.50,1.00
2016.07.15 10:21:39.853,1.17808,1.17814,1.00,1.00
2016.07.15 10:21:39.955,1.17807,1.17812,1.00,1.00
2016.07.15 10:21:40.057,1.17805,1.17813,1.00,1.93
2016.07.15 10:21:40.158,1.17804,1.17813,1.50,3.35
2016.07.15 10:21:40.464,1.17791,1.17799,4.50,1.50
2016.07.15 10:21:40.565,1.1779,1.17799,2.25,1.50
2016.07.15 10:21:40.740,1.1779,1.17795,1.50,1.00
2016.07.15 10:21:41.247,1.1779,1.17796,2.25,1.00
2016.07.15 10:21:42.844,1.17791,1.17796,1.00,1.00
2016.07.15 10:21:43.350,1.17791,1.17795,1.12,1.00
2016.07.15 10:21:45.644,1.17792,1.17795,1.00,1.00
2016.07.15 10:21:47.008,1.17794,1.17796,1.00,1.00
2016.07.15 10:21:47.516,1.17793,1.17796,1.50,1.00
2016.07.15 10:21:47.821,1.17795,1.17798,1.50,1.00
2016.07.15 10:21:48.323,1.17795,1.17799,2.25,1.00
2016.07.15 10:21:48.868,1.17796,1.17802,1.00,1.19
2016.07.15 10:21:49.406,1.17797,1.17802,1.50,1.19
2016.07.15 10:21:49.627,1.17797,1.17802,1.50,1.25
2016.07.15 10:21:54.765,1.17796,1.17802,1.00,1.25
2016.07.15 10:21:54.968,1.17794,1.17799,1.00,1.00
2016.07.15 10:21:55.070,1.1779,1.17796,1.65,1.00
2016.07.15 10:21:55.172,1.17787,1.17795,4.57,1.00
2016.07.15 10:21:55.374,1.17786,1.17794,1.57,1.50
2016.07.15 10:21:55.476,1.17785,1.17792,1.50,1.50
2016.07.15 10:21:55.595,1.17782,1.1779,1.50,1.25
2016.07.15 10:21:56.744,1.17784,1.1779,1.00,1.00
2016.07.15 10:21:57.082,1.17786,1.17791,1.00,1.25
2016.07.15 10:21:59.523,1.17786,1.17794,1.00,1.31
2016.07.15 10:22:00.535,1.17788,1.17794,1.00,1.19
2016.07.15 10:22:00.891,1.17789,1.17795,1.50,1.00
2016.07.15 10:22:01.813,1.1779,1.17795,1.00,1.00
2016.07.15 10:22:04.504,1.17789,1.17795,2.25,1.25
2016.07.15 10:22:05.011,1.1779,1.17794,1.00,1.00
2016.07.15 10:22:05.113,1.17788,1.17794,1.12,1.00
2016.07.15 10:22:05.214,1.17788,1.17792,1.12,1.00
2016.07.15 10:22:05.316,1.17786,1.17792,1.12,1.00
2016.07.15 10:22:05.619,1.17784,1.17792,2.25,1.25
2016.07.15 10:22:06.021,1.17782,1.17791,1.50,1.12
2016.07.15 10:22:06.123,1.17782,1.17791,1.00,2.06
2016.07.15 10:22:06.427,1.17781,1.17787,2.62,1.00
2016.07.15 10:22:06.592,1.17781,1.17789,2.62,1.25
2016.07.15 10:22:08.521,1.17781,1.17788,1.12,1.10
2016.07.15 10:22:09.072,1.1778,1.17788,1.00,1.20
2016.07.15 10:22:10.009,1.17779,1.17787,3.75,1.00
2016.07.15 10:22:10.110,1.17779,1.17785,3.00,1.00
2016.07.15 10:22:10.625,1.17781,1.17785,1.50,1.00
2016.07.15 10:22:10.959,1.17778,1.17782,1.50,1.00
2016.07.15 10:22:12.131,1.17778,1.17784,1.00,1.29
2016.07.15 10:22:12.632,1.17779,1.17784,1.00,1.29
2016.07.15 10:22:12.935,1.17782,1.17784,1.00,1.10
2016.07.15 10:22:13.482,1.17782,1.17786,1.00,1.39
2016.07.15 10:22:13.990,1.17781,1.17786,1.00,1.39
2016.07.15 10:22:14.509,1.1778,1.17788,2.25,2.44
2016.07.15 10:22:15.363,1.17781,1.17788,1.00,1.69
2016.07.15 10:22:15.465,1.17782,1.17789,1.00,2.00
2016.07.15 10:22:15.566,1.17783,1.1779,1.00,1.69
2016.07.15 10:22:16.919,1.17784,1.17792,1.00,3.56
2016.07.15 10:22:17.424,1.17784,1.17791,1.00,1.20
2016.07.15 10:22:20.635,1.17786,1.17792,1.00,2.62
2016.07.15 10:22:20.686,1.17785,1.17792,1.00,1.27
2016.07.15 10:22:21.199,1.17784,1.17792,1.00,1.27
2016.07.15 10:22:23.146,1.17783,1.17793,1.50,1.69
2016.07.15 10:22:23.650,1.17784,1.17792,1.00,2.77
2016.07.15 10:22:23.900,1.17786,1.17794,1.00,2.06
2016.07.15 10:22:24.457,1.17785,1.17793,1.00,1.69
2016.07.15 10:22:25.056,1.17783,1.17791,3.75,1.20
2016.07.15 10:22:25.568,1.17783,1.1779,3.75,1.00
2016.07.15 10:22:25.923,1.17783,1.17793,3.00,2.21
2016.07.15 10:22:26.025,1.17784,1.1779,1.87,1.00
2016.07.15 10:22:26.577,1.17783,1.17791,1.50,1.00
2016.07.15 10:22:27.157,1.17784,1.17791,1.00,1.00
2016.07.15 10:22:27.671,1.17784,1.17792,1.00,2.40
2016.07.15 10:22:28.185,1.17785,1.17792,1.00,2.40
2016.07.15 10:22:28.775,1.17784,1.17792,1.12,1.84
2016.07.15 10:22:29.627,1.17784,1.17792,1.37,1.20
2016.07.15 10:22:36.193,1.17784,1.17793,1.50,3.00
2016.07.15 10:22:36.769,1.17785,1.17793,1.00,3.37
2016.07.15 10:22:38.420,1.17784,1.17793,1.00,1.50
2016.07.15 10:22:39.001,1.17785,1.17793,1.00,2.25
2016.07.15 10:22:39.586,1.17784,1.17792,1.37,2.02
2016.07.15 10:22:39.738,1.17783,1.17791,1.00,1.12
2016.07.15 10:22:40.251,1.17784,1.17791,1.00,1.12
2016.07.15 10:22:40.811,1.17783,1.17791,1.00,1.20
2016.07.15 10:22:41.324,1.17784,1.17791,1.12,1.20
2016.07.15 10:22:43.662,1.17784,1.17791,1.37,1.27
2016.07.15 10:22:47.357,1.17783,1.17792,1.87,1.50
2016.07.15 10:22:50.325,1.17781,1.17791,3.00,1.50
2016.07.15 10:22:50.837,1.17783,1.17791,1.00,1.00
2016.07.15 10:22:52.341,1.17781,1.17791,1.00,1.69
2016.07.15 10:22:54.031,1.1778,1.1779,4.87,1.00
2016.07.15 10:22:55.100,1.1778,1.17789,1.50,1.00
2016.07.15 10:22:57.690,1.17781,1.1779,1.12,1.00
2016.07.15 10:22:58.664,1.17781,1.17791,1.12,1.09
2016.07.15 10:23:00.471,1.1778,1.1779,6.00,1.00
2016.07.15 10:23:00.679,1.17784,1.17791,1.00,4.09
2016.07.15 10:23:00.730,1.17781,1.17791,1.50,4.09
2016.07.15 10:23:00.882,1.17783,1.17791,1.00,3.19
2016.07.15 10:23:01.422,1.17784,1.17791,1.00,1.69
2016.07.15 10:23:01.970,1.17784,1.17792,1.50,3.94
2016.07.15 10:23:06.396,1.17782,1.17791,1.50,1.09
2016.07.15 10:23:07.599,1.17782,1.17791,1.50,1.39
2016.07.15 10:23:08.387,1.1778,1.17789,3.00,1.25
2016.07.15 10:23:09.947,1.17783,1.17789,1.00,1.25
2016.07.15 10:23:10.301,1.17784,1.17792,1.50,2.06
2016.07.15 10:23:10.843,1.17785,1.17794,2.25,2.51
2016.07.15 10:23:10.894,1.17788,1.17794,1.00,1.01
2016.07.15 10:23:11.096,1.17788,1.17796,1.50,1.00
2016.07.15 10:23:11.403,1.17788,1.17794,1.00,1.00
2016.07.15 10:23:11.607,1.17782,1.17791,1.69,4.87
2016.07.15 10:23:11.657,1.17781,1.1779,2.44,1.31
2016.07.15 10:23:12.005,1.17779,1.17788,1.56,1.50
2016.07.15 10:23:12.567,1.1778,1.17788,2.06,1.00
2016.07.15 10:23:12.871,1.17781,1.17789,1.56,1.00
2016.07.15 10:23:13.200,1.17782,1.17791,1.00,1.76
2016.07.15 10:23:13.728,1.17785,1.17791,2.25,1.00
2016.07.15 10:23:14.032,1.17788,1.17796,1.00,1.00
2016.07.15 10:23:14.084,1.17788,1.17794,1.00,1.00
2016.07.15 10:23:14.185,1.17786,1.17794,1.31,1.00
2016.07.15 10:23:14.733,1.17785,1.17795,4.31,2.44
2016.07.15 10:23:16.051,1.17785,1.17793,1.50,1.00
2016.07.15 10:23:16.355,1.1778,1.17789,4.69,1.00
2016.07.15 10:23:16.922,1.1778,1.17789,2.81,1.00
2016.07.15 10:23:19.616,1.1778,1.17789,2.06,1.50
2016.07.15 10:23:20.217,1.1778,1.17789,1.00,1.00
2016.07.15 10:23:20.613,1.17782,1.17789,1.00,1.00
2016.07.15 10:23:21.055,1.17785,1.17789,1.00,1.00
2016.07.15 10:23:21.257,1.17786,1.17793,1.00,1.82
2016.07.15 10:23:21.359,1.17786,1.17794,1.00,1.25
2016.07.15 10:23:29.688,1.17786,1.17794,1.00,1.39
2016.07.15 10:23:31.142,1.17787,1.17795,1.00,4.69
2016.07.15 10:23:31.746,1.17787,1.17795,1.00,1.76
2016.07.15 10:23:32.129,1.1779,1.17795,1.00,1.00
2016.07.15 10:23:32.231,1.1779,1.17797,1.00,1.84
2016.07.15 10:23:32.476,1.17788,1.17797,1.50,1.84
2016.07.15 10:23:36.121,1.17788,1.17796,1.00,1.00
2016.07.15 10:23:36.274,1.17793,1.17796,1.00,1.10
2016.07.15 10:23:36.751,1.17795,1.17798,1.50,1.00
2016.07.15 10:23:37.560,1.17793,1.17799,1.00,1.00
2016.07.15 10:23:38.100,1.17794,1.17799,1.00,1.00
2016.07.15 10:23:38.202,1.17796,1.17799,1.00,1.00
2016.07.15 10:23:38.252,1.17795,1.17803,1.00,3.07
2016.07.15 10:23:38.455,1.17796,1.17805,1.50,1.84
2016.07.15 10:23:38.705,1.17798,1.17805,1.00,1.25
2016.07.15 10:23:39.241,1.17798,1.17806,1.12,1.10
2016.07.15 10:23:40.390,1.17797,1.17805,1.50,1.00
2016.07.15 10:23:40.592,1.17796,1.17804,1.50,1.00
2016.07.15 10:23:44.121,1.17798,1.17805,1.00,3.37
2016.07.15 10:23:44.499,1.17801,1.17808,1.50,1.20
2016.07.15 10:23:46.139,1.17801,1.17809,1.00,1.50
2016.07.15 10:23:46.696,1.178,1.17808,2.25,1.00
2016.07.15 10:23:46.999,1.178,1.17806,1.00,1.00
2016.07.15 10:23:47.470,1.178,1.17808,1.00,1.00
2016.07.15 10:23:48.033,1.178,1.17809,1.50,3.82
2016.07.15 10:23:48.084,1.17802,1.17809,1.50,1.57
2016.07.15 10:23:48.418,1.17811,1.17817,1.00,1.00
2016.07.15 10:23:48.473,1.17811,1.17819,2.25,1.00
2016.07.15 10:23:48.524,1.17813,1.17819,1.50,1.00
2016.07.15 10:23:48.677,1.17817,1.17825,1.50,3.00
2016.07.15 10:23:48.778,1.17821,1.17825,1.00,1.50
2016.07.15 10:23:48.881,1.17824,1.17831,2.44,3.00
2016.07.15 10:23:48.932,1.17826,1.17831,1.00,1.75
2016.07.15 10:23:48.983,1.17826,1.17834,1.00,1.75
2016.07.15 10:23:49.174,1.17826,1.17837,3.00,3.75
2016.07.15 10:23:49.326,1.17826,1.17831,3.75,1.00
2016.07.15 10:23:49.377,1.17826,1.17833,1.75,1.00
2016.07.15 10:23:49.479,1.17823,1.17831,1.87,1.00
2016.07.15 10:23:49.581,1.17827,1.17832,1.00,1.00
2016.07.15 10:23:49.785,1.17832,1.17839,1.00,1.00
2016.07.15 10:23:50.141,1.1783,1.17834,1.50,1.00
2016.07.15 10:23:50.242,1.17828,1.17833,2.25,1.00
2016.07.15 10:23:50.344,1.17825,1.17833,1.76,1.00
2016.07.15 10:23:50.851,1.17824,1.17833,1.01,1.50
2016.07.15 10:23:51.614,1.17824,1.17832,1.01,1.00
2016.07.15 10:23:51.817,1.17822,1.17829,1.31,1.00
2016.07.15 10:23:51.867,1.17822,1.1783,1.31,1.50
2016.07.15 10:23:51.918,1.17821,1.17827,1.76,1.00
2016.07.15 10:23:52.070,1.17818,1.17827,2.81,1.00
2016.07.15 10:23:52.121,1.17817,1.17826,3.94,1.00
2016.07.15 10:23:52.223,1.17817,1.17824,1.76,1.00
2016.07.15 10:23:52.548,1.17815,1.17822,2.44,1.00
2016.07.15 10:23:52.853,1.1781,1.17813,3.00,1.00
2016.07.15 10:23:52.954,1.17808,1.17812,2.02,1.00
2016.07.15 10:23:53.156,1.17803,1.17811,1.27,1.00
2016.07.15 10:23:53.671,1.17803,1.17812,1.12,1.00
2016.07.15 10:23:54.168,1.17803,1.17812,1.12,1.00
2016.07.15 10:23:54.762,1.17803,1.17812,1.12,1.00
2016.07.15 10:23:55.181,1.17805,1.17814,2.81,3.15
2016.07.15 10:23:56.167,1.17805,1.17813,2.81,1.00
2016.07.15 10:23:56.851,1.17805,1.17814,3.56,1.65
2016.07.15 10:23:57.053,1.17807,1.17814,3.56,1.00
2016.07.15 10:23:57.104,1.17809,1.17817,1.56,1.20
2016.07.15 10:23:57.206,1.17811,1.17819,1.56,1.00
2016.07.15 10:23:57.257,1.1781,1.17818,1.69,1.00
2016.07.15 10:23:57.459,1.17808,1.17818,1.10,1.00
2016.07.15 10:23:57.560,1.1781,1.17818,1.31,1.00
2016.07.15 10:23:58.070,1.1781,1.17819,1.50,1.10
2016.07.15 10:23:58.373,1.1781,1.17819,2.06,1.10
2016.07.15 10:24:00.891,1.17811,1.17819,1.00,1.00
2016.07.15 10:24:01.194,1.17811,1.17821,1.80,1.50
2016.07.15 10:24:01.498,1.17816,1.17825,1.99,1.57
2016.07.15 10:24:02.041,1.17817,1.17826,1.16,1.65
2016.07.15 10:24:05.981,1.17816,1.17825,1.22,1.00
2016.07.15 10:24:06.529,1.17816,1.17826,1.22,1.50
2016.07.15 10:24:07.080,1.17816,1.17825,1.22,1.00
2016.07.15 10:24:07.478,1.17816,1.17821,1.22,1.00
2016.07.15 10:24:07.630,1.17811,1.1782,1.69,1.00
2016.07.15 10:24:07.731,1.1781,1.1782,3.19,2.25
2016.07.15 10:24:08.237,1.1781,1.17821,1.69,5.40
2016.07.15 10:24:08.338,1.1781,1.17819,3.19,1.00
2016.07.15 10:24:08.891,1.17808,1.17818,4.69,1.00
2016.07.15 10:24:08.992,1.17808,1.17818,3.26,1.00
2016.07.15 10:24:09.144,1.1781,1.17818,1.00,1.00
2016.07.15 10:24:09.659,1.17809,1.17818,1.50,1.20
2016.07.15 10:24:10.161,1.1781,1.17818,1.50,1.20
2016.07.15 10:24:12.125,1.1781,1.17815,1.50,1.00
2016.07.15 10:24:12.430,1.17798,1.17804,1.62,1.00
2016.07.15 10:24:12.481,1.17798,1.17805,1.25,1.50
2016.07.15 10:24:13.463,1.17798,1.17807,1.25,2.02
2016.07.15 10:24:14.479,1.17799,1.17808,1.00,2.25
2016.07.15 10:24:14.617,1.17805,1.1781,1.00,1.87
2016.07.15 10:24:14.669,1.17805,1.17813,1.00,1.20
2016.07.15 10:24:14.872,1.17805,1.17814,1.00,1.95
2016.07.15 10:24:15.723,1.17805,1.17815,2.81,1.95
2016.07.15 10:24:15.824,1.17809,1.17815,1.00,1.20
2016.07.15 10:24:15.958,1.17809,1.17816,1.00,1.65
2016.07.15 10:24:16.262,1.17807,1.17817,1.69,1.57
2016.07.15 10:24:16.581,1.17808,1.17818,2.44,1.95
2016.07.15 10:24:17.130,1.17808,1.17818,1.69,1.00
2016.07.15 10:24:17.675,1.1781,1.17819,1.00,1.20
2016.07.15 10:24:21.647,1.1781,1.17819,5.25,1.00
2016.07.15 10:24:22.152,1.1781,1.17819,2.62,1.00
2016.07.15 10:24:22.667,1.17811,1.1782,1.00,2.40
2016.07.15 10:24:23.483,1.17811,1.1782,1.00,3.00
2016.07.15 10:24:24.003,1.17811,1.1782,1.00,1.12
2016.07.15 10:24:25.858,1.1781,1.17821,3.75,3.45
2016.07.15 10:24:26.435,1.1781,1.17819,1.00,1.00
2016.07.15 10:24:27.492,1.17809,1.1782,1.20,1.87
2016.07.15 10:24:28.127,1.1781,1.1782,1.00,2.62
2016.07.15 10:24:29.317,1.17809,1.1782,2.70,1.12
2016.07.15 10:24:29.819,1.1781,1.1782,1.00,1.87
2016.07.15 10:24:31.431,1.17809,1.1782,2.70,1.12
2016.07.15 10:24:32.516,1.17809,1.17817,1.20,1.00
2016.07.15 10:24:35.886,1.17809,1.17815,1.87,1.00
2016.07.15 10:24:36.162,1.17807,1.17814,1.00,1.50
2016.07.15 10:24:36.669,1.17806,1.17812,1.00,1.00
2016.07.15 10:24:37.188,1.17805,1.17812,1.12,1.50
2016.07.15 10:24:37.915,1.17807,1.17812,1.25,1.00
2016.07.15 10:24:38.220,1.17815,1.17819,1.00,1.00
2016.07.15 10:24:38.512,1.17815,1.17822,1.00,1.50
2016.07.15 10:24:39.019,1.17816,1.17823,1.00,1.00
2016.07.15 10:24:39.532,1.17815,1.17822,2.25,1.00
2016.07.15 10:24:40.177,1.17815,1.17823,1.00,1.87
2016.07.15 10:24:40.699,1.17814,1.17823,5.51,1.50
2016.07.15 10:24:40.901,1.17815,1.17821,1.00,1.00
2016.07.15 10:24:41.416,1.17814,1.17822,1.00,1.00
2016.07.15 10:24:42.384,1.17815,1.17822,1.00,1.00
2016.07.15 10:24:42.928,1.17814,1.17822,1.00,1.87
2016.07.15 10:24:43.232,1.17812,1.17819,1.65,1.00
2016.07.15 10:24:43.283,1.17812,1.17819,1.50,1.00
2016.07.15 10:24:45.391,1.1781,1.17819,4.50,1.50
2016.07.15 10:24:45.925,1.1781,1.17817,4.50,1.00
2016.07.15 10:24:46.431,1.17809,1.17816,2.44,1.50
2016.07.15 10:24:47.960,1.17809,1.17816,3.19,1.50
2016.07.15 10:24:50.120,1.17811,1.17818,4.31,1.50
2016.07.15 10:24:50.373,1.17813,1.17819,1.12,1.50
2016.07.15 10:24:50.877,1.17813,1.17819,2.25,1.50
2016.07.15 10:24:51.403,1.17813,1.17819,1.00,1.50
2016.07.15 10:24:51.720,1.17815,1.1782,1.50,1.00
2016.07.15 10:24:51.864,1.17815,1.17823,1.50,1.00
2016.07.15 10:24:51.915,1.17818,1.17824,1.00,1.20
2016.07.15 10:24:52.068,1.17818,1.17826,1.00,1.00
2016.07.15 10:24:52.632,1.17818,1.17827,1.50,1.00
2016.07.15 10:24:54.030,1.17818,1.17825,1.50,1.00
2016.07.15 10:24:54.182,1.17815,1.17824,4.57,1.00
2016.07.15 10:24:54.603,1.17815,1.17822,4.57,1.00
2016.07.15 10:24:54.654,1.17815,1.17824,4.57,1.00
2016.07.15 10:24:56.084,1.17815,1.17822,1.57,1.00
2016.07.15 10:24:56.381,1.1781,1.17819,4.20,1.50
2016.07.15 10:24:56.435,1.1781,1.17817,2.70,1.00
2016.07.15 10:24:56.740,1.17805,1.17812,4.01,1.00
2016.07.15 10:24:57.045,1.178,1.17808,1.50,1.00
2016.07.15 10:24:57.096,1.178,1.17808,1.00,1.00
2016.07.15 10:24:57.147,1.17799,1.17805,3.00,1.00
2016.07.15 10:24:57.373,1.17795,1.17804,3.75,1.00
2016.07.15 10:24:57.424,1.17795,1.17804,1.50,1.50
2016.07.15 10:24:57.627,1.17794,1.17804,3.00,1.50
2016.07.15 10:24:57.880,1.17798,1.17805,1.00,1.00
2016.07.15 10:24:58.033,1.17798,1.17807,1.50,1.00
2016.07.15 10:24:58.576,1.17798,1.17808,1.50,1.00
2016.07.15 10:24:59.946,1.17799,1.17808,1.00,1.10
2016.07.15 10:25:00.454,1.178,1.17809,1.00,2.51
2016.07.15 10:25:01.520,1.17798,1.17808,1.50,1.00
2016.07.15 10:25:02.343,1.17798,1.17807,1.00,1.00
2016.07.15 10:25:02.882,1.17798,1.17808,2.81,1.00
2016.07.15 10:25:03.302,1.17802,1.17808,1.50,1.00
2016.07.15 10:25:03.505,1.17802,1.17811,1.69,1.00
2016.07.15 10:25:03.657,1.17802,1.17813,1.69,1.84
2016.07.15 10:25:03.707,1.17805,1.17813,1.00,1.76
2016.07.15 10:25:04.155,1.17805,1.17812,1.00,1.87
2016.07.15 10:25:04.791,1.17803,1.17811,1.00,1.00
2016.07.15 10:25:07.912,1.17803,1.17813,1.00,2.51
2016.07.15 10:25:08.572,1.17803,1.17813,1.00,2.51
2016.07.15 10:25:09.075,1.17803,1.17813,1.50,2.51
2016.07.15 10:25:09.435,1.17801,1.17809,3.45,1.00
2016.07.15 10:25:09.587,1.17798,1.17808,3.56,1.00
2016.07.15 10:25:10.217,1.17798,1.17808,2.06,1.00
2016.07.15 10:25:10.330,1.178,1.17808,1.00,1.00
2016.07.15 10:25:10.734,1.17798,1.17807,1.12,1.00
2016.07.15 10:25:11.252,1.17798,1.17808,1.00,1.87
2016.07.15 10:25:11.544,1.178,1.17807,1.00,1.00
2016.07.15 10:25:11.966,1.17802,1.17808,1.00,1.00
2016.07.15 10:25:12.068,1.17802,1.1781,1.00,3.07
2016.07.15 10:25:12.598,1.17801,1.1781,1.00,1.50
2016.07.15 10:25:14.473,1.17801,1.17811,1.00,3.71
2016.07.15 10:25:15.128,1.17801,1.1781,2.25,1.00
2016.07.15 10:25:15.797,1.17801,1.17811,2.25,4.27
2016.07.15 10:25:17.405,1.17801,1.1781,1.50,1.00
2016.07.15 10:25:17.848,1.17799,1.17808,2.02,1.00
2016.07.15 10:25:19.533,1.17797,1.17808,2.40,1.00
2016.07.15 10:25:20.140,1.17798,1.17808,1.50,1.50
2016.07.15 10:25:21.562,1.17798,1.17808,1.00,2.25
2016.07.15 10:25:23.277,1.17798,1.17806,1.00,1.00
2016.07.15 10:25:23.581,1.17798,1.17804,1.00,1.00
2016.07.15 10:25:23.631,1.17796,1.17804,3.00,1.00
2016.07.15 10:25:23.733,1.17794,1.17803,2.32,1.00
2016.07.15 10:25:24.247,1.17794,1.17804,1.50,1.50
2016.07.15 10:25:25.723,1.17794,1.17802,1.00,1.00
2016.07.15 10:25:26.045,1.17794,1.17798,2.25,1.00
2016.07.15 10:25:26.247,1.17791,1.17796,1.20,1.00
2016.07.15 10:25:26.349,1.17789,1.17795,1.65,1.00
2016.07.15 10:25:26.400,1.17789,1.17797,1.20,1.00
2016.07.15 10:25:26.502,1.17789,1.17795,1.00,1.00
2016.07.15 10:25:26.895,1.17784,1.17792,3.75,1.00
2016.07.15 10:25:27.276,1.17785,1.17789,1.00,1.00
2016.07.15 10:25:27.480,1.17781,1.17786,1.00,1.25
2016.07.15 10:25:27.531,1.17778,1.17786,1.27,1.25
2016.07.15 10:25:28.077,1.17777,1.17786,1.50,1.69
2016.07.15 10:25:28.657,1.17778,1.17786,1.00,2.44
2016.07.15 10:25:29.230,1.17777,1.17785,1.00,1.25
2016.07.15 10:25:29.731,1.17776,1.17785,3.00,1.25
2016.07.15 10:25:30.263,1.17779,1.17784,1.00,1.00
2016.07.15 10:25:30.364,1.17779,1.17786,1.00,1.50
2016.07.15 10:25:30.886,1.1778,1.17785,1.00,1.00
2016.07.15 10:25:31.449,1.17779,1.17786,1.00,1.50
2016.07.15 10:25:31.981,1.17778,1.17786,1.50,1.50
2016.07.15 10:25:32.996,1.17778,1.17785,1.00,1.00
2016.07.15 10:25:33.526,1.17777,1.17784,1.00,1.50
2016.07.15 10:25:34.075,1.17776,1.17784,1.87,1.50
2016.07.15 10:25:35.046,1.17776,1.17786,2.62,1.00
2016.07.15 10:25:35.435,1.17776,1.17784,1.12,1.25
2016.07.15 10:25:35.639,1.17772,1.17782,1.49,2.51
2016.07.15 10:25:35.842,1.17771,1.17781,2.25,1.00
2016.07.15 10:25:36.350,1.17771,1.17782,2.25,1.39
2016.07.15 10:25:36.879,1.17772,1.17782,1.50,3.07
2016.07.15 10:25:38.653,1.17771,1.17782,1.50,1.10
2016.07.15 10:25:39.159,1.17772,1.17783,2.25,1.95
2016.07.15 10:25:39.732,1.17773,1.17783,1.00,2.89
2016.07.15 10:25:40.269,1.17772,1.17782,2.25,1.39
2016.07.15 10:25:41.712,1.17772,1.17781,1.20,1.19
2016.07.15 10:25:41.965,1.17772,1.17782,1.50,1.09
2016.07.15 10:25:43.118,1.17773,1.17782,1.00,1.09
2016.07.15 10:25:43.219,1.17776,1.17783,1.00,3.56
2016.07.15 10:25:43.422,1.17779,1.17788,1.50,1.84
2016.07.15 10:25:43.473,1.1778,1.17788,1.00,1.46
2016.07.15 10:25:44.812,1.17782,1.17789,1.00,2.44
2016.07.15 10:25:45.117,1.17786,1.17794,1.50,1.46
2016.07.15 10:25:45.626,1.17788,1.17795,1.00,2.51
2016.07.15 10:25:46.998,1.17787,1.17793,1.00,1.00
2016.07.15 10:25:47.556,1.17786,1.17793,1.00,1.37
2016.07.15 10:25:47.859,1.17793,1.17796,1.00,1.10
2016.07.15 10:25:47.961,1.17793,1.178,1.00,1.76
2016.07.15 10:25:48.062,1.17795,1.178,1.00,1.19
2016.07.15 10:25:48.113,1.17795,1.178,1.00,1.00
2016.07.15 10:25:48.215,1.17795,1.17802,1.00,2.06
2016.07.15 10:25:49.188,1.17796,1.17802,1.00,1.12
2016.07.15 10:25:49.719,1.17796,1.17801,1.00,1.00
2016.07.15 10:25:50.642,1.17796,1.17802,1.00,1.12
2016.07.15 10:25:51.997,1.17792,1.17803,4.50,2.33
2016.07.15 10:25:53.502,1.17792,1.17802,2.25,1.12
2016.07.15 10:25:54.507,1.17791,1.17802,3.00,1.39
2016.07.15 10:25:54.954,1.17794,1.17802,1.00,1.39
2016.07.15 10:25:55.927,1.17793,1.17802,1.50,2.14
2016.07.15 10:25:56.290,1.17793,1.178,1.00,1.00
2016.07.15 10:25:56.545,1.17787,1.17795,1.12,1.12
2016.07.15 10:25:56.709,1.17785,1.17794,2.70,1.62
2016.07.15 10:25:57.253,1.17784,1.17791,1.00,1.00
2016.07.15 10:25:57.506,1.17782,1.1779,1.12,1.00
2016.07.15 10:25:58.039,1.17783,1.1779,1.00,1.00
2016.07.15 10:25:58.448,1.17782,1.17787,1.00,1.00
2016.07.15 10:25:58.751,1.1778,1.17788,1.00,1.00
2016.07.15 10:25:59.328,1.17779,1.17789,2.25,2.77
2016.07.15 10:25:59.379,1.17781,1.17789,1.00,2.77
2016.07.15 10:26:01.667,1.17781,1.17788,1.00,1.00
2016.07.15 10:26:02.021,1.17779,1.17787,1.50,1.00
2016.07.15 10:26:02.173,1.1778,1.17787,1.56,1.00
2016.07.15 10:26:02.376,1.17782,1.17789,2.06,1.65
2016.07.15 10:26:02.831,1.17781,1.17789,1.50,1.69
2016.07.15 10:26:03.379,1.1778,1.17789,2.25,1.69
2016.07.15 10:26:03.898,1.17778,1.17788,2.25,1.39
2016.07.15 10:26:03.949,1.1778,1.17788,1.00,1.39
2016.07.15 10:26:05.119,1.17779,1.17788,1.00,1.39
2016.07.15 10:26:05.428,1.17781,1.17788,1.00,1.39
2016.07.15 10:26:05.732,1.17785,1.1779,1.00,1.45
2016.07.15 10:26:05.985,1.17789,1.17794,1.00,1.00
2016.07.15 10:26:06.310,1.17791,1.17795,1.00,1.50
2016.07.15 10:26:06.463,1.17791,1.17799,1.00,1.57
2016.07.15 10:26:07.032,1.17792,1.17798,1.00,1.00
2016.07.15 10:26:07.388,1.17794,1.17799,1.00,1.10
2016.07.15 10:26:07.844,1.17795,1.17802,1.50,1.20
2016.07.15 10:26:08.366,1.17795,1.17803,1.12,1.65
2016.07.15 10:26:09.037,1.17794,1.17802,3.75,1.00
2016.07.15 10:26:09.689,1.17794,1.17801,3.75,1.00
2016.07.15 10:26:12.335,1.17794,1.17801,2.25,1.00
2016.07.15 10:26:12.571,1.17795,1.17803,1.00,1.27
2016.07.15 10:26:13.087,1.17796,1.17803,1.00,1.57
2016.07.15 10:26:13.969,1.17796,1.17805,1.50,3.26
2016.07.15 10:26:14.076,1.17798,1.17805,1.00,1.76
2016.07.15 10:26:14.481,1.17797,1.17801,1.00,1.25
2016.07.15 10:26:14.582,1.17795,1.178,1.12,1.12
2016.07.15 10:26:14.735,1.17794,1.17802,1.50,1.00
2016.07.15 10:26:15.277,1.17795,1.17804,1.00,3.56
2016.07.15 10:26:16.042,1.17797,1.17804,1.00,1.12
2016.07.15 10:26:16.093,1.17795,1.17804,1.00,1.10
2016.07.15 10:26:18.102,1.17797,1.17805,1.00,1.87
2016.07.15 10:26:22.284,1.17797,1.17805,1.00,1.00
2016.07.15 10:26:22.689,1.17795,1.178,1.37,1.00
2016.07.15 10:26:22.740,1.17795,1.178,1.00,1.00
2016.07.15 10:26:23.468,1.17794,1.17801,1.50,1.87
2016.07.15 10:26:23.620,1.17792,1.178,1.00,1.50
2016.07.15 10:26:24.076,1.1779,1.17799,2.32,1.12
2016.07.15 10:26:24.458,1.17789,1.17797,1.00,1.37
2016.07.15 10:26:24.611,1.17787,1.17796,2.40,1.12
2016.07.15 10:26:25.084,1.17785,1.17794,4.31,1.00
2016.07.15 10:26:25.135,1.17785,1.17794,2.96,1.00
2016.07.15 10:26:25.287,1.17785,1.17793,1.31,2.25
2016.07.15 10:26:25.490,1.17783,1.17793,2.06,2.44
2016.07.15 10:26:28.825,1.17784,1.17792,1.00,3.19
2016.07.15 10:26:29.327,1.17784,1.17791,2.06,1.00
2016.07.15 10:26:33.022,1.17784,1.17791,1.50,1.00
2016.07.15 10:26:33.328,1.17785,1.17793,3.19,1.20
2016.07.15 10:26:33.592,1.17785,1.17795,3.94,1.10
2016.07.15 10:26:33.693,1.17787,1.17796,1.00,1.76
2016.07.15 10:26:33.997,1.17791,1.178,1.00,4.50
2016.07.15 10:26:34.502,1.17791,1.17799,1.00,1.12
2016.07.15 10:26:37.158,1.1779,1.17799,5.81,1.12
2016.07.15 10:26:37.665,1.17792,1.17799,1.00,1.12
2016.07.15 10:26:37.908,1.17794,1.17803,3.56,1.57
2016.07.15 10:26:38.263,1.17795,1.17804,1.50,1.76
2016.07.15 10:26:38.787,1.17795,1.17803,1.00,1.00
2016.07.15 10:26:39.618,1.17794,1.17803,5.06,1.00
2016.07.15 10:26:40.023,1.17794,1.17801,2.06,1.00
2016.07.15 10:26:40.526,1.17794,1.178,1.31,1.12
2016.07.15 10:26:42.530,1.17794,1.17801,1.25,1.12
2016.07.15 10:26:43.033,1.17794,1.178,1.25,1.00
2016.07.15 10:26:43.558,1.17793,1.178,1.56,1.37
2016.07.15 10:26:44.114,1.17791,1.178,2.44,3.37
2016.07.15 10:26:44.418,1.17787,1.17795,3.00,1.00
2016.07.15 10:26:44.722,1.17787,1.17793,1.25,1.69
2016.07.15 10:26:45.671,1.17784,1.17794,4.31,2.21
2016.07.15 10:26:46.434,1.17784,1.17791,3.00,1.00
2016.07.15 10:26:46.641,1.17783,1.17789,1.00,1.00
2016.07.15 10:26:47.142,1.17781,1.1779,1.56,1.00
2016.07.15 10:26:47.648,1.17783,1.17792,1.56,1.76
2016.07.15 10:26:47.800,1.17785,1.17794,1.56,2.96
2016.07.15 10:26:48.950,1.17786,1.17794,2.06,1.62
2016.07.15 10:26:49.454,1.17785,1.17792,2.06,1.00
2016.07.15 10:26:49.555,1.17785,1.17791,2.06,1.37
2016.07.15 10:26:49.761,1.17784,1.17793,4.69,1.12
2016.07.15 10:26:49.914,1.17785,1.17788,1.00,1.00
2016.07.15 10:26:50.219,1.17775,1.17781,1.37,3.37
2016.07.15 10:26:50.320,1.1777,1.1778,2.37,3.75
2016.07.15 10:26:50.423,1.17771,1.1778,1.00,1.50
2016.07.15 10:26:50.524,1.17771,1.1778,1.12,3.00
2016.07.15 10:26:50.743,1.17771,1.1778,1.16,3.75
2016.07.15 10:26:52.562,1.17771,1.17781,2.37,1.20
2016.07.15 10:26:53.034,1.17772,1.17783,1.37,3.00
2016.07.15 10:26:53.562,1.17773,1.17783,1.12,1.50
2016.07.15 10:26:54.080,1.17773,1.17782,1.12,1.00
2016.07.15 10:26:54.401,1.17775,1.17783,1.00,1.00
2016.07.15 10:26:54.929,1.17775,1.17784,1.00,1.50
2016.07.15 10:26:55.436,1.17773,1.17783,3.75,1.00
2016.07.15 10:26:56.664,1.17775,1.17783,1.00,1.00
2016.07.15 10:26:56.967,1.17777,1.17785,1.00,1.07
2016.07.15 10:26:57.542,1.17778,1.17785,1.00,1.37
2016.07.15 10:26:57.594,1.17778,1.17785,1.00,1.50
2016.07.15 10:26:58.174,1.17778,1.17786,1.00,1.00
2016.07.15 10:26:58.879,1.17778,1.17785,1.00,1.00
2016.07.15 10:26:59.412,1.17778,1.17786,1.00,1.00
2016.07.15 10:26:59.932,1.17778,1.17788,1.00,4.31
2016.07.15 10:27:00.168,1.17777,1.17784,2.25,1.00
2016.07.15 10:27:00.472,1.17774,1.17782,1.00,4.50
2016.07.15 10:27:00.523,1.17774,1.17782,1.50,3.56
2016.07.15 10:27:00.674,1.17774,1.17782,1.50,2.14
2016.07.15 10:27:01.188,1.17773,1.17782,1.00,2.89
2016.07.15 10:27:01.694,1.17774,1.17782,1.00,1.39
2016.07.15 10:27:02.130,1.17772,1.17778,1.00,1.00
2016.07.15 10:27:02.435,1.17769,1.17778,1.16,2.32
2016.07.15 10:27:02.537,1.17769,1.17778,1.16,1.00
2016.07.15 10:27:03.085,1.17769,1.17779,1.16,1.12
2016.07.15 10:27:03.137,1.17769,1.17775,1.00,1.00
2016.07.15 10:27:03.290,1.17766,1.17775,1.95,3.00
2016.07.15 10:27:03.391,1.17765,1.17775,1.87,1.00
2016.07.15 10:27:03.594,1.17764,1.17773,1.95,1.00
2016.07.15 10:27:03.898,1.17762,1.1777,1.87,1.00
2016.07.15 10:27:04.211,1.17759,1.17767,1.50,1.50
2016.07.15 10:27:04.464,1.17755,1.17764,1.87,1.50
2016.07.15 10:27:05.090,1.17755,1.17762,1.12,1.00
2016.07.15 10:27:05.597,1.17755,1.17763,1.12,1.50
2016.07.15 10:27:06.572,1.17757,1.17764,1.12,1.87
2016.07.15 10:27:06.834,1.17758,1.17766,1.25,1.87
2016.07.15 10:27:06.885,1.17759,1.17766,1.87,1.12
2016.07.15 10:27:06.936,1.17759,1.17768,1.87,2.81
2016.07.15 10:27:07.088,1.17759,1.17765,1.00,1.00
2016.07.15 10:27:07.393,1.17757,1.17763,1.00,1.12
2016.07.15 10:27:07.496,1.17754,1.17763,1.87,1.12
2016.07.15 10:27:07.901,1.17756,1.17764,1.00,1.87
2016.07.15 10:27:08.286,1.17758,1.17765,1.12,2.62
2016.07.15 10:27:08.591,1.1776,1.17768,1.50,1.00
2016.07.15 10:27:08.744,1.17762,1.17769,1.00,1.39
2016.07.15 10:27:09.048,1.17765,1.17772,1.00,1.00
2016.07.15 10:27:09.548,1.17763,1.1777,1.00,1.00
2016.07.15 10:27:09.700,1.17761,1.1777,5.47,1.00
2016.07.15 10:27:09.852,1.17763,1.1777,1.00,1.00
2016.07.15 10:27:10.155,1.17761,1.17769,1.00,1.00
2016.07.15 10:27:10.307,1.17759,1.17767,1.82,1.00
2016.07.15 10:27:10.358,1.17758,1.17767,1.65,1.00
2016.07.15 10:27:10.562,1.17758,1.17761,1.00,1.00
2016.07.15 10:27:10.855,1.17752,1.1776,1.95,1.00
2016.07.15 10:27:10.957,1.1775,1.17759,3.07,1.00
2016.07.15 10:27:11.059,1.17752,1.17759,1.00,1.12
2016.07.15 10:27:11.603,1.17751,1.1776,1.00,2.40
2016.07.15 10:27:12.115,1.17752,1.17759,1.00,1.00
2016.07.15 10:27:12.166,1.1775,1.17759,1.50,1.00
2016.07.15 10:27:13.107,1.17751,1.17759,1.00,1.00
2016.07.15 10:27:13.613,1.17752,1.17759,1.50,2.02
2016.07.15 10:27:14.198,1.17752,1.17756,1.50,1.00
2016.07.15 10:27:14.249,1.17749,1.17756,1.10,1.50
2016.07.15 10:27:14.401,1.17747,1.17754,1.50,1.00
2016.07.15 10:27:14.705,1.1774,1.17745,2.25,1.00
2016.07.15 10:27:14.806,1.17736,1.17744,2.25,1.00
2016.07.15 10:27:14.908,1.17735,1.17744,1.12,1.25
2016.07.15 10:27:15.223,1.17733,1.17741,1.27,1.00
2016.07.15 10:27:15.527,1.17727,1.17733,1.00,1.00
2016.07.15 10:27:15.680,1.17726,1.17735,1.00,1.50
2016.07.15 10:27:15.731,1.17728,1.17735,1.00,1.00
2016.07.15 10:27:15.883,1.1773,1.17739,1.50,1.45
2016.07.15 10:27:15.985,1.17731,1.1774,1.00,1.69
2016.07.15 10:27:17.176,1.17733,1.17741,1.00,3.90
2016.07.15 10:27:17.667,1.1773,1.17739,3.75,1.00
2016.07.15 10:27:17.718,1.1773,1.17736,1.00,1.87
2016.07.15 10:27:17.820,1.17725,1.17733,1.69,1.50
2016.07.15 10:27:17.972,1.17724,1.17732,1.00,1.00
2016.07.15 10:27:18.023,1.17722,1.17732,2.32,1.00
2016.07.15 10:27:18.125,1.17722,1.1773,1.57,1.87
2016.07.15 10:27:18.429,1.17726,1.17727,1.00,1.00
2016.07.15 10:27:18.575,1.17727,1.17735,1.00,1.95
2016.07.15 10:27:19.081,1.17727,1.17735,1.00,1.00
2016.07.15 10:27:19.943,1.17727,1.17737,1.50,1.57
2016.07.15 10:27:20.845,1.17729,1.17737,1.00,2.32
2016.07.15 10:27:21.155,1.17735,1.17743,1.00,1.87
2016.07.15 10:27:21.257,1.17737,1.17744,1.00,1.20
2016.07.15 10:27:21.665,1.17736,1.17742,1.00,1.00
2016.07.15 10:27:22.019,1.17735,1.17744,1.00,1.00
2016.07.15 10:27:22.418,1.17735,1.17741,1.00,1.00
2016.07.15 10:27:22.468,1.17732,1.1774,1.20,1.12
2016.07.15 10:27:22.519,1.17732,1.17738,1.20,1.00
2016.07.15 10:27:23.085,1.17732,1.17737,1.00,1.00
2016.07.15 10:27:23.636,1.17731,1.17737,1.50,1.00
2016.07.15 10:27:23.977,1.17743,1.17749,1.00,2.62
2016.07.15 10:27:24.282,1.17733,1.17736,1.00,1.00
2016.07.15 10:27:24.384,1.17732,1.17739,1.50,2.62
2016.07.15 10:27:24.881,1.17733,1.1774,1.50,1.87
2016.07.15 10:27:25.189,1.17735,1.1774,1.00,1.00
2016.07.15 10:27:25.492,1.17737,1.17743,1.00,3.00
2016.07.15 10:27:25.695,1.17737,1.17745,1.50,2.62
2016.07.15 10:27:26.668,1.17738,1.17744,1.00,1.12
2016.07.15 10:27:28.505,1.17739,1.17745,1.00,1.37
2016.07.15 10:27:29.230,1.17741,1.17745,1.00,1.37
2016.07.15 10:27:29.281,1.17741,1.17746,1.00,1.00
2016.07.15 10:27:29.433,1.17742,1.17748,1.00,2.02
2016.07.15 10:27:29.484,1.1774,1.17748,1.50,1.37
2016.07.15 10:27:29.594,1.1774,1.17748,1.00,1.00
2016.07.15 10:27:29.649,1.1774,1.17746,1.00,1.00
2016.07.15 10:27:30.156,1.17739,1.17745,1.50,1.87
2016.07.15 10:27:30.692,1.1774,1.17745,1.00,1.00
2016.07.15 10:27:31.002,1.1774,1.17747,2.25,1.20
2016.07.15 10:27:36.023,1.1774,1.17748,2.25,1.57
2016.07.15 10:27:36.226,1.1774,1.17744,1.00,1.37
2016.07.15 10:27:36.327,1.17738,1.17744,1.50,1.37
2016.07.15 10:27:36.429,1.17736,1.17744,1.87,1.50
2016.07.15 10:27:37.327,1.17737,1.17744,1.00,1.57
2016.07.15 10:27:37.857,1.17738,1.17745,1.50,1.57
2016.07.15 10:27:38.690,1.17738,1.17746,1.00,3.75
2016.07.15 10:27:39.195,1.17738,1.17745,1.50,2.02
2016.07.15 10:27:41.840,1.17736,1.17744,1.50,1.12
2016.07.15 10:27:42.359,1.17736,1.17744,1.00,1.57
2016.07.15 10:27:44.086,1.17738,1.17745,1.00,5.77
2016.07.15 10:27:44.389,1.1774,1.17747,1.50,1.57
2016.07.15 10:27:44.440,1.1774,1.17747,2.25,1.20
2016.07.15 10:27:45.000,1.1774,1.17745,1.00,1.00
2016.07.15 10:27:45.153,1.17738,1.17744,1.00,1.00
2016.07.15 10:27:45.696,1.17737,1.17744,1.00,1.00
2016.07.15 10:27:46.066,1.17737,1.17746,1.50,1.95
2016.07.15 10:27:46.117,1.1774,1.17745,1.00,1.00
2016.07.15 10:27:46.320,1.1774,1.17748,1.50,1.65
2016.07.15 10:27:46.421,1.1774,1.17745,1.00,1.00
2016.07.15 10:27:47.021,1.1774,1.17746,1.00,1.50
2016.07.15 10:27:47.279,1.17741,1.17748,1.00,2.40
2016.07.15 10:27:51.836,1.1774,1.17746,2.25,1.56
2016.07.15 10:27:52.331,1.17739,1.17747,1.50,1.10
2016.07.15 10:27:52.691,1.17742,1.17748,1.00,1.95
2016.07.15 10:27:52.793,1.17742,1.1775,1.00,4.12
2016.07.15 10:27:52.895,1.17746,1.1775,1.00,1.87
2016.07.15 10:27:52.946,1.17744,1.1775,1.12,1.87
2016.07.15 10:27:53.101,1.17745,1.17752,1.00,1.50
2016.07.15 10:27:53.152,1.17743,1.1775,1.00,1.00
2016.07.15 10:27:56.303,1.17743,1.17751,1.25,1.20
2016.07.15 10:27:56.730,1.17745,1.17753,1.00,1.57
2016.07.15 10:27:56.883,1.17745,1.17755,2.25,5.62
2016.07.15 10:27:58.301,1.17745,1.17755,1.00,2.32
2016.07.15 10:27:58.756,1.17744,1.17753,1.50,1.00
2016.07.15 10:27:59.481,1.17744,1.17752,1.50,1.00
2016.07.15 10:27:59.684,1.17744,1.17754,1.50,3.52
2016.07.15 10:27:59.969,1.17746,1.17755,1.00,3.52
2016.07.15 10:28:00.515,1.17746,1.17754,1.50,1.00
2016.07.15 10:28:01.021,1.17749,1.17755,1.00,1.20
2016.07.15 10:28:01.274,1.1775,1.17759,1.00,1.50
2016.07.15 10:28:01.817,1.17751,1.1776,1.00,4.87
2016.07.15 10:28:02.322,1.17752,1.1776,1.00,1.87
2016.07.15 10:28:02.474,1.17753,1.1776,1.00,1.10
2016.07.15 10:28:06.153,1.17753,1.17762,1.00,1.82
2016.07.15 10:28:08.151,1.17754,1.17763,1.37,5.25
2016.07.15 10:28:08.303,1.17753,1.17763,1.25,3.82
2016.07.15 10:28:08.808,1.17753,1.17762,2.44,1.10
2016.07.15 10:28:09.011,1.17752,1.1776,1.50,1.50
2016.07.15 10:28:09.392,1.17748,1.17755,1.25,2.62
2016.07.15 10:28:09.696,1.17746,1.17753,1.31,1.50
2016.07.15 10:28:10.000,1.17745,1.1775,1.00,1.00
2016.07.15 10:28:10.101,1.17743,1.1775,1.76,1.00
2016.07.15 10:28:10.676,1.17743,1.17751,1.69,1.00
2016.07.15 10:28:10.812,1.17743,1.17753,1.69,1.27
2016.07.15 10:28:12.381,1.17744,1.17754,1.00,3.00
2016.07.15 10:28:12.895,1.17744,1.17754,1.31,1.20
2016.07.15 10:28:13.482,1.17745,1.17754,1.00,1.10
2016.07.15 10:28:14.598,1.17747,1.17755,1.00,3.07
2016.07.15 10:28:14.851,1.1775,1.17759,1.31,1.10
2016.07.15 10:28:15.205,1.17753,1.17762,1.00,3.82
2016.07.15 10:28:15.719,1.17754,1.17763,1.00,1.57
2016.07.15 10:28:16.239,1.17754,1.17764,1.50,2.70
2016.07.15 10:28:17.173,1.17754,1.17764,1.87,3.45
2016.07.15 10:28:17.484,1.17758,1.17767,2.06,1.12
2016.07.15 10:28:17.739,1.17759,1.17768,1.25,2.77
2016.07.15 10:28:19.684,1.17759,1.17767,1.25,1.00
2016.07.15 10:28:19.791,1.17759,1.17765,1.25,1.50
2016.07.15 10:28:20.095,1.17755,1.17762,1.00,1.00
2016.07.15 10:28:20.627,1.17753,1.17762,2.44,1.50
2016.07.15 10:28:23.588,1.17754,1.17764,2.44,2.70
2016.07.15 10:28:23.639,1.17759,1.17764,1.00,1.20
2016.07.15 10:28:23.841,1.1776,1.17769,5.81,1.00
2016.07.15 10:28:23.892,1.17763,1.1777,1.00,1.20
2016.07.15 10:28:24.095,1.17765,1.17773,1.00,1.57
2016.07.15 10:28:24.196,1.17765,1.17771,1.12,1.50
2016.07.15 10:28:24.500,1.17756,1.17765,1.50,1.50
2016.07.15 10:28:24.602,1.17756,1.17763,1.00,1.00
2016.07.15 10:28:25.119,1.17755,1.17762,2.44,1.00
2016.07.15 10:28:25.674,1.17754,1.17762,2.44,1.00
2016.07.15 10:28:26.078,1.17753,1.17762,2.06,1.00
2016.07.15 10:28:26.947,1.17754,1.17762,1.00,1.00
2016.07.15 10:28:27.200,1.17754,1.1776,1.00,1.00
2016.07.15 10:28:27.734,1.17755,1.17762,1.00,3.90
2016.07.15 10:28:29.362,1.17751,1.17759,2.44,1.00
2016.07.15 10:28:29.666,1.17748,1.17756,1.94,1.10
2016.07.15 10:28:30.193,1.17748,1.17756,2.44,1.20
2016.07.15 10:28:31.789,1.17748,1.17757,1.69,1.12
2016.07.15 10:28:32.142,1.17751,1.17759,1.50,1.20
2016.07.15 10:28:32.295,1.17751,1.1776,1.00,2.02
2016.07.15 10:28:32.605,1.1775,1.17757,1.50,1.00
2016.07.15 10:28:33.416,1.17746,1.17755,1.31,3.56
2016.07.15 10:28:33.837,1.17745,1.1775,3.94,1.00
2016.07.15 10:28:33.989,1.17745,1.1775,1.00,1.00
2016.07.15 10:28:34.242,1.17742,1.17752,3.56,4.01
2016.07.15 10:28:34.537,1.17742,1.1775,2.81,2.25
2016.07.15 10:28:34.844,1.17744,1.17748,1.25,1.00
2016.07.15 10:28:35.098,1.17739,1.17748,3.94,1.50
2016.07.15 10:28:35.149,1.17739,1.17746,3.19,1.00
2016.07.15 10:28:35.251,1.1774,1.17748,1.69,2.25
2016.07.15 10:28:35.302,1.17741,1.17746,1.00,1.00
2016.07.15 10:28:36.050,1.17741,1.17745,1.00,1.50
2016.07.15 10:28:36.201,1.17738,1.17745,1.25,1.50
2016.07.15 10:28:36.556,1.17738,1.1774,1.25,1.00
2016.07.15 10:28:36.708,1.17732,1.17739,1.57,1.50
2016.07.15 10:28:37.228,1.17732,1.17738,1.00,1.00
2016.07.15 10:28:37.759,1.17731,1.17737,1.69,1.00
2016.07.15 10:28:38.717,1.17731,1.17735,1.00,1.50
2016.07.15 10:28:38.919,1.17727,1.17733,1.00,1.00
2016.07.15 10:28:39.071,1.17728,1.17735,1.00,3.00
2016.07.15 10:28:39.586,1.17728,1.17736,1.00,1.50
2016.07.15 10:28:40.123,1.17728,1.17735,1.00,1.87
2016.07.15 10:28:40.275,1.17726,1.17729,1.39,1.31
2016.07.15 10:28:40.377,1.17723,1.17729,1.12,1.31
2016.07.15 10:28:40.529,1.17719,1.1773,1.50,6.34
2016.07.15 10:28:40.631,1.17719,1.17727,1.50,1.00
2016.07.15 10:28:41.236,1.17719,1.17728,2.25,1.00
2016.07.15 10:28:42.570,1.1772,1.17728,1.00,1.00
2016.07.15 10:28:44.967,1.1772,1.17728,1.00,1.87
2016.07.15 10:28:45.481,1.17719,1.17727,1.00,1.00
2016.07.15 10:28:46.004,1.17718,1.17727,2.02,1.00
2016.07.15 10:28:46.532,1.1772,1.17727,1.00,1.00
2016.07.15 10:28:46.633,1.1772,1.17729,1.25,2.62
2016.07.15 10:28:46.735,1.1772,1.17728,1.25,3.00
2016.07.15 10:28:47.161,1.17718,1.17727,2.40,1.00
2016.07.15 10:28:47.770,1.17718,1.17726,1.00,1.12
2016.07.15 10:28:48.387,1.17719,1.17726,1.00,1.00
2016.07.15 10:28:48.893,1.17719,1.17727,1.19,1.87
2016.07.15 10:28:49.073,1.17718,1.17726,1.50,1.00
2016.07.15 10:28:49.599,1.17719,1.17726,1.50,1.00
2016.07.15 10:28:49.650,1.17722,1.17729,2.62,1.95
2016.07.15 10:28:49.852,1.17723,1.17732,1.69,3.00
2016.07.15 10:28:49.954,1.17726,1.1773,1.00,1.00
2016.07.15 10:28:50.106,1.17728,1.17735,1.00,1.50
2016.07.15 10:28:50.157,1.17728,1.17735,1.00,1.00
2016.07.15 10:28:50.699,1.17729,1.17736,1.00,1.00
2016.07.15 10:28:51.207,1.17727,1.17736,1.50,2.25
2016.07.15 10:28:51.258,1.17727,1.17733,1.50,1.00
2016.07.15 10:28:51.511,1.17725,1.17733,3.07,1.00
2016.07.15 10:28:52.050,1.17725,1.17733,3.00,1.87
2016.07.15 10:28:53.432,1.17725,1.17731,2.25,1.00
2016.07.15 10:28:53.957,1.17724,1.17731,1.00,1.00
2016.07.15 10:28:54.510,1.17723,1.17731,2.62,1.00
2016.07.15 10:28:55.163,1.17723,1.17732,1.12,1.00
2016.07.15 10:28:55.214,1.17725,1.17732,1.00,1.00
2016.07.15 10:28:55.517,1.17725,1.17734,1.50,2.02
2016.07.15 10:28:55.880,1.17725,1.17734,1.50,2.77
2016.07.15 10:28:56.498,1.17726,1.17734,2.44,2.02
2016.07.15 10:28:56.801,1.1773,1.17735,1.00,1.37
2016.07.15 10:28:57.343,1.1773,1.17735,1.00,1.87
2016.07.15 10:28:57.632,1.17731,1.17737,1.50,1.10
2016.07.15 10:28:57.786,1.1773,1.17735,1.69,1.00
2016.07.15 10:28:58.321,1.17729,1.17736,1.00,1.12
2016.07.15 10:28:58.849,1.1773,1.17736,1.00,1.12
2016.07.15 10:28:59.159,1.1773,1.17732,1.00,1.00
2016.07.15 10:28:59.210,1.17727,1.17729,3.00,1.00
2016.07.15 10:28:59.261,1.17727,1.1773,2.25,1.00
2016.07.15 10:28:59.313,1.17724,1.17726,2.25,1.50
2016.07.15 10:28:59.415,1.17724,1.17725,1.00,2.25
2016.07.15 10:28:59.467,1.17721,1.17723,1.69,1.00
2016.07.15 10:28:59.518,1.1772,1.17721,1.12,1.00
2016.07.15 10:29:00.024,1.1772,1.17722,1.00,1.00
2016.07.15 10:29:00.822,1.1772,1.17723,1.69,1.00
2016.07.15 10:29:00.924,1.17717,1.17721,2.81,1.00
2016.07.15 10:29:00.975,1.17719,1.17721,1.00,1.00
2016.07.15 10:29:01.512,1.1772,1.17721,1.00,1.00
2016.07.15 10:29:01.613,1.1772,1.17724,1.00,1.50
2016.07.15 10:29:01.714,1.17722,1.17724,1.00,1.50
2016.07.15 10:29:02.018,1.1772,1.17724,1.50,1.00
2016.07.15 10:29:02.375,1.1772,1.17722,2.62,1.00
2016.07.15 10:29:03.779,1.1772,1.17722,3.00,1.00
2016.07.15 10:29:04.083,1.17723,1.17724,1.00,1.50
2016.07.15 10:29:04.337,1.17724,1.17727,1.50,1.50
2016.07.15 10:29:04.439,1.17726,1.17727,1.00,1.00
2016.07.15 10:29:04.941,1.1773,1.17731,1.00,1.00
2016.07.15 10:29:05.246,1.1773,1.17732,1.00,1.00
2016.07.15 10:29:05.348,1.17732,1.17734,1.00,1.00
2016.07.15 10:29:05.550,1.17731,1.17733,2.06,1.50
2016.07.15 10:29:05.786,1.17729,1.1773,1.00,1.50
2016.07.15 10:29:05.938,1.17729,1.17731,1.00,1.50
2016.07.15 10:29:06.141,1.1773,1.17732,1.00,1.00
2016.07.15 10:29:06.344,1.17731,1.17733,1.62,1.00
2016.07.15 10:29:06.550,1.17732,1.17735,1.25,1.00
2016.07.15 10:29:06.653,1.17735,1.17736,1.00,1.50
2016.07.15 10:29:07.053,1.17736,1.17738,1.50,1.50
2016.07.15 10:29:07.567,1.17735,1.17737,1.69,1.00
2016.07.15 10:29:07.618,1.17735,1.17737,1.69,1.50
2016.07.15 10:29:07.821,1.17736,1.1774,1.00,1.25
2016.07.15 10:29:07.923,1.17738,1.1774,1.00,1.00
2016.07.15 10:29:08.469,1.17737,1.1774,2.25,2.25
2016.07.15 10:29:08.622,1.17735,1.17737,3.45,1.00
2016.07.15 10:29:08.723,1.17735,1.17738,4.50,1.50
2016.07.15 10:29:09.258,1.17736,1.17737,1.00,1.00
2016.07.15 10:29:09.717,1.17732,1.17738,6.30,1.50
2016.07.15 10:29:09.819,1.17732,1.17735,3.82,1.00
2016.07.15 10:29:09.870,1.17734,1.17735,1.00,1.25
2016.07.15 10:29:09.921,1.17733,1.17734,1.12,1.69
2016.07.15 10:29:09.972,1.1773,1.17731,1.25,1.50
2016.07.15 10:29:10.023,1.17725,1.1773,1.75,1.50
2016.07.15 10:29:10.125,1.17724,1.17727,2.40,1.00
2016.07.15 10:29:10.278,1.17722,1.17725,1.37,1.00
2016.07.15 10:29:10.397,1.17721,1.17725,2.44,1.00
2016.07.15 10:29:10.703,1.1772,1.17724,1.50,1.00
2016.07.15 10:29:11.355,1.1772,1.17722,1.50,1.00
2016.07.15 10:29:12.544,1.17719,1.17725,1.19,1.50
2016.07.15 10:29:12.595,1.17719,1.17723,1.00,1.00
2016.07.15 10:29:15.419,1.17719,1.17723,1.19,1.00
2016.07.15 10:29:15.724,1.17717,1.17719,1.31,1.00
2016.07.15 10:29:15.775,1.17718,1.17722,1.00,1.50
2016.07.15 10:29:15.998,1.17718,1.1772,1.00,1.00
2016.07.15 10:29:16.380,1.17717,1.17719,1.31,1.00
2016.07.15 10:29:16.482,1.17718,1.1772,1.00,2.25
2016.07.15 10:29:16.533,1.17718,1.17721,1.69,1.50
2016.07.15 10:29:16.584,1.17721,1.17723,1.00,1.50
2016.07.15 10:29:16.787,1.17721,1.17725,1.87,1.00
2016.07.15 10:29:17.140,1.17721,1.17723,3.19,1.00
2016.07.15 10:29:17.653,1.1772,1.17722,2.44,1.50
2016.07.15 10:29:18.158,1.17719,1.17721,3.94,1.50
2016.07.15 10:29:19.290,1.17719,1.17721,2.25,1.50
2016.07.15 10:29:19.826,1.17719,1.17721,1.50,1.00
2016.07.15 10:29:20.363,1.17719,1.17722,1.50,1.50
2016.07.15 10:29:20.667,1.17719,1.1772,1.50,1.00
2016.07.15 10:29:21.284,1.17719,1.17721,1.00,1.50
2016.07.15 10:29:21.674,1.17718,1.17719,1.00,1.00
2016.07.15 10:29:22.345,1.17719,1.1772,3.00,1.00
2016.07.15 10:29:22.498,1.17719,1.17722,3.19,1.50
2016.07.15 10:29:23.047,1.17719,1.17722,3.19,1.00
2016.07.15 10:29:23.098,1.17722,1.17723,1.00,1.00
2016.07.15 10:29:23.304,1.17726,1.17729,1.50,1.50
2016.07.15 10:29:23.507,1.17729,1.17731,1.00,1.50
2016.07.15 10:29:23.610,1.17729,1.17733,2.62,1.00
2016.07.15 10:29:23.661,1.17732,1.17733,1.00,1.00
2016.07.15 10:29:23.814,1.17731,1.17735,1.50,2.25
2016.07.15 10:29:24.360,1.17732,1.17735,1.00,2.25
2016.07.15 10:29:25.377,1.17731,1.17732,1.50,1.50
2016.07.15 10:29:26.447,1.17729,1.17731,2.25,1.00
2016.07.15 10:29:26.650,1.17728,1.1773,1.00,2.25
2016.07.15 10:29:26.752,1.17727,1.17729,1.00,1.00
2016.07.15 10:29:27.285,1.17726,1.17729,1.00,1.50
2016.07.15 10:29:27.969,1.17726,1.17728,1.00,1.00
2016.07.15 10:29:29.073,1.17726,1.17727,1.00,1.00
2016.07.15 10:29:29.580,1.17726,1.17728,1.00,1.50
2016.07.15 10:29:30.677,1.17726,1.17729,1.50,1.00
2016.07.15 10:29:30.995,1.17726,1.17731,1.50,2.25
2016.07.15 10:29:31.537,1.17727,1.1773,1.25,1.00
2016.07.15 10:29:32.130,1.17727,1.17731,1.25,2.25
2016.07.15 10:29:32.661,1.17727,1.1773,1.25,1.00
2016.07.15 10:29:33.301,1.17727,1.17731,1.25,2.25
2016.07.15 10:29:34.236,1.17727,1.1773,1.25,1.00
2016.07.15 10:29:34.744,1.17727,1.17731,1.25,2.25
2016.07.15 10:29:35.353,1.17727,1.1773,1.25,1.00
2016.07.15 10:29:35.884,1.17727,1.17731,1.25,2.25
2016.07.15 10:29:35.985,1.17727,1.17729,1.25,1.00
2016.07.15 10:29:37.695,1.17727,1.1773,1.25,2.25
2016.07.15 10:29:37.948,1.17732,1.17736,1.00,2.25
2016.07.15 10:29:38.252,1.17732,1.17734,1.69,1.00
2016.07.15 10:29:38.833,1.17731,1.17734,2.44,1.50
2016.07.15 10:29:38.985,1.1773,1.17731,1.50,1.50
2016.07.15 10:29:40.221,1.17729,1.17731,3.19,1.00
2016.07.15 10:29:40.425,1.17728,1.17731,1.00,1.50
2016.07.15 10:29:40.577,1.17727,1.17728,1.00,2.25
2016.07.15 10:29:40.831,1.17725,1.17726,1.00,1.00
2016.07.15 10:29:41.399,1.17725,1.17726,1.00,1.00
2016.07.15 10:29:41.854,1.17725,1.17726,1.00,2.25
2016.07.15 10:29:42.057,1.17719,1.17721,1.00,1.50
2016.07.15 10:29:42.159,1.17718,1.1772,1.50,1.00
2016.07.15 10:29:42.661,1.17719,1.17722,1.00,1.50
2016.07.15 10:29:44.359,1.1772,1.17723,1.50,1.00
2016.07.15 10:29:44.461,1.1772,1.17725,3.00,2.25
2016.07.15 10:29:45.270,1.17724,1.17728,1.00,1.00
2016.07.15 10:29:45.611,1.17727,1.1773,2.25,1.00
2016.07.15 10:29:46.117,1.17727,1.17731,1.69,1.50
2016.07.15 10:29:47.390,1.17727,1.17732,1.69,1.00
2016.07.15 10:29:49.757,1.17726,1.1773,3.94,1.50
2016.07.15 10:29:50.482,1.17726,1.17731,2.44,1.50
2016.07.15 10:29:51.546,1.17726,1.17731,2.06,1.50
2016.07.15 10:29:53.483,1.17726,1.17729,3.19,1.00
2016.07.15 10:29:53.788,1.17725,1.17727,1.00,1.00
2016.07.15 10:29:54.706,1.17725,1.17728,1.00,1.50
2016.07.15 10:29:55.244,1.17724,1.17728,1.69,1.50
2016.07.15 10:29:56.098,1.17724,1.1773,2.44,1.00
2016.07.15 10:29:56.699,1.17725,1.1773,1.00,2.25
2016.07.15 10:29:57.004,1.17726,1.1773,1.87,1.00
2016.07.15 10:29:57.208,1.17727,1.17732,1.00,1.50
2016.07.15 10:29:57.530,1.17729,1.17732,1.00,1.00
2016.07.15 10:29:57.581,1.17731,1.17735,2.25,1.50
2016.07.15 10:29:57.783,1.17731,1.17737,3.94,1.50
2016.07.15 10:29:58.138,1.17733,1.17738,1.62,1.50
2016.07.15 10:29:58.691,1.17734,1.17737,1.00,1.50
2016.07.15 10:29:58.995,1.17731,1.17735,1.69,1.00
2016.07.15 10:29:59.400,1.17732,1.17737,1.69,1.50
2016.07.15 10:29:59.984,1.17733,1.17737,1.31,1.00
2016.07.15 10:30:00.490,1.17734,1.17738,1.69,1.00
2016.07.15 10:30:00.642,1.17735,1.17739,1.87,1.00
2016.07.15 10:30:01.188,1.17736,1.1774,2.25,1.50
2016.07.15 10:30:01.700,1.17735,1.1774,1.00,1.50
2016.07.15 10:30:03.364,1.17735,1.17739,2.44,1.50
2016.07.15 10:30:03.693,1.17735,1.17739,2.81,1.00
2016.07.15 10:30:03.795,1.17739,1.17741,1.31,1.00
2016.07.15 10:30:03.846,1.17739,1.17745,1.31,1.37
2016.07.15 10:30:03.897,1.17739,1.17746,1.31,1.87
2016.07.15 10:30:04.151,1.1774,1.17747,1.56,1.00
2016.07.15 10:30:04.354,1.17741,1.17749,1.31,1.50
2016.07.15 10:30:05.268,1.17743,1.1775,1.00,1.50
2016.07.15 10:30:05.775,1.17743,1.17748,1.00,1.00
2016.07.15 10:30:06.028,1.17738,1.17744,1.12,1.00
2016.07.15 10:30:06.463,1.1774,1.17745,1.00,1.00
2016.07.15 10:30:06.565,1.1774,1.17747,1.31,1.65
2016.07.15 10:30:07.099,1.1774,1.17748,1.31,1.65
2016.07.15 10:30:07.794,1.17742,1.17748,1.00,1.57
2016.07.15 10:30:08.300,1.17742,1.17749,1.00,2.25
2016.07.15 10:30:09.266,1.17742,1.1775,1.12,1.00
2016.07.15 10:30:09.891,1.17742,1.1775,2.25,1.50
2016.07.15 10:30:10.440,1.17742,1.1775,1.12,3.00
2016.07.15 10:30:10.770,1.17742,1.17748,1.00,1.00
2016.07.15 10:30:11.768,1.17741,1.17748,1.50,1.00
2016.07.15 10:30:12.728,1.17741,1.17743,1.00,1.00
2016.07.15 10:30:12.834,1.17736,1.1774,1.27,1.00
2016.07.15 10:30:13.339,1.17735,1.17739,1.12,1.00
2016.07.15 10:30:13.638,1.17735,1.17741,1.12,1.00
2016.07.15 10:30:14.155,1.17735,1.1774,1.12,1.50
2016.07.15 10:30:14.307,1.17735,1.17738,1.12,1.00
2016.07.15 10:30:14.459,1.17732,1.17738,1.25,1.00
2016.07.15 10:30:14.763,1.17733,1.17741,1.87,2.25
2016.07.15 10:30:14.915,1.17735,1.1774,1.00,1.00
2016.07.15 10:30:15.219,1.17735,1.17736,1.00,1.00
2016.07.15 10:30:15.371,1.17727,1.17728,1.50,1.50
2016.07.15 10:30:15.422,1.17725,1.17727,3.00,1.00
2016.07.15 10:30:15.729,1.17716,1.17717,1.87,1.00
2016.07.15 10:30:15.781,1.17714,1.17717,3.75,1.50
2016.07.15 10:30:15.933,1.17713,1.17714,1.00,1.50
2016.07.15 10:30:16.035,1.17711,1.17714,1.00,1.00
2016.07.15 10:30:16.187,1.17711,1.17717,1.00,1.00
2016.07.15 10:30:16.289,1.17716,1.1772,1.00,1.50
2016.07.15 10:30:16.391,1.17716,1.17724,2.25,2.25
2016.07.15 10:30:16.443,1.1772,1.17724,1.00,1.50
2016.07.15 10:30:16.546,1.1772,1.17727,2.25,1.00
2016.07.15 10:30:16.735,1.17722,1.17728,1.00,1.00
2016.07.15 10:30:16.787,1.17722,1.1773,1.50,1.57
2016.07.15 10:30:16.893,1.17724,1.1773,2.25,1.00
2016.07.15 10:30:17.047,1.17728,1.17735,1.87,2.62
2016.07.15 10:30:17.098,1.1773,1.17734,1.00,1.00
2016.07.15 10:30:17.301,1.1773,1.17737,1.50,1.00
2016.07.15 10:30:17.607,1.17731,1.17738,2.81,1.00
2016.07.15 10:30:17.948,1.17734,1.17738,1.00,1.00
2016.07.15 10:30:17.999,1.17732,1.17739,2.44,1.50
2016.07.15 10:30:18.050,1.17734,1.17738,1.00,1.00
2016.07.15 10:30:18.151,1.17732,1.17737,1.50,1.00
2016.07.15 10:30:18.658,1.17732,1.17738,1.50,1.50
2016.07.15 10:30:19.097,1.17731,1.17736,1.00,1.00
2016.07.15 10:30:19.604,1.17731,1.17735,1.00,1.50
2016.07.15 10:30:20.242,1.17731,1.17736,1.00,1.00
2016.07.15 10:30:20.503,1.1773,1.17738,3.19,1.00
2016.07.15 10:30:20.705,1.17732,1.17739,1.00,1.00
2016.07.15 10:30:21.212,1.17732,1.1774,2.44,1.50
2016.07.15 10:30:21.555,1.17735,1.17741,1.00,1.00
2016.07.15 10:30:22.010,1.17737,1.17744,1.00,2.25
2016.07.15 10:30:22.442,1.17737,1.17745,1.00,2.62
2016.07.15 10:30:23.026,1.17738,1.17744,1.00,1.00
2016.07.15 10:30:23.532,1.17738,1.17745,1.00,3.00
2016.07.15 10:30:24.061,1.17738,1.17744,1.00,1.87
2016.07.15 10:30:24.613,1.17737,1.17744,1.00,1.87
2016.07.15 10:30:25.727,1.17737,1.17743,1.00,1.00
2016.07.15 10:30:25.778,1.17737,1.1774,1.00,1.00
2016.07.15 10:30:25.935,1.17735,1.1774,1.69,1.50
2016.07.15 10:30:26.189,1.17734,1.17738,1.00,1.00
2016.07.15 10:30:26.644,1.17734,1.1774,1.00,2.25
2016.07.15 10:30:26.917,1.17734,1.17738,1.00,1.00
2016.07.15 10:30:27.436,1.17735,1.17738,1.00,1.00
2016.07.15 10:30:27.987,1.17735,1.17737,1.00,1.00
2016.07.15 10:30:28.089,1.17732,1.17735,1.50,1.00
2016.07.15 10:30:28.491,1.17732,1.17738,1.00,2.25
2016.07.15 10:30:28.542,1.17735,1.17738,1.00,1.50
2016.07.15 10:30:28.644,1.17733,1.17738,1.00,1.00
2016.07.15 10:30:29.174,1.17732,1.17739,1.87,1.50
2016.07.15 10:30:30.529,1.1773,1.17736,4.31,1.00
2016.07.15 10:30:30.630,1.17729,1.17736,1.87,1.87
2016.07.15 10:30:30.782,1.17729,1.17734,1.00,1.00
2016.07.15 10:30:31.007,1.17727,1.17736,1.50,3.07
2016.07.15 10:30:31.109,1.17729,1.17735,1.00,1.57
2016.07.15 10:30:31.211,1.17727,1.17734,1.00,1.57
2016.07.15 10:30:31.262,1.17727,1.17731,1.00,1.00
2016.07.15 10:30:31.568,1.17727,1.17734,1.00,1.20
2016.07.15 10:30:31.720,1.17729,1.17735,1.00,1.20
2016.07.15 10:30:32.265,1.1773,1.17736,1.50,1.00
2016.07.15 10:30:32.939,1.17732,1.17738,1.00,1.95
2016.07.15 10:30:33.446,1.17732,1.17738,1.19,1.00
2016.07.15 10:30:35.515,1.17733,1.17739,1.69,1.50
2016.07.15 10:30:35.906,1.17735,1.17741,2.25,1.37
2016.07.15 10:30:36.210,1.1774,1.17745,1.00,1.50
2016.07.15 10:30:36.666,1.17742,1.17747,1.00,1.27
2016.07.15 10:30:37.054,1.17743,1.17749,1.00,1.20
2016.07.15 10:30:37.105,1.17745,1.17749,1.00,1.20
2016.07.15 10:30:37.614,1.17746,1.1775,1.00,1.00
2016.07.15 10:30:37.970,1.17745,1.17752,5.25,1.00
2016.07.15 10:30:38.628,1.17747,1.17752,1.00,1.00
2016.07.15 10:30:39.154,1.17748,1.17751,1.50,1.00
2016.07.15 10:30:39.667,1.17748,1.17752,1.50,1.12
2016.07.15 10:30:40.354,1.17748,1.17751,1.50,1.00
2016.07.15 10:30:40.888,1.17748,1.17752,1.00,1.50
2016.07.15 10:30:41.423,1.17748,1.17753,2.25,1.50
2016.07.15 10:30:41.942,1.1775,1.17753,1.00,1.50
2016.07.15 10:30:41.993,1.17748,1.17753,2.25,1.00
2016.07.15 10:30:42.044,1.1775,1.17753,1.50,1.00
2016.07.15 10:30:42.239,1.17748,1.17752,2.44,1.50
2016.07.15 10:30:44.878,1.17747,1.1775,1.00,1.00
2016.07.15 10:30:45.184,1.17742,1.17746,1.69,1.00
2016.07.15 10:30:45.236,1.17741,1.17746,1.25,1.00
2016.07.15 10:30:45.288,1.17744,1.1775,1.00,1.87
2016.07.15 10:30:45.542,1.17751,1.17758,1.00,1.56
2016.07.15 10:30:46.291,1.17751,1.17756,1.00,1.00
2016.07.15 10:30:46.343,1.17747,1.17756,3.56,3.00
2016.07.15 10:30:46.701,1.17747,1.17754,3.19,1.00
2016.07.15 10:30:47.064,1.17751,1.17754,1.00,1.00
2016.07.15 10:30:47.165,1.17751,1.17757,1.00,1.10
2016.07.15 10:30:47.992,1.17751,1.17755,1.00,1.00
2016.07.15 10:30:48.931,1.17751,1.17757,2.25,1.00
2016.07.15 10:30:51.073,1.17752,1.17757,1.00,1.00
2016.07.15 10:30:51.326,1.17754,1.17757,1.00,1.00
2016.07.15 10:30:51.478,1.17756,1.17761,1.00,2.25
2016.07.15 10:30:52.016,1.17756,1.17762,1.00,1.37
2016.07.15 10:30:52.067,1.17758,1.17764,1.00,2.62
2016.07.15 10:30:52.576,1.17759,1.17763,1.00,1.00
2016.07.15 10:30:53.116,1.17758,1.17764,1.50,1.00
2016.07.15 10:30:53.428,1.1776,1.17765,1.50,1.00
2016.07.15 10:30:53.934,1.17761,1.17765,1.00,1.00
2016.07.15 10:30:54.409,1.17763,1.17765,1.00,1.00
2016.07.15 10:30:54.460,1.17764,1.17767,1.00,1.00
2016.07.15 10:30:54.664,1.17766,1.17769,1.00,1.00
2016.07.15 10:30:54.766,1.17763,1.17768,1.00,1.00
2016.07.15 10:30:55.712,1.17762,1.17768,1.69,1.00
2016.07.15 10:30:56.218,1.17761,1.17767,1.19,1.00
2016.07.15 10:30:56.880,1.17762,1.17768,1.69,1.50
2016.07.15 10:30:57.185,1.17763,1.17769,1.19,1.50
2016.07.15 10:30:57.713,1.17762,1.17768,1.69,1.00
2016.07.15 10:30:59.593,1.17763,1.17769,1.19,1.12
2016.07.15 10:31:00.295,1.17764,1.17769,1.69,1.50
2016.07.15 10:31:00.801,1.17762,1.17768,1.19,1.57
2016.07.15 10:31:01.326,1.17764,1.1777,1.25,1.95
2016.07.15 10:31:02.006,1.17764,1.17768,1.25,1.00
2016.07.15 10:31:02.549,1.17763,1.17767,1.69,1.00
2016.07.15 10:31:03.078,1.17765,1.17767,1.00,1.00
2016.07.15 10:31:03.129,1.17764,1.17769,1.00,1.12
2016.07.15 10:31:03.180,1.17764,1.17767,1.50,1.00
2016.07.15 10:31:03.555,1.17767,1.17768,1.00,1.00
2016.07.15 10:31:03.607,1.17767,1.17769,1.50,1.00
2016.07.15 10:31:04.205,1.17769,1.17771,1.00,1.12
2016.07.15 10:31:04.307,1.17771,1.17774,1.00,1.95
2016.07.15 10:31:04.408,1.17772,1.17775,1.00,1.12
2016.07.15 10:31:04.510,1.17774,1.17777,1.00,1.10
2016.07.15 10:31:05.024,1.17773,1.17777,1.00,1.00
2016.07.15 10:31:05.708,1.17772,1.17777,1.50,1.00
2016.07.15 10:31:06.264,1.17773,1.17777,1.00,1.00
2016.07.15 10:31:07.667,1.17772,1.17777,1.00,1.00
2016.07.15 10:31:07.807,1.17772,1.17779,1.00,1.20
2016.07.15 10:31:08.336,1.17773,1.17779,1.00,1.00
2016.07.15 10:31:08.701,1.17775,1.17779,1.00,1.00
2016.07.15 10:31:08.803,1.17775,1.17781,1.50,1.57
2016.07.15 10:31:09.944,1.17776,1.17781,1.25,1.00
2016.07.15 10:31:11.430,1.17777,1.17783,1.00,1.50
2016.07.15 10:31:11.633,1.17779,1.17784,1.00,1.87
2016.07.15 10:31:12.079,1.17778,1.17785,1.00,1.00
2016.07.15 10:31:12.582,1.17776,1.17784,1.19,1.50
2016.07.15 10:31:12.734,1.17775,1.17781,3.56,1.00
2016.07.15 10:31:13.042,1.17775,1.17783,3.94,1.12
2016.07.15 10:31:13.195,1.17777,1.17785,1.69,1.95
2016.07.15 10:31:13.371,1.17779,1.17788,1.00,4.20
2016.07.15 10:31:13.885,1.1778,1.17788,1.00,1.65
2016.07.15 10:31:16.079,1.1778,1.17787,1.00,1.00
2016.07.15 10:31:16.383,1.17783,1.17788,1.00,1.00
2016.07.15 10:31:16.890,1.17783,1.17789,1.00,1.50
2016.07.15 10:31:17.272,1.17783,1.17787,1.00,1.00
2016.07.15 10:31:17.475,1.17779,1.17784,1.25,1.00
2016.07.15 10:31:18.025,1.17779,1.17784,1.19,1.00
2016.07.15 10:31:18.535,1.17778,1.17785,1.19,1.00
2016.07.15 10:31:19.050,1.1778,1.17786,1.25,1.50
2016.07.15 10:31:19.805,1.1778,1.17785,1.69,1.00
2016.07.15 10:31:20.351,1.1778,1.17786,1.00,3.00
2016.07.15 10:31:20.863,1.1778,1.17787,1.50,1.65
2016.07.15 10:31:22.459,1.1778,1.17786,1.00,1.00
2016.07.15 10:31:22.990,1.17779,1.17786,2.44,1.00
2016.07.15 10:31:23.709,1.17779,1.17786,3.94,1.00
2016.07.15 10:31:23.962,1.1778,1.17782,1.25,1.00
2016.07.15 10:31:24.266,1.17771,1.17777,1.94,1.00
2016.07.15 10:31:24.812,1.17771,1.17776,1.19,1.00
2016.07.15 10:31:25.322,1.17771,1.17777,1.19,1.87
2016.07.15 10:31:26.223,1.17771,1.17776,1.69,1.00
2016.07.15 10:31:27.367,1.17771,1.17778,1.31,1.87
2016.07.15 10:31:27.468,1.17771,1.17776,1.31,1.00
2016.07.15 10:31:28.529,1.17771,1.17777,1.31,1.00
2016.07.15 10:31:28.835,1.17764,1.17768,1.50,1.50
2016.07.15 10:31:29.037,1.17767,1.17768,1.00,1.00
2016.07.15 10:31:29.139,1.17769,1.17775,1.19,1.85
2016.07.15 10:31:29.241,1.17769,1.17771,1.87,1.00
2016.07.15 10:31:29.393,1.17765,1.1777,1.00,1.00
2016.07.15 10:31:29.445,1.17765,1.17772,1.00,1.57
2016.07.15 10:31:30.051,1.17765,1.17772,1.62,1.10
2016.07.15 10:31:30.584,1.17766,1.17773,1.00,1.10
2016.07.15 10:31:30.968,1.17766,1.17771,1.00,1.00
2016.07.15 10:31:31.463,1.17771,1.17775,1.00,2.62
2016.07.15 10:31:31.565,1.17771,1.17778,2.06,1.12
2016.07.15 10:31:31.717,1.17773,1.17779,1.00,1.20
2016.07.15 10:31:32.231,1.17774,1.17781,1.00,3.00
2016.07.15 10:31:32.742,1.17774,1.17781,1.00,2.40
2016.07.15 10:31:35.252,1.17774,1.17775,1.00,1.50
2016.07.15 10:31:35.404,1.1777,1.17773,1.31,1.00
2016.07.15 10:31:35.506,1.17767,1.17773,1.69,2.25
2016.07.15 10:31:36.011,1.17766,1.17772,2.44,1.00
2016.07.15 10:31:36.163,1.17766,1.1777,2.44,1.00
2016.07.15 10:31:37.695,1.17766,1.1777,1.25,1.00
2016.07.15 10:31:38.220,1.17766,1.17771,1.25,1.00
2016.07.15 10:31:39.054,1.17766,1.1777,1.25,1.00
2016.07.15 10:31:41.766,1.17766,1.17771,1.00,1.00
2016.07.15 10:31:42.295,1.17766,1.1777,1.00,1.00
2016.07.15 10:31:43.567,1.17766,1.17768,1.00,1.00
2016.07.15 10:31:43.669,1.17763,1.17767,1.10,2.25
2016.07.15 10:31:43.721,1.17761,1.17766,1.00,1.00
2016.07.15 10:31:43.975,1.1776,1.17768,1.12,3.82
2016.07.15 10:31:44.674,1.1776,1.17767,3.19,1.00
2016.07.15 10:31:44.777,1.17762,1.1777,1.50,6.07
2016.07.15 10:31:45.081,1.17763,1.1777,1.50,1.00
2016.07.15 10:31:45.466,1.17764,1.17772,2.25,1.65
2016.07.15 10:31:45.971,1.17767,1.17772,1.00,1.00
2016.07.15 10:31:46.481,1.17766,1.17772,1.00,1.00
2016.07.15 10:31:46.788,1.17766,1.1777,1.00,1.00
2016.07.15 10:31:48.233,1.17765,1.1777,2.44,1.50
2016.07.15 10:31:48.798,1.17766,1.1777,1.00,1.00
2016.07.15 10:31:49.451,1.17765,1.1777,1.69,1.00
2016.07.15 10:31:50.066,1.17762,1.17764,3.94,1.37
2016.07.15 10:31:50.168,1.17758,1.17759,2.44,1.00
2016.07.15 10:31:50.219,1.17753,1.17759,1.39,1.50
2016.07.15 10:31:50.372,1.17752,1.17759,1.50,4.12
2016.07.15 10:31:50.473,1.1775,1.17758,2.44,2.70
2016.07.15 10:31:50.524,1.1775,1.17757,1.31,1.87
2016.07.15 10:31:50.777,1.1775,1.17757,2.44,1.20
2016.07.15 10:31:51.032,1.17747,1.17755,2.25,1.00
2016.07.15 10:31:51.135,1.17747,1.17756,1.50,1.50
2016.07.15 10:31:51.421,1.17747,1.17753,2.25,1.00
2016.07.15 10:31:51.624,1.17745,1.17752,3.94,1.00
2016.07.15 10:31:52.140,1.17745,1.17753,3.94,1.27
2016.07.15 10:31:52.787,1.17746,1.17754,1.12,1.87
2016.07.15 10:31:55.151,1.17745,1.17753,3.56,1.00
2016.07.15 10:31:55.202,1.17744,1.17751,1.69,1.00
2016.07.15 10:31:55.405,1.17743,1.17751,1.25,1.00
2016.07.15 10:31:55.556,1.17741,1.17749,3.19,1.00
2016.07.15 10:31:55.708,1.17739,1.17748,2.51,1.00
2016.07.15 10:31:55.883,1.17741,1.17751,2.06,2.40
2016.07.15 10:31:55.935,1.17743,1.17751,1.00,1.20
2016.07.15 10:31:56.944,1.17743,1.17752,1.00,1.50
2016.07.15 10:31:57.867,1.17743,1.17751,1.00,1.00
2016.07.15 10:31:58.190,1.17741,1.17749,2.21,1.00
2016.07.15 10:31:58.525,1.1774,1.17746,1.00,1.00
2016.07.15 10:31:58.829,1.17742,1.17747,1.00,1.00
2016.07.15 10:31:58.880,1.17741,1.17749,1.00,2.70
2016.07.15 10:31:59.596,1.1774,1.17747,2.06,1.00
2016.07.15 10:31:59.932,1.17738,1.17744,1.00,1.31
2016.07.15 10:32:00.236,1.17741,1.17746,1.00,1.00
2016.07.15 10:32:00.388,1.17741,1.17748,1.00,1.00
2016.07.15 10:32:00.799,1.17742,1.17746,1.50,1.00
2016.07.15 10:32:00.985,1.1774,1.17745,1.00,1.50
2016.07.15 10:32:01.036,1.17738,1.17745,1.69,1.00
2016.07.15 10:32:01.240,1.17737,1.17743,1.19,1.00
2016.07.15 10:32:01.342,1.17735,1.17743,3.00,1.00
2016.07.15 10:32:01.858,1.17737,1.17745,1.00,5.25
2016.07.15 10:32:01.960,1.17738,1.17746,1.00,1.95
2016.07.15 10:32:02.195,1.17738,1.17745,1.00,1.69
2016.07.15 10:32:02.700,1.17737,1.17744,1.00,1.31
2016.07.15 10:32:03.040,1.17735,1.17742,1.00,1.00
2016.07.15 10:32:03.370,1.17731,1.17736,1.31,1.37
2016.07.15 10:32:03.421,1.17729,1.17735,1.00,1.00
2016.07.15 10:32:03.523,1.17729,1.17738,1.00,1.50
2016.07.15 10:32:03.625,1.17731,1.17738,1.00,1.00
2016.07.15 10:32:03.828,1.17732,1.1774,1.50,1.00
2016.07.15 10:32:04.081,1.17734,1.1774,1.00,1.00
2016.07.15 10:32:04.587,1.17734,1.17742,1.00,3.19
2016.07.15 10:32:05.223,1.17737,1.17743,1.00,2.44
2016.07.15 10:32:05.324,1.17738,1.17743,1.00,2.62
2016.07.15 10:32:05.563,1.1774,1.17742,1.00,1.00
2016.07.15 10:32:05.715,1.17741,1.17745,1.00,1.50
2016.07.15 10:32:06.380,1.17742,1.17745,1.00,1.12
2016.07.15 10:32:06.431,1.17742,1.17747,1.50,1.50
2016.07.15 10:32:06.854,1.17744,1.17749,1.00,3.26
2016.07.15 10:32:07.349,1.17741,1.17749,1.50,3.00
2016.07.15 10:32:08.710,1.17741,1.17749,1.50,2.62
2016.07.15 10:32:08.971,1.1774,1.17747,1.00,1.87
2016.07.15 10:32:09.281,1.17737,1.17744,1.50,2.62
2016.07.15 10:32:10.215,1.17736,1.17744,1.50,1.87
2016.07.15 10:32:10.316,1.17736,1.17741,1.00,1.00
2016.07.15 10:32:10.620,1.17733,1.17738,1.00,1.62
2016.07.15 10:32:10.983,1.17734,1.17739,1.00,1.12
2016.07.15 10:32:11.237,1.17735,1.17741,1.00,3.75
2016.07.15 10:32:11.440,1.17734,1.17741,1.00,5.06
2016.07.15 10:32:11.635,1.17732,1.17738,1.12,2.37
2016.07.15 10:32:11.686,1.17735,1.17737,1.00,1.00
2016.07.15 10:32:11.788,1.17735,1.17739,1.00,1.12
2016.07.15 10:32:11.940,1.17738,1.17739,1.00,1.00
2016.07.15 10:32:11.991,1.17738,1.17741,1.00,1.00
2016.07.15 10:32:12.447,1.17739,1.17745,1.00,1.50
2016.07.15 10:32:12.590,1.17741,1.17745,1.00,3.00
2016.07.15 10:32:13.321,1.1774,1.17745,1.00,1.87
2016.07.15 10:32:13.892,1.17737,1.17741,1.00,1.00
2016.07.15 10:32:14.197,1.17729,1.17732,1.75,1.12
2016.07.15 10:32:14.248,1.17729,1.17731,1.00,1.00
2016.07.15 10:32:14.300,1.17727,1.17731,1.87,1.00
2016.07.15 10:32:14.778,1.17724,1.1773,1.00,1.00
2016.07.15 10:32:14.881,1.17724,1.17732,1.50,1.50
2016.07.15 10:32:15.287,1.17724,1.1773,1.00,1.00
2016.07.15 10:32:15.903,1.17723,1.1773,1.12,1.00
2016.07.15 10:32:16.556,1.17724,1.17732,1.00,2.25
2016.07.15 10:32:17.534,1.17724,1.17731,1.00,1.00
2016.07.15 10:32:18.058,1.17724,1.17732,1.00,1.24
2016.07.15 10:32:18.712,1.17723,1.17729,1.87,1.37
2016.07.15 10:32:18.943,1.1772,1.17725,1.00,1.00
2016.07.15 10:32:18.994,1.17717,1.17725,1.00,1.00
2016.07.15 10:32:19.248,1.17719,1.17726,1.00,1.00
2016.07.15 10:32:19.771,1.17719,1.17727,1.50,1.10
2016.07.15 10:32:20.355,1.1772,1.17728,1.12,1.50
2016.07.15 10:32:21.070,1.1772,1.17727,1.12,1.00
2016.07.15 10:32:21.600,1.17721,1.17728,1.00,1.00
2016.07.15 10:32:22.475,1.17721,1.17727,1.00,1.00
2016.07.15 10:32:22.779,1.17712,1.17717,2.40,1.37
2016.07.15 10:32:22.934,1.17708,1.17715,1.19,1.00
2016.07.15 10:32:22.985,1.17707,1.17716,1.25,1.10
2016.07.15 10:32:23.087,1.17709,1.17717,1.25,2.40
2016.07.15 10:32:23.391,1.17711,1.17717,1.00,1.00
2016.07.15 10:32:23.493,1.17709,1.17717,1.00,1.10
2016.07.15 10:32:23.544,1.17707,1.17715,1.50,1.00
2016.07.15 10:32:23.595,1.17707,1.17714,1.50,1.00
2016.07.15 10:32:24.124,1.17706,1.17715,3.94,1.00
2016.07.15 10:32:24.968,1.17706,1.17714,3.19,1.00
2016.07.15 10:32:25.226,1.17705,1.17713,1.50,1.00
2016.07.15 10:32:26.158,1.17704,1.1771,1.31,1.00
2016.07.15 10:32:27.985,1.17703,1.17708,1.76,1.00
2016.07.15 10:32:28.165,1.17701,1.17707,1.57,1.00
2016.07.15 10:32:28.687,1.177,1.17707,1.25,1.00
2016.07.15 10:32:29.187,1.17701,1.17709,1.00,1.00
2016.07.15 10:32:29.238,1.17703,1.17709,1.75,1.00
2016.07.15 10:32:29.434,1.1771,1.17717,1.87,1.00
2016.07.15 10:32:29.637,1.17711,1.17719,1.50,1.50
2016.07.15 10:32:29.739,1.17711,1.1772,3.19,3.00
2016.07.15 10:32:30.042,1.17715,1.17722,1.00,1.00
2016.07.15 10:32:30.346,1.17716,1.17725,1.00,5.25
2016.07.15 10:32:30.885,1.17716,1.17722,3.19,1.00
2016.07.15 10:32:31.241,1.17713,1.17722,2.81,1.50
2016.07.15 10:32:31.690,1.17713,1.17719,1.50,1.00
2016.07.15 10:32:31.842,1.1771,1.17718,2.25,1.00
2016.07.15 10:32:32.348,1.1771,1.17718,1.50,1.00
2016.07.15 10:32:33.975,1.1771,1.17719,1.00,1.65
2016.07.15 10:32:34.880,1.17709,1.17718,1.69,1.00
2016.07.15 10:32:35.725,1.1771,1.17719,1.00,1.12
2016.07.15 10:32:36.406,1.17709,1.17719,2.44,1.12
2016.07.15 10:32:36.456,1.17711,1.17719,1.00,1.87
2016.07.15 10:32:36.962,1.17712,1.1772,1.50,1.50
2016.07.15 10:32:37.114,1.17712,1.17721,1.00,2.25
2016.07.15 10:32:37.691,1.17713,1.17721,1.00,2.25
2016.07.15 10:32:38.506,1.17712,1.17722,1.50,1.50
2016.07.15 10:32:39.030,1.17712,1.17723,2.25,2.89
2016.07.15 10:32:39.193,1.17715,1.17723,1.00,1.77
2016.07.15 10:32:39.563,1.17715,1.17723,1.50,2.52
2016.07.15 10:32:39.867,1.17709,1.17713,2.25,1.12
2016.07.15 10:32:40.170,1.17707,1.17712,1.00,1.20
2016.07.15 10:32:40.221,1.17707,1.17709,1.00,1.00
2016.07.15 10:32:40.561,1.17705,1.17711,2.25,1.87
2016.07.15 10:32:41.072,1.17706,1.17711,1.00,1.50
2016.07.15 10:32:41.472,1.17708,1.17711,1.00,1.50
2016.07.15 10:32:41.835,1.17714,1.17716,1.00,1.00
2016.07.15 10:32:41.937,1.17714,1.17718,1.00,2.40
2016.07.15 10:32:42.443,1.17715,1.17719,2.25,1.00
2016.07.15 10:32:46.384,1.17714,1.17719,1.00,1.00
2016.07.15 10:32:46.899,1.17714,1.1772,1.00,1.00
2016.07.15 10:32:47.102,1.17718,1.17721,1.00,1.00
2016.07.15 10:32:47.204,1.17718,1.17724,1.00,1.12
2016.07.15 10:32:47.256,1.17718,1.17725,1.00,1.50
2016.07.15 10:32:47.357,1.1772,1.17725,1.00,1.00
2016.07.15 10:32:47.661,1.17717,1.17726,2.25,1.57
2016.07.15 10:32:48.068,1.17717,1.17723,1.00,1.00
2016.07.15 10:32:48.371,1.17709,1.17718,1.87,1.87
2016.07.15 10:32:48.423,1.17709,1.17718,1.00,3.07
2016.07.15 10:32:48.675,1.17708,1.17715,1.00,1.00
2016.07.15 10:32:48.962,1.17708,1.17717,1.00,2.02
2016.07.15 10:32:49.543,1.17708,1.17716,1.00,1.00
2016.07.15 10:32:53.218,1.17708,1.17718,2.44,2.25
2016.07.15 10:32:53.435,1.17708,1.17718,6.19,1.45
2016.07.15 10:32:53.742,1.17721,1.17728,1.00,1.87
2016.07.15 10:32:54.292,1.17721,1.17728,1.00,1.00
2016.07.15 10:32:54.794,1.1772,1.17727,3.94,1.00
2016.07.15 10:32:55.553,1.1772,1.17729,3.94,2.32
2016.07.15 10:32:55.958,1.1772,1.17723,3.94,1.00
2016.07.15 10:32:56.263,1.17713,1.17719,2.44,1.50
2016.07.15 10:32:56.568,1.17705,1.17713,2.81,1.65
2016.07.15 10:32:57.194,1.17705,1.17713,2.44,1.07
2016.07.15 10:32:57.750,1.17705,1.1771,1.69,1.00
2016.07.15 10:32:57.952,1.17705,1.17712,1.19,1.20
2016.07.15 10:32:58.970,1.17705,1.17712,1.19,1.20
2016.07.15 10:32:59.505,1.17705,1.17711,1.19,1.00
2016.07.15 10:33:00.010,1.17706,1.17713,1.25,2.25
2016.07.15 10:33:00.516,1.17706,1.17711,1.69,1.00
2016.07.15 10:33:01.142,1.17706,1.17712,1.69,1.00
2016.07.15 10:33:01.875,1.17706,1.17711,2.44,1.00
2016.07.15 10:33:02.643,1.17707,1.17711,1.00,1.00
2016.07.15 10:33:02.694,1.17707,1.17713,1.00,1.00
2016.07.15 10:33:03.148,1.17707,1.17715,1.25,2.25
2016.07.15 10:33:03.568,1.17707,1.17713,1.25,1.00
2016.07.15 10:33:05.339,1.17707,1.17712,1.25,1.00
2016.07.15 10:33:05.884,1.17706,1.17711,1.25,1.12
2016.07.15 10:33:08.345,1.17706,1.1771,1.25,1.00
2016.07.15 10:33:08.692,1.17703,1.17705,1.00,1.00
2016.07.15 10:33:08.743,1.17699,1.17705,1.19,1.00
2016.07.15 10:33:08.895,1.17697,1.17703,1.19,1.00
2016.07.15 10:33:08.997,1.17696,1.17703,2.44,1.00
2016.07.15 10:33:09.510,1.17696,1.17704,1.19,1.00
2016.07.15 10:33:09.661,1.17696,1.17702,1.19,1.00
2016.07.15 10:33:10.212,1.17696,1.17704,1.69,1.50
2016.07.15 10:33:10.566,1.17696,1.17699,1.19,1.00
2016.07.15 10:33:10.617,1.17695,1.17698,1.19,1.00
2016.07.15 10:33:10.821,1.17691,1.17698,1.19,2.25
2016.07.15 10:33:10.973,1.1769,1.17698,2.62,1.00
2016.07.15 10:33:11.507,1.1769,1.17699,1.12,2.25
2016.07.15 10:33:12.012,1.17689,1.17698,3.00,1.00
2016.07.15 10:33:12.703,1.17689,1.17698,1.12,1.00
2016.07.15 10:33:13.243,1.17689,1.17697,1.00,1.00
2016.07.15 10:33:13.767,1.17688,1.17696,1.12,1.00
2016.07.15 10:33:15.003,1.17688,1.17697,1.87,1.69
2016.07.15 10:33:15.525,1.17688,1.17696,1.12,1.00
2016.07.15 10:33:16.975,1.17688,1.17697,1.12,1.69
2016.07.15 10:33:17.127,1.1769,1.17698,1.00,2.70
2016.07.15 10:33:17.430,1.17696,1.17704,1.00,1.57
2016.07.15 10:33:17.939,1.17697,1.17705,1.00,1.00
2016.07.15 10:33:18.478,1.17697,1.17706,1.00,2.62
2016.07.15 10:33:19.086,1.17699,1.17706,1.00,1.00
2016.07.15 10:33:19.631,1.17698,1.17707,1.50,1.50
2016.07.15 10:33:20.084,1.17701,1.17707,1.00,1.00
2016.07.15 10:33:20.286,1.17702,1.17709,1.00,1.25
2016.07.15 10:33:20.796,1.17701,1.17709,2.25,1.25
2016.07.15 10:33:22.083,1.17701,1.17707,1.00,1.00
2016.07.15 10:33:22.745,1.177,1.17707,2.62,1.00
2016.07.15 10:33:22.796,1.177,1.17709,4.12,1.25
2016.07.15 10:33:23.494,1.17701,1.1771,1.00,3.00
2016.07.15 10:33:23.596,1.17701,1.17708,1.00,1.00
2016.07.15 10:33:24.146,1.177,1.17708,6.00,1.00
2016.07.15 10:33:24.815,1.177,1.17707,2.32,1.00
2016.07.15 10:33:25.830,1.177,1.17709,1.65,1.25
2016.07.15 10:33:27.905,1.17701,1.17709,1.00,1.69
2016.07.15 10:33:31.834,1.177,1.17709,3.75,1.69
2016.07.15 10:33:32.346,1.17701,1.17709,1.00,1.25
2016.07.15 10:33:35.497,1.17701,1.17709,3.49,1.00
2016.07.15 10:33:36.131,1.17701,1.1771,3.87,2.06
2016.07.15 10:33:36.748,1.17701,1.17709,5.74,1.00
2016.07.15 10:33:37.724,1.17701,1.17709,5.74,1.00
2016.07.15 10:33:38.226,1.17702,1.1771,1.99,1.50
2016.07.15 10:33:38.327,1.17705,1.17712,1.62,1.10
2016.07.15 10:33:38.577,1.17705,1.17714,1.62,1.25
2016.07.15 10:33:38.830,1.17705,1.17711,1.00,1.00
2016.07.15 10:33:39.336,1.17705,1.17712,1.00,1.12
2016.07.15 10:33:40.149,1.17707,1.17712,1.00,1.00
2016.07.15 10:33:40.352,1.17707,1.17714,1.50,1.00
2016.07.15 10:33:41.134,1.17708,1.17714,1.00,1.00
2016.07.15 10:33:41.236,1.17707,1.17712,1.00,1.00
2016.07.15 10:33:41.774,1.17707,1.17711,1.50,1.00
2016.07.15 10:33:41.985,1.17705,1.17711,1.00,1.00
2016.07.15 10:33:42.730,1.17704,1.1771,3.07,1.00
2016.07.15 10:33:43.040,1.17703,1.17707,1.00,1.00
2016.07.15 10:33:43.142,1.17702,1.17709,1.00,1.00
2016.07.15 10:33:43.344,1.17705,1.17711,1.00,1.50
2016.07.15 10:33:43.647,1.17705,1.17712,2.25,1.00
2016.07.15 10:33:44.230,1.17706,1.17714,2.25,1.10
2016.07.15 10:33:44.281,1.17708,1.17714,1.00,1.10
2016.07.15 10:33:44.434,1.17708,1.17717,1.00,1.12
2016.07.15 10:33:44.535,1.17708,1.17714,1.00,1.00
2016.07.15 10:33:45.041,1.17708,1.17715,1.00,1.12
2016.07.15 10:33:45.346,1.17711,1.17717,1.00,1.12
2016.07.15 10:33:46.281,1.17711,1.17717,1.00,1.37
2016.07.15 10:33:46.433,1.17707,1.17715,1.37,4.87
2016.07.15 10:33:46.686,1.17708,1.17711,1.00,1.00
2016.07.15 10:33:46.788,1.17704,1.17709,1.56,1.00
2016.07.15 10:33:46.889,1.17702,1.17708,1.31,1.00
2016.07.15 10:33:47.092,1.177,1.17708,1.31,1.00
2016.07.15 10:33:47.673,1.177,1.17707,1.31,1.00
2016.07.15 10:33:48.035,1.17698,1.17704,1.09,1.00
2016.07.15 10:33:48.440,1.17695,1.17703,2.81,1.50
2016.07.15 10:33:49.119,1.17695,1.17703,2.44,1.50
2016.07.15 10:33:49.221,1.17696,1.17703,1.19,1.00
2016.07.15 10:33:50.537,1.17695,1.17702,3.37,1.00
2016.07.15 10:33:51.871,1.17696,1.17703,1.19,1.00
2016.07.15 10:33:52.073,1.17703,1.17709,1.25,1.50
2016.07.15 10:33:52.124,1.17701,1.17704,5.81,1.50
2016.07.15 10:33:52.378,1.17695,1.17701,2.06,1.50
2016.07.15 10:33:52.580,1.17694,1.17701,1.00,1.50
2016.07.15 10:33:53.012,1.17693,1.17698,1.31,1.00
2016.07.15 10:33:53.318,1.17683,1.17685,2.62,1.00
2016.07.15 10:33:53.471,1.17674,1.17679,1.75,2.25
2016.07.15 10:33:53.522,1.17674,1.17675,1.00,1.00
2016.07.15 10:33:53.574,1.17672,1.17675,2.06,1.00
2016.07.15 10:33:53.777,1.17668,1.17675,2.25,2.25
2016.07.15 10:33:53.827,1.17668,1.17673,2.25,1.00
2016.07.15 10:33:53.878,1.17667,1.17673,1.00,1.00
2016.07.15 10:33:54.125,1.17665,1.1767,1.12,1.00
2016.07.15 10:33:54.328,1.17663,1.1767,1.69,1.00
2016.07.15 10:33:54.850,1.17664,1.17668,1.00,1.00
2016.07.15 10:33:55.156,1.17662,1.17669,1.12,1.00
2016.07.15 10:33:55.772,1.17663,1.1767,1.50,1.00
2016.07.15 10:33:55.823,1.17665,1.17672,1.00,1.95
2016.07.15 10:33:56.127,1.17674,1.17675,1.00,1.00
2016.07.15 10:33:56.178,1.17669,1.17677,1.50,1.00
2016.07.15 10:33:56.378,1.17669,1.17677,2.25,1.87
2016.07.15 10:33:56.480,1.17665,1.17673,3.00,1.00
2016.07.15 10:33:56.531,1.17663,1.1767,2.51,1.00
2016.07.15 10:33:56.582,1.17663,1.17669,1.25,1.00
2016.07.15 10:33:57.039,1.17663,1.17671,1.00,1.65
2016.07.15 10:33:57.090,1.17661,1.17671,2.25,1.65
2016.07.15 10:33:57.191,1.17665,1.17672,1.00,1.57
2016.07.15 10:33:57.523,1.17669,1.17678,1.69,1.50
2016.07.15 10:33:57.574,1.17672,1.17678,1.00,1.87
2016.07.15 10:33:57.676,1.17672,1.17681,1.00,1.50
2016.07.15 10:33:57.828,1.17673,1.17682,1.25,1.10
2016.07.15 10:33:57.880,1.17675,1.17684,1.00,2.62
2016.07.15 10:33:58.032,1.17675,1.17684,1.50,1.50
2016.07.15 10:33:58.560,1.17675,1.17684,1.69,1.50
2016.07.15 10:33:58.835,1.17676,1.17686,1.69,1.65
2016.07.15 10:33:59.264,1.17677,1.17687,1.37,4.20
2016.07.15 10:33:59.568,1.17688,1.17696,1.00,4.42
2016.07.15 10:33:59.619,1.17688,1.17696,1.00,2.92
2016.07.15 10:33:59.720,1.17689,1.17692,1.00,1.00
2016.07.15 10:33:59.822,1.17689,1.17696,1.50,2.25
2016.07.15 10:33:59.873,1.17688,1.17696,1.00,1.00
2016.07.15 10:34:00.046,1.17695,1.17698,1.00,1.10
2016.07.15 10:34:00.199,1.17697,1.17703,1.50,1.00
2016.07.15 10:34:00.402,1.17699,1.17705,1.00,1.37
2016.07.15 10:34:00.453,1.17698,1.17706,1.50,1.00
2016.07.15 10:34:00.555,1.177,1.17705,1.00,1.20
2016.07.15 10:34:00.606,1.17698,1.17705,1.50,1.20
2016.07.15 10:34:01.143,1.17698,1.17704,1.00,1.50
2016.07.15 10:34:01.194,1.17695,1.17704,1.00,1.50
2016.07.15 10:34:01.404,1.17695,1.177,1.00,1.00
2016.07.15 10:34:01.556,1.17691,1.17699,2.44,1.00
2016.07.15 10:34:02.065,1.17691,1.177,3.00,1.20
2016.07.15 10:34:02.539,1.17691,1.17698,2.25,1.00
2016.07.15 10:34:02.843,1.17687,1.17696,1.31,1.00
2016.07.15 10:34:02.996,1.17688,1.17698,1.19,3.07
2016.07.15 10:34:03.097,1.1769,1.17699,1.19,1.00
2016.07.15 10:34:03.567,1.1769,1.17697,1.19,1.00
2016.07.15 10:34:03.770,1.17689,1.17696,1.00,1.00
2016.07.15 10:34:04.291,1.17688,1.17696,1.00,1.00
2016.07.15 10:34:04.841,1.17687,1.17696,1.69,1.00
2016.07.15 10:34:05.537,1.17687,1.17696,1.69,1.12
2016.07.15 10:34:05.639,1.17687,1.17696,1.69,1.12
2016.07.15 10:34:06.144,1.17687,1.17695,1.69,1.12
2016.07.15 10:34:06.346,1.17687,1.17696,1.25,1.22
2016.07.15 10:34:06.701,1.17687,1.1769,1.69,1.00
2016.07.15 10:34:07.010,1.17679,1.17684,1.00,1.12
2016.07.15 10:34:07.061,1.17678,1.17685,1.50,1.50
2016.07.15 10:34:07.903,1.17678,1.17687,1.00,1.50
2016.07.15 10:34:08.492,1.17678,1.17686,2.25,1.00
2016.07.15 10:34:08.779,1.17679,1.17689,1.00,5.14
2016.07.15 10:34:09.315,1.17678,1.17689,3.00,3.94
2016.07.15 10:34:09.366,1.1768,1.17689,1.00,3.57
2016.07.15 10:34:09.887,1.1768,1.17689,1.50,2.32
2016.07.15 10:34:10.218,1.17682,1.17689,1.00,1.50
2016.07.15 10:34:10.948,1.17681,1.17689,1.25,1.00
2016.07.15 10:34:11.312,1.17682,1.17691,2.25,2.25
2016.07.15 10:34:11.819,1.17682,1.17691,3.00,2.25
2016.07.15 10:34:12.344,1.17684,1.17691,1.00,1.50
2016.07.15 10:34:12.622,1.17684,1.17687,1.00,1.00
2016.07.15 10:34:12.673,1.17684,1.17688,1.00,2.02
2016.07.15 10:34:12.826,1.17679,1.17687,1.12,1.00
2016.07.15 10:34:13.079,1.1768,1.17689,1.00,3.45
2016.07.15 10:34:13.582,1.1768,1.17688,1.00,1.00
2016.07.15 10:34:14.577,1.1768,1.17685,1.00,1.00
2016.07.15 10:34:14.858,1.17676,1.17682,1.69,1.00
2016.07.15 10:34:14.961,1.17676,1.1768,1.50,1.00
2016.07.15 10:34:15.113,1.17671,1.17678,1.69,1.00
2016.07.15 10:34:15.215,1.17671,1.1768,1.69,1.50
2016.07.15 10:34:15.469,1.17674,1.17682,1.50,1.45
2016.07.15 10:34:15.978,1.17674,1.17682,1.50,1.20
2016.07.15 10:34:18.431,1.17673,1.17682,1.25,1.12
2016.07.15 10:34:19.531,1.17673,1.17681,1.25,1.00
2016.07.15 10:34:20.036,1.17673,1.17683,1.25,3.75
2016.07.15 10:34:20.903,1.17673,1.1768,1.25,1.00
2016.07.15 10:34:21.115,1.17673,1.17682,1.69,1.87
2016.07.15 10:34:21.455,1.17673,1.17678,1.00,1.50
2016.07.15 10:34:21.709,1.17671,1.17677,1.00,1.50
2016.07.15 10:34:21.861,1.17669,1.17679,1.31,1.50
2016.07.15 10:34:21.963,1.17669,1.17677,2.06,1.00
2016.07.15 10:34:22.989,1.17671,1.17679,1.00,1.87
2016.07.15 10:34:23.040,1.17672,1.1768,1.00,1.00
2016.07.15 10:34:23.681,1.17673,1.17681,2.25,1.00
2016.07.15 10:34:24.000,1.17673,1.17679,2.25,1.00
2016.07.15 10:34:26.046,1.17673,1.17681,2.25,1.12
2016.07.15 10:34:26.400,1.17673,1.17677,1.50,1.00
2016.07.15 10:34:26.658,1.1767,1.17677,2.44,1.50
2016.07.15 10:34:28.787,1.17668,1.17675,2.21,1.00
2016.07.15 10:34:28.838,1.17668,1.17676,1.00,1.50
2016.07.15 10:34:30.087,1.17667,1.17677,4.01,1.50
2016.07.15 10:34:31.558,1.17668,1.17676,1.25,1.00
2016.07.15 10:34:32.893,1.17668,1.17676,3.75,1.00
2016.07.15 10:34:32.944,1.17671,1.17678,1.00,1.20
2016.07.15 10:34:33.045,1.17671,1.1768,1.50,1.20
2016.07.15 10:34:33.197,1.17671,1.17677,4.50,1.00
2016.07.15 10:34:33.450,1.17668,1.17675,1.50,1.00
2016.07.15 10:34:33.552,1.17668,1.17673,1.00,1.00
2016.07.15 10:34:33.729,1.17665,1.17673,1.50,1.12
2016.07.15 10:34:34.084,1.17668,1.17672,1.00,1.00
2016.07.15 10:34:34.237,1.17668,1.17676,1.00,1.95
2016.07.15 10:34:34.642,1.17667,1.17674,1.00,1.00
2016.07.15 10:34:36.282,1.17665,1.17674,5.25,1.50
2016.07.15 10:34:36.676,1.17665,1.17671,4.69,1.00
2016.07.15 10:34:37.580,1.17669,1.17674,1.00,2.77
2016.07.15 10:34:37.683,1.17669,1.17676,2.25,1.00
2016.07.15 10:34:38.194,1.17669,1.17675,1.16,1.12
2016.07.15 10:34:38.740,1.17669,1.17674,1.00,1.00
2016.07.15 10:34:38.990,1.17666,1.17675,4.80,1.00
2016.07.15 10:34:39.091,1.17668,1.17675,1.00,2.62
2016.07.15 10:34:39.394,1.17666,1.17673,1.25,1.12
2016.07.15 10:34:39.496,1.17666,1.17673,1.00,1.87
2016.07.15 10:34:39.698,1.17662,1.1767,1.12,2.62
2016.07.15 10:34:39.851,1.17663,1.1767,1.62,1.87
2016.07.15 10:34:40.053,1.17662,1.17669,1.12,1.00
2016.07.15 10:34:40.685,1.17661,1.17669,2.06,1.12
2016.07.15 10:34:41.197,1.17661,1.1767,2.93,1.00
2016.07.15 10:34:41.299,1.17663,1.1767,1.00,1.00
2016.07.15 10:34:41.401,1.17664,1.17672,1.00,1.50
2016.07.15 10:34:41.904,1.17665,1.17673,1.87,2.06
2016.07.15 10:34:42.347,1.17665,1.17671,2.25,1.00
2016.07.15 10:34:45.801,1.17665,1.17672,2.44,1.00
2016.07.15 10:34:46.107,1.17669,1.17671,1.00,1.50
2016.07.15 10:34:46.495,1.17667,1.17669,1.69,1.50
2016.07.15 10:34:46.596,1.17665,1.17669,2.81,1.00
2016.07.15 10:34:47.116,1.17666,1.1767,1.19,1.00
2016.07.15 10:34:47.369,1.17666,1.17669,1.31,1.00
2016.07.15 10:34:47.600,1.17664,1.17667,1.25,1.00
2016.07.15 10:34:48.114,1.17661,1.17668,3.94,1.50
2016.07.15 10:34:48.316,1.17666,1.17669,1.00,1.00
2016.07.15 10:34:48.621,1.1767,1.17673,4.87,1.00
2016.07.15 10:34:49.166,1.1767,1.17674,1.12,1.00
2016.07.15 10:34:49.318,1.1767,1.17676,1.50,1.50
2016.07.15 10:34:49.419,1.1767,1.17672,3.75,1.00
2016.07.15 10:34:49.622,1.17668,1.1767,1.87,1.00
2016.07.15 10:34:49.724,1.17666,1.17669,1.00,1.00
2016.07.15 10:34:50.298,1.17666,1.1767,1.00,2.25
2016.07.15 10:34:51.433,1.17666,1.17669,1.00,1.00
2016.07.15 10:34:51.982,1.17666,1.17668,1.56,1.00
2016.07.15 10:34:52.134,1.17665,1.17669,2.44,1.50
2016.07.15 10:34:52.678,1.17665,1.17668,2.44,1.00
2016.07.15 10:34:54.817,1.17664,1.17669,1.31,1.00
2016.07.15 10:34:54.868,1.17664,1.17667,1.31,1.00
2016.07.15 10:34:54.970,1.17652,1.17656,1.86,1.87
2016.07.15 10:34:55.021,1.17651,1.17652,1.00,2.25
2016.07.15 10:34:55.072,1.17644,1.17646,5.55,1.00
2016.07.15 10:34:55.123,1.17646,1.17647,1.62,1.00
2016.07.15 10:34:55.224,1.17647,1.17649,1.00,1.20
2016.07.15 10:34:55.326,1.17645,1.17647,1.12,1.00
2016.07.15 10:34:55.428,1.17642,1.17649,1.80,1.50
2016.07.15 10:34:55.573,1.17642,1.17647,2.37,1.00
2016.07.15 10:34:56.079,1.17642,1.17646,1.12,1.00
2016.07.15 10:34:56.181,1.17642,1.17646,1.12,1.00
2016.07.15 10:34:56.434,1.17645,1.17647,1.00,1.50
2016.07.15 10:34:56.657,1.17644,1.17649,1.00,1.50
2016.07.15 10:34:57.163,1.17645,1.17649,1.00,1.50
2016.07.15 10:34:57.315,1.17645,1.17651,1.50,1.00
2016.07.15 10:34:57.868,1.17645,1.17653,3.00,1.00
2016.07.15 10:34:58.119,1.17644,1.17646,1.00,1.00
2016.07.15 10:34:58.729,1.17643,1.17648,1.50,1.50
2016.07.15 10:34:58.831,1.17643,1.17646,1.00,1.00
2016.07.15 10:34:59.035,1.17642,1.17649,3.19,1.50
2016.07.15 10:34:59.136,1.17645,1.17647,1.25,1.00
2016.07.15 10:34:59.450,1.17646,1.17647,1.25,1.50
2016.07.15 10:34:59.754,1.17645,1.17647,1.25,1.00
2016.07.15 10:35:00.265,1.17645,1.17647,1.25,1.00
2016.07.15 10:35:00.660,1.17644,1.17646,1.19,1.00
2016.07.15 10:35:00.813,1.17641,1.17643,1.69,1.00
2016.07.15 10:35:00.864,1.1764,1.17645,3.19,1.00
2016.07.15 10:35:01.270,1.17644,1.17648,1.00,1.00
2016.07.15 10:35:01.321,1.17644,1.17648,2.44,1.00
2016.07.15 10:35:01.574,1.17645,1.1765,1.69,1.50
2016.07.15 10:35:01.680,1.17645,1.17648,1.69,1.00
2016.07.15 10:35:02.199,1.17649,1.17651,1.12,1.00
2016.07.15 10:35:02.250,1.17651,1.17653,1.00,1.00
2016.07.15 10:35:02.352,1.17651,1.17655,1.50,1.00
2016.07.15 10:35:02.403,1.17652,1.17656,1.19,1.00
2016.07.15 10:35:02.505,1.17655,1.17657,1.25,1.50
2016.07.15 10:35:03.038,1.17651,1.17656,2.81,1.00
2016.07.15 10:35:03.090,1.17651,1.17655,2.06,1.00
2016.07.15 10:35:03.141,1.17651,1.17655,1.31,1.00
2016.07.15 10:35:03.294,1.1765,1.17657,1.19,1.10
2016.07.15 10:35:03.497,1.17651,1.17659,2.81,1.57
2016.07.15 10:35:03.802,1.17651,1.17656,1.19,1.00
2016.07.15 10:35:04.472,1.1765,1.17654,3.19,1.00
2016.07.15 10:35:04.776,1.17643,1.17644,1.69,1.00
2016.07.15 10:35:04.827,1.17641,1.17644,1.19,1.00
2016.07.15 10:35:05.116,1.17641,1.17647,1.56,1.10
2016.07.15 10:35:05.167,1.17642,1.17649,1.25,1.00
2016.07.15 10:35:05.269,1.17643,1.17648,1.69,1.50
2016.07.15 10:35:05.471,1.17643,1.17651,1.69,2.40
2016.07.15 10:35:05.979,1.17645,1.1765,1.69,1.00
2016.07.15 10:35:06.031,1.17645,1.17651,3.19,1.00
2016.07.15 10:35:06.306,1.17646,1.17653,2.81,1.10
2016.07.15 10:35:06.812,1.17649,1.17654,1.69,1.00
2016.07.15 10:35:06.913,1.17649,1.17656,1.69,1.65
2016.07.15 10:35:08.275,1.17649,1.17655,3.37,1.00
2016.07.15 10:35:08.479,1.17652,1.17658,1.12,1.00
2016.07.15 10:35:08.530,1.17652,1.17658,1.31,1.00
2016.07.15 10:35:08.682,1.17652,1.1766,1.31,1.50
2016.07.15 10:35:08.734,1.17652,1.17658,1.12,1.00
2016.07.15 10:35:09.268,1.17653,1.17658,1.00,1.00
2016.07.15 10:35:09.522,1.17656,1.17662,1.00,1.50
2016.07.15 10:35:09.674,1.17658,1.17664,1.00,1.00
2016.07.15 10:35:09.978,1.17661,1.17666,1.00,1.00
2016.07.15 10:35:10.721,1.17661,1.17665,1.00,1.00
2016.07.15 10:35:11.263,1.1766,1.17665,1.69,1.50
2016.07.15 10:35:11.814,1.17659,1.17664,1.19,1.00
2016.07.15 10:35:12.259,1.17659,1.17662,1.19,1.00
2016.07.15 10:35:12.412,1.17657,1.1766,1.00,1.00
2016.07.15 10:35:12.514,1.17652,1.1766,2.70,3.00
2016.07.15 10:35:12.565,1.17652,1.17658,1.87,1.00
2016.07.15 10:35:13.432,1.17652,1.1766,1.87,1.50
2016.07.15 10:35:13.483,1.17652,1.17662,1.87,1.50
2016.07.15 10:35:13.621,1.17652,1.1766,1.87,1.00
2016.07.15 10:35:13.723,1.17652,1.17659,1.87,1.00
2016.07.15 10:35:14.777,1.17652,1.17657,1.25,1.00
2016.07.15 10:35:15.429,1.17649,1.17654,3.19,1.00
2016.07.15 10:35:15.480,1.17649,1.17654,1.69,1.00
2016.07.15 10:35:15.581,1.17647,1.17653,1.25,1.50
2016.07.15 10:35:15.633,1.17646,1.1765,1.69,1.00
2016.07.15 10:35:16.148,1.17644,1.17649,1.19,1.00
2016.07.15 10:35:16.659,1.17644,1.1765,1.44,1.50
2016.07.15 10:35:16.963,1.17644,1.17645,1.25,1.00
2016.07.15 10:35:17.014,1.17642,1.17646,1.00,1.00
2016.07.15 10:35:17.271,1.17639,1.17648,2.25,1.00
2016.07.15 10:35:17.629,1.17642,1.1765,1.00,2.62
2016.07.15 10:35:17.680,1.17643,1.1765,1.19,1.50
2016.07.15 10:35:18.034,1.17645,1.17648,1.19,1.00
2016.07.15 10:35:18.432,1.17635,1.17638,1.69,1.00
2016.07.15 10:35:18.533,1.17634,1.1764,1.19,2.25
2016.07.15 10:35:18.584,1.17632,1.1764,3.56,1.50
2016.07.15 10:35:18.787,1.17637,1.17641,1.19,1.00
2016.07.15 10:35:19.294,1.17636,1.17641,1.19,1.00
2016.07.15 10:35:19.653,1.17635,1.17639,2.44,1.00
2016.07.15 10:35:19.806,1.17635,1.17641,3.19,1.50
2016.07.15 10:35:20.325,1.17635,1.1764,2.44,1.00
2016.07.15 10:35:20.884,1.17636,1.1764,1.69,2.25
2016.07.15 10:35:21.211,1.17636,1.17643,1.69,1.50
2016.07.15 10:35:23.516,1.17636,1.17645,1.19,3.75
2016.07.15 10:35:23.718,1.17635,1.17644,1.69,1.50
2016.07.15 10:35:24.267,1.17635,1.17645,1.69,5.25
2016.07.15 10:35:24.369,1.17635,1.17644,1.69,1.50
2016.07.15 10:35:26.390,1.17637,1.17643,1.19,1.12
2016.07.15 10:35:27.274,1.17633,1.17643,4.39,1.87
2016.07.15 10:35:27.325,1.17633,1.17641,2.51,1.00
2016.07.15 10:35:27.875,1.17632,1.1764,1.69,1.00
2016.07.15 10:35:28.382,1.17633,1.17638,1.19,1.00
2016.07.15 10:35:28.635,1.17634,1.1764,1.19,1.50
2016.07.15 10:35:28.686,1.17634,1.1764,1.19,2.25
2016.07.15 10:35:28.788,1.17634,1.17642,1.69,2.32
2016.07.15 10:35:29.293,1.17634,1.17641,1.19,1.75
2016.07.15 10:35:29.344,1.17633,1.1764,1.19,1.50
2016.07.15 10:35:29.850,1.17631,1.1764,1.69,3.75
2016.07.15 10:35:30.042,1.1763,1.17636,3.19,1.50
2016.07.15 10:35:30.348,1.17623,1.17626,1.00,1.00
2016.07.15 10:35:30.602,1.17607,1.1761,4.20,1.00
2016.07.15 10:35:30.705,1.17606,1.17608,1.00,1.00
2016.07.15 10:35:30.756,1.17602,1.17605,1.57,1.00
2016.07.15 10:35:30.876,1.176,1.17606,1.87,1.50
2016.07.15 10:35:30.927,1.176,1.17603,2.25,1.00
2016.07.15 10:35:31.130,1.17594,1.17598,1.00,1.00
2016.07.15 10:35:31.181,1.17598,1.17604,1.00,1.50
2016.07.15 10:35:31.237,1.17599,1.17607,1.00,2.25
2016.07.15 10:35:31.288,1.17601,1.17608,1.50,1.57
2016.07.15 10:35:31.441,1.17596,1.17606,3.26,1.87
2016.07.15 10:35:31.543,1.17597,1.17602,1.19,1.00
2016.07.15 10:35:31.738,1.17593,1.17601,1.31,1.87
2016.07.15 10:35:32.144,1.17595,1.17603,1.19,1.00
2016.07.15 10:35:32.398,1.17599,1.17605,1.00,1.12
2016.07.15 10:35:32.450,1.17599,1.17607,1.25,1.20
2016.07.15 10:35:32.501,1.17601,1.17608,1.00,1.57
2016.07.15 10:35:32.799,1.17606,1.17614,1.00,1.20
2016.07.15 10:35:33.003,1.17608,1.17616,1.00,1.20
2016.07.15 10:35:33.602,1.17607,1.17616,1.25,1.20
2016.07.15 10:35:33.907,1.17611,1.17619,1.69,1.10
2016.07.15 10:35:34.211,1.1761,1.17617,2.44,1.00
2016.07.15 10:35:34.655,1.17612,1.17619,2.25,2.32
2016.07.15 10:35:34.859,1.17609,1.17616,5.81,1.00
2016.07.15 10:35:35.365,1.17607,1.17615,1.19,1.00
2016.07.15 10:35:35.910,1.17608,1.17616,1.69,1.00
2016.07.15 10:35:36.221,1.17612,1.1762,2.06,1.10
2016.07.15 10:35:36.726,1.17615,1.17621,1.00,1.00
2016.07.15 10:35:37.051,1.17615,1.17623,1.00,2.40
2016.07.15 10:35:37.608,1.17616,1.17625,2.62,1.12
2016.07.15 10:35:37.912,1.1762,1.17626,1.00,1.00
2016.07.15 10:35:38.415,1.1762,1.17627,1.00,1.10
2016.07.15 10:35:39.505,1.17621,1.17628,1.00,1.20
2016.07.15 10:35:39.759,1.17625,1.17632,1.25,1.20
2016.07.15 10:35:40.063,1.17625,1.17628,3.56,1.00
2016.07.15 10:35:40.116,1.17626,1.17627,1.00,1.00
2016.07.15 10:35:40.218,1.1762,1.17628,3.56,2.25
2016.07.15 10:35:40.270,1.17621,1.17626,1.00,1.20
2016.07.15 10:35:40.372,1.17621,1.17628,1.00,1.57
2016.07.15 10:35:40.474,1.17621,1.17628,1.00,1.47
2016.07.15 10:35:40.660,1.1762,1.17628,1.50,1.10
2016.07.15 10:35:41.116,1.17617,1.17625,3.19,1.50
2016.07.15 10:35:41.370,1.1761,1.17618,1.25,1.00
2016.07.15 10:35:41.522,1.17608,1.17618,3.19,1.20
2016.07.15 10:35:42.068,1.17608,1.17616,1.00,1.27
2016.07.15 10:35:42.579,1.17607,1.17615,1.00,1.12
2016.07.15 10:35:43.080,1.17606,1.17615,1.50,3.37
2016.07.15 10:35:43.246,1.17606,1.1761,1.00,1.00
2016.07.15 10:35:43.449,1.17602,1.17607,1.12,1.00
2016.07.15 10:35:43.551,1.17601,1.17609,1.69,1.00
2016.07.15 10:35:44.088,1.17601,1.1761,1.69,2.62
2016.07.15 10:35:44.635,1.17601,1.17609,1.69,1.00
2016.07.15 10:35:45.658,1.17601,1.1761,1.50,3.75
2016.07.15 10:35:45.810,1.17603,1.1761,1.00,3.00
2016.07.15 10:35:46.013,1.17607,1.17615,1.00,1.10
2016.07.15 10:35:46.800,1.17609,1.17615,1.00,1.50
2016.07.15 10:35:49.044,1.17609,1.17616,1.00,1.20
2016.07.15 10:35:49.348,1.17617,1.17623,1.00,1.00
2016.07.15 10:35:49.935,1.17617,1.17624,1.50,1.27
2016.07.15 10:35:51.194,1.17618,1.17622,1.00,1.00
2016.07.15 10:35:51.439,1.17619,1.17624,1.00,1.50
2016.07.15 10:35:51.492,1.17619,1.17621,1.00,1.00
2016.07.15 10:35:52.048,1.17619,1.17622,1.50,1.00
2016.07.15 10:35:52.774,1.17619,1.17624,1.50,1.00
2016.07.15 10:35:55.309,1.17618,1.17624,1.00,1.00
2016.07.15 10:35:55.708,1.17617,1.17622,1.00,1.00
2016.07.15 10:35:55.990,1.17616,1.17624,1.25,1.00
2016.07.15 10:35:56.356,1.17618,1.17623,1.00,1.00
2016.07.15 10:35:56.762,1.1762,1.17624,1.00,1.00
2016.07.15 10:35:57.200,1.1762,1.17626,1.50,1.00
2016.07.15 10:35:58.407,1.17621,1.17627,1.00,3.75
2016.07.15 10:35:58.560,1.17623,1.17626,1.00,1.12
2016.07.15 10:35:58.611,1.17625,1.17627,1.00,2.25
2016.07.15 10:35:58.662,1.17626,1.17629,1.00,2.47
2016.07.15 10:35:58.815,1.17621,1.17628,1.10,1.00
2016.07.15 10:35:59.018,1.17619,1.17625,1.50,1.87
2016.07.15 10:35:59.353,1.17615,1.1762,1.00,1.87
2016.07.15 10:35:59.405,1.17613,1.17619,1.50,1.00
2016.07.15 10:35:59.967,1.17613,1.17618,1.00,1.50
2016.07.15 10:36:00.068,1.17611,1.17618,1.50,1.00
2016.07.15 10:36:00.572,1.17612,1.17618,1.00,1.00
2016.07.15 10:36:00.623,1.17615,1.17618,1.00,1.00
2016.07.15 10:36:00.822,1.17621,1.17628,1.00,2.62
2016.07.15 10:36:00.873,1.17621,1.17627,1.00,1.10
2016.07.15 10:36:00.924,1.17623,1.17627,1.00,1.00
2016.07.15 10:36:01.076,1.17623,1.1763,1.00,3.19
2016.07.15 10:36:01.582,1.17623,1.17628,1.00,1.50
2016.07.15 10:36:01.633,1.17621,1.17629,1.50,1.95
2016.07.15 10:36:02.527,1.17621,1.17627,1.50,1.00
2016.07.15 10:36:03.028,1.17621,1.17628,1.50,1.95
2016.07.15 10:36:03.631,1.1762,1.17628,1.50,1.57
2016.07.15 10:36:03.733,1.17623,1.17628,1.00,1.50
2016.07.15 10:36:03.885,1.17623,1.1763,1.00,1.10
2016.07.15 10:36:04.088,1.17621,1.1763,5.62,1.00
2016.07.15 10:36:04.497,1.1762,1.17628,4.12,1.00
2016.07.15 10:36:04.822,1.17623,1.1763,1.00,1.87
2016.07.15 10:36:05.126,1.17626,1.17633,1.00,1.12
2016.07.15 10:36:05.598,1.17631,1.17635,1.00,4.87
2016.07.15 10:36:05.803,1.17638,1.1764,1.00,1.00
2016.07.15 10:36:05.905,1.1764,1.17645,1.00,1.00
2016.07.15 10:36:06.057,1.17642,1.17648,1.00,1.12
2016.07.15 10:36:06.108,1.17641,1.17648,1.00,1.12
2016.07.15 10:36:06.405,1.17642,1.1765,1.00,1.50
2016.07.15 10:36:07.022,1.17642,1.17651,1.00,1.87
2016.07.15 10:36:07.721,1.17642,1.1765,1.00,1.00
2016.07.15 10:36:07.923,1.17642,1.17648,1.00,1.00
2016.07.15 10:36:08.227,1.17639,1.17645,1.87,1.00
2016.07.15 10:36:08.664,1.17637,1.17645,1.31,1.00
2016.07.15 10:36:09.301,1.17637,1.17644,1.31,1.00
2016.07.15 10:36:10.173,1.17637,1.17644,1.56,1.00
2016.07.15 10:36:11.250,1.17638,1.17645,1.12,1.00
2016.07.15 10:36:11.368,1.1764,1.17645,1.56,1.00
2016.07.15 10:36:11.420,1.17643,1.17651,1.00,7.50
2016.07.15 10:36:11.523,1.17643,1.17651,1.00,2.62
2016.07.15 10:36:12.030,1.17643,1.1765,1.00,1.00
2016.07.15 10:36:14.362,1.17645,1.1765,1.00,1.00
2016.07.15 10:36:14.506,1.17645,1.17652,1.00,1.87
2016.07.15 10:36:15.115,1.17646,1.17652,1.00,1.00
2016.07.15 10:36:15.216,1.17648,1.17653,1.00,2.70
2016.07.15 10:36:15.608,1.17646,1.17652,1.50,1.00
2016.07.15 10:36:15.811,1.17646,1.17654,1.00,1.00
2016.07.15 10:36:17.043,1.17646,1.17653,1.00,1.00
2016.07.15 10:36:17.144,1.17645,1.17651,2.14,1.00
2016.07.15 10:36:17.699,1.17644,1.1765,1.00,1.00
2016.07.15 10:36:19.916,1.17643,1.1765,1.69,1.00
2016.07.15 10:36:20.231,1.17641,1.17649,1.50,1.00
2016.07.15 10:36:20.282,1.17641,1.17649,2.06,1.00
2016.07.15 10:36:20.831,1.17642,1.17651,1.00,3.37
2016.07.15 10:36:21.360,1.17642,1.17649,1.00,1.00
2016.07.15 10:36:21.921,1.17642,1.1765,1.00,1.00
2016.07.15 10:36:22.333,1.17644,1.17651,1.00,1.00
2016.07.15 10:36:22.770,1.17643,1.17649,1.00,1.00
2016.07.15 10:36:23.324,1.17642,1.17649,1.00,1.00
2016.07.15 10:36:23.627,1.17641,1.17651,1.87,1.00
2016.07.15 10:36:23.836,1.17641,1.17649,2.62,1.00
2016.07.15 10:36:24.167,1.17646,1.17653,1.00,1.12
2016.07.15 10:36:24.472,1.17652,1.17659,2.44,1.50
2016.07.15 10:36:24.523,1.17652,1.17659,2.81,1.00
2016.07.15 10:36:24.675,1.17653,1.17662,1.31,2.77
2016.07.15 10:36:24.776,1.17655,1.17662,1.00,1.20
2016.07.15 10:36:25.321,1.17655,1.17664,1.00,3.64
2016.07.15 10:36:25.625,1.17657,1.17664,1.50,1.20
2016.07.15 10:36:25.777,1.1766,1.17668,1.00,1.20
2016.07.15 10:36:26.031,1.17662,1.17669,1.00,2.25
2016.07.15 10:36:26.378,1.17662,1.17667,1.12,1.00
2016.07.15 10:36:26.924,1.17661,1.17668,1.50,1.00
2016.07.15 10:36:27.447,1.17661,1.17667,1.50,1.00
2016.07.15 10:36:28.374,1.17661,1.17669,1.50,2.32
2016.07.15 10:36:28.900,1.17662,1.17669,1.87,1.10
2016.07.15 10:36:29.753,1.17661,1.17669,1.87,1.57
2016.07.15 10:36:30.705,1.17662,1.17669,1.00,1.10
2016.07.15 10:36:30.817,1.17665,1.17673,1.87,3.00
2016.07.15 10:36:30.918,1.17666,1.17673,1.25,1.00
2016.07.15 10:36:31.422,1.17666,1.17673,1.69,1.00
2016.07.15 10:36:32.668,1.17669,1.17675,1.00,1.76
2016.07.15 10:36:32.971,1.1767,1.17677,1.00,2.25
2016.07.15 10:36:33.529,1.17668,1.17677,2.44,1.50
2016.07.15 10:36:33.809,1.17668,1.17676,1.50,1.37
2016.07.15 10:36:34.063,1.17659,1.17666,1.00,1.20
2016.07.15 10:36:34.164,1.17657,1.17666,1.00,1.20
2016.07.15 10:36:34.266,1.17658,1.17666,2.44,1.10
2016.07.15 10:36:35.363,1.17658,1.17667,2.44,1.65
2016.07.15 10:36:36.064,1.1766,1.17668,1.00,3.00
2016.07.15 10:36:36.338,1.17661,1.17669,1.00,1.00
2016.07.15 10:36:36.389,1.17663,1.17669,1.00,1.00
2016.07.15 10:36:37.172,1.17661,1.17669,1.00,1.00
2016.07.15 10:36:37.223,1.17661,1.17667,1.00,1.00
2016.07.15 10:36:37.569,1.17654,1.1766,6.56,1.00
2016.07.15 10:36:37.670,1.17653,1.17659,1.00,1.00
2016.07.15 10:36:37.772,1.1765,1.17659,2.81,1.10
2016.07.15 10:36:38.284,1.17649,1.17658,1.69,1.00
2016.07.15 10:36:38.775,1.17649,1.17654,1.50,1.00
2016.07.15 10:36:39.078,1.17655,1.17663,1.00,1.95
2016.07.15 10:36:39.582,1.17654,1.17663,2.06,1.00
2016.07.15 10:36:40.097,1.17655,1.17663,1.50,1.00
2016.07.15 10:36:40.571,1.17655,1.1766,1.00,1.50
2016.07.15 10:36:40.875,1.17651,1.17658,1.19,1.00
2016.07.15 10:36:41.540,1.17651,1.17659,1.19,1.00
2016.07.15 10:36:42.043,1.17653,1.17661,1.00,1.57
2016.07.15 10:36:42.196,1.17654,1.17662,1.69,1.65
2016.07.15 10:36:42.348,1.17655,1.17664,1.25,2.32
2016.07.15 10:36:43.595,1.17655,1.17663,2.44,1.00
2016.07.15 10:36:45.505,1.17656,1.17663,1.00,1.00
2016.07.15 10:36:46.050,1.17655,1.17663,2.44,1.00
2016.07.15 10:36:46.572,1.17655,1.17664,2.06,1.57
2016.07.15 10:36:47.119,1.17655,1.17664,2.81,1.57
2016.07.15 10:36:48.372,1.17655,1.17664,2.44,1.50
2016.07.15 10:36:49.660,1.17655,1.17662,1.25,1.00
2016.07.15 10:36:49.964,1.17652,1.17654,1.00,1.00
2016.07.15 10:36:50.015,1.17651,1.17654,1.00,1.00
2016.07.15 10:36:50.117,1.17646,1.17652,2.44,1.00
2016.07.15 10:36:50.319,1.17643,1.17652,5.51,1.00
2016.07.15 10:36:50.832,1.17643,1.17651,3.19,1.00
2016.07.15 10:36:51.035,1.17646,1.17652,1.00,1.00
2016.07.15 10:36:51.086,1.17647,1.17654,1.00,1.50
2016.07.15 10:36:51.636,1.17646,1.17653,3.19,1.50
2016.07.15 10:36:52.119,1.17646,1.17651,2.44,1.00
2016.07.15 10:36:52.220,1.17645,1.17652,3.75,1.12
2016.07.15 10:36:52.374,1.17648,1.17656,1.00,2.21
2016.07.15 10:36:52.627,1.17649,1.17654,1.00,1.00
2016.07.15 10:36:52.772,1.17646,1.17654,1.69,1.00
2016.07.15 10:36:54.215,1.17645,1.17652,1.31,1.00
2016.07.15 10:36:55.391,1.17645,1.17652,1.00,1.00
2016.07.15 10:36:56.036,1.17644,1.17652,2.25,1.00
2016.07.15 10:36:56.938,1.17644,1.1765,1.00,1.00
2016.07.15 10:36:57.192,1.17644,1.17652,1.00,1.00
2016.07.15 10:36:57.740,1.17645,1.17653,1.00,1.00
2016.07.15 10:36:58.243,1.17644,1.17653,2.06,1.00
2016.07.15 10:36:58.430,1.17645,1.17653,1.00,1.31
2016.07.15 10:36:59.049,1.17644,1.17652,1.12,1.19
2016.07.15 10:36:59.555,1.17645,1.17653,1.50,2.06
2016.07.15 10:37:01.719,1.17644,1.17652,1.00,1.19
2016.07.15 10:37:02.023,1.1764,1.17648,1.00,1.19
2016.07.15 10:37:02.588,1.1764,1.17648,1.17,1.56
2016.07.15 10:37:02.744,1.1764,1.17649,1.05,3.19
2016.07.15 10:37:03.310,1.17641,1.17649,1.00,1.69
2016.07.15 10:37:03.411,1.17641,1.1765,1.00,1.69
2016.07.15 10:37:06.666,1.17642,1.17651,1.00,1.19
2016.07.15 10:37:06.717,1.17645,1.17651,1.00,1.19
2016.07.15 10:37:07.274,1.17644,1.17651,1.00,1.19
2016.07.15 10:37:07.700,1.17644,1.17652,1.00,1.25
2016.07.15 10:37:08.208,1.17645,1.17652,1.00,1.25
2016.07.15 10:37:08.373,1.17645,1.1765,1.00,1.00
2016.07.15 10:37:08.526,1.1764,1.17648,1.87,1.00
2016.07.15 10:37:08.785,1.17639,1.17648,1.19,2.81
2016.07.15 10:37:09.586,1.1764,1.17648,1.65,2.06
2016.07.15 10:37:09.688,1.1764,1.17649,2.25,2.06
2016.07.15 10:37:10.083,1.17641,1.17649,1.62,1.19
2016.07.15 10:37:10.235,1.17644,1.17652,1.12,2.06
2016.07.15 10:37:10.337,1.17644,1.17653,5.62,1.31
2016.07.15 10:37:10.859,1.17644,1.17653,6.75,1.31
2016.07.15 10:37:11.784,1.17644,1.17653,2.62,2.06
2016.07.15 10:37:12.096,1.17644,1.17651,1.12,1.19
2016.07.15 10:37:13.032,1.17643,1.1765,1.25,1.69
2016.07.15 10:37:13.538,1.17643,1.17652,1.25,1.29
2016.07.15 10:37:13.888,1.17644,1.17653,3.00,1.69
2016.07.15 10:37:14.698,1.17644,1.17653,1.87,1.69
2016.07.15 10:37:15.046,1.17646,1.17654,1.12,2.89
2016.07.15 10:37:15.383,1.1765,1.17656,1.12,1.19
2016.07.15 10:37:15.485,1.1765,1.17657,3.00,1.00
2016.07.15 10:37:15.990,1.1765,1.17658,2.25,1.69
2016.07.15 10:37:16.512,1.17648,1.17657,4.46,1.00
2016.07.15 10:37:16.765,1.17648,1.17656,3.90,1.00
2016.07.15 10:37:16.969,1.1765,1.17656,1.50,1.19
2016.07.15 10:37:17.492,1.17649,1.17657,2.25,1.19
2016.07.15 10:37:21.322,1.1765,1.17659,3.37,1.00
2016.07.15 10:37:21.576,1.17653,1.1766,1.00,2.44
2016.07.15 10:37:22.123,1.17653,1.1766,2.25,1.69
2016.07.15 10:37:22.894,1.1766,1.17663,1.00,1.39
2016.07.15 10:37:23.047,1.17663,1.17665,1.00,1.50
2016.07.15 10:37:23.561,1.17664,1.17667,1.00,1.00
2016.07.15 10:37:24.069,1.17665,1.17668,1.50,1.00
2016.07.15 10:37:24.170,1.17665,1.17671,1.50,3.00
2016.07.15 10:37:24.423,1.17666,1.17674,1.37,3.45
2016.07.15 10:37:24.474,1.17666,1.17674,1.87,2.14
2016.07.15 10:37:24.825,1.17668,1.1767,1.00,1.00
2016.07.15 10:37:25.129,1.17661,1.17664,1.00,1.50
2016.07.15 10:37:25.180,1.17661,1.17662,1.00,1.00
2016.07.15 10:37:25.295,1.17662,1.17664,1.37,1.00
2016.07.15 10:37:25.549,1.17663,1.17666,1.50,1.00
2016.07.15 10:37:25.690,1.17663,1.17665,1.50,1.00
2016.07.15 10:37:26.219,1.17663,1.17665,1.50,1.00
2016.07.15 10:37:26.825,1.17663,1.17666,1.50,1.50
2016.07.15 10:37:27.016,1.17663,1.17668,3.37,1.00
2016.07.15 10:37:27.117,1.17665,1.17669,1.00,1.00
2016.07.15 10:37:27.421,1.17663,1.17666,2.25,1.00
2016.07.15 10:37:27.929,1.17663,1.17667,3.75,1.00
2016.07.15 10:37:28.244,1.17663,1.17664,2.62,1.00
2016.07.15 10:37:28.550,1.17662,1.17666,1.50,1.12
2016.07.15 10:37:28.702,1.17664,1.17668,1.00,1.50
2016.07.15 10:37:29.005,1.17663,1.17666,1.00,2.06
2016.07.15 10:37:29.555,1.17663,1.17665,1.00,1.00
2016.07.15 10:37:30.091,1.17663,1.17666,1.00,2.81
2016.07.15 10:37:30.243,1.17657,1.17664,3.00,1.10
2016.07.15 10:37:30.294,1.17657,1.17665,2.25,1.50
2016.07.15 10:37:30.345,1.1766,1.17666,1.00,3.37
2016.07.15 10:37:30.447,1.1766,1.17666,1.50,1.10
2016.07.15 10:37:30.951,1.1766,1.17667,1.00,1.69
2016.07.15 10:37:31.814,1.1766,1.17665,1.00,1.00
2016.07.15 10:37:32.017,1.1766,1.17667,3.00,1.57
2016.07.15 10:37:32.167,1.17664,1.17667,1.00,1.57
2016.07.15 10:37:32.269,1.17664,1.1767,1.00,3.19
2016.07.15 10:37:32.827,1.17663,1.1767,2.25,2.44
2016.07.15 10:37:34.377,1.17664,1.1767,1.00,1.25
2016.07.15 10:37:34.969,1.17663,1.17669,2.25,1.50
2016.07.15 10:37:35.171,1.17665,1.1767,1.00,1.50
2016.07.15 10:37:35.628,1.17662,1.1767,2.25,1.50
2016.07.15 10:37:36.134,1.17661,1.17668,4.31,1.00
2016.07.15 10:37:36.273,1.1766,1.17666,3.00,1.00
2016.07.15 10:37:37.548,1.17662,1.17667,1.50,1.00
2016.07.15 10:37:37.851,1.17665,1.17668,1.00,1.50
2016.07.15 10:37:38.063,1.17663,1.17668,1.00,1.50
2016.07.15 10:37:38.164,1.17665,1.17668,1.00,1.50
2016.07.15 10:37:38.468,1.17663,1.17666,1.50,1.50
2016.07.15 10:37:38.570,1.17661,1.17666,1.87,1.50
2016.07.15 10:37:39.808,1.17661,1.17665,1.00,1.00
2016.07.15 10:37:40.111,1.17659,1.17664,1.00,1.00
2016.07.15 10:37:40.269,1.17661,1.17665,1.00,1.00
2016.07.15 10:37:40.449,1.17665,1.1767,1.00,2.70
2016.07.15 10:37:40.758,1.17667,1.17672,1.00,2.25
2016.07.15 10:37:40.861,1.17665,1.17672,1.87,1.50
2016.07.15 10:37:41.412,1.17665,1.17673,2.62,1.69
2016.07.15 10:37:41.777,1.17666,1.17671,1.50,1.00
2016.07.15 10:37:41.929,1.17664,1.17671,1.50,1.16
2016.07.15 10:37:42.030,1.17665,1.17669,1.00,1.00
2016.07.15 10:37:42.182,1.17661,1.17669,3.94,1.00
2016.07.15 10:37:42.425,1.17662,1.17667,1.00,1.00
2016.07.15 10:37:43.032,1.17662,1.17666,1.00,1.00
2016.07.15 10:37:43.133,1.17661,1.17665,1.87,1.50
2016.07.15 10:37:43.236,1.17658,1.17664,1.57,1.00
2016.07.15 10:37:43.388,1.17659,1.17667,1.50,1.62
2016.07.15 10:37:43.934,1.1766,1.17668,1.50,2.37
2016.07.15 10:37:45.442,1.1766,1.17668,4.50,1.12
2016.07.15 10:37:45.595,1.17661,1.17664,1.00,1.00
2016.07.15 10:37:45.899,1.17653,1.17661,3.00,1.00
2016.07.15 10:37:45.950,1.17654,1.17661,1.00,1.00
2016.07.15 10:37:46.001,1.17654,1.17658,1.00,1.00
2016.07.15 10:37:46.254,1.1765,1.17657,1.37,1.87
2016.07.15 10:37:46.590,1.17649,1.17657,1.50,1.39
2016.07.15 10:37:47.121,1.1765,1.17657,1.00,2.14
2016.07.15 10:37:47.546,1.17652,1.17658,1.00,1.57
2016.07.15 10:37:47.787,1.17657,1.17665,5.06,3.49
2016.07.15 10:37:47.888,1.1766,1.17666,1.00,2.25
2016.07.15 10:37:48.040,1.1766,1.17666,1.00,1.20
2016.07.15 10:37:48.546,1.1766,1.17665,1.00,1.00
2016.07.15 10:37:49.203,1.17659,1.17665,4.12,1.00
2016.07.15 10:37:49.711,1.1766,1.17667,1.00,1.62
2016.07.15 10:37:49.914,1.1766,1.17662,1.00,1.00
2016.07.15 10:37:50.117,1.17647,1.17656,1.11,1.00
2016.07.15 10:37:50.281,1.17645,1.17652,1.01,1.00
2016.07.15 10:37:50.433,1.17644,1.17652,2.06,1.00
2016.07.15 10:37:50.686,1.17646,1.17654,2.81,2.40
2016.07.15 10:37:50.838,1.1765,1.17654,1.00,1.00
2016.07.15 10:37:50.941,1.1765,1.17656,1.50,1.00
2016.07.15 10:37:51.043,1.1765,1.17659,1.50,1.20
2016.07.15 10:37:51.587,1.17651,1.1766,1.50,1.50
2016.07.15 10:37:52.558,1.17651,1.17659,1.12,1.50
2016.07.15 10:37:52.861,1.1765,1.17657,4.50,1.00
2016.07.15 10:37:53.367,1.1765,1.17658,1.12,1.00
2016.07.15 10:37:53.600,1.17651,1.1766,1.00,4.57
2016.07.15 10:37:54.105,1.17652,1.17659,1.00,1.00
2016.07.15 10:37:54.411,1.17653,1.17662,1.00,1.95
2016.07.15 10:37:54.664,1.17655,1.17663,1.00,1.57
2016.07.15 10:37:55.006,1.17654,1.17661,1.50,1.00
2016.07.15 10:37:55.311,1.17645,1.17655,5.62,1.87
2016.07.15 10:37:55.361,1.17645,1.17655,2.62,3.07
2016.07.15 10:37:55.867,1.17647,1.17657,1.87,2.70
2016.07.15 10:37:55.969,1.17651,1.17659,1.00,2.62
2016.07.15 10:37:56.121,1.1765,1.17658,4.50,1.10
2016.07.15 10:37:56.667,1.17651,1.17658,1.00,1.50
2016.07.15 10:37:57.176,1.17651,1.17657,1.00,1.00
2016.07.15 10:37:58.787,1.17651,1.17659,1.00,1.00
2016.07.15 10:37:58.989,1.17651,1.17657,1.50,1.00
2016.07.15 10:37:59.192,1.17651,1.17659,1.50,1.00
2016.07.15 10:37:59.803,1.17651,1.17657,1.50,1.00
2016.07.15 10:38:00.691,1.17649,1.17652,6.75,1.50
2016.07.15 10:38:00.895,1.1764,1.17645,1.94,1.10
2016.07.15 10:38:01.099,1.17638,1.17644,1.04,1.00
2016.07.15 10:38:01.317,1.17636,1.17641,1.04,1.00
2016.07.15 10:38:01.623,1.17628,1.17636,2.25,1.00
2016.07.15 10:38:01.674,1.17629,1.17636,1.00,1.00
2016.07.15 10:38:01.877,1.17627,1.17636,2.44,1.00
2016.07.15 10:38:02.029,1.17629,1.17637,1.00,1.10
2016.07.15 10:38:02.522,1.17631,1.17639,1.00,2.70
2016.07.15 10:38:02.573,1.17629,1.17639,3.75,2.40
2016.07.15 10:38:02.675,1.17631,1.1764,1.00,2.62
2016.07.15 10:38:02.979,1.17634,1.17641,2.25,1.10
2016.07.15 10:38:03.300,1.17636,1.17642,1.00,2.25
2016.07.15 10:38:05.115,1.17636,1.17643,1.00,1.00
2016.07.15 10:38:05.889,1.17636,1.17644,1.00,1.57
2016.07.15 10:38:06.193,1.17636,1.17642,1.25,1.00
2016.07.15 10:38:06.733,1.17636,1.17643,1.25,1.50
2016.07.15 10:38:07.117,1.17638,1.17643,1.00,1.00
2016.07.15 10:38:07.271,1.17639,1.17646,1.50,2.32
2016.07.15 10:38:07.322,1.17643,1.17646,1.00,1.00
2016.07.15 10:38:07.373,1.17643,1.17649,1.00,1.20
2016.07.15 10:38:07.425,1.17645,1.17649,1.00,1.00
2016.07.15 10:38:07.577,1.17645,1.17652,1.50,1.87
2016.07.15 10:38:08.124,1.17647,1.17653,1.00,1.39
2016.07.15 10:38:09.022,1.17645,1.17652,4.69,1.00
2016.07.15 10:38:09.560,1.17645,1.17652,2.25,1.50
2016.07.15 10:38:10.628,1.17645,1.17653,3.37,1.00
2016.07.15 10:38:11.401,1.17646,1.17653,1.00,1.50
2016.07.15 10:38:11.806,1.17648,1.17655,1.00,6.75
2016.07.15 10:38:12.124,1.1765,1.17653,1.00,1.00
2016.07.15 10:38:12.175,1.17646,1.17653,1.12,1.00
2016.07.15 10:38:12.428,1.17645,1.17651,3.19,1.00
2016.07.15 10:38:12.681,1.17644,1.1765,1.12,1.00
2016.07.15 10:38:13.220,1.17645,1.1765,1.00,1.00
2016.07.15 10:38:14.366,1.17645,1.17653,2.06,2.70
2016.07.15 10:38:14.568,1.17647,1.17653,1.00,2.70
2016.07.15 10:38:15.760,1.17646,1.17652,1.00,1.10
2016.07.15 10:38:16.381,1.17646,1.17649,1.00,1.00
2016.07.15 10:38:16.634,1.17643,1.17648,1.00,1.00
2016.07.15 10:38:16.899,1.17645,1.17648,1.00,1.00
2016.07.15 10:38:17.304,1.17642,1.17648,1.00,1.00
2016.07.15 10:38:17.812,1.17643,1.17648,1.00,1.00
2016.07.15 10:38:17.914,1.17645,1.1765,1.00,1.95
2016.07.15 10:38:18.015,1.17643,1.17649,1.00,1.10
2016.07.15 10:38:18.117,1.17645,1.17648,1.00,1.00
2016.07.15 10:38:18.351,1.17641,1.17646,2.44,1.00
2016.07.15 10:38:18.857,1.17641,1.17647,2.44,1.00
2016.07.15 10:38:18.958,1.17643,1.17647,1.00,1.00
2016.07.15 10:38:19.059,1.17641,1.17648,1.69,1.00
2016.07.15 10:38:19.211,1.17641,1.17646,1.69,1.00
2016.07.15 10:38:20.367,1.17641,1.17649,2.44,1.57
2016.07.15 10:38:20.671,1.17642,1.17647,1.50,1.00
2016.07.15 10:38:21.204,1.17641,1.17646,1.25,1.00
2016.07.15 10:38:21.706,1.1764,1.17647,1.87,1.00
2016.07.15 10:38:22.011,1.1764,1.17645,1.00,1.00
2016.07.15 10:38:22.425,1.17639,1.17642,1.00,1.00
2016.07.15 10:38:22.627,1.17635,1.17643,1.75,1.12
2016.07.15 10:38:22.678,1.17642,1.17643,1.00,1.12
2016.07.15 10:38:22.781,1.17645,1.17647,1.00,2.62
2016.07.15 10:38:22.833,1.17643,1.17646,1.00,1.37
2016.07.15 10:38:22.884,1.17645,1.17647,1.00,1.00
2016.07.15 10:38:22.935,1.17645,1.17651,1.00,1.00
2016.07.15 10:38:23.134,1.17646,1.17653,1.00,1.50
2016.07.15 10:38:23.640,1.17646,1.17654,1.50,1.00
2016.07.15 10:38:24.189,1.17647,1.17654,1.00,1.00
2016.07.15 10:38:25.314,1.17648,1.17654,1.00,1.00
2016.07.15 10:38:25.837,1.17649,1.17656,1.00,1.50
2016.07.15 10:38:25.938,1.17654,1.17659,1.00,1.50
2016.07.15 10:38:26.141,1.17656,1.17663,1.69,1.00
2016.07.15 10:38:26.415,1.17655,1.17662,2.00,1.00
2016.07.15 10:38:26.517,1.17653,1.1766,1.69,1.00
2016.07.15 10:38:26.618,1.17653,1.1766,1.00,1.00
2016.07.15 10:38:27.277,1.17653,1.17658,1.00,1.00
2016.07.15 10:38:27.531,1.17651,1.17657,1.00,1.50
2016.07.15 10:38:27.632,1.17648,1.17656,3.94,1.00
2016.07.15 10:38:28.631,1.17653,1.17657,1.00,1.00
2016.07.15 10:38:28.682,1.17653,1.17659,1.00,1.95
2016.07.15 10:38:28.834,1.17654,1.17661,1.00,1.00
2016.07.15 10:38:29.943,1.17654,1.17664,1.50,3.75
2016.07.15 10:38:29.994,1.17656,1.17664,1.00,3.75
2016.07.15 10:38:30.500,1.17656,1.17664,1.00,1.57
2016.07.15 10:38:30.963,1.17657,1.17664,2.25,1.00
2016.07.15 10:38:31.504,1.17657,1.17665,2.81,1.65
2016.07.15 10:38:32.152,1.17659,1.17665,2.06,1.10
2016.07.15 10:38:32.473,1.17661,1.17667,1.00,1.50
2016.07.15 10:38:32.625,1.17662,1.1767,1.00,5.70
2016.07.15 10:38:33.158,1.17662,1.1767,1.31,3.00
2016.07.15 10:38:33.462,1.17662,1.17668,1.00,1.00
2016.07.15 10:38:33.804,1.17657,1.17664,1.50,1.00
2016.07.15 10:38:34.313,1.17656,1.17664,1.31,1.87
2016.07.15 10:38:34.971,1.17656,1.17664,1.56,1.00
2016.07.15 10:38:36.068,1.17656,1.17664,1.31,1.12
2016.07.15 10:38:38.194,1.17656,1.17662,1.31,1.00
2016.07.15 10:38:38.846,1.17656,1.17662,1.56,1.00
2016.07.15 10:38:39.462,1.17656,1.17663,2.06,1.00
2016.07.15 10:38:43.676,1.17656,1.17662,2.06,1.00
2016.07.15 10:38:43.986,1.17657,1.17664,2.06,1.87
2016.07.15 10:38:44.088,1.17658,1.17664,1.69,1.50
2016.07.15 10:38:44.427,1.17659,1.17666,1.25,1.65
2016.07.15 10:38:45.156,1.17659,1.17664,1.25,1.00
2016.07.15 10:38:45.459,1.17657,1.17661,1.69,1.00
2016.07.15 10:38:45.662,1.17654,1.17661,2.44,2.25
2016.07.15 10:38:46.207,1.17655,1.1766,1.80,1.00
2016.07.15 10:38:46.841,1.17655,1.17661,3.30,1.00
2016.07.15 10:38:47.361,1.17655,1.17662,2.55,1.50
2016.07.15 10:38:47.894,1.17655,1.17661,2.55,1.00
2016.07.15 10:38:48.245,1.17658,1.17662,1.00,1.00
2016.07.15 10:38:48.447,1.1766,1.17666,3.00,1.12
2016.07.15 10:38:49.046,1.17661,1.17666,1.00,1.00
2016.07.15 10:38:49.894,1.17662,1.17668,1.00,1.00
2016.07.15 10:38:50.580,1.17662,1.17669,1.50,1.50
2016.07.15 10:38:51.211,1.17661,1.17669,2.25,1.87
2016.07.15 10:38:51.515,1.17661,1.17667,1.00,1.12
2016.07.15 10:38:52.028,1.1766,1.17666,1.25,1.00
2016.07.15 10:38:52.534,1.17659,1.17666,1.50,1.50
2016.07.15 10:38:53.071,1.1766,1.17666,1.00,1.50
2016.07.15 10:38:53.480,1.17661,1.17668,1.00,1.87
2016.07.15 10:38:58.251,1.1766,1.17668,1.50,2.25
2016.07.15 10:38:58.403,1.1766,1.17666,1.00,1.00
2016.07.15 10:38:58.914,1.17659,1.17666,1.50,1.00
2016.07.15 10:38:59.584,1.17659,1.17667,1.50,2.25
2016.07.15 10:39:00.089,1.1766,1.17668,1.50,3.00
2016.07.15 10:39:02.085,1.17659,1.17668,1.50,1.50
2016.07.15 10:39:02.589,1.1766,1.17668,1.00,1.50
2016.07.15 10:39:04.139,1.1766,1.17667,1.00,1.00
2016.07.15 10:39:04.241,1.17658,1.17666,3.56,2.25
2016.07.15 10:39:04.342,1.17656,1.17662,1.27,1.00
2016.07.15 10:39:04.544,1.17653,1.17663,2.44,2.25
2016.07.15 10:39:05.093,1.17653,1.17663,1.50,5.62
2016.07.15 10:39:05.295,1.17658,1.17663,1.50,3.00
2016.07.15 10:39:05.447,1.17661,1.17668,1.00,2.25
2016.07.15 10:39:05.599,1.17663,1.1767,1.00,1.87
2016.07.15 10:39:06.110,1.17662,1.1767,1.00,1.50
2016.07.15 10:39:06.650,1.17661,1.1767,1.00,1.00
2016.07.15 10:39:07.163,1.1766,1.1767,2.32,1.50
2016.07.15 10:39:07.963,1.17661,1.1767,1.00,1.50
2016.07.15 10:39:08.482,1.17661,1.17669,2.25,1.00
2016.07.15 10:39:08.786,1.17659,1.17666,1.00,1.00
2016.07.15 10:39:09.350,1.17659,1.17667,1.50,1.00
2016.07.15 10:39:10.714,1.17659,1.17668,1.00,1.12
2016.07.15 10:39:11.656,1.1766,1.17668,1.00,1.12
2016.07.15 10:39:12.200,1.17659,1.17668,2.25,1.00
2016.07.15 10:39:12.741,1.1766,1.17667,1.00,1.00
2016.07.15 10:39:14.338,1.17659,1.17667,2.25,1.00
2016.07.15 10:39:14.869,1.1766,1.17667,1.00,1.00
2016.07.15 10:39:15.420,1.17659,1.17667,2.25,1.00
2016.07.15 10:39:15.949,1.1766,1.17667,1.00,1.00
2016.07.15 10:39:16.573,1.17659,1.17667,2.25,1.00
2016.07.15 10:39:17.124,1.1766,1.17667,1.00,1.00
2016.07.15 10:39:17.641,1.1766,1.17668,1.00,1.00
2016.07.15 10:39:18.589,1.17659,1.17668,2.25,1.00
2016.07.15 10:39:19.045,1.1766,1.17664,1.00,1.00
2016.07.15 10:39:19.147,1.17657,1.17664,1.00,1.00
2016.07.15 10:39:19.303,1.17655,1.17664,1.50,1.50
2016.07.15 10:39:19.522,1.17655,1.17664,1.56,1.50
2016.07.15 10:39:19.825,1.17655,1.17662,1.56,1.00
2016.07.15 10:39:20.837,1.17654,1.17662,1.87,1.00
2016.07.15 10:39:21.387,1.17654,1.17663,1.31,1.50
2016.07.15 10:39:21.438,1.17654,1.17663,1.56,1.50
2016.07.15 10:39:21.540,1.17654,1.17663,1.31,1.50
2016.07.15 10:39:22.088,1.17655,1.17663,1.00,1.50
2016.07.15 10:39:26.828,1.17655,1.17663,1.56,1.50
2016.07.15 10:39:30.713,1.17656,1.17662,1.56,1.00
2016.07.15 10:39:31.222,1.17657,1.17663,1.31,1.00
2016.07.15 10:39:31.566,1.17658,1.17664,1.56,2.25
2016.07.15 10:39:32.152,1.17658,1.17665,1.56,1.87
2016.07.15 10:39:32.481,1.17658,1.17665,1.31,1.50
2016.07.15 10:39:33.178,1.17658,1.17664,1.00,1.00
2016.07.15 10:39:33.685,1.17658,1.17663,1.00,1.00
2016.07.15 10:39:33.791,1.17659,1.17665,1.00,1.87
2016.07.15 10:39:33.979,1.17659,1.17667,1.56,1.00
2016.07.15 10:39:34.182,1.17659,1.17665,1.56,1.00
2016.07.15 10:39:34.283,1.17657,1.17665,3.19,1.50
2016.07.15 10:39:35.978,1.17656,1.17664,5.96,1.00
2016.07.15 10:39:36.281,1.17658,1.17666,2.81,2.25
2016.07.15 10:39:36.534,1.17658,1.17668,2.81,1.95
2016.07.15 10:39:36.920,1.17657,1.17666,3.19,1.00
2016.07.15 10:39:37.559,1.17658,1.17666,1.00,1.50
2016.07.15 10:39:37.913,1.17659,1.17664,1.00,1.00
2016.07.15 10:39:38.065,1.17657,1.17663,1.00,1.00
2016.07.15 10:39:38.116,1.17656,1.17665,2.06,3.75
2016.07.15 10:39:38.258,1.17656,1.17663,1.31,1.00
2016.07.15 10:39:39.140,1.17655,1.17662,1.27,1.00
2016.07.15 10:39:39.343,1.17653,1.1766,1.12,1.00
2016.07.15 10:39:39.394,1.17652,1.17656,1.00,1.00
2016.07.15 10:39:39.922,1.17649,1.17656,1.56,1.00
2016.07.15 10:39:40.427,1.17648,1.17657,1.56,1.50
2016.07.15 10:39:41.052,1.17648,1.17657,1.56,1.50
2016.07.15 10:39:41.389,1.17645,1.17652,3.15,1.00
2016.07.15 10:39:41.904,1.17643,1.17651,1.56,1.00
2016.07.15 10:39:44.671,1.17642,1.17651,3.19,1.00
2016.07.15 10:39:45.634,1.17643,1.17652,1.00,1.50
2016.07.15 10:39:46.667,1.17643,1.17651,1.00,1.00
2016.07.15 10:39:47.498,1.17641,1.1765,3.34,1.00
2016.07.15 10:39:47.600,1.1764,1.17647,2.62,1.00
2016.07.15 10:39:47.904,1.17635,1.17645,3.94,1.57
2016.07.15 10:39:47.954,1.17639,1.17646,1.00,2.70
2016.07.15 10:39:48.465,1.1764,1.17646,1.00,1.20
2016.07.15 10:39:48.516,1.1764,1.17647,1.00,2.02
2016.07.15 10:39:49.064,1.1764,1.17646,2.25,1.00
2016.07.15 10:39:50.619,1.1764,1.17645,1.50,1.00
2016.07.15 10:39:51.725,1.17643,1.17646,1.00,1.00
2016.07.15 10:39:51.831,1.17643,1.17649,1.00,3.00
2016.07.15 10:39:51.932,1.17644,1.1765,1.00,1.00
2016.07.15 10:39:51.983,1.17646,1.1765,1.00,1.00
2016.07.15 10:39:52.034,1.17646,1.17653,1.00,1.10
2016.07.15 10:39:52.085,1.17648,1.17653,1.00,1.10
2016.07.15 10:39:52.730,1.17648,1.17655,1.00,1.87
2016.07.15 10:39:53.235,1.17648,1.17654,1.00,1.00
2016.07.15 10:39:53.337,1.17648,1.17652,1.00,1.00
2016.07.15 10:39:53.540,1.17646,1.17651,1.00,1.00
2016.07.15 10:39:53.743,1.17643,1.1765,1.00,1.20
2016.07.15 10:39:54.034,1.17641,1.1765,1.50,2.40
2016.07.15 10:39:54.136,1.17641,1.17648,1.00,1.00
2016.07.15 10:39:54.239,1.17638,1.17646,1.00,1.50
2016.07.15 10:39:54.341,1.17638,1.17644,1.00,1.00
2016.07.15 10:39:54.543,1.17633,1.1764,1.00,1.95
2016.07.15 10:39:54.645,1.17633,1.17638,1.00,1.00
2016.07.15 10:39:55.232,1.17632,1.17638,1.00,1.12
2016.07.15 10:39:55.640,1.17631,1.17636,1.00,1.00
2016.07.15 10:39:55.945,1.17627,1.17632,1.00,1.00
2016.07.15 10:39:56.448,1.17626,1.17632,1.00,1.12
2016.07.15 10:39:56.751,1.17623,1.17628,1.00,1.12
2016.07.15 10:39:57.328,1.17623,1.17627,1.00,1.00
2016.07.15 10:39:57.533,1.17625,1.1763,1.00,1.87
2016.07.15 10:39:57.685,1.17626,1.17633,1.00,2.70
2016.07.15 10:39:57.736,1.17628,1.17633,1.00,1.37
2016.07.15 10:39:57.838,1.17629,1.17635,1.00,1.12
2016.07.15 10:39:57.940,1.17629,1.17637,1.50,2.40
2016.07.15 10:39:58.311,1.17631,1.17638,1.00,1.00
2016.07.15 10:39:59.882,1.17631,1.17637,1.00,1.00
2016.07.15 10:40:00.135,1.17629,1.17636,1.00,1.20
2016.07.15 10:40:00.237,1.17629,1.17633,1.00,1.00
2016.07.15 10:40:00.945,1.17627,1.17631,1.50,1.00
2016.07.15 10:40:01.239,1.17629,1.17634,1.00,1.20
2016.07.15 10:40:01.340,1.17629,1.17636,1.50,1.20
2016.07.15 10:40:01.493,1.17631,1.17637,1.00,1.87
2016.07.15 10:40:01.645,1.1763,1.17639,1.50,4.50
2016.07.15 10:40:01.849,1.17632,1.17639,1.00,4.50
2016.07.15 10:40:02.358,1.17632,1.17639,1.00,3.07
2016.07.15 10:40:03.275,1.17634,1.1764,1.00,3.82
2016.07.15 10:40:03.613,1.17631,1.1764,1.50,4.20
2016.07.15 10:40:04.119,1.17632,1.17639,1.00,1.10
2016.07.15 10:40:04.528,1.17631,1.17637,1.00,1.00
2016.07.15 10:40:05.054,1.17632,1.17638,1.00,1.00
2016.07.15 10:40:05.357,1.17634,1.1764,1.00,1.87
2016.07.15 10:40:05.559,1.17635,1.17642,1.00,1.57
2016.07.15 10:40:05.964,1.17634,1.1764,1.50,1.00
2016.07.15 10:40:06.501,1.17634,1.17641,1.00,1.50
2016.07.15 10:40:07.007,1.17635,1.1764,1.50,1.00
2016.07.15 10:40:07.556,1.17635,1.17642,1.50,1.50
2016.07.15 10:40:08.079,1.17636,1.17642,1.00,1.20
2016.07.15 10:40:08.383,1.17636,1.1764,1.00,1.00
2016.07.15 10:40:08.770,1.17636,1.17643,1.00,3.37
2016.07.15 10:40:08.922,1.17638,1.17644,1.00,2.25
2016.07.15 10:40:09.075,1.17638,1.17645,1.50,1.20
2016.07.15 10:40:09.582,1.17639,1.17645,1.00,1.20
2016.07.15 10:40:10.028,1.17639,1.17647,2.25,1.10
2016.07.15 10:40:10.130,1.17641,1.17648,1.00,2.70
2016.07.15 10:40:10.434,1.17643,1.17649,1.00,1.00
2016.07.15 10:40:11.046,1.17643,1.17648,1.00,1.00
2016.07.15 10:40:11.249,1.17642,1.17651,1.00,3.45
2016.07.15 10:40:11.976,1.17642,1.17648,1.00,1.00
2016.07.15 10:40:13.189,1.17641,1.17648,1.50,1.00
2016.07.15 10:40:13.791,1.17641,1.17648,1.50,2.62
2016.07.15 10:40:14.396,1.1764,1.17647,2.25,1.12
2016.07.15 10:40:14.949,1.17641,1.17648,1.00,2.32
2016.07.15 10:40:15.607,1.1764,1.17647,1.50,1.12
2016.07.15 10:40:16.151,1.17639,1.17648,1.00,3.90
2016.07.15 10:40:17.612,1.17639,1.17647,1.00,2.25
2016.07.15 10:40:20.307,1.17639,1.17648,1.00,5.32
2016.07.15 10:40:20.845,1.17639,1.17648,1.00,4.57
2016.07.15 10:40:21.159,1.17639,1.17646,1.00,1.00
2016.07.15 10:40:22.274,1.17639,1.17647,1.50,1.00
2016.07.15 10:40:22.856,1.1764,1.17644,1.00,1.00
2016.07.15 10:40:23.363,1.17639,1.17645,1.00,2.40
2016.07.15 10:40:23.889,1.17638,1.17645,1.00,2.40
2016.07.15 10:40:24.968,1.17638,1.17645,1.00,2.40
2016.07.15 10:40:25.505,1.17637,1.17645,1.50,3.90
2016.07.15 10:40:28.227,1.17638,1.17645,1.00,3.52
2016.07.15 10:40:28.508,1.17636,1.17643,1.00,1.00
2016.07.15 10:40:28.811,1.17635,1.1764,1.00,1.00
2016.07.15 10:40:29.350,1.17633,1.1764,1.00,1.00
2016.07.15 10:40:29.854,1.17634,1.17641,1.00,1.20
2016.07.15 10:40:31.299,1.17633,1.17641,1.00,1.20
2016.07.15 10:40:31.814,1.17635,1.17641,1.00,1.20
2016.07.15 10:40:32.263,1.17633,1.17641,1.00,1.65
2016.07.15 10:40:32.314,1.17633,1.17639,1.00,1.00
2016.07.15 10:40:32.670,1.17632,1.17635,1.00,1.00
2016.07.15 10:40:33.165,1.17631,1.17637,1.00,1.27
2016.07.15 10:40:33.723,1.1763,1.17637,2.25,2.02
2016.07.15 10:40:33.774,1.1763,1.17635,1.50,1.00
2016.07.15 10:40:34.256,1.17631,1.17637,1.00,1.95
2016.07.15 10:40:34.835,1.17631,1.17638,1.00,2.02
2016.07.15 10:40:35.037,1.17633,1.17638,1.00,1.50
2016.07.15 10:40:35.572,1.17632,1.17638,1.00,1.00
2016.07.15 10:40:36.388,1.17631,1.17639,1.50,1.95
2016.07.15 10:40:36.692,1.17632,1.17637,1.00,1.00
2016.07.15 10:40:37.224,1.17632,1.17638,1.00,1.00
2016.07.15 10:40:42.203,1.17632,1.17639,1.50,1.10
2016.07.15 10:40:42.817,1.17632,1.17638,1.50,1.00
2016.07.15 10:40:44.120,1.17633,1.17638,1.00,1.00
2016.07.15 10:40:45.648,1.17633,1.1764,1.00,2.25
2016.07.15 10:40:47.452,1.17632,1.17638,1.12,1.00
2016.07.15 10:40:47.768,1.17632,1.17636,1.31,1.00
2016.07.15 10:40:47.920,1.17631,1.1764,2.44,2.62
2016.07.15 10:40:47.971,1.17633,1.17641,1.00,3.75
2016.07.15 10:40:48.111,1.17633,1.17641,2.06,1.65
2016.07.15 10:40:48.629,1.17635,1.17642,1.00,1.45
2016.07.15 10:40:48.680,1.17635,1.17644,1.00,1.12
2016.07.15 10:40:48.933,1.17636,1.17645,1.69,3.52
2016.07.15 10:40:49.248,1.17644,1.17652,3.00,2.25
2016.07.15 10:40:49.301,1.17648,1.17653,1.00,1.00
2016.07.15 10:40:49.831,1.17649,1.17654,1.00,1.00
2016.07.15 10:40:50.337,1.1765,1.17655,1.00,1.50
2016.07.15 10:40:50.885,1.17651,1.17657,1.00,2.25
2016.07.15 10:40:51.088,1.17653,1.17659,1.00,3.19
2016.07.15 10:40:51.626,1.17653,1.17658,1.00,1.00
2016.07.15 10:40:52.131,1.17653,1.17657,1.00,1.12
2016.07.15 10:40:52.636,1.17653,1.17656,1.00,1.00
2016.07.15 10:40:52.800,1.17652,1.1766,1.50,1.57
2016.07.15 10:40:52.852,1.17654,1.17658,1.00,1.00
2016.07.15 10:40:52.954,1.17655,1.1766,1.00,1.12
2016.07.15 10:40:53.005,1.17657,1.1766,1.00,1.00
2016.07.15 10:40:53.056,1.17657,1.17662,1.00,2.32
2016.07.15 10:40:53.329,1.17659,1.17662,1.00,1.57
2016.07.15 10:40:53.584,1.17662,1.17669,1.00,3.37
2016.07.15 10:40:53.834,1.17663,1.1767,2.25,4.12
2016.07.15 10:40:54.189,1.17666,1.1767,1.00,2.25
2016.07.15 10:40:54.392,1.17672,1.17677,1.00,2.02
2016.07.15 10:40:54.675,1.17675,1.17679,1.00,2.77
2016.07.15 10:40:54.832,1.17679,1.17686,1.87,3.07
2016.07.15 10:40:54.884,1.17683,1.17687,1.00,1.12
2016.07.15 10:40:54.935,1.17683,1.17688,1.00,2.25
2016.07.15 10:40:55.442,1.17683,1.17689,1.00,1.20
2016.07.15 10:40:55.828,1.17681,1.17688,1.31,2.77
2016.07.15 10:40:55.879,1.1768,1.17686,1.19,2.62
2016.07.15 10:40:56.407,1.17679,1.17685,1.69,1.20
2016.07.15 10:40:56.947,1.17681,1.17686,1.19,1.57
2016.07.15 10:40:57.150,1.17688,1.17691,1.00,1.00
2016.07.15 10:40:57.201,1.17688,1.17695,1.37,1.87
2016.07.15 10:40:57.252,1.1769,1.17697,1.37,2.77
2016.07.15 10:40:57.303,1.17691,1.17697,1.25,1.20
2016.07.15 10:40:57.354,1.17691,1.17695,1.25,1.07
2016.07.15 10:40:57.868,1.17689,1.17697,2.44,2.62
2016.07.15 10:40:58.279,1.17689,1.17694,1.00,1.50
2016.07.15 10:40:58.330,1.17688,1.17693,1.00,1.12
2016.07.15 10:40:58.482,1.17685,1.1769,1.69,1.65
2016.07.15 10:40:58.633,1.17683,1.17688,3.19,1.00
2016.07.15 10:40:58.735,1.17683,1.17689,2.25,1.20
2016.07.15 10:40:58.961,1.17685,1.17691,1.00,1.75
2016.07.15 10:40:59.012,1.17688,1.17694,1.00,1.20
2016.07.15 10:40:59.520,1.17689,1.17694,1.00,1.65
2016.07.15 10:40:59.673,1.17688,1.17692,1.00,1.00
2016.07.15 10:40:59.875,1.17688,1.17694,1.19,1.20
2016.07.15 10:41:00.027,1.17691,1.17695,1.00,1.00
2016.07.15 10:41:00.558,1.17691,1.17698,1.00,1.12
2016.07.15 10:41:01.018,1.17691,1.17694,1.50,1.00
2016.07.15 10:41:01.403,1.17691,1.17697,1.00,1.57
2016.07.15 10:41:01.758,1.17691,1.17699,3.00,1.00
2016.07.15 10:41:01.810,1.17693,1.17697,1.69,1.00
2016.07.15 10:41:01.861,1.17693,1.17699,1.69,1.50
2016.07.15 10:41:02.455,1.17692,1.17699,1.31,1.00
2016.07.15 10:41:03.031,1.17692,1.17698,1.31,1.00
2016.07.15 10:41:03.132,1.17691,1.17695,3.94,1.00
2016.07.15 10:41:03.233,1.1769,1.17695,1.19,1.00
2016.07.15 10:41:03.436,1.17687,1.17692,3.94,1.00
2016.07.15 10:41:03.487,1.17687,1.17692,1.69,1.00
2016.07.15 10:41:03.989,1.17687,1.17693,1.50,1.10
2016.07.15 10:41:04.375,1.17687,1.1769,1.00,1.00
2016.07.15 10:41:04.427,1.17684,1.17688,3.19,1.00
2016.07.15 10:41:04.529,1.1768,1.17683,1.31,1.00
2016.07.15 10:41:04.693,1.17677,1.17678,1.25,1.00
2016.07.15 10:41:04.744,1.17672,1.17675,1.19,1.00
2016.07.15 10:41:04.998,1.17669,1.17676,1.19,1.57
2016.07.15 10:41:05.554,1.17668,1.17677,2.44,1.50
2016.07.15 10:41:06.057,1.17671,1.17679,1.50,1.20
2016.07.15 10:41:06.360,1.17673,1.1768,1.00,1.57
2016.07.15 10:41:06.665,1.17678,1.17685,1.00,1.50
2016.07.15 10:41:07.109,1.17678,1.17687,1.00,1.00
2016.07.15 10:41:07.312,1.1768,1.17687,1.19,1.00
2016.07.15 10:41:07.616,1.17681,1.17689,1.19,2.40
2016.07.15 10:41:07.718,1.17684,1.1769,1.00,1.12
2016.07.15 10:41:07.820,1.17685,1.17692,1.25,1.00
2016.07.15 10:41:08.067,1.17688,1.17694,1.00,1.00
2016.07.15 10:41:08.119,1.17686,1.17694,1.00,1.00
2016.07.15 10:41:08.635,1.17685,1.17693,2.44,1.00
2016.07.15 10:41:08.787,1.17685,1.1769,1.25,1.00
2016.07.15 10:41:09.131,1.17676,1.1768,1.19,1.00
2016.07.15 10:41:09.182,1.17676,1.1768,1.25,1.00
2016.07.15 10:41:09.844,1.17674,1.17681,1.19,1.87
2016.07.15 10:41:10.377,1.17674,1.17682,1.80,1.00
2016.07.15 10:41:10.681,1.17674,1.17677,1.95,1.00
2016.07.15 10:41:10.834,1.17669,1.17673,1.25,1.00
2016.07.15 10:41:10.936,1.17665,1.17668,1.69,1.00
2016.07.15 10:41:11.038,1.17662,1.17666,1.50,1.00
2016.07.15 10:41:11.579,1.17658,1.17667,3.30,1.87
2016.07.15 10:41:12.090,1.1766,1.17668,1.19,1.12
2016.07.15 10:41:12.209,1.17662,1.17668,1.69,1.00
2016.07.15 10:41:12.361,1.17671,1.17676,1.00,1.50
2016.07.15 10:41:12.412,1.17673,1.17679,1.00,1.57
2016.07.15 10:41:12.463,1.17674,1.17679,1.25,1.00
2016.07.15 10:41:12.565,1.17675,1.17682,1.00,1.00
2016.07.15 10:41:12.819,1.17676,1.17684,1.50,1.50
2016.07.15 10:41:13.344,1.17676,1.17685,2.25,1.00
2016.07.15 10:41:13.879,1.17677,1.17683,1.00,1.00
2016.07.15 10:41:13.980,1.17677,1.17685,1.00,2.25
2016.07.15 10:41:14.031,1.17679,1.17685,1.00,1.50
2016.07.15 10:41:14.183,1.1768,1.17688,1.00,2.62
2016.07.15 10:41:14.605,1.17681,1.17689,1.50,1.00
2016.07.15 10:41:15.147,1.17682,1.17689,1.00,1.00
2016.07.15 10:41:15.656,1.17682,1.17688,1.00,1.00
2016.07.15 10:41:15.996,1.17684,1.17689,1.00,1.00
2016.07.15 10:41:16.301,1.17686,1.17693,1.00,1.12
2016.07.15 10:41:16.404,1.17688,1.17693,1.00,1.00
2016.07.15 10:41:16.607,1.17687,1.17695,3.45,1.00
2016.07.15 10:41:16.658,1.17687,1.17692,2.70,1.00
2016.07.15 10:41:16.860,1.17683,1.1769,2.18,1.00
2016.07.15 10:41:17.506,1.17683,1.17691,1.80,1.00
2016.07.15 10:41:18.044,1.17683,1.17692,3.38,1.50
2016.07.15 10:41:18.096,1.17688,1.17695,1.00,4.65
2016.07.15 10:41:18.301,1.17689,1.17696,1.25,1.00
2016.07.15 10:41:18.707,1.1769,1.17698,1.69,1.12
2016.07.15 10:41:18.809,1.17693,1.17699,1.00,1.50
2016.07.15 10:41:18.911,1.17693,1.17701,1.25,1.12
2016.07.15 10:41:19.458,1.17694,1.17702,1.25,1.57
2016.07.15 10:41:20.162,1.17694,1.17696,1.25,1.00
2016.07.15 10:41:20.356,1.17691,1.17694,1.19,1.00
2016.07.15 10:41:20.408,1.17687,1.17694,1.30,1.00
2016.07.15 10:41:20.610,1.17687,1.17693,1.00,1.00
2016.07.15 10:41:21.124,1.17686,1.17694,2.44,1.87
2016.07.15 10:41:21.657,1.17687,1.17694,1.00,1.12
2016.07.15 10:41:21.810,1.17688,1.17695,1.19,1.20
2016.07.15 10:41:22.115,1.17689,1.17697,1.25,1.87
2016.07.15 10:41:22.165,1.17689,1.17698,1.19,3.60
2016.07.15 10:41:22.456,1.17688,1.17695,1.25,1.00
2016.07.15 10:41:22.773,1.17687,1.17693,1.19,1.00
2016.07.15 10:41:23.133,1.17686,1.17692,1.25,1.00
2016.07.15 10:41:23.374,1.17689,1.17695,1.00,1.50
2016.07.15 10:41:23.688,1.17686,1.17693,1.19,1.00
2016.07.15 10:41:23.790,1.17685,1.17693,1.19,1.12
2016.07.15 10:41:24.720,1.17685,1.17694,1.69,1.50
2016.07.15 10:41:24.771,1.17686,1.17694,1.19,1.00
2016.07.15 10:41:25.282,1.17687,1.17695,1.19,1.50
2016.07.15 10:41:25.434,1.17682,1.17691,1.56,2.32
2016.07.15 10:41:25.485,1.17682,1.17689,1.56,1.00
2016.07.15 10:41:26.031,1.1768,1.17689,1.69,1.12
2016.07.15 10:41:26.335,1.17685,1.17694,2.81,1.27
2016.07.15 10:41:26.640,1.17687,1.17695,1.87,3.00
2016.07.15 10:41:27.787,1.17687,1.17696,3.00,2.02
2016.07.15 10:41:28.343,1.17688,1.17696,1.12,2.44
2016.07.15 10:41:28.649,1.17685,1.17692,1.19,1.00
2016.07.15 10:41:29.328,1.17685,1.17688,1.19,1.00
2016.07.15 10:41:29.842,1.17683,1.17688,1.19,1.00
2016.07.15 10:41:30.354,1.17683,1.17687,1.19,1.00
2016.07.15 10:41:30.892,1.17683,1.17688,1.19,1.00
2016.07.15 10:41:31.541,1.17683,1.17687,1.19,1.00
2016.07.15 10:41:32.225,1.17683,1.17688,1.19,2.25
2016.07.15 10:41:35.003,1.17682,1.17689,2.06,1.50
2016.07.15 10:41:35.159,1.17687,1.17693,1.00,1.12
2016.07.15 10:41:35.261,1.17688,1.17697,1.00,4.20
2016.07.15 10:41:35.515,1.17689,1.17698,1.00,1.00
2016.07.15 10:41:35.768,1.17692,1.177,1.37,2.70
2016.07.15 10:41:37.693,1.17693,1.17701,1.87,1.10
2016.07.15 10:41:37.996,1.17695,1.17703,1.00,1.50
2016.07.15 10:41:38.924,1.17696,1.17703,1.00,1.50
2016.07.15 10:41:39.463,1.17697,1.17704,1.00,1.00
2016.07.15 10:41:43.428,1.17697,1.17705,1.00,1.00
2016.07.15 10:41:43.934,1.17697,1.17706,1.00,2.25
2016.07.15 10:41:44.471,1.17699,1.17706,1.00,1.00
2016.07.15 10:41:44.674,1.17701,1.17709,1.50,1.62
2016.07.15 10:41:45.032,1.17701,1.17705,1.00,1.00
2016.07.15 10:41:45.338,1.17699,1.17707,1.09,1.16
2016.07.15 10:41:46.206,1.17701,1.17709,1.25,1.62
2016.07.15 10:41:46.257,1.17701,1.17709,3.94,1.00
2016.07.15 10:41:46.409,1.17702,1.17711,3.94,1.00
2016.07.15 10:41:46.946,1.17702,1.17712,4.69,1.62
2016.07.15 10:41:51.964,1.17703,1.17713,2.06,2.52
2016.07.15 10:41:53.612,1.17704,1.17711,1.25,1.00
2016.07.15 10:41:53.974,1.17706,1.17715,1.50,1.95
2016.07.15 10:41:54.512,1.17706,1.17715,1.00,1.50
2016.07.15 10:41:54.726,1.17705,1.1771,3.56,1.00
2016.07.15 10:41:55.245,1.17702,1.17709,1.69,1.00
2016.07.15 10:41:55.604,1.17701,1.17706,1.25,1.00
2016.07.15 10:41:55.706,1.17698,1.17706,2.51,1.12
2016.07.15 10:41:56.237,1.17698,1.17705,2.44,1.50
2016.07.15 10:41:56.887,1.17698,1.17705,1.69,1.37
2016.07.15 10:41:57.505,1.17698,1.17705,1.19,1.00
2016.07.15 10:41:58.022,1.17698,1.17705,1.19,1.87
2016.07.15 10:41:58.327,1.17697,1.17707,1.84,1.50
2016.07.15 10:41:58.859,1.177,1.17706,1.00,1.00
2016.07.15 10:41:59.376,1.177,1.17707,1.00,1.00
2016.07.15 10:42:00.416,1.177,1.17706,1.19,1.00
2016.07.15 10:42:01.071,1.177,1.17708,1.19,1.50
2016.07.15 10:42:01.576,1.177,1.17707,1.19,1.00
2016.07.15 10:42:02.103,1.17701,1.17708,1.25,1.00
2016.07.15 10:42:02.532,1.17702,1.1771,1.69,1.50
2016.07.15 10:42:02.784,1.17704,1.17711,1.00,1.00
2016.07.15 10:42:03.336,1.17704,1.17712,1.19,1.65
2016.07.15 10:42:06.843,1.17704,1.1771,1.19,1.00
2016.07.15 10:42:09.465,1.17703,1.1771,1.69,1.50
2016.07.15 10:42:10.153,1.17703,1.17711,1.69,1.50
2016.07.15 10:42:10.558,1.17704,1.17713,2.44,1.10
2016.07.15 10:42:11.252,1.17705,1.17714,1.19,1.50
2016.07.15 10:42:11.303,1.17705,1.17714,2.44,2.25
2016.07.15 10:42:11.809,1.17706,1.17715,2.25,1.00
2016.07.15 10:42:12.352,1.17707,1.17715,1.00,1.50
2016.07.15 10:42:12.403,1.17708,1.17715,1.87,1.00
2016.07.15 10:42:12.909,1.17707,1.17714,2.25,1.00
2016.07.15 10:42:13.470,1.17708,1.17712,2.25,1.00
2016.07.15 10:42:14.063,1.17708,1.17713,3.00,1.00
2016.07.15 10:42:14.566,1.17708,1.17715,1.50,1.00
2016.07.15 10:42:14.618,1.17707,1.17713,3.75,1.00
2016.07.15 10:42:15.360,1.17708,1.17714,1.50,1.50
2016.07.15 10:42:15.861,1.17707,1.17714,2.25,1.50
2016.07.15 10:42:16.164,1.1771,1.17714,1.00,1.00
2016.07.15 10:42:16.800,1.1771,1.17715,1.00,2.25
2016.07.15 10:42:16.902,1.17709,1.17717,2.25,1.50
2016.07.15 10:42:19.824,1.17709,1.17716,1.50,1.00
2016.07.15 10:42:19.875,1.17709,1.17714,1.50,1.00
2016.07.15 10:42:20.231,1.17709,1.17716,1.00,1.50
2016.07.15 10:42:21.070,1.17709,1.17713,1.50,1.00
2016.07.15 10:42:21.633,1.1771,1.17711,1.25,1.00
2016.07.15 10:42:22.184,1.17708,1.17711,1.69,1.00
2016.07.15 10:42:25.107,1.17708,1.17712,1.19,1.50
2016.07.15 10:42:26.193,1.17708,1.17711,1.19,1.00
2016.07.15 10:42:30.113,1.17706,1.17711,2.25,1.00
2016.07.15 10:42:32.207,1.17705,1.17711,6.26,1.00
2016.07.15 10:42:33.175,1.17705,1.17709,6.26,1.00
2016.07.15 10:42:33.479,1.17703,1.17706,1.19,1.50
2016.07.15 10:42:33.813,1.17701,1.17705,1.19,1.00
2016.07.15 10:42:34.557,1.17701,1.17706,1.19,1.50
2016.07.15 10:42:36.784,1.17701,1.17705,1.19,1.00
2016.07.15 10:42:36.835,1.17698,1.17702,1.12,1.50
2016.07.15 10:42:37.121,1.17697,1.17705,2.25,1.50
2016.07.15 10:42:37.223,1.17698,1.17707,2.25,2.02
2016.07.15 10:42:37.375,1.177,1.17708,1.69,1.00
2016.07.15 10:42:37.678,1.17703,1.17711,2.44,1.00
2016.07.15 10:42:37.779,1.17704,1.17713,1.19,1.50
2016.07.15 10:42:38.576,1.17703,1.1771,3.26,1.00
2016.07.15 10:42:39.639,1.17704,1.17709,1.43,1.00
2016.07.15 10:42:39.994,1.17703,1.17706,1.69,1.00
2016.07.15 10:42:40.045,1.17702,1.17705,1.31,1.00
2016.07.15 10:42:40.249,1.17697,1.17703,1.76,1.00
2016.07.15 10:42:40.300,1.17697,1.17702,1.39,1.00
2016.07.15 10:42:40.351,1.17695,1.17697,1.20,1.50
2016.07.15 10:42:40.453,1.17688,1.17693,1.94,1.50
2016.07.15 10:42:40.504,1.17689,1.17693,1.19,1.50
2016.07.15 10:42:40.962,1.17687,1.17691,1.19,1.00
2016.07.15 10:42:41.358,1.17676,1.17679,1.37,1.50
2016.07.15 10:42:41.462,1.17675,1.17679,1.00,1.50
2016.07.15 10:42:41.564,1.17672,1.17675,1.19,1.00
2016.07.15 10:42:41.666,1.17668,1.17675,4.01,1.00
2016.07.15 10:42:41.871,1.17671,1.17675,1.19,1.00
2016.07.15 10:42:41.973,1.17671,1.17677,1.19,1.50
2016.07.15 10:42:42.430,1.17675,1.17679,1.25,1.00
2016.07.15 10:42:42.937,1.17675,1.1768,1.25,1.00
2016.07.15 10:42:43.442,1.17675,1.1768,1.69,1.00
2016.07.15 10:42:43.544,1.17676,1.17684,1.69,1.00
2016.07.15 10:42:43.646,1.17678,1.17685,1.19,1.00
2016.07.15 10:42:44.049,1.17679,1.17687,1.19,2.25
2016.07.15 10:42:44.100,1.17677,1.17684,3.26,1.00
2016.07.15 10:42:44.303,1.17676,1.17683,1.19,1.00
2016.07.15 10:42:44.657,1.17677,1.17685,1.19,1.50
2016.07.15 10:42:44.759,1.17677,1.17687,1.69,1.95
2016.07.15 10:42:45.131,1.17677,1.17682,1.69,1.00
2016.07.15 10:42:45.183,1.17677,1.17682,1.19,1.00
2016.07.15 10:42:45.693,1.17677,1.17684,1.19,1.50
2016.07.15 10:42:46.212,1.17677,1.17683,1.19,1.00
2016.07.15 10:42:46.575,1.1768,1.17684,1.19,1.00
2016.07.15 10:42:46.727,1.17682,1.17687,1.69,2.25
2016.07.15 10:42:46.778,1.17684,1.17688,1.87,1.50
2016.07.15 10:42:46.880,1.17687,1.17694,2.81,1.57
2016.07.15 10:42:46.931,1.1769,1.17694,1.25,1.00
2016.07.15 10:42:47.185,1.17692,1.17697,1.12,1.00
2016.07.15 10:42:47.287,1.17692,1.17697,2.06,1.00
2016.07.15 10:42:47.668,1.17696,1.17701,1.12,1.00
2016.07.15 10:42:47.822,1.17696,1.17703,3.00,1.50
2016.07.15 10:42:47.875,1.17697,1.17704,1.87,1.09
2016.07.15 10:42:48.280,1.17698,1.17706,2.25,1.50
2016.07.15 10:42:48.781,1.177,1.17706,1.50,1.00
2016.07.15 10:42:49.323,1.177,1.17707,1.00,1.25
2016.07.15 10:42:50.068,1.177,1.17706,1.00,1.00
2016.07.15 10:42:50.585,1.177,1.17705,1.00,1.00
2016.07.15 10:42:51.109,1.17702,1.17705,1.25,1.00
2016.07.15 10:42:52.245,1.17701,1.17705,1.25,1.50
2016.07.15 10:42:52.499,1.17704,1.1771,1.87,1.50
2016.07.15 10:42:52.751,1.17704,1.17714,3.75,2.25
2016.07.15 10:42:52.802,1.17707,1.17714,1.19,1.50
2016.07.15 10:42:53.184,1.17707,1.17716,3.19,1.50
2016.07.15 10:42:53.697,1.17713,1.1772,1.50,1.00
2016.07.15 10:42:53.900,1.17715,1.17721,1.00,1.00
2016.07.15 10:42:54.446,1.17715,1.17722,1.19,1.00
2016.07.15 10:42:55.594,1.17715,1.17723,1.50,1.50
2016.07.15 10:42:56.098,1.17716,1.17723,1.00,1.50
2016.07.15 10:42:56.357,1.17717,1.17724,1.62,1.00
2016.07.15 10:42:56.408,1.17719,1.17726,1.12,1.00
2016.07.15 10:42:56.916,1.1772,1.17727,1.00,1.00
2016.07.15 10:42:57.172,1.17721,1.17729,1.00,1.50
2016.07.15 10:42:58.829,1.17722,1.1773,1.00,2.25
2016.07.15 10:42:58.881,1.17724,1.17731,1.00,2.25
2016.07.15 10:42:59.184,1.17726,1.17731,1.00,1.00
2016.07.15 10:42:59.491,1.17724,1.17729,1.00,1.50
2016.07.15 10:42:59.677,1.17722,1.17728,1.50,1.00
2016.07.15 10:43:01.886,1.17722,1.17731,2.25,1.50
2016.07.15 10:43:02.266,1.17724,1.17733,1.00,2.32
2016.07.15 10:43:02.779,1.17724,1.17733,1.00,1.00
2016.07.15 10:43:03.372,1.17724,1.17735,1.00,1.10
2016.07.15 10:43:04.105,1.17725,1.17735,1.00,1.00
2016.07.15 10:43:04.611,1.17726,1.17735,1.00,1.00
2016.07.15 10:43:05.131,1.17726,1.17736,1.00,1.10
2016.07.15 10:43:05.681,1.17727,1.17736,1.00,1.10
2016.07.15 10:43:06.182,1.17726,1.17735,1.00,1.00
2016.07.15 10:43:06.436,1.17724,1.17734,2.32,1.00
2016.07.15 10:43:07.348,1.17725,1.17734,1.00,1.00
2016.07.15 10:43:07.887,1.17725,1.17735,1.37,1.00
2016.07.15 10:43:07.989,1.17727,1.17737,1.20,1.50
2016.07.15 10:43:08.520,1.17728,1.17737,1.20,1.50
2016.07.15 10:43:09.049,1.17727,1.17738,1.50,1.87
2016.07.15 10:43:10.350,1.17726,1.17731,1.12,1.00
2016.07.15 10:43:10.663,1.17702,1.17704,1.12,1.00
2016.07.15 10:43:10.714,1.17697,1.17703,1.31,1.00
2016.07.15 10:43:10.766,1.17697,1.17699,1.00,7.75
2016.07.15 10:43:10.868,1.1769,1.17698,1.99,1.00
2016.07.15 10:43:10.920,1.17687,1.17694,1.49,1.00
2016.07.15 10:43:11.072,1.17684,1.17693,1.00,1.00
2016.07.15 10:43:11.621,1.17684,1.17693,1.00,1.50
2016.07.15 10:43:11.672,1.17687,1.17694,1.00,1.00
2016.07.15 10:43:11.925,1.17684,1.17693,2.74,1.00
2016.07.15 10:43:12.028,1.17684,1.17689,1.16,1.00
2016.07.15 10:43:12.180,1.17682,1.17689,1.50,1.00
2016.07.15 10:43:12.231,1.17678,1.17688,3.34,1.00
2016.07.15 10:43:12.534,1.17677,1.17686,1.16,1.00
2016.07.15 10:43:13.054,1.17677,1.17685,1.16,1.00
2016.07.15 10:43:13.258,1.17679,1.17688,1.00,1.20
2016.07.15 10:43:13.553,1.17681,1.17688,1.00,1.00
2016.07.15 10:43:13.859,1.17687,1.17691,1.00,1.00
2016.07.15 10:43:14.011,1.17687,1.17694,1.50,1.20
2016.07.15 10:43:14.460,1.17689,1.17694,1.00,1.00
2016.07.15 10:43:14.511,1.17689,1.17696,1.00,1.20
2016.07.15 10:43:15.211,1.17689,1.17697,1.00,1.00
2016.07.15 10:43:15.262,1.17691,1.17697,1.00,1.00
2016.07.15 10:43:15.566,1.17705,1.17708,1.50,1.27
2016.07.15 10:43:15.617,1.17705,1.1771,1.50,3.37
2016.07.15 10:43:15.668,1.17707,1.1771,1.00,1.87
2016.07.15 10:43:15.870,1.17707,1.17712,1.00,1.20
2016.07.15 10:43:16.278,1.17708,1.17714,1.00,1.00
2016.07.15 10:43:16.790,1.17708,1.17715,1.00,1.00
2016.07.15 10:43:17.155,1.17712,1.17719,1.00,1.87
2016.07.15 10:43:17.206,1.17712,1.17719,1.00,1.20
2016.07.15 10:43:17.257,1.17714,1.1772,1.50,1.50
2016.07.15 10:43:17.409,1.17717,1.17723,1.00,1.12
2016.07.15 10:43:17.561,1.17715,1.17723,1.50,1.12
2016.07.15 10:43:18.670,1.17712,1.17721,1.50,1.00
2016.07.15 10:43:19.248,1.17712,1.17722,1.00,1.00
2016.07.15 10:43:19.789,1.17713,1.17722,1.00,1.00
2016.07.15 10:43:22.432,1.17713,1.17723,1.50,2.02
2016.07.15 10:43:22.584,1.17713,1.17721,1.00,1.00
2016.07.15 10:43:22.778,1.1771,1.1772,2.25,1.00
2016.07.15 10:43:22.829,1.1771,1.17713,1.50,1.00
2016.07.15 10:43:22.983,1.17708,1.17713,1.00,3.37
2016.07.15 10:43:23.085,1.17703,1.17711,1.62,1.00
2016.07.15 10:43:23.621,1.17703,1.17711,1.16,2.32
2016.07.15 10:43:24.141,1.17703,1.1771,1.00,1.12
2016.07.15 10:43:24.343,1.17702,1.17706,1.00,1.00
2016.07.15 10:43:24.877,1.17701,1.17706,1.00,1.00
2016.07.15 10:43:25.081,1.17701,1.17709,1.00,1.57
2016.07.15 10:43:25.664,1.177,1.17709,1.00,1.95
2016.07.15 10:43:26.388,1.17701,1.1771,1.00,1.82
2016.07.15 10:43:26.939,1.17701,1.17709,1.50,1.20
2016.07.15 10:43:27.709,1.17699,1.1771,1.50,2.02
2016.07.15 10:43:28.434,1.177,1.17708,1.50,1.35
2016.07.15 10:43:28.585,1.177,1.1771,2.25,1.20
2016.07.15 10:43:28.789,1.17702,1.1771,1.00,1.10
2016.07.15 10:43:29.152,1.17702,1.17707,1.00,1.00
2016.07.15 10:43:29.557,1.17701,1.17705,1.00,1.00
2016.07.15 10:43:29.608,1.17699,1.17705,2.25,1.00
2016.07.15 10:43:29.884,1.17699,1.17707,1.50,1.00
2016.07.15 10:43:30.598,1.17698,1.17707,1.50,1.00
2016.07.15 10:43:31.957,1.17698,1.17706,1.50,1.75
2016.07.15 10:43:32.112,1.17696,1.17704,1.00,1.50
2016.07.15 10:43:32.637,1.17695,1.17703,1.00,1.45
2016.07.15 10:43:33.146,1.17696,1.17703,1.00,1.50
2016.07.15 10:43:33.671,1.17696,1.17703,1.00,1.10
2016.07.15 10:43:34.093,1.17693,1.17702,2.25,1.87
2016.07.15 10:43:34.598,1.17693,1.17701,1.00,2.40
2016.07.15 10:43:35.105,1.17692,1.177,2.25,1.00
2016.07.15 10:43:36.097,1.17691,1.17699,2.25,1.00
2016.07.15 10:43:37.769,1.17691,1.17698,1.00,1.00
2016.07.15 10:43:38.248,1.17689,1.17699,1.50,1.50
2016.07.15 10:43:39.472,1.1769,1.17699,1.00,1.00
2016.07.15 10:43:42.088,1.17691,1.177,1.00,1.87
2016.07.15 10:43:42.606,1.17691,1.17701,1.00,2.02
2016.07.15 10:43:44.160,1.17691,1.17701,2.25,2.29
2016.07.15 10:43:44.563,1.17693,1.17701,1.00,2.74
2016.07.15 10:43:48.932,1.17694,1.17701,1.00,1.56
2016.07.15 10:43:49.759,1.17693,1.17701,1.00,2.06
2016.07.15 10:43:51.765,1.17693,1.17698,1.00,1.00
2016.07.15 10:43:51.867,1.17691,1.17697,1.00,1.10
2016.07.15 10:43:52.505,1.1769,1.17697,1.00,1.20
2016.07.15 10:43:52.986,1.17688,1.17697,1.50,1.20
2016.07.15 10:43:53.259,1.17688,1.17695,1.50,1.00
2016.07.15 10:43:54.820,1.17687,1.17695,1.00,1.50
2016.07.15 10:43:57.573,1.17686,1.17694,1.00,1.00
2016.07.15 10:43:57.914,1.17684,1.17691,1.50,1.56
2016.07.15 10:43:58.874,1.17685,1.17691,1.00,1.56
2016.07.15 10:43:59.219,1.1769,1.17694,1.50,1.00
2016.07.15 10:43:59.372,1.17693,1.17701,1.50,3.19
2016.07.15 10:43:59.423,1.17696,1.17701,1.00,1.87
2016.07.15 10:43:59.966,1.17696,1.17701,1.00,1.00
2016.07.15 10:44:00.271,1.17698,1.17701,1.00,1.66
2016.07.15 10:44:00.524,1.177,1.17704,1.50,1.01
2016.07.15 10:44:01.068,1.17701,1.17707,1.50,1.56
2016.07.15 10:44:01.335,1.17703,1.17708,1.00,1.56
2016.07.15 10:44:02.590,1.17702,1.17708,1.50,2.06
2016.07.15 10:44:02.893,1.17705,1.17709,1.00,1.31
2016.07.15 10:44:03.095,1.17705,1.17708,1.00,1.25
2016.07.15 10:44:03.638,1.17706,1.1771,1.50,2.44
2016.07.15 10:44:05.790,1.17706,1.17709,1.50,1.25
2016.07.15 10:44:06.624,1.17704,1.17709,3.19,1.25
2016.07.15 10:44:09.647,1.17704,1.1771,1.00,1.24
2016.07.15 10:44:10.160,1.17704,1.17711,1.00,1.53
2016.07.15 10:44:12.163,1.17707,1.17713,1.00,2.44
2016.07.15 10:44:12.265,1.17709,1.17713,1.00,1.32
2016.07.15 10:44:12.316,1.17709,1.17715,1.50,1.12
2016.07.15 10:44:12.885,1.1771,1.17718,1.00,1.62
2016.07.15 10:44:13.516,1.1771,1.17718,1.00,1.49
2016.07.15 10:44:14.064,1.17709,1.17718,2.25,1.12
2016.07.15 10:44:14.716,1.1771,1.17718,1.00,1.62
2016.07.15 10:44:15.011,1.17712,1.17718,1.00,1.62
2016.07.15 10:44:15.113,1.17714,1.17721,1.00,1.12
2016.07.15 10:44:15.164,1.17714,1.17722,1.00,1.87
2016.07.15 10:44:15.265,1.17716,1.17723,1.00,2.44
2016.07.15 10:44:15.613,1.17718,1.17726,1.50,1.12
2016.07.15 10:44:16.425,1.17715,1.17723,3.75,1.12
2016.07.15 10:44:19.256,1.17714,1.17719,1.00,1.16
2016.07.15 10:44:19.306,1.17711,1.17719,2.25,1.24
2016.07.15 10:44:21.488,1.17711,1.1772,1.13,1.12
2016.07.15 10:44:21.900,1.1771,1.17719,2.25,1.12
2016.07.15 10:44:23.321,1.17711,1.17719,1.00,1.95
2016.07.15 10:44:23.676,1.1771,1.1772,1.50,1.62
2016.07.15 10:44:24.224,1.1771,1.17719,1.50,3.12
2016.07.15 10:44:24.760,1.17709,1.17716,1.00,1.62
2016.07.15 10:44:25.402,1.17709,1.17717,1.00,3.19
2016.07.15 10:44:25.561,1.17707,1.17716,2.44,1.12
2016.07.15 10:44:26.044,1.17709,1.17717,1.00,1.69
2016.07.15 10:44:26.145,1.1771,1.17718,1.00,1.69
2016.07.15 10:44:26.260,1.17712,1.17718,1.00,1.19
2016.07.15 10:44:26.464,1.1771,1.17717,1.50,1.16
2016.07.15 10:44:27.130,1.17709,1.17718,1.50,1.99
2016.07.15 10:44:27.961,1.17709,1.17716,1.00,1.00
2016.07.15 10:44:28.062,1.17706,1.17716,3.75,2.52
2016.07.15 10:44:28.571,1.17706,1.17714,1.00,1.50
2016.07.15 10:44:30.610,1.17706,1.17714,3.19,1.57
2016.07.15 10:44:31.140,1.17706,1.17714,1.50,1.57
2016.07.15 10:44:32.170,1.17705,1.17714,2.44,2.70
2016.07.15 10:44:32.272,1.17705,1.1771,1.50,1.00
2016.07.15 10:44:34.284,1.17704,1.1771,1.00,1.00
2016.07.15 10:44:35.039,1.17704,1.17708,1.00,1.00
2016.07.15 10:44:35.140,1.17702,1.1771,1.50,1.50
2016.07.15 10:44:41.582,1.17702,1.17709,1.69,1.00
2016.07.15 10:44:41.684,1.177,1.17707,3.19,1.00
2016.07.15 10:44:42.038,1.17702,1.17708,1.00,1.00
2016.07.15 10:44:42.164,1.17701,1.1771,1.69,1.12
2016.07.15 10:44:42.266,1.17704,1.17712,1.50,1.20
2016.07.15 10:44:42.368,1.17705,1.17714,1.00,3.34
2016.07.15 10:44:42.621,1.17707,1.17714,1.00,1.69
2016.07.15 10:44:42.825,1.17709,1.17717,1.00,1.00
2016.07.15 10:44:43.180,1.1771,1.17719,1.00,1.87
2016.07.15 10:44:43.748,1.1771,1.17718,1.00,1.00
2016.07.15 10:44:44.896,1.1771,1.17718,3.75,1.00
2016.07.15 10:44:45.811,1.17711,1.17719,1.50,1.50
2016.07.15 10:44:47.295,1.17712,1.17719,1.00,1.00
2016.07.15 10:44:47.396,1.17712,1.17721,1.00,1.10
2016.07.15 10:44:48.308,1.17712,1.17717,1.00,1.00
2016.07.15 10:44:49.584,1.17711,1.17717,1.00,1.31
2016.07.15 10:44:50.105,1.17712,1.17717,1.50,1.31
2016.07.15 10:44:51.548,1.17712,1.17719,1.50,1.56
2016.07.15 10:44:52.076,1.17713,1.17718,1.00,1.56
2016.07.15 10:44:53.484,1.17711,1.17718,1.87,1.19
2016.07.15 10:44:54.060,1.17712,1.17716,1.00,1.12
2016.07.15 10:44:54.111,1.17712,1.17718,1.00,1.16
2016.07.15 10:44:54.687,1.17714,1.17718,1.00,1.62
2016.07.15 10:44:55.194,1.17713,1.17716,1.00,1.00
2016.07.15 10:44:55.699,1.17712,1.17716,1.00,1.00
2016.07.15 10:44:56.014,1.17708,1.17713,1.87,1.50
2016.07.15 10:44:56.317,1.17705,1.17709,2.25,1.00
2016.07.15 10:44:57.023,1.17705,1.17708,2.25,1.00
2016.07.15 10:44:59.322,1.17703,1.17708,1.37,1.00
2016.07.15 10:44:59.525,1.17705,1.17711,1.00,1.20
2016.07.15 10:45:02.013,1.17706,1.17711,1.00,1.00
2016.07.15 10:45:02.237,1.17708,1.17712,1.50,1.00
2016.07.15 10:45:02.440,1.17708,1.17714,1.50,1.00
2016.07.15 10:45:02.491,1.1771,1.17715,1.00,1.10
2016.07.15 10:45:02.794,1.17709,1.17712,2.25,1.00
2016.07.15 10:45:03.331,1.1771,1.17714,1.50,1.95
2016.07.15 10:45:03.584,1.17711,1.17716,1.00,1.10
2016.07.15 10:45:04.039,1.17712,1.17718,1.50,1.27
2016.07.15 10:45:04.293,1.17714,1.17719,1.00,1.50
2016.07.15 10:45:06.479,1.17715,1.17718,1.00,1.00
2016.07.15 10:45:06.847,1.17715,1.17718,1.50,1.12
2016.07.15 10:45:07.168,1.17713,1.17714,1.50,1.16
2016.07.15 10:45:07.371,1.17713,1.17716,1.50,1.16
2016.07.15 10:45:07.422,1.17714,1.17717,1.00,1.62
2016.07.15 10:45:07.523,1.17715,1.17718,1.50,1.00
2016.07.15 10:45:08.052,1.17716,1.17718,1.00,1.00
2016.07.15 10:45:08.583,1.17716,1.17717,1.00,1.00
2016.07.15 10:45:09.107,1.17716,1.17718,1.00,1.00
2016.07.15 10:45:09.613,1.17715,1.17719,1.50,1.00
2016.07.15 10:45:10.151,1.17716,1.17719,1.50,1.00
2016.07.15 10:45:10.658,1.17717,1.17719,1.00,1.00
2016.07.15 10:45:11.138,1.17717,1.17721,1.00,1.16
2016.07.15 10:45:11.643,1.17716,1.1772,1.50,1.00
2016.07.15 10:45:13.000,1.17715,1.1772,2.25,1.25
2016.07.15 10:45:13.426,1.17715,1.17718,2.25,1.00
2016.07.15 10:45:14.766,1.17716,1.17718,1.00,1.00
2016.07.15 10:45:15.271,1.17715,1.17718,2.25,1.00
2016.07.15 10:45:16.976,1.17714,1.17717,1.50,4.50
2016.07.15 10:45:17.078,1.17712,1.17717,1.00,2.25
2016.07.15 10:45:17.180,1.17712,1.17715,1.50,1.00
2016.07.15 10:45:17.394,1.17707,1.17711,1.00,1.00
2016.07.15 10:45:17.901,1.17706,1.17711,1.00,1.00
2016.07.15 10:45:18.439,1.17705,1.1771,1.50,1.00
2016.07.15 10:45:18.774,1.17705,1.17706,1.50,1.00
2016.07.15 10:45:18.825,1.17701,1.17705,1.87,1.00
2016.07.15 10:45:18.978,1.177,1.17702,1.00,1.00
2016.07.15 10:45:19.284,1.17698,1.17699,1.00,1.00
2016.07.15 10:45:19.335,1.17695,1.17699,3.94,1.00
2016.07.15 10:45:19.387,1.17695,1.17702,1.69,1.12
2016.07.15 10:45:20.422,1.17696,1.17701,1.00,1.00
2016.07.15 10:45:20.473,1.17696,1.17698,1.00,1.00
2016.07.15 10:45:20.986,1.17695,1.17698,1.00,1.00
2016.07.15 10:45:21.464,1.17697,1.17703,1.00,2.32
2016.07.15 10:45:21.515,1.17697,1.17703,1.00,1.50
2016.07.15 10:45:21.566,1.17699,1.17702,1.00,1.00
2016.07.15 10:45:21.667,1.17699,1.17705,1.00,1.00
2016.07.15 10:45:22.189,1.177,1.17703,1.00,1.00
2016.07.15 10:45:22.423,1.17698,1.17703,1.00,1.00
2016.07.15 10:45:22.474,1.17698,1.17701,1.00,1.00
2016.07.15 10:45:22.778,1.17697,1.17699,1.00,1.00
2016.07.15 10:45:23.672,1.17696,1.17699,1.00,1.00
2016.07.15 10:45:24.348,1.17696,1.17702,1.00,1.87
2016.07.15 10:45:24.399,1.17698,1.17702,1.00,1.00
2016.07.15 10:45:24.854,1.17699,1.17704,1.00,1.31
2016.07.15 10:45:25.056,1.17701,1.17706,1.00,1.66
2016.07.15 10:45:25.201,1.17702,1.17706,1.00,1.00
2016.07.15 10:45:25.252,1.17703,1.17708,1.00,2.44
2016.07.15 10:45:26.259,1.17705,1.17708,1.00,1.69
2016.07.15 10:45:26.759,1.17706,1.17711,1.50,1.12
2016.07.15 10:45:26.910,1.17706,1.17713,1.00,2.44
2016.07.15 10:45:27.062,1.17707,1.17711,1.00,1.00
2016.07.15 10:45:27.576,1.17706,1.17709,1.00,1.56
2016.07.15 10:45:27.909,1.17697,1.17702,3.00,1.00
2016.07.15 10:45:28.061,1.17697,1.17704,1.50,2.70
2016.07.15 10:45:28.163,1.17697,1.17702,2.25,1.00
2016.07.15 10:45:28.622,1.17697,1.17705,3.94,1.37
2016.07.15 10:45:29.163,1.17697,1.17705,3.94,1.50
2016.07.15 10:45:29.368,1.17697,1.17702,3.94,1.00
2016.07.15 10:45:29.918,1.17699,1.17702,1.00,1.00
2016.07.15 10:45:31.072,1.17699,1.17702,2.62,1.00
2016.07.15 10:45:31.174,1.17701,1.17705,1.00,1.69
2016.07.15 10:45:31.225,1.17703,1.17706,1.00,2.21
2016.07.15 10:45:31.277,1.17704,1.17706,1.00,1.46
2016.07.15 10:45:31.429,1.17702,1.17706,1.12,1.31
2016.07.15 10:45:31.976,1.17701,1.17708,3.75,1.76
2016.07.15 10:45:32.506,1.17701,1.17708,1.87,1.76
2016.07.15 10:45:33.710,1.17702,1.17708,1.00,2.07
2016.07.15 10:45:34.374,1.17703,1.17709,1.00,2.37
2016.07.15 10:45:34.426,1.17705,1.17709,1.00,2.37
2016.07.15 10:45:34.477,1.17705,1.17711,1.50,1.12
2016.07.15 10:45:34.529,1.17708,1.17711,1.00,1.12
2016.07.15 10:45:34.581,1.17707,1.17712,1.00,1.20
2016.07.15 10:45:34.737,1.17708,1.17714,1.00,2.44
2016.07.15 10:45:34.889,1.17707,1.17711,1.50,1.00
2016.07.15 10:45:35.396,1.17707,1.17713,1.00,1.53
2016.07.15 10:45:35.935,1.17709,1.17713,1.00,1.53
2016.07.15 10:45:35.986,1.17709,1.17713,1.00,1.00
2016.07.15 10:45:36.536,1.17709,1.17714,1.00,1.12
2016.07.15 10:45:37.985,1.17709,1.17711,1.00,1.00
2016.07.15 10:45:38.088,1.17706,1.17711,2.25,1.00
2016.07.15 10:45:38.139,1.17709,1.17711,1.00,1.00
2016.07.15 10:45:38.299,1.17707,1.17711,1.00,1.00
2016.07.15 10:45:38.400,1.17709,1.17711,1.00,1.00
2016.07.15 10:45:38.502,1.17709,1.17713,1.00,1.00
2016.07.15 10:45:38.603,1.17709,1.17711,1.00,1.12
2016.07.15 10:45:38.796,1.17704,1.17707,1.00,1.00
2016.07.15 10:45:39.390,1.17703,1.17707,1.00,1.12
2016.07.15 10:45:39.492,1.17701,1.17707,2.25,1.20
2016.07.15 10:45:39.595,1.17701,1.17703,1.00,1.00
2016.07.15 10:45:39.900,1.177,1.17705,1.00,2.25
2016.07.15 10:45:40.295,1.17701,1.17703,1.00,1.00
2016.07.15 10:45:40.775,1.17699,1.17703,2.25,1.00
2016.07.15 10:45:41.272,1.17699,1.177,1.00,1.00
2016.07.15 10:45:41.476,1.17694,1.17696,2.25,1.00
2016.07.15 10:45:42.335,1.17694,1.17698,1.00,1.00
2016.07.15 10:45:42.853,1.17694,1.17697,1.00,1.00
2016.07.15 10:45:44.195,1.17695,1.17699,1.00,1.95
2016.07.15 10:45:44.728,1.17695,1.17702,1.50,1.95
2016.07.15 10:45:46.399,1.17695,1.177,1.50,1.00
2016.07.15 10:45:46.703,1.17697,1.177,1.00,1.00
2016.07.15 10:45:47.210,1.17697,1.17701,1.00,1.00
2016.07.15 10:45:47.832,1.17696,1.17699,1.00,1.00
2016.07.15 10:45:47.883,1.17693,1.17694,1.87,1.12
2016.07.15 10:45:47.934,1.17689,1.17692,1.67,1.00
2016.07.15 10:45:48.036,1.17687,1.17694,1.00,1.87
2016.07.15 10:45:48.137,1.17687,1.1769,1.00,1.45
2016.07.15 10:45:48.188,1.17684,1.1769,1.37,3.00
2016.07.15 10:45:48.239,1.17683,1.17689,1.25,1.45
2016.07.15 10:45:50.692,1.17685,1.17689,1.00,2.25
2016.07.15 10:45:51.178,1.17683,1.17688,2.25,1.20
2016.07.15 10:45:52.375,1.17684,1.17688,1.00,1.20
2016.07.15 10:45:52.426,1.17684,1.17685,1.00,1.00
2016.07.15 10:45:53.220,1.17683,1.17685,1.00,1.00
2016.07.15 10:45:53.779,1.17682,1.17686,1.00,1.00
2016.07.15 10:45:54.325,1.17682,1.17685,1.00,1.00
2016.07.15 10:45:54.610,1.1768,1.17684,1.00,1.00
2016.07.15 10:45:55.148,1.17681,1.17686,1.00,1.12
2016.07.15 10:45:56.426,1.17682,1.17686,1.00,1.12
2016.07.15 10:45:56.936,1.17682,1.17685,1.00,1.00
2016.07.15 10:45:57.475,1.17684,1.17689,1.50,1.07
2016.07.15 10:45:57.527,1.17687,1.1769,1.00,1.50
2016.07.15 10:45:57.629,1.17687,1.17692,1.50,1.87
2016.07.15 10:45:57.681,1.17689,1.17692,1.00,1.27
2016.07.15 10:45:58.197,1.17689,1.17694,1.50,1.76
2016.07.15 10:45:59.231,1.17689,1.17691,1.50,1.00
2016.07.15 10:45:59.333,1.17689,1.17693,1.00,1.31
2016.07.15 10:45:59.435,1.17687,1.17693,2.25,1.31
2016.07.15 10:45:59.700,1.17689,1.17694,1.00,1.09
2016.07.15 10:46:00.040,1.17687,1.17695,3.19,2.06
2016.07.15 10:46:01.274,1.17688,1.17694,1.12,1.76
2016.07.15 10:46:01.616,1.1769,1.17695,1.00,1.31
2016.07.15 10:46:01.667,1.1769,1.17696,1.00,3.94
2016.07.15 10:46:02.071,1.17691,1.17692,1.00,1.00
2016.07.15 10:46:03.742,1.17691,1.17695,1.00,3.52
2016.07.15 10:46:04.091,1.17693,1.17696,1.00,1.20
2016.07.15 10:46:05.446,1.17693,1.17695,1.00,1.00
2016.07.15 10:46:05.635,1.17693,1.17697,1.50,1.12
2016.07.15 10:46:06.112,1.17695,1.17697,1.00,1.00
2016.07.15 10:46:06.164,1.17697,1.17701,1.00,1.57
2016.07.15 10:46:06.667,1.17697,1.17702,1.50,1.69
2016.07.15 10:46:07.817,1.17698,1.17702,1.00,1.57
2016.07.15 10:46:08.324,1.17698,1.17702,1.00,1.10
2016.07.15 10:46:11.068,1.17697,1.17702,1.50,1.22
2016.07.15 10:46:11.537,1.17695,1.17699,1.00,1.00
2016.07.15 10:46:11.791,1.17693,1.17701,2.25,1.69
2016.07.15 10:46:11.980,1.17693,1.17702,3.75,3.87
2016.07.15 10:46:12.285,1.17693,1.17699,1.00,1.12
2016.07.15 10:46:12.792,1.17694,1.17699,1.00,1.62
2016.07.15 10:46:13.116,1.17694,1.17699,1.00,2.55
2016.07.15 10:46:13.387,1.17694,1.17698,1.00,1.12
2016.07.15 10:46:13.994,1.17694,1.17697,1.00,1.00
2016.07.15 10:46:14.046,1.17693,1.17695,1.00,1.00
2016.07.15 10:46:14.198,1.1769,1.17695,3.75,1.00
2016.07.15 10:46:16.556,1.17691,1.17695,2.25,1.00
2016.07.15 10:46:17.982,1.17691,1.17696,2.25,1.16
2016.07.15 10:46:20.392,1.17691,1.17698,2.25,1.49
2016.07.15 10:46:20.765,1.17693,1.17699,1.50,1.12
2016.07.15 10:46:21.174,1.17693,1.17701,3.19,1.20
2016.07.15 10:46:23.757,1.17695,1.17702,3.00,1.50
2016.07.15 10:46:23.809,1.17697,1.17704,1.50,1.50
2016.07.15 10:46:24.315,1.17698,1.17704,1.50,1.57
2016.07.15 10:46:25.241,1.17698,1.17706,1.50,1.50
2016.07.15 10:46:25.761,1.17699,1.17703,1.00,1.12
2016.07.15 10:46:26.184,1.17699,1.17701,1.00,1.00
2016.07.15 10:46:26.577,1.17693,1.17696,2.14,1.00
2016.07.15 10:46:26.628,1.17694,1.17696,1.00,1.00
2016.07.15 10:46:26.730,1.17689,1.17696,3.19,1.12
2016.07.15 10:46:27.274,1.1769,1.17695,2.62,1.87
2016.07.15 10:46:27.793,1.1769,1.17694,2.62,1.00
2016.07.15 10:46:29.526,1.17691,1.17695,1.00,1.12
2016.07.15 10:46:29.628,1.17691,1.17697,1.00,1.00
2016.07.15 10:46:30.166,1.1769,1.17697,3.37,1.00
2016.07.15 10:46:30.810,1.1769,1.17697,4.87,1.12
2016.07.15 10:46:31.786,1.1769,1.177,4.50,2.62
2016.07.15 10:46:32.272,1.17692,1.17699,3.00,1.37
2016.07.15 10:46:33.209,1.17696,1.177,1.00,1.47
2016.07.15 10:46:33.391,1.17697,1.17701,1.00,1.00
2016.07.15 10:46:34.426,1.17697,1.17701,3.00,1.00
2016.07.15 10:46:36.496,1.17698,1.17702,1.00,1.00
2016.07.15 10:46:39.063,1.17698,1.17703,1.00,1.00
2016.07.15 10:46:40.954,1.177,1.17703,1.00,1.00
2016.07.15 10:46:41.459,1.17701,1.17703,1.00,1.50
2016.07.15 10:46:42.003,1.17703,1.17704,1.00,1.00
2016.07.15 10:46:42.054,1.17704,1.17706,1.00,1.12
2016.07.15 10:46:42.308,1.17706,1.17708,1.00,1.12
2016.07.15 10:46:42.961,1.17706,1.17707,1.00,1.00
2016.07.15 10:46:44.026,1.17705,1.17707,2.25,1.00
2016.07.15 10:46:44.564,1.17706,1.17707,1.00,1.00
2016.07.15 10:46:45.068,1.17706,1.17708,1.00,1.12
2016.07.15 10:46:45.632,1.17705,1.17707,1.50,1.00
2016.07.15 10:46:45.734,1.17704,1.17708,1.50,1.87
2016.07.15 10:46:45.835,1.17705,1.17708,1.00,1.12
2016.07.15 10:46:46.458,1.17704,1.17708,1.00,1.12
2016.07.15 10:46:46.999,1.17704,1.17707,1.00,1.00
2016.07.15 10:46:47.521,1.17705,1.17707,1.00,1.12
2016.07.15 10:46:47.825,1.17706,1.17709,1.00,1.57
2016.07.15 10:46:48.509,1.17707,1.17709,1.00,1.00
2016.07.15 10:46:48.712,1.17708,1.1771,1.00,1.87
2016.07.15 10:46:48.813,1.17708,1.17711,1.50,1.00
2016.07.15 10:46:48.965,1.1771,1.17713,1.00,1.12
2016.07.15 10:46:49.117,1.1771,1.17715,1.50,3.90
2016.07.15 10:46:51.135,1.1771,1.17715,1.50,2.96
2016.07.15 10:46:52.337,1.17711,1.17715,1.00,1.76
2016.07.15 10:46:52.843,1.17712,1.17714,1.00,1.12
2016.07.15 10:46:54.238,1.17712,1.17713,1.00,1.00
2016.07.15 10:46:54.762,1.17713,1.17714,1.00,1.00
2016.07.15 10:46:55.313,1.17712,1.17715,1.50,1.50
2016.07.15 10:46:56.789,1.17713,1.17715,1.00,2.06
2016.07.15 10:46:57.303,1.17712,1.17715,1.50,1.31
2016.07.15 10:46:58.372,1.17713,1.17715,1.00,2.06
2016.07.15 10:46:59.064,1.17713,1.17716,1.50,2.81
2016.07.15 10:46:59.604,1.17713,1.17715,1.50,1.00
2016.07.15 10:47:00.152,1.17713,1.17716,1.50,2.06
2016.07.15 10:47:00.664,1.17713,1.17715,1.50,1.00
2016.07.15 10:47:01.173,1.17712,1.17715,1.00,1.12
2016.07.15 10:47:01.722,1.17713,1.17715,1.00,1.12
2016.07.15 10:47:02.382,1.17713,1.17716,1.50,1.12
2016.07.15 10:47:02.923,1.17713,1.17715,1.50,1.00
2016.07.15 10:47:03.527,1.17713,1.17716,1.50,1.00
2016.07.15 10:47:04.051,1.17713,1.17715,1.50,1.00
2016.07.15 10:47:04.986,1.17713,1.17716,1.50,1.00
2016.07.15 10:47:05.503,1.17713,1.17715,1.50,1.00
2016.07.15 10:47:06.039,1.17714,1.17716,1.00,1.00
2016.07.15 10:47:06.581,1.17714,1.17715,1.00,1.00
2016.07.15 10:47:07.091,1.17714,1.17716,1.00,1.00
2016.07.15 10:47:07.631,1.17714,1.17715,1.00,1.00
2016.07.15 10:47:08.134,1.17714,1.17716,1.00,1.00
2016.07.15 10:47:08.726,1.17714,1.17715,1.00,1.00
2016.07.15 10:47:09.031,1.17714,1.17717,1.50,7.12
2016.07.15 10:47:10.403,1.17714,1.17715,1.50,1.00
2016.07.15 10:47:11.021,1.17714,1.17716,1.50,1.12
2016.07.15 10:47:11.644,1.17714,1.17715,1.50,1.00
2016.07.15 10:47:11.949,1.17718,1.1772,1.00,1.50
2016.07.15 10:47:12.052,1.17721,1.17723,1.00,1.37
2016.07.15 10:47:12.243,1.17725,1.17729,1.50,2.25
2016.07.15 10:47:12.294,1.17726,1.1773,1.50,1.95
2016.07.15 10:47:12.395,1.17728,1.17731,1.00,1.10
2016.07.15 10:47:12.906,1.17729,1.17731,1.00,1.00
2016.07.15 10:47:13.658,1.17728,1.17731,1.50,1.00
2016.07.15 10:47:13.961,1.1773,1.17732,1.50,1.00
2016.07.15 10:47:14.755,1.17731,1.17732,1.00,1.00
2016.07.15 10:47:14.806,1.17731,1.17734,1.50,1.20
2016.07.15 10:47:14.908,1.17733,1.17734,1.00,1.00
2016.07.15 10:47:15.444,1.17734,1.17735,1.00,1.16
2016.07.15 10:47:16.570,1.17734,1.17737,1.00,1.00
2016.07.15 10:47:16.875,1.17736,1.17738,1.00,1.00
2016.07.15 10:47:17.681,1.17736,1.17739,1.00,1.00
2016.07.15 10:47:18.236,1.17735,1.17738,2.25,1.00
2016.07.15 10:47:18.775,1.17735,1.17739,1.50,1.00
2016.07.15 10:47:19.323,1.17736,1.17738,1.00,1.00
2016.07.15 10:47:20.826,1.17736,1.17739,1.50,1.00
2016.07.15 10:47:21.428,1.17736,1.17738,1.50,1.00
2016.07.15 10:47:22.079,1.17735,1.17737,2.25,1.00
2016.07.15 10:47:22.534,1.17736,1.17739,1.00,1.00
2016.07.15 10:47:22.585,1.17738,1.1774,1.00,2.02
2016.07.15 10:47:22.637,1.17739,1.17743,1.50,2.70
2016.07.15 10:47:23.218,1.17742,1.17745,1.00,2.70
2016.07.15 10:47:24.137,1.17743,1.17744,1.00,1.00
2016.07.15 10:47:24.289,1.17745,1.17747,1.00,1.00
2016.07.15 10:47:24.638,1.17747,1.17749,1.00,1.57
2016.07.15 10:47:24.740,1.17748,1.1775,1.50,1.50
2016.07.15 10:47:24.843,1.17748,1.17749,1.25,1.00
2016.07.15 10:47:24.946,1.17748,1.17751,1.25,1.10
2016.07.15 10:47:25.350,1.17751,1.17753,1.00,1.50
2016.07.15 10:47:25.495,1.17751,1.17754,1.00,1.00
2016.07.15 10:47:26.001,1.1775,1.17753,2.25,1.00
2016.07.15 10:47:27.041,1.1775,1.17755,2.25,1.50
2016.07.15 10:47:27.662,1.1775,1.17753,1.50,1.00
2016.07.15 10:47:28.828,1.1775,1.17753,1.69,1.00
2016.07.15 10:47:28.930,1.17748,1.17754,1.19,1.00
2016.07.15 10:47:29.386,1.17751,1.17756,1.00,1.50
2016.07.15 10:47:29.437,1.17754,1.17758,1.50,1.27
2016.07.15 10:47:29.539,1.17754,1.1776,1.00,1.12
2016.07.15 10:47:29.590,1.17756,1.1776,1.00,1.00
2016.07.15 10:47:29.913,1.17754,1.17758,1.50,1.00
2016.07.15 10:47:30.269,1.17753,1.1776,1.50,1.50
2016.07.15 10:47:30.371,1.17751,1.17757,2.44,1.12
2016.07.15 10:47:30.693,1.17751,1.17755,1.50,1.00
2016.07.15 10:47:31.248,1.1775,1.17753,1.00,1.00
2016.07.15 10:47:31.387,1.17748,1.17753,1.25,1.00
2016.07.15 10:47:32.056,1.17748,1.17752,1.25,1.00
2016.07.15 10:47:32.628,1.17747,1.17752,1.50,1.00
2016.07.15 10:47:33.176,1.17746,1.17752,1.50,1.00
2016.07.15 10:47:33.710,1.17746,1.17753,1.50,1.12
2016.07.15 10:47:33.862,1.17748,1.17753,1.00,1.12
2016.07.15 10:47:34.166,1.1775,1.17755,1.00,1.65
2016.07.15 10:47:34.470,1.17752,1.17755,1.00,1.00
2016.07.15 10:47:34.949,1.1775,1.17755,1.50,1.00
2016.07.15 10:47:35.463,1.17749,1.17754,1.25,1.00
2016.07.15 10:47:36.390,1.17748,1.17754,1.00,1.00
2016.07.15 10:47:36.578,1.17745,1.1775,1.12,1.00
2016.07.15 10:47:37.084,1.17746,1.17752,1.00,1.20
2016.07.15 10:47:37.287,1.17748,1.17754,1.50,1.00
2016.07.15 10:47:43.160,1.17749,1.17754,1.00,1.00
2016.07.15 10:47:43.261,1.17749,1.17757,1.00,1.65
2016.07.15 10:47:43.615,1.1775,1.17758,1.69,1.12
2016.07.15 10:47:44.121,1.1775,1.17757,2.44,1.00
2016.07.15 10:47:44.674,1.17752,1.17759,1.00,1.00
2016.07.15 10:47:45.029,1.17753,1.1776,1.00,1.00
2016.07.15 10:47:45.542,1.17754,1.17759,1.50,1.00
2016.07.15 10:47:46.175,1.17754,1.1776,1.50,1.00
2016.07.15 10:47:46.995,1.17754,1.17758,1.50,1.00
2016.07.15 10:47:47.305,1.17755,1.17761,1.69,1.20
2016.07.15 10:47:47.870,1.17755,1.1776,1.69,1.00
2016.07.15 10:47:48.023,1.17757,1.17763,1.00,1.45
2016.07.15 10:47:48.379,1.17757,1.1776,1.00,1.00
2016.07.15 10:47:49.151,1.17756,1.1776,1.50,1.00
2016.07.15 10:47:49.680,1.17755,1.1776,2.81,1.00
2016.07.15 10:47:50.039,1.17757,1.1776,1.50,1.00
2016.07.15 10:47:50.786,1.17758,1.1776,1.00,1.00
2016.07.15 10:47:52.260,1.17758,1.17764,1.00,1.95
2016.07.15 10:47:53.514,1.17758,1.17762,1.50,1.00
2016.07.15 10:47:53.616,1.17758,1.17765,1.50,2.44
2016.07.15 10:47:53.865,1.1776,1.17766,1.00,2.32
2016.07.15 10:47:54.017,1.17761,1.17767,1.50,1.12
2016.07.15 10:47:54.372,1.17763,1.17768,1.00,1.37
2016.07.15 10:47:54.424,1.17764,1.1777,1.00,2.40
2016.07.15 10:47:54.526,1.17766,1.1777,1.00,1.00
2016.07.15 10:47:54.764,1.17767,1.17774,1.50,2.44
2016.07.15 10:47:55.270,1.17766,1.17773,1.00,1.12
2016.07.15 10:47:55.776,1.17767,1.17771,1.00,1.00
2016.07.15 10:47:56.113,1.17769,1.17771,1.00,1.12
2016.07.15 10:47:56.417,1.17769,1.17773,1.00,1.00
2016.07.15 10:47:56.771,1.17769,1.17776,1.50,1.50
2016.07.15 10:47:56.976,1.17771,1.17776,1.00,2.25
2016.07.15 10:47:57.399,1.1777,1.17772,1.00,1.00
2016.07.15 10:47:57.723,1.17771,1.17776,1.12,1.87
2016.07.15 10:47:58.271,1.17771,1.17777,1.00,1.69
2016.07.15 10:47:58.765,1.17774,1.17777,1.00,2.81
2016.07.15 10:47:58.816,1.17774,1.17781,1.00,8.62
2016.07.15 10:47:58.867,1.17775,1.17781,1.37,2.62
2016.07.15 10:47:58.918,1.17776,1.17782,1.00,2.40
2016.07.15 10:47:59.070,1.17776,1.17782,1.00,1.57
2016.07.15 10:47:59.615,1.17776,1.17783,2.25,1.87
2016.07.15 10:47:59.919,1.17771,1.17775,1.50,1.00
2016.07.15 10:48:00.088,1.17771,1.17777,1.12,2.32
2016.07.15 10:48:00.139,1.17774,1.17777,1.00,2.25
2016.07.15 10:48:00.190,1.17771,1.17777,1.12,2.25
2016.07.15 10:48:00.696,1.17772,1.17777,1.00,2.06
2016.07.15 10:48:01.050,1.1777,1.17777,3.00,1.57
2016.07.15 10:48:01.596,1.17771,1.17776,1.00,1.27
2016.07.15 10:48:02.057,1.17769,1.17776,1.12,1.20
2016.07.15 10:48:07.997,1.1777,1.17777,1.00,2.81
2016.07.15 10:48:08.048,1.1777,1.17777,1.00,1.69
2016.07.15 10:48:08.494,1.17774,1.17778,1.00,1.12
2016.07.15 10:48:08.798,1.17776,1.1778,1.00,1.50
2016.07.15 10:48:08.950,1.17774,1.1778,1.50,1.12
2016.07.15 10:48:09.263,1.17777,1.17782,1.00,1.56
2016.07.15 10:48:09.314,1.17774,1.17782,1.50,1.56
2016.07.15 10:48:09.466,1.17775,1.17783,1.50,1.76
2016.07.15 10:48:09.612,1.1778,1.17785,1.50,1.12
2016.07.15 10:48:09.966,1.17777,1.17786,1.00,1.37
2016.07.15 10:48:10.017,1.1778,1.17786,1.00,1.87
2016.07.15 10:48:10.068,1.17777,1.17785,1.50,1.12
2016.07.15 10:48:10.170,1.1778,1.17785,1.00,1.87
2016.07.15 10:48:10.221,1.17777,1.17785,2.25,1.12
2016.07.15 10:48:10.323,1.17781,1.17785,1.00,1.00
2016.07.15 10:48:11.153,1.1778,1.17785,1.00,1.00
2016.07.15 10:48:11.657,1.17779,1.17785,1.00,2.25
2016.07.15 10:48:11.962,1.17783,1.17785,1.00,1.50
2016.07.15 10:48:12.064,1.17784,1.17788,1.00,1.37
2016.07.15 10:48:12.270,1.17781,1.17788,1.50,1.87
2016.07.15 10:48:12.473,1.17783,1.17788,1.00,1.00
2016.07.15 10:48:13.023,1.17782,1.1779,1.50,1.56
2016.07.15 10:48:13.541,1.17782,1.17788,1.50,1.00
2016.07.15 10:48:14.224,1.17782,1.1779,1.50,2.06
2016.07.15 10:48:14.726,1.17782,1.17788,1.50,1.00
2016.07.15 10:48:16.330,1.17782,1.1779,1.50,1.56
2016.07.15 10:48:16.832,1.17782,1.17788,1.50,1.00
2016.07.15 10:48:17.135,1.17784,1.17788,1.00,1.00
2016.07.15 10:48:17.541,1.17786,1.1779,1.00,1.50
2016.07.15 10:48:17.902,1.17786,1.17793,1.50,2.25
2016.07.15 10:48:18.664,1.17785,1.17793,1.50,2.02
2016.07.15 10:48:19.195,1.17785,1.17793,2.25,1.95
2016.07.15 10:48:19.247,1.17789,1.17794,1.00,2.06
2016.07.15 10:48:19.298,1.17789,1.17795,1.50,1.01
2016.07.15 10:48:19.399,1.17793,1.17795,1.00,1.69
2016.07.15 10:48:19.451,1.1779,1.17795,3.00,1.69
2016.07.15 10:48:19.502,1.17793,1.178,1.00,1.76
2016.07.15 10:48:19.553,1.17796,1.178,1.00,1.76
2016.07.15 10:48:19.859,1.17804,1.17805,1.00,1.00
2016.07.15 10:48:19.909,1.17806,1.1781,1.00,1.12
2016.07.15 10:48:20.011,1.17804,1.1781,3.00,1.37
2016.07.15 10:48:20.507,1.17805,1.17812,1.50,1.31
2016.07.15 10:48:21.089,1.17806,1.17813,1.00,1.19
2016.07.15 10:48:22.046,1.17807,1.17813,1.00,1.19
2016.07.15 10:48:22.258,1.17807,1.17813,1.00,1.00
2016.07.15 10:48:22.893,1.17807,1.17815,1.50,2.02
2016.07.15 10:48:22.994,1.1781,1.17815,1.00,1.95
2016.07.15 10:48:23.096,1.1781,1.17818,1.00,2.70
2016.07.15 10:48:23.248,1.17812,1.17818,1.00,1.50
2016.07.15 10:48:23.814,1.17812,1.1782,1.00,1.00
2016.07.15 10:48:24.316,1.17813,1.1782,1.00,3.00
2016.07.15 10:48:25.072,1.17812,1.1782,1.00,4.50
2016.07.15 10:48:25.413,1.17814,1.1782,1.00,2.32
2016.07.15 10:48:25.919,1.17814,1.17819,1.50,1.00
2016.07.15 10:48:26.432,1.17814,1.1782,1.00,2.17
2016.07.15 10:48:26.740,1.17809,1.17815,1.50,1.00
2016.07.15 10:48:27.045,1.17807,1.17811,1.00,1.37
2016.07.15 10:48:27.197,1.17805,1.17811,1.00,1.37
2016.07.15 10:48:27.248,1.17808,1.17811,1.00,1.37
2016.07.15 10:48:27.441,1.17807,1.17814,1.50,1.37
2016.07.15 10:48:27.759,1.17809,1.17814,1.00,1.12
2016.07.15 10:48:27.911,1.1781,1.17816,1.50,1.12
2016.07.15 10:48:27.962,1.17813,1.17816,1.00,1.12
2016.07.15 10:48:28.064,1.17811,1.17816,1.00,1.00
2016.07.15 10:48:28.115,1.17813,1.17819,1.00,1.50
2016.07.15 10:48:29.265,1.17814,1.1782,1.00,1.87
2016.07.15 10:48:29.811,1.17814,1.1782,1.00,1.50
2016.07.15 10:48:30.933,1.17814,1.17821,1.00,1.50
2016.07.15 10:48:30.984,1.17816,1.17821,1.00,1.50
2016.07.15 10:48:31.322,1.17814,1.1782,1.50,1.00
2016.07.15 10:48:31.916,1.17814,1.17819,1.00,1.00
2016.07.15 10:48:32.228,1.17812,1.17819,1.50,1.00
2016.07.15 10:48:32.771,1.17812,1.17821,1.50,1.65
2016.07.15 10:48:34.437,1.17814,1.1782,1.00,1.12
2016.07.15 10:48:34.967,1.17814,1.1782,1.50,1.37
2016.07.15 10:48:35.277,1.17814,1.17821,1.50,1.00
2016.07.15 10:48:35.779,1.17814,1.17822,1.00,1.87
2016.07.15 10:48:36.032,1.17813,1.17821,1.00,2.62
2016.07.15 10:48:36.336,1.17811,1.17818,1.25,1.12
2016.07.15 10:48:36.849,1.1781,1.17819,1.69,3.37
2016.07.15 10:48:37.164,1.1781,1.17817,2.44,1.00
2016.07.15 10:48:37.990,1.1781,1.17817,1.25,1.50
2016.07.15 10:48:38.317,1.17804,1.1781,3.19,1.00
2016.07.15 10:48:38.823,1.17805,1.17811,1.50,1.00
2016.07.15 10:48:39.380,1.17805,1.17812,1.50,1.00
2016.07.15 10:48:39.883,1.17805,1.17813,1.87,1.50
2016.07.15 10:48:40.460,1.17806,1.17814,1.00,1.50
2016.07.15 10:48:40.973,1.17805,1.17813,1.12,1.00
2016.07.15 10:48:42.576,1.17805,1.17814,2.62,1.00
2016.07.15 10:48:43.170,1.17805,1.17815,3.19,2.77
2016.07.15 10:48:44.066,1.17806,1.17815,1.00,1.50
2016.07.15 10:48:44.583,1.17807,1.17815,1.12,1.50
2016.07.15 10:48:45.084,1.17808,1.17815,1.00,1.00
2016.07.15 10:48:45.956,1.17808,1.17816,1.00,2.25
2016.07.15 10:48:46.462,1.17808,1.17815,1.00,1.00
2016.07.15 10:48:48.110,1.17808,1.17814,1.00,1.00
2016.07.15 10:48:48.262,1.17806,1.17814,1.25,1.00
2016.07.15 10:48:48.515,1.17806,1.17812,1.25,1.00
2016.07.15 10:48:48.818,1.17806,1.17815,1.25,3.37
2016.07.15 10:48:49.127,1.17808,1.17815,1.19,1.87
2016.07.15 10:48:49.280,1.17808,1.17817,2.44,1.50
2016.07.15 10:48:49.644,1.1781,1.1782,1.50,4.50
2016.07.15 10:48:50.187,1.1781,1.17819,3.75,1.00
2016.07.15 10:48:50.697,1.1781,1.17819,3.19,1.50
2016.07.15 10:48:51.258,1.1781,1.17818,1.69,1.00
2016.07.15 10:48:53.525,1.1781,1.17819,1.31,1.00
2016.07.15 10:48:54.790,1.17809,1.17817,4.69,1.00
2016.07.15 10:48:55.104,1.17809,1.17815,3.19,1.00
2016.07.15 10:48:55.357,1.17804,1.17808,1.00,1.00
2016.07.15 10:48:55.863,1.17801,1.17808,1.29,1.00
2016.07.15 10:48:56.154,1.17801,1.17806,1.29,1.00
2016.07.15 10:48:56.357,1.17799,1.17804,1.12,1.00
2016.07.15 10:48:56.561,1.17799,1.17806,1.00,1.00
2016.07.15 10:48:57.139,1.17799,1.17805,2.51,1.00
2016.07.15 10:48:58.876,1.178,1.17806,1.25,1.00
2016.07.15 10:48:59.393,1.178,1.17807,1.69,1.00
2016.07.15 10:49:00.394,1.17798,1.17807,2.14,1.00
2016.07.15 10:49:00.445,1.17798,1.17805,1.84,1.00
2016.07.15 10:49:00.956,1.17798,1.17805,1.25,1.50
2016.07.15 10:49:01.564,1.17798,1.178,1.00,1.00
2016.07.15 10:49:01.716,1.1779,1.17795,3.00,1.50
2016.07.15 10:49:01.767,1.17792,1.17795,1.00,1.50
2016.07.15 10:49:01.869,1.17789,1.17793,1.00,1.00
2016.07.15 10:49:01.970,1.17786,1.17793,1.12,1.00
2016.07.15 10:49:02.651,1.17786,1.17792,1.00,1.00
2016.07.15 10:49:03.198,1.17785,1.17792,1.50,1.00
2016.07.15 10:49:03.349,1.17789,1.17794,1.00,1.00
2016.07.15 10:49:03.603,1.17793,1.178,1.87,1.00
2016.07.15 10:49:03.760,1.17794,1.17803,1.12,1.57
2016.07.15 10:49:04.515,1.17795,1.17804,1.37,1.69
2016.07.15 10:49:04.973,1.178,1.17804,1.00,1.00
2016.07.15 10:49:05.024,1.178,1.17806,1.87,1.50
2016.07.15 10:49:05.540,1.17801,1.17805,1.00,1.00
2016.07.15 10:49:06.585,1.17801,1.17807,1.00,1.01
2016.07.15 10:49:07.092,1.17801,1.17808,2.25,1.37
2016.07.15 10:49:07.346,1.17801,1.17809,1.50,1.20
2016.07.15 10:49:07.852,1.17802,1.17808,2.25,1.50
2016.07.15 10:49:08.537,1.17802,1.17808,2.25,1.50
2016.07.15 10:49:09.168,1.17803,1.17809,1.50,1.10
2016.07.15 10:49:09.616,1.17803,1.17807,1.50,1.00
2016.07.15 10:49:10.124,1.17803,1.17807,1.50,1.50
2016.07.15 10:49:11.207,1.17802,1.17807,1.25,1.50
2016.07.15 10:49:12.510,1.17802,1.17808,1.25,1.00
2016.07.15 10:49:12.920,1.17802,1.17806,1.25,1.00
2016.07.15 10:49:13.465,1.17802,1.17807,1.25,1.00
2016.07.15 10:49:14.176,1.17802,1.17808,1.25,1.20
2016.07.15 10:49:14.681,1.17802,1.17806,1.25,1.00
2016.07.15 10:49:14.732,1.17802,1.17808,1.25,1.65
2016.07.15 10:49:15.136,1.178,1.17808,2.25,1.65
2016.07.15 10:49:15.292,1.178,1.17806,1.50,1.00
2016.07.15 10:49:15.599,1.17797,1.17801,2.44,1.00
2016.07.15 10:49:17.036,1.17797,1.17803,2.44,2.25
2016.07.15 10:49:23.573,1.17797,1.17801,2.25,1.00
2016.07.15 10:49:25.636,1.17797,1.17803,1.50,2.25
2016.07.15 10:49:26.002,1.17797,1.17801,1.50,1.00
2016.07.15 10:49:26.274,1.17797,1.17803,1.50,1.20
2016.07.15 10:49:31.188,1.17797,1.17803,1.50,1.00
2016.07.15 10:49:31.780,1.17797,1.17802,1.50,1.00
2016.07.15 10:49:32.289,1.17797,1.17803,1.50,1.00
2016.07.15 10:49:32.989,1.17797,1.17802,2.25,1.00
2016.07.15 10:49:33.528,1.17797,1.17803,2.25,1.50
2016.07.15 10:49:35.277,1.17797,1.17799,1.50,1.00
2016.07.15 10:49:35.481,1.17791,1.17797,2.44,1.00
2016.07.15 10:49:35.989,1.17791,1.17798,1.69,1.12
2016.07.15 10:49:36.501,1.17793,1.17802,1.37,2.14
2016.07.15 10:49:36.753,1.17795,1.17802,1.00,1.76
2016.07.15 10:49:37.307,1.17796,1.17801,1.00,1.00
2016.07.15 10:49:37.514,1.17797,1.17803,1.00,1.00
2016.07.15 10:49:37.616,1.17799,1.17805,1.50,1.00
2016.07.15 10:49:38.028,1.17799,1.17807,2.25,1.76
2016.07.15 10:49:38.639,1.178,1.17807,2.25,1.01
2016.07.15 10:49:39.296,1.178,1.17807,1.00,1.01
2016.07.15 10:49:41.214,1.17799,1.17807,1.50,1.76
2016.07.15 10:49:41.719,1.178,1.17807,1.00,1.20
2016.07.15 10:49:43.531,1.178,1.17809,1.50,1.62
2016.07.15 10:49:43.582,1.17802,1.17808,1.00,1.12
2016.07.15 10:49:43.684,1.17803,1.17812,1.12,2.81
2016.07.15 10:49:44.211,1.17803,1.17813,3.75,2.06
2016.07.15 10:49:44.464,1.17803,1.17812,3.00,1.62
2016.07.15 10:49:44.936,1.17801,1.17807,1.00,1.12
2016.07.15 10:49:45.929,1.17799,1.17807,1.12,1.12
2016.07.15 10:49:47.287,1.17798,1.17807,2.25,1.12
2016.07.15 10:49:47.338,1.17798,1.17805,1.50,1.00
2016.07.15 10:49:47.921,1.17798,1.17806,1.50,1.00
2016.07.15 10:49:48.466,1.17798,1.17805,1.50,1.00
2016.07.15 10:49:48.822,1.17798,1.17807,1.50,2.62
2016.07.15 10:49:51.582,1.17798,1.17807,2.44,1.12
2016.07.15 10:49:52.085,1.17798,1.17807,3.94,1.12
2016.07.15 10:49:54.188,1.17798,1.17806,2.44,1.00
2016.07.15 10:49:55.642,1.17797,1.17806,1.87,1.00
2016.07.15 10:49:57.485,1.17797,1.17805,1.12,1.12
2016.07.15 10:49:58.588,1.17797,1.17802,1.12,1.00
2016.07.15 10:49:58.740,1.17792,1.17801,1.12,2.06
2016.07.15 10:49:58.892,1.17793,1.17802,1.00,1.50
2016.07.15 10:49:59.415,1.17793,1.17804,3.00,2.96
2016.07.15 10:49:59.466,1.17795,1.17804,1.00,2.81
2016.07.15 10:50:01.510,1.17795,1.17804,1.50,1.00
2016.07.15 10:50:05.359,1.17795,1.17804,6.12,1.00
2016.07.15 10:50:05.664,1.17795,1.17804,2.25,1.00
2016.07.15 10:50:07.139,1.17795,1.17804,4.50,1.00
2016.07.15 10:50:07.342,1.17797,1.17806,1.00,1.50
2016.07.15 10:50:08.915,1.17798,1.17806,1.00,1.00
2016.07.15 10:50:09.272,1.17801,1.17808,1.00,1.00
2016.07.15 10:50:09.576,1.17803,1.17811,1.50,1.37
2016.07.15 10:50:09.879,1.17803,1.17812,2.44,2.62
2016.07.15 10:50:10.148,1.17805,1.17813,1.50,1.00
2016.07.15 10:50:10.452,1.17809,1.17813,1.00,1.00
2016.07.15 10:50:10.503,1.17809,1.17815,1.50,5.02
2016.07.15 10:50:10.604,1.17812,1.17815,1.00,1.00
2016.07.15 10:50:10.756,1.17811,1.17817,2.44,1.00
2016.07.15 10:50:10.908,1.17812,1.17819,1.50,2.32
2016.07.15 10:50:10.959,1.17811,1.17818,1.69,1.00
2016.07.15 10:50:11.010,1.17813,1.17819,1.00,1.57
2016.07.15 10:50:11.534,1.17811,1.17818,1.69,1.00
2016.07.15 10:50:12.141,1.17811,1.17819,2.36,1.56
2016.07.15 10:50:13.830,1.17812,1.17815,1.19,1.00
2016.07.15 10:50:14.069,1.17805,1.1781,1.00,3.37
2016.07.15 10:50:14.584,1.17802,1.1781,1.69,3.37
2016.07.15 10:50:15.134,1.17803,1.1781,1.00,4.50
2016.07.15 10:50:15.338,1.17803,1.17811,1.00,3.90
2016.07.15 10:50:15.845,1.17803,1.1781,3.00,1.00
2016.07.15 10:50:16.552,1.17803,1.17809,2.25,1.00
2016.07.15 10:50:16.704,1.17803,1.17807,1.00,1.25
2016.07.15 10:50:16.755,1.178,1.17807,2.06,1.69
2016.07.15 10:50:16.806,1.178,1.17804,1.31,1.00
2016.07.15 10:50:16.908,1.17798,1.17804,1.12,1.69
2016.07.15 10:50:17.135,1.17795,1.17804,3.19,2.89
2016.07.15 10:50:17.389,1.17795,1.17803,3.19,2.51
2016.07.15 10:50:18.733,1.17795,1.17803,2.44,2.44
2016.07.15 10:50:19.245,1.17796,1.17803,3.19,1.09
2016.07.15 10:50:19.780,1.17796,1.17804,3.19,2.06
2016.07.15 10:50:20.305,1.17796,1.17804,1.12,1.31
2016.07.15 10:50:20.835,1.17795,1.17804,1.87,2.81
2016.07.15 10:50:21.869,1.17794,1.17803,1.50,1.84
2016.07.15 10:50:23.033,1.17793,1.17801,2.81,1.00
2016.07.15 10:50:23.337,1.17792,1.17797,1.00,1.12
2016.07.15 10:50:24.760,1.1779,1.17796,1.00,1.20
2016.07.15 10:50:25.362,1.17791,1.17797,1.00,1.20
2016.07.15 10:50:27.034,1.1779,1.17798,2.25,2.25
2016.07.15 10:50:29.320,1.1779,1.17796,1.00,1.12
2016.07.15 10:50:29.472,1.17787,1.17795,1.50,2.25
2016.07.15 10:50:29.877,1.17788,1.17794,1.00,2.32
2016.07.15 10:50:30.198,1.17786,1.17793,1.50,1.57
2016.07.15 10:50:31.805,1.17784,1.17792,2.44,1.20
2016.07.15 10:50:32.327,1.17785,1.17791,1.00,1.10
2016.07.15 10:50:32.979,1.17785,1.1779,1.00,1.00
2016.07.15 10:50:33.489,1.17783,1.17789,1.00,1.50
2016.07.15 10:50:33.952,1.17781,1.17789,1.00,1.27
2016.07.15 10:50:34.104,1.17783,1.17789,1.00,1.20
2016.07.15 10:50:36.627,1.17783,1.17789,1.00,1.37
2016.07.15 10:50:36.830,1.1778,1.17786,1.50,1.12
2016.07.15 10:50:37.184,1.1778,1.17788,1.50,7.95
2016.07.15 10:50:37.729,1.1778,1.17788,1.50,7.57
2016.07.15 10:50:39.606,1.17781,1.17788,1.00,1.07
2016.07.15 10:50:40.142,1.17781,1.17788,1.00,1.20
2016.07.15 10:50:41.730,1.1778,1.17788,2.25,1.65
2016.07.15 10:50:42.255,1.1778,1.17788,1.00,3.15
2016.07.15 10:50:42.646,1.1778,1.17785,1.00,1.00
2016.07.15 10:50:42.956,1.17778,1.17785,1.00,1.00
2016.07.15 10:50:43.552,1.17778,1.17786,1.50,1.12
2016.07.15 10:50:43.872,1.17778,1.17783,1.00,1.00
2016.07.15 10:50:43.923,1.17776,1.17782,1.00,1.12
2016.07.15 10:50:43.974,1.17776,1.1778,1.00,1.00
2016.07.15 10:50:44.331,1.17773,1.1778,1.00,1.50
2016.07.15 10:50:44.879,1.17773,1.17781,1.00,3.15
2016.07.15 10:50:45.380,1.17773,1.1778,1.00,1.50
2016.07.15 10:50:45.886,1.17773,1.17781,1.00,3.52
2016.07.15 10:50:46.411,1.17774,1.17781,1.00,2.25
2016.07.15 10:50:46.927,1.17776,1.17781,1.00,1.00
2016.07.15 10:50:47.461,1.17775,1.17782,1.00,1.27
2016.07.15 10:50:51.220,1.17776,1.17783,1.25,1.57
2016.07.15 10:50:51.423,1.17776,1.17785,1.19,1.87
2016.07.15 10:50:51.525,1.17775,1.17785,1.25,1.87
2016.07.15 10:50:51.578,1.17776,1.17784,1.00,1.50
2016.07.15 10:50:51.881,1.17772,1.1778,1.00,1.00
2016.07.15 10:50:52.431,1.17771,1.17779,1.50,1.27
2016.07.15 10:50:53.050,1.17771,1.17779,1.69,1.12
2016.07.15 10:50:57.258,1.17771,1.1778,1.69,3.45
2016.07.15 10:51:00.985,1.17773,1.17781,1.00,1.95
2016.07.15 10:51:01.087,1.17773,1.17781,1.69,1.12
2016.07.15 10:51:01.991,1.17774,1.17783,1.19,2.70
2016.07.15 10:51:06.636,1.17774,1.17785,3.56,3.56
2016.07.15 10:51:06.909,1.17776,1.17785,1.19,3.34
2016.07.15 10:51:07.767,1.17777,1.17781,1.25,1.00
2016.07.15 10:51:07.818,1.17774,1.1778,2.25,2.25
2016.07.15 10:51:08.404,1.17773,1.1778,1.00,2.02
2016.07.15 10:51:11.525,1.17774,1.1778,1.00,1.12
2016.07.15 10:51:12.026,1.17776,1.17781,1.00,1.12
2016.07.15 10:51:12.128,1.17777,1.17785,1.00,3.37
2016.07.15 10:51:12.230,1.17777,1.17785,1.00,1.65
2016.07.15 10:51:12.974,1.17778,1.17785,1.00,1.00
2016.07.15 10:51:15.658,1.17783,1.17786,1.00,1.57
2016.07.15 10:51:15.861,1.17788,1.17794,1.19,2.40
2016.07.15 10:51:16.013,1.17791,1.17794,1.00,1.50
2016.07.15 10:51:16.165,1.17791,1.17795,1.00,4.01
2016.07.15 10:51:16.713,1.17789,1.17795,1.19,5.14
2016.07.15 10:51:19.202,1.17789,1.17795,1.19,4.76
2016.07.15 10:51:19.354,1.17787,1.17791,1.50,1.00
2016.07.15 10:51:19.557,1.17782,1.17791,2.06,2.25
2016.07.15 10:51:19.608,1.17783,1.17791,1.00,3.37
2016.07.15 10:51:19.830,1.1778,1.17789,2.25,1.45
2016.07.15 10:51:20.356,1.1778,1.17789,1.50,1.45
2016.07.15 10:51:20.915,1.17781,1.17789,1.00,2.32
2016.07.15 10:51:21.017,1.17779,1.17789,2.25,3.82
2016.07.15 10:51:21.515,1.17778,1.17786,3.19,1.00
2016.07.15 10:51:23.127,1.17778,1.17787,1.31,1.00
2016.07.15 10:51:24.382,1.17779,1.17788,1.00,1.65
2016.07.15 10:51:26.367,1.17785,1.17789,1.00,1.87
2016.07.15 10:51:26.570,1.17789,1.17794,1.00,1.57
2016.07.15 10:51:26.620,1.17789,1.17794,1.69,1.50
2016.07.15 10:51:27.921,1.17789,1.17793,1.69,1.00
2016.07.15 10:51:28.485,1.17789,1.17792,1.69,1.00
2016.07.15 10:51:28.587,1.17788,1.17791,1.00,1.00
2016.07.15 10:51:28.842,1.17783,1.17789,1.00,1.00
2016.07.15 10:51:28.943,1.17781,1.17789,1.31,1.00
2016.07.15 10:51:29.977,1.17779,1.17787,1.39,1.00
2016.07.15 10:51:30.231,1.17778,1.17786,1.87,1.00
2016.07.15 10:51:30.736,1.17778,1.17785,1.00,1.00
2016.07.15 10:51:31.870,1.17778,1.17782,1.00,1.00
2016.07.15 10:51:31.971,1.17775,1.17781,3.19,1.50
2016.07.15 10:51:32.375,1.17773,1.1778,1.00,1.12
2016.07.15 10:51:32.925,1.17772,1.17779,1.00,1.00
2016.07.15 10:51:33.845,1.17771,1.1778,1.31,3.75
2016.07.15 10:51:34.392,1.17771,1.17779,1.31,1.00
2016.07.15 10:51:36.048,1.17771,1.1778,2.81,2.62
2016.07.15 10:51:38.183,1.17772,1.17781,1.31,1.00
2016.07.15 10:51:39.000,1.17773,1.17781,1.00,1.00
2016.07.15 10:51:39.303,1.17773,1.17782,3.00,1.00
2016.07.15 10:51:40.314,1.17775,1.17783,1.31,1.57
2016.07.15 10:51:40.618,1.17777,1.17785,1.50,1.57
2016.07.15 10:51:40.926,1.17777,1.17783,1.50,1.00
2016.07.15 10:51:41.113,1.17777,1.17785,2.25,1.57
2016.07.15 10:51:41.164,1.17779,1.17787,1.69,1.57
2016.07.15 10:51:41.315,1.1778,1.17789,1.50,2.32
2016.07.15 10:51:41.467,1.1778,1.17789,3.19,1.10
2016.07.15 10:51:41.979,1.17781,1.17791,2.44,2.40
2016.07.15 10:51:42.233,1.17781,1.17788,1.69,1.00
2016.07.15 10:51:42.377,1.17781,1.1779,1.69,2.25
2016.07.15 10:51:42.478,1.17781,1.17788,2.25,1.00
2016.07.15 10:51:42.631,1.1778,1.17789,1.25,2.77
2016.07.15 10:51:43.152,1.1778,1.17788,1.25,1.00
2016.07.15 10:51:44.115,1.1778,1.17789,2.44,2.02
2016.07.15 10:51:44.729,1.17781,1.1779,1.00,1.65
2016.07.15 10:51:44.881,1.17783,1.17792,1.00,1.20
2016.07.15 10:51:45.199,1.17786,1.17794,1.00,1.50
2016.07.15 10:51:47.022,1.17786,1.17793,1.25,1.00
2016.07.15 10:51:47.326,1.17782,1.1779,1.69,1.50
2016.07.15 10:51:47.903,1.17782,1.1779,1.19,1.95
2016.07.15 10:51:49.276,1.17782,1.17789,1.00,1.10
2016.07.15 10:51:49.808,1.17781,1.17789,1.25,1.10
2016.07.15 10:51:50.270,1.17781,1.17787,1.25,1.00
2016.07.15 10:51:50.524,1.17777,1.17785,1.25,1.50
2016.07.15 10:51:50.829,1.17776,1.17783,2.44,1.00
2016.07.15 10:51:51.262,1.17776,1.17779,1.00,1.00
2016.07.15 10:51:51.503,1.17773,1.17778,1.00,1.00
2016.07.15 10:51:51.705,1.17773,1.1778,1.00,1.00
2016.07.15 10:51:51.857,1.17775,1.17781,1.00,1.00
2016.07.15 10:51:51.908,1.17775,1.17783,1.00,1.00
2016.07.15 10:51:52.415,1.17775,1.17784,3.75,1.00
2016.07.15 10:51:53.833,1.17775,1.17784,3.00,1.00
2016.07.15 10:51:55.120,1.17776,1.17784,1.31,1.00
2016.07.15 10:51:55.272,1.17776,1.17787,2.44,1.76
2016.07.15 10:51:55.374,1.17777,1.17787,1.37,1.31
2016.07.15 10:51:55.896,1.17777,1.17788,2.25,2.51
2016.07.15 10:51:56.696,1.17779,1.17788,1.00,2.51
2016.07.15 10:52:00.404,1.17779,1.17788,1.00,1.10
2016.07.15 10:52:01.740,1.1778,1.17789,1.00,2.32
2016.07.15 10:52:01.893,1.17781,1.1779,1.12,2.02
2016.07.15 10:52:01.994,1.17783,1.17791,1.00,1.20
2016.07.15 10:52:02.542,1.17783,1.17792,1.12,1.12
2016.07.15 10:52:04.212,1.17783,1.17792,2.06,1.00
2016.07.15 10:52:04.790,1.17784,1.17793,1.31,1.01
2016.07.15 10:52:05.593,1.17784,1.17793,1.69,1.10
2016.07.15 10:52:06.100,1.17785,1.17794,2.06,3.00
2016.07.15 10:52:06.616,1.17786,1.17795,1.56,1.84
2016.07.15 10:52:07.219,1.17788,1.17795,1.50,1.65
2016.07.15 10:52:07.523,1.17789,1.17795,2.25,1.20
2016.07.15 10:52:07.980,1.17792,1.17799,1.50,1.20
2016.07.15 10:52:08.031,1.17793,1.178,1.00,1.57
2016.07.15 10:52:08.183,1.17793,1.17802,2.81,2.62
2016.07.15 10:52:08.386,1.17795,1.17803,1.56,1.50
2016.07.15 10:52:09.078,1.17795,1.17803,1.00,1.20
2016.07.15 10:52:09.583,1.17795,1.17803,1.00,1.20
2016.07.15 10:52:12.184,1.17793,1.17803,1.50,1.00
2016.07.15 10:52:13.681,1.17792,1.17803,2.77,1.12
2016.07.15 10:52:14.282,1.17792,1.17803,3.15,1.50
2016.07.15 10:52:17.415,1.17792,1.17802,3.15,1.00
2016.07.15 10:52:17.925,1.17792,1.17802,1.27,1.00
2016.07.15 10:52:20.465,1.17793,1.17802,1.50,1.12
2016.07.15 10:52:20.516,1.17796,1.17803,1.00,1.50
2016.07.15 10:52:20.618,1.17797,1.17806,1.00,3.00
2016.07.15 10:52:20.669,1.17797,1.17806,1.00,2.25
2016.07.15 10:52:21.174,1.17796,1.17805,1.00,1.50
2016.07.15 10:52:22.228,1.17795,1.17804,2.02,1.00
2016.07.15 10:52:22.278,1.17795,1.17802,2.02,1.00
2016.07.15 10:52:23.469,1.17795,1.17803,1.87,1.50
2016.07.15 10:52:23.998,1.17795,1.17802,1.50,1.00
2016.07.15 10:52:24.311,1.17795,1.178,1.50,1.00
2016.07.15 10:52:24.522,1.17793,1.17799,1.50,1.50
2016.07.15 10:52:24.625,1.17791,1.17799,1.65,1.50
2016.07.15 10:52:24.676,1.17791,1.17797,1.65,1.00
2016.07.15 10:52:26.675,1.1779,1.17794,1.10,1.00
2016.07.15 10:52:26.827,1.17788,1.17793,1.95,1.50
2016.07.15 10:52:26.878,1.17788,1.17791,1.95,1.00
2016.07.15 10:52:27.217,1.17785,1.17791,1.70,1.50
2016.07.15 10:52:28.064,1.17784,1.17788,3.48,1.00
2016.07.15 10:52:28.165,1.17784,1.17786,1.65,1.00
2016.07.15 10:52:28.217,1.17781,1.17783,3.00,1.00
2016.07.15 10:52:28.319,1.17778,1.17781,1.12,1.00
2016.07.15 10:52:28.423,1.17775,1.17782,1.12,1.50
2016.07.15 10:52:28.548,1.17777,1.17784,1.00,1.50
2016.07.15 10:52:29.424,1.17777,1.17782,1.00,1.50
2016.07.15 10:52:29.577,1.17775,1.17782,1.50,1.00
2016.07.15 10:52:29.866,1.17777,1.17783,1.37,1.50
2016.07.15 10:52:29.967,1.17775,1.17782,6.07,1.00
2016.07.15 10:52:30.487,1.17775,1.17781,1.00,1.00
2016.07.15 10:52:30.742,1.17775,1.17782,1.87,1.00
2016.07.15 10:52:31.046,1.17772,1.17777,1.00,1.00
2016.07.15 10:52:31.198,1.1777,1.17777,2.62,1.00
2016.07.15 10:52:31.695,1.17771,1.17779,1.00,1.50
2016.07.15 10:52:31.746,1.17775,1.1778,1.12,2.25
2016.07.15 10:52:32.252,1.17774,1.1778,1.00,1.00
2016.07.15 10:52:32.594,1.17778,1.17781,1.00,1.00
2016.07.15 10:52:32.849,1.17786,1.17792,1.00,3.00
2016.07.15 10:52:32.951,1.17787,1.17795,1.00,1.12
2016.07.15 10:52:33.457,1.17786,1.17796,1.57,1.87
2016.07.15 10:52:33.959,1.17786,1.17795,1.12,1.50
2016.07.15 10:52:36.346,1.17786,1.17791,2.62,1.00
2016.07.15 10:52:36.549,1.17784,1.17791,1.00,1.00
2016.07.15 10:52:36.600,1.17782,1.17791,1.31,1.00
2016.07.15 10:52:36.788,1.17781,1.17789,2.81,1.00
2016.07.15 10:52:37.306,1.17781,1.1779,2.81,1.00
2016.07.15 10:52:37.674,1.17781,1.17788,1.31,1.00
2016.07.15 10:52:38.223,1.17781,1.17788,1.00,1.00
2016.07.15 10:52:39.210,1.17779,1.17788,2.40,1.00
2016.07.15 10:52:40.654,1.17781,1.17788,1.00,1.00
2016.07.15 10:52:41.045,1.17793,1.17801,4.87,1.10
2016.07.15 10:52:41.096,1.17795,1.17804,1.20,1.50
2016.07.15 10:52:42.869,1.17795,1.17799,1.20,1.00
2016.07.15 10:52:43.021,1.17793,1.17798,1.50,1.00
2016.07.15 10:52:43.072,1.1779,1.17798,1.00,1.00
2016.07.15 10:52:43.224,1.17788,1.17797,1.20,1.00
2016.07.15 10:52:43.327,1.17787,1.17792,1.69,1.00
2016.07.15 10:52:43.429,1.17786,1.17792,1.00,1.00
2016.07.15 10:52:43.481,1.17784,1.17792,1.57,1.00
2016.07.15 10:52:43.795,1.17786,1.17793,1.87,1.12
2016.07.15 10:52:43.948,1.17787,1.17797,3.64,1.87
2016.07.15 10:52:44.455,1.17788,1.17797,1.00,1.50
2016.07.15 10:52:44.812,1.17787,1.17795,2.81,1.00
2016.07.15 10:52:45.313,1.17786,1.17794,1.31,1.00
2016.07.15 10:52:46.197,1.17785,1.17794,2.40,1.00
2016.07.15 10:52:46.747,1.17785,1.17793,1.27,1.00
2016.07.15 10:52:47.737,1.17789,1.17793,1.00,1.00
2016.07.15 10:52:47.991,1.17796,1.17804,1.12,1.50
2016.07.15 10:52:48.500,1.17795,1.17804,4.84,1.00
2016.07.15 10:52:48.990,1.17796,1.17806,3.00,1.00
2016.07.15 10:52:49.091,1.17798,1.17806,1.00,1.50
2016.07.15 10:52:49.711,1.17798,1.17805,1.00,1.00
2016.07.15 10:52:50.190,1.17798,1.17803,1.00,1.00
2016.07.15 10:52:50.390,1.17791,1.178,2.59,1.00
2016.07.15 10:52:50.923,1.17791,1.178,1.20,3.00
2016.07.15 10:52:51.776,1.17791,1.17799,1.00,1.00
2016.07.15 10:52:52.326,1.17789,1.17798,4.01,1.00
2016.07.15 10:52:54.838,1.17791,1.17798,1.22,1.00
2016.07.15 10:52:55.558,1.1779,1.17797,4.20,1.00
2016.07.15 10:52:55.711,1.1779,1.17795,1.50,1.00
2016.07.15 10:52:55.813,1.17788,1.17794,1.50,1.00
2016.07.15 10:52:55.864,1.17785,1.17794,8.44,1.00
2016.07.15 10:52:55.966,1.17785,1.17792,3.75,1.00
2016.07.15 10:52:56.219,1.17781,1.1779,4.39,1.50
2016.07.15 10:52:56.473,1.17783,1.1779,1.40,1.00
2016.07.15 10:52:56.979,1.17784,1.17791,1.31,1.00
2016.07.15 10:52:57.296,1.17786,1.17793,1.27,1.50
2016.07.15 10:52:58.960,1.17786,1.17792,4.87,1.00
2016.07.15 10:52:59.761,1.17786,1.17793,4.50,1.50
2016.07.15 10:53:00.166,1.17785,1.17792,3.37,1.00
2016.07.15 10:53:01.670,1.17785,1.17792,2.81,1.00
2016.07.15 10:53:01.974,1.17784,1.17792,1.00,1.00
2016.07.15 10:53:02.921,1.17785,1.17792,1.00,1.00
2016.07.15 10:53:03.471,1.17785,1.17793,1.00,1.00
2016.07.15 10:53:05.090,1.17785,1.17792,1.00,1.00
2016.07.15 10:53:05.750,1.17785,1.1779,1.00,1.00
2016.07.15 10:53:05.851,1.17783,1.17789,1.10,1.00
2016.07.15 10:53:06.054,1.1778,1.17786,1.57,1.00
2016.07.15 10:53:06.383,1.17776,1.1778,1.10,1.00
2016.07.15 10:53:06.491,1.17773,1.1778,1.50,1.00
2016.07.15 10:53:06.997,1.17778,1.1778,1.00,1.00
2016.07.15 10:53:07.048,1.17778,1.17783,2.44,1.00
2016.07.15 10:53:07.099,1.17782,1.17783,1.12,1.00
2016.07.15 10:53:07.201,1.17782,1.17788,1.00,2.25
2016.07.15 10:53:07.449,1.17784,1.17791,2.62,1.69
2016.07.15 10:53:07.551,1.17784,1.17793,1.00,1.50
2016.07.15 10:53:07.652,1.17784,1.17791,1.50,1.00
2016.07.15 10:53:09.443,1.17783,1.17791,1.20,1.50
2016.07.15 10:53:09.829,1.17782,1.17789,1.27,1.00
2016.07.15 10:53:10.132,1.17781,1.17787,1.50,1.00
2016.07.15 10:53:10.987,1.17781,1.17786,1.50,1.00
2016.07.15 10:53:11.189,1.17776,1.17784,2.25,1.00
2016.07.15 10:53:11.341,1.17775,1.17784,1.50,1.00
2016.07.15 10:53:11.828,1.17775,1.17782,1.00,1.00
2016.07.15 10:53:12.394,1.17775,1.17781,1.00,1.00
2016.07.15 10:53:12.803,1.17773,1.17781,1.27,1.00
2016.07.15 10:53:13.342,1.17772,1.1778,2.40,1.00
2016.07.15 10:53:13.645,1.17774,1.17782,1.00,1.00
2016.07.15 10:53:13.949,1.17774,1.17782,2.96,1.50
2016.07.15 10:53:14.648,1.17774,1.17783,2.06,1.50
2016.07.15 10:53:19.564,1.17774,1.17781,1.19,1.00
2016.07.15 10:53:21.968,1.17774,1.17782,2.06,1.50
2016.07.15 10:53:23.728,1.17774,1.17783,1.69,1.00
2016.07.15 10:53:24.278,1.17776,1.17783,1.69,1.00
2016.07.15 10:53:24.432,1.17777,1.17786,1.31,2.25
2016.07.15 10:53:24.536,1.17779,1.17786,1.31,1.00
2016.07.15 10:53:24.588,1.17779,1.17788,1.69,1.50
2016.07.15 10:53:26.540,1.1778,1.17787,1.25,1.00
2016.07.15 10:53:28.229,1.17778,1.17787,2.77,1.00
2016.07.15 10:53:30.293,1.17778,1.17786,1.65,1.00
2016.07.15 10:53:30.395,1.17778,1.17784,1.10,1.00
2016.07.15 10:53:30.496,1.17776,1.17784,1.20,1.00
2016.07.15 10:53:31.026,1.17775,1.17783,1.00,1.50
2016.07.15 10:53:31.533,1.17773,1.17783,4.39,1.50
2016.07.15 10:53:32.455,1.17773,1.17782,1.50,1.00
2016.07.15 10:53:32.960,1.17772,1.17781,1.95,1.50
2016.07.15 10:53:33.800,1.17773,1.17782,1.19,1.50
2016.07.15 10:53:34.103,1.17773,1.1778,1.19,1.00
2016.07.15 10:53:34.553,1.17772,1.17778,1.19,1.00
2016.07.15 10:53:34.807,1.17772,1.1778,1.69,4.50
2016.07.15 10:53:35.315,1.17774,1.17782,1.69,3.00
2016.07.15 10:53:35.863,1.17774,1.17783,1.19,1.20
2016.07.15 10:53:36.274,1.17774,1.1778,1.19,1.00
2016.07.15 10:53:36.780,1.17773,1.17779,1.19,1.00
2016.07.15 10:53:37.477,1.17773,1.1778,1.19,3.00
2016.07.15 10:53:38.370,1.17771,1.17778,1.69,1.00
2016.07.15 10:53:39.180,1.17772,1.17779,1.19,1.00
2016.07.15 10:53:39.484,1.17771,1.17777,1.69,1.00
2016.07.15 10:53:40.954,1.17773,1.17779,1.19,1.65
2016.07.15 10:53:41.056,1.17775,1.1778,1.19,1.87
2016.07.15 10:53:41.157,1.17775,1.17781,1.19,1.10
2016.07.15 10:53:41.680,1.17775,1.17782,1.19,1.00
2016.07.15 10:53:42.444,1.17775,1.17783,1.19,3.90
2016.07.15 10:53:42.973,1.17775,1.17782,1.19,1.00
2016.07.15 10:53:43.256,1.17775,1.1778,1.19,1.00
2016.07.15 10:53:43.357,1.17773,1.1778,1.19,2.25
2016.07.15 10:53:43.560,1.17776,1.17783,1.69,1.87
2016.07.15 10:53:43.611,1.17776,1.17783,1.69,1.12
2016.07.15 10:53:44.149,1.17775,1.17784,4.69,1.00
2016.07.15 10:53:44.552,1.17775,1.17784,3.19,1.00
2016.07.15 10:53:45.283,1.17775,1.17783,2.44,1.00
2016.07.15 10:53:47.279,1.17774,1.17783,3.00,1.00
2016.07.15 10:53:47.913,1.17774,1.17783,1.50,4.20
2016.07.15 10:53:49.526,1.17774,1.17783,1.19,2.70
2016.07.15 10:53:50.725,1.17775,1.17783,1.25,1.00
2016.07.15 10:53:51.679,1.17775,1.17784,1.25,1.50
2016.07.15 10:53:52.203,1.17775,1.17783,1.25,1.00
2016.07.15 10:53:52.746,1.17775,1.17784,1.69,1.12
2016.07.15 10:53:53.284,1.17776,1.17784,1.25,1.00
2016.07.15 10:53:53.809,1.17776,1.17783,1.25,1.00
2016.07.15 10:53:54.315,1.17774,1.17783,2.44,1.10
2016.07.15 10:53:54.889,1.17774,1.17783,2.44,1.57
2016.07.15 10:53:56.091,1.17774,1.17783,1.19,2.32
2016.07.15 10:53:56.597,1.17774,1.17783,1.69,2.70
2016.07.15 10:53:58.196,1.17774,1.17782,1.00,1.12
2016.07.15 10:53:58.499,1.17774,1.1778,1.00,1.00
2016.07.15 10:54:04.661,1.17774,1.17779,1.00,1.00
2016.07.15 10:54:05.006,1.17774,1.17776,1.00,1.00
2016.07.15 10:54:05.057,1.17771,1.17776,1.69,1.00
2016.07.15 10:54:05.260,1.17768,1.17775,1.69,1.00
2016.07.15 10:54:05.412,1.17766,1.17774,1.31,1.12
2016.07.15 10:54:06.490,1.17765,1.17773,1.19,1.00
2016.07.15 10:54:10.213,1.17764,1.17773,1.69,1.00
2016.07.15 10:54:11.556,1.17765,1.17774,1.00,1.12
2016.07.15 10:54:12.248,1.17766,1.17774,1.00,1.00
2016.07.15 10:54:14.200,1.17765,1.17774,1.12,1.00
2016.07.15 10:54:14.252,1.17765,1.17774,3.19,1.00
2016.07.15 10:54:14.568,1.17769,1.17775,1.00,1.39
2016.07.15 10:54:14.881,1.17772,1.17778,1.00,1.25
2016.07.15 10:54:15.387,1.17773,1.1778,1.00,2.59
2016.07.15 10:54:15.438,1.17773,1.1778,1.00,2.02
2016.07.15 10:54:15.584,1.17775,1.1778,1.00,1.20
2016.07.15 10:54:16.142,1.17775,1.17781,1.00,1.46
2016.07.15 10:54:16.648,1.17776,1.17781,1.00,1.46
2016.07.15 10:54:21.275,1.17777,1.17785,1.00,3.64
2016.07.15 10:54:21.628,1.17779,1.17785,1.00,3.26
2016.07.15 10:54:22.129,1.17778,1.17785,1.00,2.89
2016.07.15 10:54:22.670,1.17779,1.17786,1.00,2.89
2016.07.15 10:54:22.772,1.17779,1.17785,2.25,1.00
2016.07.15 10:54:22.823,1.17781,1.17785,1.00,1.00
2016.07.15 10:54:22.874,1.17781,1.17787,1.00,1.65
2016.07.15 10:54:22.925,1.17783,1.17788,1.00,1.45
2016.07.15 10:54:22.976,1.17782,1.1779,1.00,1.76
2016.07.15 10:54:23.179,1.17782,1.17791,1.00,2.96
2016.07.15 10:54:23.882,1.17782,1.17789,1.00,1.69
2016.07.15 10:54:24.991,1.17781,1.17788,1.00,1.56
2016.07.15 10:54:25.542,1.17782,1.17788,1.00,1.56
2016.07.15 10:54:25.643,1.17782,1.17788,1.00,1.00
2016.07.15 10:54:26.049,1.17782,1.17788,1.00,1.56
2016.07.15 10:54:26.550,1.17781,1.17789,1.00,2.44
2016.07.15 10:54:29.402,1.17779,1.17788,1.00,3.56
2016.07.15 10:54:29.453,1.17779,1.17784,1.00,1.56
2016.07.15 10:54:29.504,1.17777,1.17784,1.12,1.56
2016.07.15 10:54:29.807,1.17775,1.17782,1.00,1.00
2016.07.15 10:54:29.959,1.17776,1.17778,1.00,1.00
2016.07.15 10:54:30.010,1.17774,1.17779,1.00,1.00
2016.07.15 10:54:30.542,1.17774,1.17781,1.50,1.56
2016.07.15 10:54:32.944,1.17774,1.17782,1.50,1.57
2016.07.15 10:54:33.147,1.17778,1.17783,1.00,1.00
2016.07.15 10:54:33.670,1.17779,1.17785,1.00,2.44
2016.07.15 10:54:34.737,1.17777,1.17784,2.25,1.31
2016.07.15 10:54:34.839,1.17781,1.17784,1.00,1.00
2016.07.15 10:54:34.941,1.17782,1.17786,1.50,1.10
2016.07.15 10:54:34.992,1.17782,1.17788,1.50,1.25
2016.07.15 10:54:35.423,1.17786,1.1779,1.00,2.59
2016.07.15 10:54:35.475,1.17786,1.1779,1.00,1.20
2016.07.15 10:54:35.526,1.17787,1.17793,1.00,1.66
2016.07.15 10:54:35.627,1.17789,1.17794,1.00,1.81
2016.07.15 10:54:35.678,1.17789,1.17795,1.00,3.75
2016.07.15 10:54:35.844,1.17791,1.17796,1.00,1.56
2016.07.15 10:54:35.945,1.17789,1.17797,1.87,1.56
2016.07.15 10:54:36.047,1.17787,1.17794,3.19,1.12
2016.07.15 10:54:36.149,1.17789,1.17795,1.50,2.06
2016.07.15 10:54:36.250,1.17791,1.17795,1.00,1.00
2016.07.15 10:54:36.352,1.17793,1.17795,1.00,1.00
2016.07.15 10:54:36.880,1.17794,1.178,1.00,1.56
2016.07.15 10:54:37.689,1.17795,1.178,1.00,1.25
2016.07.15 10:54:38.234,1.17794,1.178,1.50,1.69
2016.07.15 10:54:38.486,1.17792,1.17799,3.00,1.12
2016.07.15 10:54:38.638,1.17792,1.17799,1.00,1.27
2016.07.15 10:54:38.790,1.17791,1.178,1.25,3.94
2016.07.15 10:54:39.497,1.17791,1.17795,1.25,1.56
2016.07.15 10:54:39.548,1.17789,1.17795,1.50,1.56
2016.07.15 10:54:40.234,1.17791,1.17797,1.00,2.81
2016.07.15 10:54:40.386,1.17792,1.17798,1.00,1.09
2016.07.15 10:54:41.743,1.17793,1.178,1.00,1.76
2016.07.15 10:54:42.798,1.17792,1.178,1.12,2.44
2016.07.15 10:54:42.900,1.17792,1.178,1.12,1.56
2016.07.15 10:54:43.653,1.17793,1.17802,1.00,3.34
2016.07.15 10:54:43.754,1.17793,1.17802,1.00,2.96
2016.07.15 10:54:44.289,1.17791,1.17797,1.50,1.31
2016.07.15 10:54:44.807,1.17791,1.17798,1.00,1.31
2016.07.15 10:54:45.348,1.17792,1.17798,1.00,1.31
2016.07.15 10:54:46.233,1.17794,1.17799,1.00,1.69
2016.07.15 10:54:46.284,1.17794,1.178,1.00,2.62
2016.07.15 10:54:46.436,1.17794,1.17803,2.25,1.87
2016.07.15 10:54:47.012,1.17795,1.17803,1.50,1.00
2016.07.15 10:54:49.420,1.17795,1.17801,1.50,1.00
2016.07.15 10:54:49.724,1.17791,1.17798,2.06,1.00
2016.07.15 10:54:49.776,1.1779,1.17798,1.31,1.56
2016.07.15 10:54:50.217,1.17789,1.17795,1.00,1.00
2016.07.15 10:54:51.079,1.17789,1.17796,1.00,1.31
2016.07.15 10:54:51.695,1.17786,1.17796,3.19,1.31
2016.07.15 10:54:52.228,1.17786,1.17796,3.19,1.31
2016.07.15 10:54:53.887,1.17786,1.17796,1.31,1.56
2016.07.15 10:54:54.190,1.17788,1.17793,1.00,1.56
2016.07.15 10:54:54.275,1.17785,1.17793,4.76,1.31
2016.07.15 10:54:54.377,1.17786,1.17793,1.00,1.56
2016.07.15 10:54:54.921,1.17785,1.17791,1.00,1.56
2016.07.15 10:54:55.430,1.17784,1.17791,1.50,1.56
2016.07.15 10:54:59.103,1.17784,1.17792,1.00,1.10
2016.07.15 10:54:59.645,1.17784,1.17791,1.00,1.31
2016.07.15 10:55:00.208,1.17784,1.1779,1.00,1.00
2016.07.15 10:55:00.260,1.17784,1.17787,1.00,1.00
2016.07.15 10:55:00.311,1.17782,1.17787,1.00,1.31
2016.07.15 10:55:00.564,1.1778,1.17789,1.25,1.76
2016.07.15 10:55:01.793,1.17778,1.17785,1.37,1.66
2016.07.15 10:55:01.894,1.17776,1.17785,4.69,1.66
2016.07.15 10:55:02.404,1.17777,1.17785,1.00,1.31
2016.07.15 10:55:02.959,1.17776,1.17785,1.00,6.94
2016.07.15 10:55:03.469,1.17775,1.17784,2.44,1.10
2016.07.15 10:55:04.813,1.17775,1.17783,1.69,1.00
2016.07.15 10:55:05.978,1.17773,1.17783,3.00,1.95
2016.07.15 10:55:06.998,1.17775,1.17784,1.00,3.07
2016.07.15 10:55:10.942,1.17774,1.17783,1.00,1.10
2016.07.15 10:55:11.810,1.17774,1.17781,1.00,1.00
2016.07.15 10:55:12.164,1.17771,1.1778,1.69,1.00
2016.07.15 10:55:12.705,1.17772,1.1778,1.00,1.00
2016.07.15 10:55:15.370,1.17771,1.1778,1.69,2.25
2016.07.15 10:55:15.788,1.17771,1.17778,1.00,1.00
2016.07.15 10:55:15.839,1.17768,1.17777,2.62,1.00
2016.07.15 10:55:16.737,1.17769,1.17776,1.00,1.00
2016.07.15 10:55:17.247,1.17768,1.17776,1.00,1.00
2016.07.15 10:55:18.908,1.17769,1.17778,1.00,2.32
2016.07.15 10:55:19.452,1.1777,1.17778,1.00,1.12
2016.07.15 10:55:19.954,1.1777,1.17779,1.50,1.12
2016.07.15 10:55:20.495,1.17771,1.17779,1.00,1.00
2016.07.15 10:55:23.439,1.17771,1.1778,1.50,1.65
2016.07.15 10:55:23.642,1.17774,1.17782,1.00,3.86
2016.07.15 10:55:25.492,1.17774,1.17782,1.00,2.51
2016.07.15 10:55:25.874,1.17774,1.17779,1.00,1.00
2016.07.15 10:55:25.975,1.17771,1.17777,1.00,1.50
2016.07.15 10:55:26.078,1.17769,1.17777,1.12,2.06
2016.07.15 10:55:26.418,1.17769,1.17774,1.00,1.00
2016.07.15 10:55:26.469,1.17763,1.17772,1.50,1.56
2016.07.15 10:55:27.077,1.17764,1.17772,1.00,2.14
2016.07.15 10:55:28.665,1.17763,1.17772,1.00,2.14
2016.07.15 10:55:29.204,1.17764,1.17772,1.00,2.14
2016.07.15 10:55:29.731,1.17763,1.17772,1.50,1.66
2016.07.15 10:55:31.085,1.17764,1.17773,1.00,4.76
2016.07.15 10:55:31.664,1.17763,1.17773,1.50,3.26
2016.07.15 10:55:33.090,1.17764,1.17772,1.00,1.01
2016.07.15 10:55:33.218,1.17764,1.17769,1.00,1.00
2016.07.15 10:55:33.724,1.17764,1.1777,1.00,1.56
2016.07.15 10:55:38.156,1.17764,1.17767,1.00,1.00
2016.07.15 10:55:38.207,1.17761,1.17767,2.44,1.56
2016.07.15 10:55:38.309,1.17761,1.17766,1.50,2.06
2016.07.15 10:55:38.818,1.17759,1.17765,1.12,1.56
2016.07.15 10:55:40.111,1.17762,1.17765,1.00,1.56
2016.07.15 10:55:40.213,1.17764,1.17768,1.00,1.87
2016.07.15 10:55:40.314,1.17766,1.17771,1.50,2.25
2016.07.15 10:55:40.416,1.17766,1.17774,1.50,1.75
2016.07.15 10:55:40.556,1.17766,1.17775,1.50,1.20
2016.07.15 10:55:40.758,1.17766,1.17773,1.00,1.00
2016.07.15 10:55:41.062,1.17764,1.17773,2.25,1.00
2016.07.15 10:55:41.567,1.17764,1.17773,3.00,1.00
2016.07.15 10:55:42.106,1.17765,1.17775,3.00,1.10
2016.07.15 10:55:42.207,1.17765,1.17773,1.50,1.00
2016.07.15 10:55:42.718,1.17765,1.17773,1.00,1.00
2016.07.15 10:55:43.258,1.17765,1.17774,1.00,1.00
2016.07.15 10:55:44.803,1.17767,1.17776,1.00,4.09
2016.07.15 10:55:45.108,1.17769,1.17778,2.25,1.20
2016.07.15 10:55:45.160,1.1777,1.17779,1.12,1.25
2016.07.15 10:55:46.501,1.17771,1.1778,1.00,2.89
2016.07.15 10:55:47.020,1.17771,1.1778,1.00,2.25
2016.07.15 10:55:47.556,1.1777,1.17779,3.37,1.00
2016.07.15 10:55:48.060,1.17771,1.1778,1.00,1.50
2016.07.15 10:55:48.578,1.17771,1.17779,1.00,1.25
2016.07.15 10:55:49.339,1.1777,1.17779,1.12,1.25
2016.07.15 10:55:49.542,1.17769,1.17778,2.25,1.31
2016.07.15 10:55:50.945,1.17766,1.17774,2.25,1.00
2016.07.15 10:55:51.249,1.17765,1.17771,1.00,1.00
2016.07.15 10:55:51.350,1.17765,1.17773,1.00,1.00
2016.07.15 10:55:51.860,1.17765,1.17774,1.50,1.31
2016.07.15 10:55:52.072,1.17765,1.17773,1.00,2.62
2016.07.15 10:55:52.799,1.17765,1.17774,1.50,1.39
2016.07.15 10:55:53.314,1.17766,1.17774,1.00,1.25
2016.07.15 10:55:53.660,1.17766,1.17772,1.00,1.00
2016.07.15 10:55:53.761,1.17766,1.17774,1.00,1.25
2016.07.15 10:55:54.302,1.17767,1.17774,1.00,1.00
2016.07.15 10:55:54.803,1.17766,1.17775,1.50,1.57
2016.07.15 10:55:55.127,1.17767,1.17771,1.00,1.00
2016.07.15 10:55:55.272,1.17766,1.17774,1.50,1.12
2016.07.15 10:55:55.732,1.17768,1.17775,1.50,1.57
2016.07.15 10:55:56.035,1.17774,1.17782,1.00,3.37
2016.07.15 10:55:56.137,1.17774,1.17782,1.00,1.95
2016.07.15 10:55:56.382,1.17776,1.17784,1.00,1.65
2016.07.15 10:55:56.737,1.17778,1.17786,1.00,1.69
2016.07.15 10:55:56.891,1.17778,1.17787,1.00,1.12
2016.07.15 10:55:57.666,1.17778,1.17788,1.00,2.21
2016.07.15 10:56:01.028,1.17778,1.17788,1.00,1.84
2016.07.15 10:56:01.450,1.17777,1.17785,2.25,1.00
2016.07.15 10:56:01.758,1.17774,1.17781,1.50,1.00
2016.07.15 10:56:02.285,1.17774,1.17783,1.50,4.80
2016.07.15 10:56:02.600,1.17772,1.1778,1.50,4.46
2016.07.15 10:56:03.416,1.17771,1.17781,4.50,1.29
2016.07.15 10:56:03.721,1.17779,1.17786,1.00,2.14
2016.07.15 10:56:03.772,1.17776,1.17786,2.25,1.46
2016.07.15 10:56:04.034,1.17776,1.17784,1.00,1.00
2016.07.15 10:56:04.189,1.17774,1.17783,2.25,1.10
2016.07.15 10:56:05.246,1.17775,1.17784,1.00,1.57
2016.07.15 10:56:05.789,1.17774,1.17783,2.25,1.01
2016.07.15 10:56:05.992,1.17772,1.17782,1.50,1.50
2016.07.15 10:56:06.501,1.17772,1.17782,1.50,3.45
2016.07.15 10:56:07.354,1.17771,1.17781,3.00,1.57
2016.07.15 10:56:07.881,1.17771,1.1778,3.00,1.00
2016.07.15 10:56:08.803,1.17771,1.17781,3.00,3.07
2016.07.15 10:56:09.361,1.17771,1.1778,3.00,1.00
2016.07.15 10:56:10.192,1.17771,1.17781,3.00,3.07
2016.07.15 10:56:10.503,1.17772,1.1778,1.00,1.50
2016.07.15 10:56:12.357,1.1777,1.17779,3.00,1.12
2016.07.15 10:56:12.876,1.17771,1.17779,1.12,1.12
2016.07.15 10:56:13.349,1.17775,1.1778,1.00,1.87
2016.07.15 10:56:13.451,1.17777,1.17784,2.25,1.39
2016.07.15 10:56:13.553,1.1778,1.17787,1.00,1.20
2016.07.15 10:56:14.059,1.17779,1.17788,1.12,1.75
2016.07.15 10:56:14.455,1.17778,1.17785,3.00,1.75
2016.07.15 10:56:14.608,1.17776,1.17785,1.00,2.25
2016.07.15 10:56:14.950,1.17775,1.17778,1.12,1.00
2016.07.15 10:56:15.104,1.17768,1.17775,1.12,1.00
2016.07.15 10:56:15.205,1.1777,1.17778,1.00,1.69
2016.07.15 10:56:15.509,1.17773,1.17782,1.12,2.77
2016.07.15 10:56:16.464,1.17773,1.17782,1.50,3.37
2016.07.15 10:56:17.142,1.17772,1.17782,2.25,2.25
2016.07.15 10:56:18.558,1.17772,1.17782,3.00,1.50
2016.07.15 10:56:19.094,1.17774,1.17782,1.00,1.00
2016.07.15 10:56:19.599,1.17774,1.17783,1.50,1.46
2016.07.15 10:56:20.969,1.17775,1.17783,1.00,1.00
2016.07.15 10:56:21.273,1.17778,1.17786,1.50,2.17
2016.07.15 10:56:21.610,1.1778,1.17788,1.00,1.12
2016.07.15 10:56:21.661,1.1778,1.17788,1.50,1.00
2016.07.15 10:56:21.964,1.17781,1.1779,3.00,3.07
2016.07.15 10:56:22.117,1.17783,1.17791,1.50,1.76
2016.07.15 10:56:22.501,1.17789,1.17793,1.50,1.01
2016.07.15 10:56:22.603,1.17792,1.17797,2.25,2.25
2016.07.15 10:56:22.706,1.17795,1.17801,1.00,3.56
2016.07.15 10:56:22.808,1.17795,1.17803,1.12,2.14
2016.07.15 10:56:23.333,1.17792,1.178,2.25,1.00
2016.07.15 10:56:23.384,1.17792,1.178,2.25,1.00
2016.07.15 10:56:24.445,1.17792,1.17801,1.00,2.81
2016.07.15 10:56:24.894,1.17792,1.17798,1.00,1.00
2016.07.15 10:56:25.435,1.1779,1.17799,3.00,1.57
2016.07.15 10:56:25.913,1.1779,1.17796,1.50,1.00
2016.07.15 10:56:26.217,1.17788,1.17798,1.00,3.56
2016.07.15 10:56:26.789,1.17788,1.17796,1.00,1.00
2016.07.15 10:56:27.317,1.17787,1.17797,3.00,1.29
2016.07.15 10:56:27.959,1.17787,1.17795,1.00,1.00
2016.07.15 10:56:28.519,1.17786,1.17796,2.25,1.76
2016.07.15 10:56:28.682,1.17786,1.17793,2.25,1.00
2016.07.15 10:56:28.987,1.17783,1.17791,1.00,2.06
2016.07.15 10:56:29.520,1.17782,1.1779,1.00,1.50
2016.07.15 10:56:30.065,1.17782,1.17791,1.00,1.10
2016.07.15 10:56:30.569,1.17782,1.1779,1.00,2.25
2016.07.15 10:56:31.075,1.17782,1.17791,2.25,1.10
2016.07.15 10:56:31.490,1.17785,1.17792,1.00,1.32
2016.07.15 10:56:31.643,1.17786,1.17794,1.50,1.87
2016.07.15 10:56:31.831,1.17787,1.17795,1.00,2.06
2016.07.15 10:56:33.594,1.17787,1.17796,1.50,2.59
2016.07.15 10:56:34.026,1.17788,1.17797,1.50,1.10
2016.07.15 10:56:34.329,1.17788,1.17796,1.00,1.56
2016.07.15 10:56:34.852,1.17788,1.17798,1.00,2.81
2016.07.15 10:56:34.903,1.1779,1.17798,1.00,1.84
2016.07.15 10:56:35.004,1.17788,1.17798,2.25,2.02
2016.07.15 10:56:35.106,1.17788,1.17796,1.50,1.00
2016.07.15 10:56:35.310,1.17785,1.17795,1.20,1.69
2016.07.15 10:56:36.610,1.17785,1.17788,1.00,1.00
2016.07.15 10:56:36.662,1.17784,1.1779,1.00,1.00
2016.07.15 10:56:36.915,1.17783,1.17792,1.50,1.20
2016.07.15 10:56:37.449,1.17783,1.17793,1.00,2.32
2016.07.15 10:56:37.656,1.17783,1.17791,1.00,1.00
2016.07.15 10:56:38.899,1.17783,1.1779,1.00,1.00
2016.07.15 10:56:39.202,1.17782,1.17785,1.50,1.00
2016.07.15 10:56:39.253,1.17782,1.17789,1.00,2.62
2016.07.15 10:56:39.355,1.17779,1.17789,1.57,2.25
2016.07.15 10:56:39.406,1.17779,1.17785,1.37,1.00
2016.07.15 10:56:39.558,1.17779,1.17787,1.00,1.87
2016.07.15 10:56:39.660,1.17778,1.17785,1.00,1.00
2016.07.15 10:56:40.034,1.17773,1.1778,1.00,1.50
2016.07.15 10:56:40.137,1.17771,1.1778,2.25,1.50
2016.07.15 10:56:40.674,1.17776,1.17782,1.00,1.20
2016.07.15 10:56:40.978,1.17787,1.17796,2.25,1.00
2016.07.15 10:56:41.167,1.17788,1.17797,2.25,1.25
2016.07.15 10:56:41.370,1.1779,1.178,1.50,3.56
2016.07.15 10:56:41.781,1.17789,1.17798,2.62,1.56
2016.07.15 10:56:41.883,1.17789,1.17798,2.62,1.00
2016.07.15 10:56:42.458,1.17789,1.17797,1.12,1.00
2016.07.15 10:56:42.813,1.1779,1.17798,1.50,1.00
2016.07.15 10:56:43.319,1.1779,1.17798,1.00,1.12
2016.07.15 10:56:43.845,1.17789,1.17798,2.25,1.12
2016.07.15 10:56:44.379,1.1779,1.17799,1.00,1.76
2016.07.15 10:56:44.889,1.17791,1.17799,1.00,1.25
2016.07.15 10:56:45.395,1.17792,1.178,1.50,1.00
2016.07.15 10:56:45.845,1.17792,1.17802,2.25,3.11
2016.07.15 10:56:46.351,1.17793,1.17802,1.00,1.69
2016.07.15 10:56:46.894,1.17793,1.17802,1.00,1.00
2016.07.15 10:56:47.797,1.17793,1.17803,1.00,1.46
2016.07.15 10:56:47.899,1.17795,1.17803,1.00,1.09
2016.07.15 10:56:48.253,1.17796,1.17805,1.87,1.00
2016.07.15 10:56:48.431,1.17795,1.17803,1.12,1.00
2016.07.15 10:56:48.786,1.17795,1.17802,1.00,1.37
2016.07.15 10:56:49.514,1.17795,1.17802,1.00,1.00
2016.07.15 10:56:49.707,1.17793,1.17803,1.12,1.50
2016.07.15 10:56:52.906,1.17792,1.17803,6.07,1.87
2016.07.15 10:56:53.470,1.17794,1.17803,1.00,1.87
2016.07.15 10:56:54.004,1.17794,1.17803,1.50,1.12
2016.07.15 10:56:59.283,1.17794,1.17804,3.37,1.00
2016.07.15 10:56:59.384,1.17796,1.17805,1.50,3.07
2016.07.15 10:56:59.486,1.17797,1.17806,2.25,1.20
2016.07.15 10:56:59.840,1.17797,1.17804,1.87,1.00
2016.07.15 10:57:00.160,1.17796,1.17803,1.00,1.37
2016.07.15 10:57:00.680,1.17795,1.17803,1.00,1.12
2016.07.15 10:57:03.478,1.17795,1.17805,1.50,5.44
2016.07.15 10:57:03.781,1.17798,1.17807,1.00,2.14
2016.07.15 10:57:04.086,1.17798,1.17805,1.00,3.00
2016.07.15 10:57:06.046,1.178,1.17805,1.56,1.00
2016.07.15 10:57:06.148,1.17798,1.17807,1.31,1.62
2016.07.15 10:57:06.287,1.17802,1.17809,1.12,1.87
2016.07.15 10:57:06.390,1.17803,1.17813,1.00,3.19
2016.07.15 10:57:06.942,1.17804,1.17813,1.50,2.44
2016.07.15 10:57:08.813,1.17805,1.17813,1.00,1.19
2016.07.15 10:57:09.372,1.17805,1.17813,1.00,1.50
2016.07.15 10:57:10.659,1.17808,1.17813,1.00,1.50
2016.07.15 10:57:10.811,1.17808,1.17816,2.25,1.20
2016.07.15 10:57:10.946,1.17808,1.17817,2.25,1.25
2016.07.15 10:57:11.763,1.17812,1.17818,1.00,1.29
2016.07.15 10:57:12.068,1.17819,1.17823,1.00,1.12
2016.07.15 10:57:12.119,1.17819,1.17826,1.00,1.00
2016.07.15 10:57:12.658,1.17821,1.17827,1.00,1.00
2016.07.15 10:57:12.861,1.17822,1.17831,3.00,3.56
2016.07.15 10:57:12.914,1.17825,1.17832,1.00,1.50
2016.07.15 10:57:12.965,1.17826,1.17833,1.00,1.46
2016.07.15 10:57:13.067,1.1783,1.17834,1.00,1.50
2016.07.15 10:57:13.270,1.17825,1.17832,1.87,1.00
2016.07.15 10:57:13.422,1.17825,1.1783,1.00,1.00
2016.07.15 10:57:13.552,1.17823,1.1783,1.00,1.12
2016.07.15 10:57:14.343,1.17822,1.1783,1.25,1.00
2016.07.15 10:57:14.910,1.17822,1.17829,1.25,1.00
2016.07.15 10:57:15.436,1.17822,1.1783,1.25,1.00
2016.07.15 10:57:16.122,1.17822,1.17828,1.25,1.00
2016.07.15 10:57:16.596,1.17822,1.1783,1.25,1.00
2016.07.15 10:57:18.628,1.17822,1.17831,2.06,1.00
2016.07.15 10:57:22.172,1.17822,1.1783,1.25,1.56
2016.07.15 10:57:24.153,1.17822,1.1783,1.00,2.25
2016.07.15 10:57:27.057,1.17822,1.1783,1.00,1.69
2016.07.15 10:57:27.954,1.17821,1.17829,1.50,1.00
2016.07.15 10:57:28.445,1.17823,1.17829,1.00,1.00
2016.07.15 10:57:28.648,1.17825,1.17833,1.50,1.47
2016.07.15 10:57:28.814,1.17825,1.17834,2.25,2.06
2016.07.15 10:57:29.017,1.17826,1.17834,1.00,2.44
2016.07.15 10:57:29.118,1.17824,1.17834,1.50,2.44
2016.07.15 10:57:29.675,1.17825,1.17834,1.00,2.06
2016.07.15 10:57:30.193,1.17825,1.17834,1.00,2.44
2016.07.15 10:57:30.295,1.17825,1.17832,1.00,1.00
2016.07.15 10:57:30.548,1.17821,1.1783,1.50,3.37
2016.07.15 10:57:31.762,1.1782,1.1783,2.25,2.25
2016.07.15 10:57:33.376,1.17821,1.1783,1.50,2.25
2016.07.15 10:57:33.933,1.1782,1.1783,3.00,3.00
2016.07.15 10:57:34.198,1.17819,1.17826,2.62,1.00
2016.07.15 10:57:34.351,1.17817,1.17825,1.00,1.00
2016.07.15 10:57:34.884,1.17815,1.17824,2.25,1.12
2016.07.15 10:57:34.985,1.17818,1.17824,1.00,1.00
2016.07.15 10:57:35.086,1.17815,1.17823,1.62,1.00
2016.07.15 10:57:35.598,1.17819,1.17823,1.00,1.00
2016.07.15 10:57:35.649,1.17819,1.17827,1.00,1.50
2016.07.15 10:57:35.700,1.17822,1.17827,1.00,1.50
2016.07.15 10:57:35.752,1.17822,1.17828,1.00,1.10
2016.07.15 10:57:35.803,1.1782,1.17828,1.00,1.10
2016.07.15 10:57:36.310,1.1782,1.17829,1.00,3.45
2016.07.15 10:57:36.834,1.17819,1.17828,1.50,1.00
2016.07.15 10:57:38.939,1.17819,1.17829,1.50,2.70
2016.07.15 10:57:42.296,1.1782,1.17829,1.00,2.70
2016.07.15 10:57:42.804,1.17821,1.17829,1.50,1.10
2016.07.15 10:57:42.905,1.17821,1.17831,2.25,2.40
2016.07.15 10:57:43.057,1.17823,1.17831,1.00,1.20
2016.07.15 10:57:43.618,1.17823,1.17833,2.62,4.50
2016.07.15 10:57:43.669,1.17824,1.17833,1.00,1.95
2016.07.15 10:57:44.170,1.17824,1.17833,2.25,1.00
2016.07.15 10:57:46.160,1.17824,1.17834,4.50,1.27
2016.07.15 10:57:47.909,1.17826,1.17835,1.00,1.50
2016.07.15 10:57:48.167,1.17825,1.17831,3.00,1.00
2016.07.15 10:57:48.710,1.17826,1.17833,1.00,1.76
2016.07.15 10:57:49.212,1.17824,1.17833,1.31,1.76
2016.07.15 10:57:50.593,1.17822,1.1783,2.44,1.00
2016.07.15 10:57:50.644,1.17822,1.1783,2.25,1.00
2016.07.15 10:57:50.796,1.17822,1.17832,2.25,1.57
2016.07.15 10:57:51.413,1.17822,1.17832,2.25,1.76
2016.07.15 10:57:51.973,1.17821,1.17828,2.81,1.00
2016.07.15 10:57:53.215,1.1782,1.17828,1.00,1.00
2016.07.15 10:57:54.489,1.1782,1.17829,1.50,1.25
2016.07.15 10:57:54.914,1.1782,1.17827,2.25,1.00
2016.07.15 10:57:55.218,1.17814,1.1782,1.00,1.00
2016.07.15 10:57:55.320,1.17812,1.1782,1.12,1.00
2016.07.15 10:57:55.834,1.17812,1.17822,1.12,1.87
2016.07.15 10:57:56.335,1.17812,1.1782,1.12,1.00
2016.07.15 10:57:56.841,1.17812,1.17822,1.12,2.40
2016.07.15 10:57:57.380,1.17813,1.17822,1.00,3.15
2016.07.15 10:57:58.094,1.17813,1.17822,1.00,1.65
2016.07.15 10:57:59.045,1.17812,1.17822,1.87,2.40
2016.07.15 10:57:59.842,1.17813,1.17822,1.00,1.20
2016.07.15 10:58:00.353,1.17814,1.17823,1.50,1.25
2016.07.15 10:58:00.985,1.17813,1.17822,1.50,1.00
2016.07.15 10:58:01.494,1.17813,1.17823,2.25,2.59
2016.07.15 10:58:02.003,1.17814,1.17822,1.50,1.00
2016.07.15 10:58:03.607,1.17815,1.17822,1.00,1.00
2016.07.15 10:58:04.039,1.17817,1.17823,1.00,1.12
2016.07.15 10:58:04.583,1.17816,1.17824,1.00,1.00
2016.07.15 10:58:05.088,1.17816,1.17823,1.00,1.00
2016.07.15 10:58:05.607,1.17817,1.17823,1.50,1.00
2016.07.15 10:58:07.915,1.17817,1.17824,1.50,1.25
2016.07.15 10:58:08.370,1.17819,1.17823,1.00,1.00
2016.07.15 10:58:08.654,1.17823,1.17828,1.00,1.00
2016.07.15 10:58:08.755,1.17825,1.17828,1.00,1.00
2016.07.15 10:58:08.807,1.17825,1.1783,1.00,1.50
2016.07.15 10:58:08.858,1.17827,1.1783,1.00,1.00
2016.07.15 10:58:08.960,1.17826,1.17833,1.50,1.57
2016.07.15 10:58:09.466,1.17827,1.17835,1.00,2.32
2016.07.15 10:58:09.862,1.17824,1.17834,1.95,1.10
2016.07.15 10:58:10.419,1.17824,1.17834,1.00,1.09
2016.07.15 10:58:10.965,1.17824,1.17832,1.00,1.00
2016.07.15 10:58:13.874,1.17823,1.17832,1.50,1.00
2016.07.15 10:58:15.888,1.17824,1.17832,1.00,1.00
2016.07.15 10:58:20.123,1.17824,1.17831,1.00,1.00
2016.07.15 10:58:20.326,1.17824,1.17827,1.00,1.00
2016.07.15 10:58:20.379,1.17821,1.17827,1.12,1.00
2016.07.15 10:58:20.433,1.1782,1.17827,1.00,1.00
2016.07.15 10:58:20.535,1.17818,1.17827,1.50,1.12
2016.07.15 10:58:21.058,1.17819,1.17828,1.00,4.50
2016.07.15 10:58:23.305,1.1782,1.17828,1.00,1.50
2016.07.15 10:58:23.558,1.1782,1.17829,1.50,2.44
2016.07.15 10:58:23.953,1.17819,1.17827,1.50,1.00
2016.07.15 10:58:24.307,1.17817,1.17827,2.32,1.50
2016.07.15 10:58:24.915,1.17818,1.17827,1.00,2.25
2016.07.15 10:58:26.678,1.17818,1.17826,1.00,1.00
2016.07.15 10:58:26.881,1.17817,1.17822,1.10,1.00
2016.07.15 10:58:27.033,1.17813,1.17819,1.00,2.06
2016.07.15 10:58:27.084,1.17813,1.17815,1.00,1.00
2016.07.15 10:58:27.236,1.17805,1.1781,1.50,1.12
2016.07.15 10:58:27.338,1.17802,1.17811,1.87,3.00
2016.07.15 10:58:27.846,1.17803,1.1781,1.00,1.12
2016.07.15 10:58:28.363,1.17802,1.1781,1.50,1.12
2016.07.15 10:58:28.968,1.17801,1.1781,1.20,1.12
2016.07.15 10:58:29.473,1.178,1.17809,1.65,1.12
2016.07.15 10:58:29.981,1.17799,1.17808,2.25,1.00
2016.07.15 10:58:30.642,1.17799,1.17808,1.00,1.12
2016.07.15 10:58:30.997,1.17798,1.17806,1.20,1.00
2016.07.15 10:58:31.250,1.17794,1.17804,1.57,1.12
2016.07.15 10:58:31.548,1.17795,1.17805,1.39,1.87
2016.07.15 10:58:32.054,1.17796,1.17805,1.20,1.00
2016.07.15 10:58:32.562,1.17796,1.17806,1.27,2.06
2016.07.15 10:58:33.082,1.17797,1.17807,1.00,4.31
2016.07.15 10:58:33.443,1.17798,1.17808,2.25,3.45
2016.07.15 10:58:33.494,1.178,1.17808,1.00,1.87
2016.07.15 10:58:33.667,1.178,1.1781,3.75,6.26
2016.07.15 10:58:34.172,1.17801,1.17809,1.50,1.00
2016.07.15 10:58:34.593,1.17801,1.17807,1.00,1.50
2016.07.15 10:58:34.644,1.17799,1.17807,1.57,1.50
2016.07.15 10:58:34.846,1.17797,1.17804,5.02,1.00
2016.07.15 10:58:35.179,1.17796,1.17804,1.00,1.00
2016.07.15 10:58:35.281,1.17795,1.17802,3.82,1.00
2016.07.15 10:58:35.787,1.17795,1.17801,1.12,1.00
2016.07.15 10:58:35.889,1.17794,1.17804,2.81,2.06
2016.07.15 10:58:35.990,1.17794,1.17802,3.56,1.00
2016.07.15 10:58:36.908,1.17794,1.17801,1.69,1.00
2016.07.15 10:58:37.161,1.17795,1.17804,3.94,1.31
2016.07.15 10:58:41.033,1.17797,1.17803,1.00,1.56
2016.07.15 10:58:41.085,1.17795,1.17803,2.25,1.00
2016.07.15 10:58:41.187,1.17796,1.17805,1.69,1.00
2016.07.15 10:58:41.491,1.17797,1.17803,1.69,1.00
2016.07.15 10:58:41.593,1.17797,1.17805,2.44,1.12
2016.07.15 10:58:42.100,1.17797,1.17805,1.69,1.00
2016.07.15 10:58:42.245,1.17799,1.17805,1.00,1.00
2016.07.15 10:58:42.348,1.17798,1.17807,2.62,1.31
2016.07.15 10:58:42.450,1.17799,1.17805,1.00,1.00
2016.07.15 10:58:43.134,1.17799,1.17806,1.00,1.00
2016.07.15 10:58:43.388,1.17797,1.17805,1.50,1.00
2016.07.15 10:58:44.026,1.17797,1.17806,1.00,1.50
2016.07.15 10:58:44.145,1.17799,1.17806,1.00,1.50
2016.07.15 10:58:44.605,1.17797,1.17806,1.50,1.00
2016.07.15 10:58:45.785,1.17797,1.17807,1.50,2.81
2016.07.15 10:58:45.979,1.17797,1.17804,1.00,1.00
2016.07.15 10:58:46.182,1.17793,1.17802,1.50,1.00
2016.07.15 10:58:46.283,1.17792,1.17802,1.65,1.00
2016.07.15 10:58:46.822,1.17793,1.17803,1.50,1.12
2016.07.15 10:58:47.074,1.17795,1.17804,1.00,2.70
2016.07.15 10:58:47.580,1.17794,1.17803,1.00,1.50
2016.07.15 10:58:48.097,1.17794,1.17804,1.87,1.00
2016.07.15 10:58:48.629,1.17795,1.17805,1.00,4.65
2016.07.15 10:58:48.932,1.17795,1.17803,1.00,1.00
2016.07.15 10:58:49.444,1.17795,1.17804,1.00,1.50
2016.07.15 10:58:53.708,1.17795,1.17803,1.87,1.00
2016.07.15 10:58:54.377,1.17794,1.17803,1.20,1.50
2016.07.15 10:58:56.494,1.17793,1.17803,3.07,1.37
2016.07.15 10:58:57.012,1.17794,1.17803,1.00,1.12
2016.07.15 10:58:57.316,1.17803,1.17805,1.37,1.31
2016.07.15 10:58:57.367,1.17803,1.17809,1.00,3.19
2016.07.15 10:58:57.469,1.17803,1.1781,1.00,1.50
2016.07.15 10:58:58.904,1.17809,1.1781,1.00,2.25
2016.07.15 10:58:58.955,1.17807,1.1781,1.69,1.50
2016.07.15 10:58:59.006,1.17813,1.17814,1.00,1.00
2016.07.15 10:58:59.231,1.17816,1.17823,1.24,1.69
2016.07.15 10:58:59.760,1.17817,1.17824,2.49,1.22
2016.07.15 10:59:01.324,1.1782,1.17824,3.75,1.12
2016.07.15 10:59:01.376,1.1782,1.17825,3.75,1.20
2016.07.15 10:59:01.679,1.17823,1.17829,1.00,1.50
2016.07.15 10:59:02.365,1.17823,1.17829,1.00,1.00
2016.07.15 10:59:03.522,1.17823,1.17827,1.00,1.00
2016.07.15 10:59:03.623,1.17821,1.17827,1.50,1.16
2016.07.15 10:59:04.156,1.1782,1.17826,3.75,1.00
2016.07.15 10:59:04.207,1.1782,1.17825,3.75,1.12
2016.07.15 10:59:05.409,1.17819,1.17827,5.87,1.62
2016.07.15 10:59:05.513,1.1782,1.17827,4.50,1.62
2016.07.15 10:59:05.817,1.1782,1.17824,6.24,1.00
2016.07.15 10:59:06.121,1.1782,1.17824,1.32,1.12
2016.07.15 10:59:06.324,1.1782,1.17826,1.32,1.24
2016.07.15 10:59:07.227,1.17821,1.17828,1.00,2.44
2016.07.15 10:59:07.698,1.17821,1.17826,1.00,1.12
2016.07.15 10:59:07.800,1.17821,1.17828,1.00,2.44
2016.07.15 10:59:07.891,1.17821,1.17828,1.00,2.32
2016.07.15 10:59:07.946,1.17825,1.17831,1.00,1.50
2016.07.15 10:59:08.048,1.17826,1.17833,1.00,2.32
2016.07.15 10:59:08.404,1.17826,1.17831,1.00,1.00
2016.07.15 10:59:08.952,1.17824,1.1783,1.50,1.00
2016.07.15 10:59:09.123,1.17823,1.1783,1.00,1.00
2016.07.15 10:59:09.605,1.17825,1.1783,1.50,1.00
2016.07.15 10:59:09.657,1.17825,1.17832,1.00,1.12
2016.07.15 10:59:09.758,1.17826,1.17834,1.50,1.10
2016.07.15 10:59:10.012,1.17826,1.17836,1.00,2.06
2016.07.15 10:59:10.371,1.17826,1.17834,1.00,1.00
2016.07.15 10:59:10.674,1.17826,1.17829,1.00,1.00
2016.07.15 10:59:10.725,1.17822,1.17829,1.87,1.00
2016.07.15 10:59:10.877,1.17828,1.1783,1.00,2.25
2016.07.15 10:59:11.029,1.17829,1.17834,1.12,1.50
2016.07.15 10:59:11.232,1.17832,1.17835,1.00,1.00
2016.07.15 10:59:11.283,1.17832,1.17839,1.00,1.10
2016.07.15 10:59:11.814,1.17834,1.17841,1.00,1.20
2016.07.15 10:59:12.117,1.17836,1.17842,1.00,1.25
2016.07.15 10:59:12.461,1.17834,1.1784,1.10,1.62
2016.07.15 10:59:12.613,1.17832,1.17838,1.00,1.00
2016.07.15 10:59:12.815,1.17831,1.17835,1.87,1.00
2016.07.15 10:59:12.968,1.17828,1.17835,1.57,1.50
2016.07.15 10:59:13.120,1.17828,1.17834,1.00,1.62
2016.07.15 10:59:13.273,1.17825,1.17832,1.12,1.16
2016.07.15 10:59:13.325,1.17824,1.17827,1.20,1.00
2016.07.15 10:59:13.529,1.1782,1.17824,2.09,1.62
2016.07.15 10:59:13.631,1.17819,1.17822,2.46,1.16
2016.07.15 10:59:13.936,1.17812,1.17819,1.00,1.12
2016.07.15 10:59:14.128,1.17809,1.17817,3.37,1.00
2016.07.15 10:59:14.533,1.17809,1.17815,1.87,1.00
2016.07.15 10:59:14.736,1.17807,1.17815,1.00,1.50
2016.07.15 10:59:15.277,1.17807,1.17814,1.00,1.00
2016.07.15 10:59:15.429,1.17807,1.17816,1.50,1.50
2016.07.15 10:59:15.480,1.17807,1.17814,1.50,1.00
2016.07.15 10:59:15.632,1.17807,1.17816,2.62,1.50
2016.07.15 10:59:15.823,1.17807,1.17813,1.87,1.00
2016.07.15 10:59:16.027,1.17805,1.17812,1.87,1.50
2016.07.15 10:59:16.556,1.17805,1.17811,1.12,1.00
2016.07.15 10:59:16.877,1.17807,1.17812,1.00,1.00
2016.07.15 10:59:17.387,1.17808,1.17813,1.00,1.00
2016.07.15 10:59:17.720,1.17806,1.17808,1.00,1.00
2016.07.15 10:59:17.873,1.17803,1.17805,1.00,1.50
2016.07.15 10:59:17.924,1.178,1.17805,1.37,1.50
2016.07.15 10:59:17.975,1.17799,1.17805,1.50,1.50
2016.07.15 10:59:18.279,1.178,1.17807,1.00,1.50
2016.07.15 10:59:19.240,1.178,1.17808,1.87,1.00
2016.07.15 10:59:19.392,1.178,1.17806,1.87,1.00
2016.07.15 10:59:19.544,1.17798,1.17805,1.10,1.00
2016.07.15 10:59:20.926,1.17798,1.17804,1.00,1.00
2016.07.15 10:59:21.430,1.17797,1.17804,3.00,1.00
2016.07.15 10:59:21.936,1.17797,1.17803,1.00,1.50
2016.07.15 10:59:22.457,1.17796,1.17802,1.00,1.00
2016.07.15 10:59:22.851,1.17799,1.17804,1.50,1.00
2016.07.15 10:59:23.159,1.17799,1.17802,1.50,1.00
2016.07.15 10:59:23.261,1.17797,1.17802,1.10,1.00
2016.07.15 10:59:23.767,1.17796,1.17801,1.50,1.00
2016.07.15 10:59:24.291,1.17794,1.178,1.95,1.50
2016.07.15 10:59:24.879,1.17794,1.178,1.00,1.50
2016.07.15 10:59:25.398,1.17794,1.17801,1.00,1.00
2016.07.15 10:59:27.793,1.17792,1.17801,5.70,1.50
2016.07.15 10:59:27.997,1.17792,1.17799,3.82,1.00
2016.07.15 10:59:28.570,1.17792,1.17798,1.00,1.50
2016.07.15 10:59:29.155,1.17797,1.17799,1.00,1.00
2016.07.15 10:59:29.256,1.17797,1.17803,1.50,1.12
2016.07.15 10:59:29.358,1.17798,1.17806,1.12,1.00
2016.07.15 10:59:29.510,1.17798,1.17808,1.12,2.62
2016.07.15 10:59:29.560,1.17797,1.17806,2.70,1.00
2016.07.15 10:59:29.900,1.17795,1.17803,1.50,1.50
2016.07.15 10:59:30.203,1.17794,1.17801,1.50,1.00
2016.07.15 10:59:30.557,1.17794,1.17803,2.25,1.50
2016.07.15 10:59:31.058,1.17794,1.17802,1.50,1.00
2016.07.15 10:59:31.585,1.17795,1.17803,1.50,2.25
2016.07.15 10:59:32.090,1.17795,1.17802,1.00,1.00
2016.07.15 10:59:32.389,1.17796,1.17805,1.00,2.62
2016.07.15 10:59:32.905,1.17794,1.17803,3.15,1.50
2016.07.15 10:59:33.453,1.17795,1.17803,1.00,1.00
2016.07.15 10:59:33.986,1.17795,1.17804,1.00,2.40
2016.07.15 10:59:34.425,1.17795,1.17802,1.00,1.00
2016.07.15 10:59:34.752,1.17794,1.17798,1.12,1.00
2016.07.15 10:59:34.804,1.17792,1.17798,1.00,1.00
2016.07.15 10:59:34.854,1.17792,1.17795,1.00,1.00
2016.07.15 10:59:35.224,1.17791,1.17798,1.50,1.50
2016.07.15 10:59:35.866,1.17793,1.17798,1.00,1.00
2016.07.15 10:59:36.712,1.17793,1.17799,1.00,2.25
2016.07.15 10:59:37.129,1.17793,1.17797,1.00,1.00
2016.07.15 10:59:37.383,1.17791,1.17796,2.25,1.50
2016.07.15 10:59:37.931,1.1779,1.17796,1.50,1.50
2016.07.15 10:59:38.512,1.17791,1.17796,1.00,1.50
2016.07.15 10:59:39.039,1.17791,1.17797,1.00,1.00
2016.07.15 10:59:39.556,1.1779,1.17796,1.00,1.00
2016.07.15 10:59:39.814,1.17792,1.17797,1.00,1.50
2016.07.15 10:59:40.124,1.17794,1.17799,1.00,1.00
2016.07.15 10:59:40.632,1.17794,1.178,1.00,1.69
2016.07.15 10:59:41.614,1.17795,1.17801,1.00,1.00
2016.07.15 10:59:41.716,1.17796,1.17803,1.00,1.50
2016.07.15 10:59:41.918,1.17798,1.17803,1.00,1.00
2016.07.15 10:59:42.222,1.17801,1.17807,1.00,1.69
2016.07.15 10:59:42.411,1.17802,1.17809,1.50,1.50
2016.07.15 10:59:42.949,1.17802,1.17808,1.50,1.00
2016.07.15 10:59:43.404,1.17804,1.17808,1.00,1.00
2016.07.15 10:59:44.563,1.17804,1.17809,1.00,1.00
2016.07.15 10:59:45.327,1.17804,1.17812,1.50,2.44
2016.07.15 10:59:45.428,1.17806,1.17811,1.50,1.10
2016.07.15 10:59:46.035,1.17806,1.17812,1.00,1.00
2016.07.15 10:59:46.891,1.17804,1.17812,1.00,1.00
2016.07.15 10:59:47.145,1.17804,1.1781,1.00,1.00
2016.07.15 10:59:47.648,1.17804,1.17809,1.00,1.00
2016.07.15 10:59:48.401,1.17801,1.17809,3.37,1.00
2016.07.15 10:59:48.954,1.17802,1.17809,1.00,1.00
2016.07.15 10:59:49.393,1.17802,1.17804,1.00,1.00
2016.07.15 10:59:49.596,1.17794,1.178,1.87,2.25
2016.07.15 10:59:50.116,1.17793,1.178,1.00,1.31
2016.07.15 10:59:50.268,1.17793,1.17798,1.00,1.00
2016.07.15 10:59:50.522,1.1779,1.17796,1.00,1.00
2016.07.15 10:59:51.503,1.17789,1.17796,1.00,1.50
2016.07.15 10:59:53.002,1.17789,1.17795,1.00,1.00
2016.07.15 10:59:53.104,1.17787,1.17794,1.20,1.00
2016.07.15 10:59:53.307,1.17787,1.17791,1.00,1.00
2016.07.15 10:59:53.612,1.17783,1.17785,1.00,1.00
2016.07.15 10:59:54.115,1.17782,1.17785,1.00,1.50
2016.07.15 10:59:55.168,1.17782,1.17786,1.00,1.50
2016.07.15 10:59:55.479,1.17787,1.17791,1.00,1.50
2016.07.15 10:59:56.000,1.17786,1.1779,1.12,1.00
2016.07.15 10:59:56.927,1.17784,1.17791,1.12,1.50
2016.07.15 10:59:57.131,1.17784,1.17789,1.00,1.00
2016.07.15 10:59:57.638,1.17784,1.17791,1.00,3.00
2016.07.15 10:59:58.167,1.17784,1.1779,1.00,1.00
2016.07.15 10:59:58.622,1.17786,1.1779,1.00,1.00
2016.07.15 10:59:59.028,1.17788,1.17791,1.00,1.00
2016.07.15 10:59:59.268,1.17792,1.17796,1.00,1.00
2016.07.15 10:59:59.471,1.17792,1.17798,1.00,1.00
2016.07.15 10:59:59.978,1.17792,1.17797,1.00,1.50
