2015.08.11 08:00:00.126,1.37793,1.37803,1.00,2.40
2015.08.11 08:00:00.228,1.37793,1.378,1.00,1.00
2015.08.11 08:00:00.532,1.37787,1.37791,1.00,1.35
2015.08.11 08:00:00.583,1.37786,1.37791,1.00,1.12
2015.08.11 08:00:00.695,1.37784,1.37792,1.12,2.02
2015.08.11 08:00:00.748,1.37783,1.37793,1.37,1.50
2015.08.11 08:00:01.263,1.37786,1.37791,1.00,1.50
2015.08.11 08:00:01.568,1.37783,1.3779,1.00,1.00
2015.08.11 08:00:01.771,1.37781,1.3779,1.00,1.00
2015.08.11 08:00:02.495,1.37784,1.3779,1.00,1.00
2015.08.11 08:00:03.001,1.37782,1.3779,1.00,1.00
2015.08.11 08:00:03.356,1.37784,1.37791,1.00,1.50
2015.08.11 08:00:04.362,1.37783,1.37792,1.00,1.00
2015.08.11 08:00:04.942,1.37785,1.37792,1.00,1.00
2015.08.11 08:00:05.579,1.37785,1.37792,1.37,1.00
2015.08.11 08:00:05.887,1.37791,1.37793,1.00,2.25
2015.08.11 08:00:06.192,1.37788,1.3779,1.00,1.00
2015.08.11 08:00:06.294,1.37787,1.37792,1.00,1.00
2015.08.11 08:00:06.885,1.37784,1.37786,1.00,1.00
2015.08.11 08:00:06.936,1.37782,1.37786,1.20,1.00
2015.08.11 08:00:07.624,1.37781,1.37786,3.37,1.00
2015.08.11 08:00:08.256,1.37781,1.37786,2.62,1.00
2015.08.11 08:00:08.307,1.37782,1.37791,1.87,1.50
2015.08.11 08:00:08.358,1.37785,1.37791,1.00,1.50
2015.08.11 08:00:08.600,1.37783,1.3779,1.00,1.00
2015.08.11 08:00:08.924,1.37785,1.3779,1.00,1.00
2015.08.11 08:00:09.228,1.37786,1.37788,1.00,1.00
2015.08.11 08:00:09.833,1.37784,1.37786,1.00,1.00
2015.08.11 08:00:10.421,1.37783,1.37785,1.00,1.35
2015.08.11 08:00:10.471,1.37781,1.37785,1.00,1.00
2015.08.11 08:00:10.976,1.3778,1.37785,1.00,1.00
2015.08.11 08:00:11.460,1.37783,1.37786,1.00,1.00
2015.08.11 08:00:11.684,1.37781,1.37786,1.00,1.00
2015.08.11 08:00:11.886,1.37784,1.37786,1.00,1.00
2015.08.11 08:00:11.988,1.37782,1.37784,1.00,1.60
2015.08.11 08:00:12.039,1.37782,1.37783,1.00,1.35
2015.08.11 08:00:12.242,1.37781,1.37785,1.00,1.50
2015.08.11 08:00:12.796,1.37785,1.37786,1.00,1.00
2015.08.11 08:00:12.849,1.37785,1.3779,2.25,1.37
2015.08.11 08:00:13.051,1.37782,1.37787,1.12,2.10
2015.08.11 08:00:13.102,1.3778,1.37787,2.62,2.47
2015.08.11 08:00:13.153,1.3778,1.37785,2.62,1.35
2015.08.11 08:00:13.204,1.37782,1.37785,1.50,1.00
2015.08.11 08:00:13.255,1.37782,1.37787,1.50,1.00
2015.08.11 08:00:13.407,1.37785,1.37787,1.00,3.75
2015.08.11 08:00:13.560,1.37782,1.37787,1.00,3.75
2015.08.11 08:00:14.855,1.37781,1.37787,1.00,3.75
2015.08.11 08:00:16.240,1.37781,1.37787,1.00,3.22
2015.08.11 08:00:16.290,1.37779,1.37784,1.87,2.85
2015.08.11 08:00:16.716,1.37781,1.37784,1.00,2.25
2015.08.11 08:00:17.071,1.37779,1.37784,1.00,2.25
2015.08.11 08:00:17.751,1.3778,1.37784,1.00,2.25
2015.08.11 08:00:19.011,1.37778,1.37784,1.37,2.25
2015.08.11 08:00:20.920,1.37778,1.37784,1.87,2.25
2015.08.11 08:00:21.173,1.3778,1.37784,1.00,2.25
2015.08.11 08:00:22.357,1.37782,1.37784,1.00,2.25
2015.08.11 08:00:22.414,1.37783,1.37786,1.00,1.35
2015.08.11 08:00:22.941,1.37784,1.37786,1.00,1.00
2015.08.11 08:00:23.826,1.37783,1.37786,1.00,1.60
2015.08.11 08:00:24.331,1.37784,1.37786,1.00,1.00
2015.08.11 08:00:24.433,1.37783,1.37788,1.00,2.47
2015.08.11 08:00:24.484,1.37783,1.37788,1.00,3.97
2015.08.11 08:00:24.989,1.37782,1.37787,1.00,1.00
2015.08.11 08:00:25.453,1.3778,1.37785,1.00,1.12
2015.08.11 08:00:25.925,1.37777,1.37784,1.00,1.00
2015.08.11 08:00:25.976,1.37779,1.37784,1.00,1.00
2015.08.11 08:00:27.200,1.3778,1.37784,1.00,1.00
2015.08.11 08:00:27.251,1.37778,1.37784,1.00,1.00
2015.08.11 08:00:28.645,1.3778,1.37784,1.00,1.00
2015.08.11 08:00:28.847,1.3778,1.37786,1.00,1.72
2015.08.11 08:00:29.382,1.37779,1.37786,1.00,1.37
2015.08.11 08:00:30.155,1.37779,1.37781,1.00,1.00
2015.08.11 08:00:31.506,1.3778,1.37781,1.00,1.00
2015.08.11 08:00:32.012,1.37779,1.37781,1.00,1.00
2015.08.11 08:00:32.918,1.37778,1.3778,1.00,1.00
2015.08.11 08:00:33.554,1.37777,1.3778,1.50,1.00
2015.08.11 08:00:34.437,1.37778,1.3778,1.00,1.00
2015.08.11 08:00:34.940,1.37775,1.3778,1.50,1.00
2015.08.11 08:00:35.821,1.37775,1.37779,1.00,1.00
2015.08.11 08:00:35.924,1.37773,1.3778,1.12,1.00
2015.08.11 08:00:36.075,1.37773,1.37778,1.12,1.00
2015.08.11 08:00:36.585,1.3777,1.37777,2.62,1.50
2015.08.11 08:00:37.281,1.37771,1.37777,1.12,1.50
2015.08.11 08:00:37.600,1.37772,1.37774,1.00,1.00
2015.08.11 08:00:38.105,1.37771,1.37773,1.00,1.00
2015.08.11 08:00:39.502,1.37771,1.37772,1.00,1.00
2015.08.11 08:00:39.806,1.37771,1.37774,1.00,1.00
2015.08.11 08:00:39.908,1.37773,1.37775,1.00,2.25
2015.08.11 08:00:39.959,1.37774,1.37777,1.00,1.87
2015.08.11 08:00:40.010,1.37775,1.37777,1.50,1.87
2015.08.11 08:00:40.163,1.37776,1.37783,1.87,1.00
2015.08.11 08:00:40.315,1.37779,1.37783,1.00,1.00
2015.08.11 08:00:40.366,1.37779,1.37785,1.00,3.00
2015.08.11 08:00:40.916,1.37778,1.37785,1.00,2.25
2015.08.11 08:00:41.507,1.37777,1.37785,4.50,3.37
2015.08.11 08:00:42.865,1.37778,1.37785,1.50,3.37
2015.08.11 08:00:43.449,1.37779,1.37787,1.00,1.50
2015.08.11 08:00:44.088,1.37778,1.37786,3.56,1.00
2015.08.11 08:00:45.298,1.37779,1.37786,1.00,1.00
2015.08.11 08:00:45.720,1.37779,1.37786,1.37,1.00
2015.08.11 08:00:45.923,1.37789,1.37795,1.00,1.12
2015.08.11 08:00:46.075,1.37793,1.37797,1.00,4.12
2015.08.11 08:00:46.176,1.37795,1.37798,1.00,1.00
2015.08.11 08:00:46.328,1.37794,1.378,1.50,1.00
2015.08.11 08:00:46.909,1.37794,1.37801,1.00,1.50
2015.08.11 08:00:47.389,1.37792,1.378,1.87,1.00
2015.08.11 08:00:47.440,1.37794,1.37801,1.00,1.50
2015.08.11 08:00:47.743,1.37797,1.37805,1.00,5.25
2015.08.11 08:00:48.206,1.37797,1.37805,3.54,1.00
2015.08.11 08:00:48.715,1.37798,1.37806,2.62,1.12
2015.08.11 08:00:48.994,1.37803,1.37805,1.12,1.00
2015.08.11 08:00:49.045,1.37803,1.37808,1.12,1.12
2015.08.11 08:00:49.146,1.37807,1.3781,1.00,1.00
2015.08.11 08:00:50.052,1.37809,1.37811,1.00,1.87
2015.08.11 08:00:50.125,1.37809,1.37818,1.00,2.25
2015.08.11 08:00:50.381,1.37809,1.37816,1.00,4.12
2015.08.11 08:00:52.157,1.37809,1.37815,1.00,7.12
2015.08.11 08:00:52.705,1.37807,1.37813,1.12,1.00
2015.08.11 08:00:52.807,1.37806,1.37807,1.00,1.00
2015.08.11 08:00:52.909,1.37798,1.378,1.00,1.00
2015.08.11 08:00:52.960,1.378,1.37802,1.00,4.12
2015.08.11 08:00:53.112,1.37802,1.37806,1.00,1.12
2015.08.11 08:00:53.165,1.37802,1.37805,1.00,1.37
2015.08.11 08:00:53.216,1.378,1.37804,1.00,1.00
2015.08.11 08:00:53.319,1.37798,1.37804,1.00,1.00
2015.08.11 08:00:53.421,1.378,1.37805,1.00,1.50
2015.08.11 08:00:53.920,1.37798,1.37805,1.00,1.00
2015.08.11 08:00:54.073,1.37797,1.37803,1.00,1.00
2015.08.11 08:00:54.378,1.37798,1.37805,1.00,1.12
2015.08.11 08:00:55.238,1.37801,1.37807,1.12,1.00
2015.08.11 08:00:55.542,1.37803,1.37807,1.00,1.00
2015.08.11 08:00:56.284,1.37803,1.37808,1.37,1.00
2015.08.11 08:00:56.826,1.37804,1.37811,1.87,1.12
2015.08.11 08:00:59.234,1.37805,1.37812,1.12,1.50
2015.08.11 08:00:59.738,1.37806,1.37811,1.00,1.12
2015.08.11 08:01:00.318,1.37806,1.37812,1.12,1.12
2015.08.11 08:01:00.840,1.37806,1.3781,1.12,1.00
2015.08.11 08:01:02.427,1.37806,1.37812,1.00,1.00
2015.08.11 08:01:02.693,1.37806,1.37809,1.00,1.00
2015.08.11 08:01:02.745,1.37804,1.37809,1.00,1.00
2015.08.11 08:01:02.797,1.37802,1.37809,1.00,1.00
2015.08.11 08:01:02.899,1.37799,1.37806,1.00,1.00
2015.08.11 08:01:03.051,1.37795,1.37804,1.87,1.00
2015.08.11 08:01:03.641,1.37794,1.378,1.37,1.00
2015.08.11 08:01:03.997,1.37798,1.378,1.00,1.00
2015.08.11 08:01:04.099,1.37796,1.378,1.00,1.00
2015.08.11 08:01:04.150,1.37796,1.378,1.00,1.87
2015.08.11 08:01:04.201,1.37792,1.37798,1.00,4.50
2015.08.11 08:01:04.252,1.3779,1.37796,1.50,1.50
2015.08.11 08:01:04.303,1.3779,1.37796,1.00,5.25
2015.08.11 08:01:04.354,1.37786,1.37795,1.87,1.87
2015.08.11 08:01:04.899,1.37786,1.37793,1.00,1.50
2015.08.11 08:01:04.950,1.37789,1.37792,1.00,4.12
2015.08.11 08:01:05.001,1.3779,1.37793,1.00,1.00
2015.08.11 08:01:05.102,1.37788,1.37792,1.00,1.00
2015.08.11 08:01:05.644,1.37787,1.37792,1.00,1.00
2015.08.11 08:01:06.408,1.37788,1.37792,1.00,1.00
2015.08.11 08:01:06.915,1.37787,1.37791,1.00,1.00
2015.08.11 08:01:07.271,1.37785,1.37791,1.50,1.00
2015.08.11 08:01:07.799,1.37787,1.37791,1.00,1.00
2015.08.11 08:01:08.320,1.37787,1.37791,1.37,1.00
2015.08.11 08:01:08.627,1.37785,1.37791,1.87,1.00
2015.08.11 08:01:10.026,1.37783,1.37792,1.37,4.12
2015.08.11 08:01:10.279,1.37783,1.3779,1.12,2.25
2015.08.11 08:01:10.582,1.37782,1.3779,1.87,2.25
2015.08.11 08:01:11.144,1.37783,1.3779,1.12,4.87
2015.08.11 08:01:11.498,1.37779,1.37788,1.50,1.50
2015.08.11 08:01:11.549,1.37781,1.37785,1.00,1.00
2015.08.11 08:01:11.803,1.37775,1.3778,1.00,1.00
2015.08.11 08:01:12.401,1.37779,1.37783,1.00,4.87
2015.08.11 08:01:12.452,1.3778,1.37785,1.00,4.12
2015.08.11 08:01:12.554,1.37776,1.37785,1.00,4.87
2015.08.11 08:01:13.262,1.37773,1.37783,1.12,1.37
2015.08.11 08:01:14.181,1.37774,1.37783,1.87,1.87
2015.08.11 08:01:14.598,1.37776,1.37785,1.37,5.25
2015.08.11 08:01:14.700,1.37776,1.37785,1.00,6.00
2015.08.11 08:01:14.853,1.37776,1.37785,2.25,1.00
2015.08.11 08:01:15.490,1.37776,1.37784,1.50,1.50
2015.08.11 08:01:15.541,1.37775,1.37783,1.00,4.12
2015.08.11 08:01:15.644,1.37773,1.37781,1.12,1.37
2015.08.11 08:01:15.898,1.37773,1.3778,1.12,4.87
2015.08.11 08:01:17.093,1.37772,1.37778,1.12,1.00
2015.08.11 08:01:17.549,1.37772,1.37778,3.37,1.00
2015.08.11 08:01:17.652,1.37773,1.37781,1.50,1.00
2015.08.11 08:01:17.805,1.37772,1.37781,3.75,1.00
2015.08.11 08:01:18.563,1.37773,1.37783,1.87,1.50
2015.08.11 08:01:18.939,1.37773,1.37783,5.25,1.50
2015.08.11 08:01:19.040,1.37773,1.37783,5.25,1.50
2015.08.11 08:01:19.651,1.37773,1.37783,3.75,1.50
2015.08.11 08:01:20.315,1.37773,1.37783,7.12,1.12
2015.08.11 08:01:20.366,1.37776,1.37785,1.00,1.00
2015.08.11 08:01:20.518,1.37774,1.37785,1.87,6.37
2015.08.11 08:01:21.061,1.37774,1.37782,1.50,1.00
2015.08.11 08:01:21.927,1.37772,1.37782,2.25,1.37
2015.08.11 08:01:21.978,1.37772,1.37782,1.50,1.37
2015.08.11 08:01:22.029,1.37772,1.37779,1.50,1.00
2015.08.11 08:01:22.535,1.37772,1.3778,1.00,1.00
2015.08.11 08:01:23.182,1.3777,1.37779,1.37,1.00
2015.08.11 08:01:23.233,1.37769,1.37778,1.50,1.00
2015.08.11 08:01:23.741,1.3777,1.37778,1.00,1.00
2015.08.11 08:01:25.095,1.37771,1.37775,1.00,1.00
2015.08.11 08:01:25.146,1.37767,1.37775,1.37,1.00
2015.08.11 08:01:25.652,1.37767,1.37774,1.37,1.00
2015.08.11 08:01:26.425,1.37768,1.37775,1.37,1.00
2015.08.11 08:01:26.830,1.37766,1.37774,1.87,1.87
2015.08.11 08:01:26.881,1.37766,1.37769,1.50,1.00
2015.08.11 08:01:26.983,1.37762,1.37769,3.37,1.00
2015.08.11 08:01:27.034,1.3776,1.37769,1.12,1.37
2015.08.11 08:01:27.186,1.37758,1.37767,1.87,1.00
2015.08.11 08:01:27.784,1.37757,1.37766,1.37,1.00
2015.08.11 08:01:28.393,1.37756,1.37766,3.00,1.12
2015.08.11 08:01:29.277,1.37757,1.37767,1.37,2.25
2015.08.11 08:01:29.581,1.3776,1.37766,1.00,1.00
2015.08.11 08:01:29.885,1.37758,1.37766,1.50,1.00
2015.08.11 08:01:30.782,1.37759,1.37766,1.12,1.00
2015.08.11 08:01:31.373,1.37759,1.37767,1.37,1.00
2015.08.11 08:01:31.778,1.37766,1.37767,1.00,1.00
2015.08.11 08:01:31.830,1.37766,1.37771,1.50,1.00
2015.08.11 08:01:31.932,1.37768,1.37772,1.00,1.00
2015.08.11 08:01:32.483,1.37765,1.37772,3.37,1.00
2015.08.11 08:01:32.685,1.37765,1.37771,1.50,1.00
2015.08.11 08:01:32.888,1.37767,1.37773,1.00,2.25
2015.08.11 08:01:32.989,1.37767,1.37775,1.00,2.62
2015.08.11 08:01:33.740,1.37767,1.37773,1.00,1.12
2015.08.11 08:01:33.791,1.37763,1.37772,1.12,1.00
2015.08.11 08:01:34.485,1.37763,1.37774,1.87,2.25
2015.08.11 08:01:35.524,1.37768,1.37775,1.30,3.00
2015.08.11 08:01:35.782,1.3777,1.37777,1.00,1.50
2015.08.11 08:01:35.884,1.3777,1.37779,2.62,2.25
2015.08.11 08:01:36.389,1.3777,1.3778,2.62,1.00
2015.08.11 08:01:37.413,1.37773,1.37782,1.87,2.25
2015.08.11 08:01:38.856,1.37773,1.37779,1.37,1.00
2015.08.11 08:01:39.607,1.37773,1.3778,1.37,1.00
2015.08.11 08:01:40.113,1.37771,1.3778,3.37,1.00
2015.08.11 08:01:40.686,1.3777,1.37781,4.50,2.62
2015.08.11 08:01:40.741,1.37776,1.37779,1.00,1.00
2015.08.11 08:01:40.944,1.37773,1.37782,2.62,3.75
2015.08.11 08:01:41.502,1.37776,1.37781,1.00,1.12
2015.08.11 08:01:42.185,1.37777,1.37782,1.00,3.00
2015.08.11 08:01:42.239,1.37777,1.37784,1.00,2.62
2015.08.11 08:01:43.136,1.37781,1.37784,1.00,1.00
2015.08.11 08:01:43.731,1.37784,1.37789,1.00,1.00
2015.08.11 08:01:44.236,1.37784,1.3779,1.00,1.12
2015.08.11 08:01:45.138,1.37784,1.3779,1.00,2.25
2015.08.11 08:01:45.692,1.37784,1.37791,1.00,2.25
2015.08.11 08:01:46.197,1.37785,1.37791,1.00,1.50
2015.08.11 08:01:46.808,1.37784,1.3779,1.00,1.37
2015.08.11 08:01:48.248,1.37784,1.37789,1.00,1.37
2015.08.11 08:01:49.189,1.3778,1.37786,1.50,2.25
2015.08.11 08:01:49.341,1.3778,1.37785,1.00,1.37
2015.08.11 08:01:49.392,1.37778,1.37782,1.00,1.00
2015.08.11 08:01:49.443,1.37776,1.37782,1.00,1.00
2015.08.11 08:01:49.596,1.37778,1.37783,1.00,1.00
2015.08.11 08:01:49.648,1.37778,1.37785,1.50,1.50
2015.08.11 08:01:49.750,1.37781,1.37785,1.00,1.00
2015.08.11 08:01:49.801,1.37781,1.37788,1.00,1.50
2015.08.11 08:01:49.852,1.37783,1.37788,1.00,1.50
2015.08.11 08:01:49.903,1.37783,1.3779,1.00,1.00
2015.08.11 08:01:50.611,1.37784,1.3779,1.00,1.50
2015.08.11 08:01:50.866,1.37784,1.3779,1.00,2.25
2015.08.11 08:01:52.189,1.37787,1.3779,1.00,2.62
2015.08.11 08:01:52.343,1.37787,1.37794,1.37,1.37
2015.08.11 08:01:52.446,1.37788,1.37795,1.12,1.87
2015.08.11 08:01:52.497,1.37788,1.37795,1.00,5.62
2015.08.11 08:01:52.651,1.3779,1.37796,1.50,1.00
2015.08.11 08:01:52.803,1.37792,1.37797,1.00,1.12
2015.08.11 08:01:53.381,1.3779,1.37797,1.00,1.50
2015.08.11 08:01:53.484,1.37789,1.37794,1.50,1.00
2015.08.11 08:01:53.940,1.37787,1.37794,1.00,1.50
2015.08.11 08:01:53.992,1.37787,1.37793,1.00,4.12
2015.08.11 08:01:54.144,1.37785,1.37793,1.00,4.87
2015.08.11 08:01:54.716,1.37782,1.3779,1.00,5.62
2015.08.11 08:01:55.745,1.37782,1.37789,1.00,1.00
2015.08.11 08:01:56.274,1.37786,1.37791,1.00,1.87
2015.08.11 08:01:56.931,1.37788,1.37791,1.00,1.00
2015.08.11 08:01:56.981,1.37787,1.3779,1.00,1.00
2015.08.11 08:01:57.083,1.37792,1.37796,1.00,5.62
2015.08.11 08:01:57.184,1.37794,1.37797,1.00,1.12
2015.08.11 08:01:57.699,1.37795,1.37798,1.00,1.00
2015.08.11 08:01:58.105,1.37793,1.37799,1.00,1.00
2015.08.11 08:01:58.257,1.37795,1.37799,1.00,1.00
2015.08.11 08:01:58.360,1.37797,1.37802,1.00,1.00
2015.08.11 08:01:58.970,1.37796,1.37803,2.25,1.00
2015.08.11 08:01:59.021,1.378,1.37804,1.00,1.00
2015.08.11 08:01:59.072,1.37801,1.37806,1.00,1.00
2015.08.11 08:01:59.275,1.37801,1.3781,3.00,1.00
2015.08.11 08:01:59.376,1.37805,1.37809,1.00,1.00
2015.08.11 08:01:59.478,1.37803,1.3781,1.00,1.00
2015.08.11 08:02:00.800,1.37805,1.37813,1.50,1.60
2015.08.11 08:02:00.960,1.37805,1.37814,1.50,1.12
2015.08.11 08:02:01.012,1.37805,1.37814,1.50,4.50
2015.08.11 08:02:01.418,1.37808,1.37813,1.00,1.00
2015.08.11 08:02:02.056,1.3781,1.37816,2.25,4.50
2015.08.11 08:02:02.108,1.37806,1.37813,1.00,3.75
2015.08.11 08:02:02.260,1.37806,1.37815,3.00,4.12
2015.08.11 08:02:02.514,1.37806,1.37814,1.00,3.75
2015.08.11 08:02:03.027,1.37806,1.37811,1.00,1.00
2015.08.11 08:02:03.616,1.37805,1.37811,1.00,4.87
2015.08.11 08:02:03.667,1.37803,1.37809,1.00,1.00
2015.08.11 08:02:04.073,1.37803,1.37811,1.12,1.50
2015.08.11 08:02:04.377,1.37805,1.37811,1.00,1.50
2015.08.11 08:02:04.975,1.37806,1.37813,1.50,4.12
2015.08.11 08:02:05.740,1.37805,1.37813,1.00,4.12
2015.08.11 08:02:06.475,1.37806,1.37815,1.50,1.87
2015.08.11 08:02:06.628,1.3781,1.37815,1.00,1.50
2015.08.11 08:02:06.964,1.37807,1.37815,1.00,1.12
2015.08.11 08:02:07.494,1.37806,1.37814,1.12,1.00
2015.08.11 08:02:07.596,1.37806,1.37814,1.00,4.12
2015.08.11 08:02:08.155,1.37803,1.37811,1.50,3.75
2015.08.11 08:02:08.677,1.37802,1.37809,1.00,1.00
2015.08.11 08:02:08.980,1.378,1.37806,1.00,1.00
2015.08.11 08:02:09.498,1.37796,1.37802,1.00,1.00
2015.08.11 08:02:09.808,1.378,1.37807,1.12,1.69
2015.08.11 08:02:10.213,1.37797,1.37805,2.25,4.50
2015.08.11 08:02:10.749,1.37799,1.37805,1.00,1.50
2015.08.11 08:02:10.801,1.378,1.37807,1.50,1.00
2015.08.11 08:02:11.306,1.37798,1.37806,3.00,1.00
2015.08.11 08:02:11.408,1.37798,1.37806,1.50,4.87
2015.08.11 08:02:11.660,1.37797,1.37806,1.12,8.25
2015.08.11 08:02:12.643,1.37796,1.37802,1.12,1.00
2015.08.11 08:02:13.150,1.37797,1.37805,1.00,5.85
2015.08.11 08:02:13.454,1.37792,1.37797,1.37,1.00
2015.08.11 08:02:13.978,1.37793,1.378,1.12,1.50
2015.08.11 08:02:14.082,1.37795,1.378,1.00,1.50
2015.08.11 08:02:14.184,1.37795,1.37801,1.00,1.12
2015.08.11 08:02:15.505,1.37794,1.37803,1.00,5.47
2015.08.11 08:02:15.961,1.37792,1.378,1.50,1.50
2015.08.11 08:02:16.062,1.37794,1.378,1.00,1.00
2015.08.11 08:02:16.770,1.37795,1.378,1.00,1.00
2015.08.11 08:02:17.295,1.37796,1.37802,1.00,1.50
2015.08.11 08:02:17.396,1.37794,1.37801,1.12,1.12
2015.08.11 08:02:18.313,1.37794,1.37802,1.12,1.12
2015.08.11 08:02:18.715,1.378,1.37802,1.00,1.12
2015.08.11 08:02:19.572,1.378,1.37802,1.00,1.12
2015.08.11 08:02:20.156,1.37805,1.37806,1.00,3.75
2015.08.11 08:02:20.207,1.37805,1.37808,1.50,1.00
2015.08.11 08:02:20.713,1.37805,1.37809,1.00,1.00
2015.08.11 08:02:21.876,1.37805,1.3781,1.12,1.00
2015.08.11 08:02:24.191,1.37805,1.37809,1.50,1.00
2015.08.11 08:02:25.247,1.37805,1.37809,2.62,1.00
2015.08.11 08:02:25.624,1.37808,1.37809,1.00,1.00
2015.08.11 08:02:25.727,1.37809,1.37812,1.20,1.12
2015.08.11 08:02:25.881,1.37812,1.37814,1.00,1.50
2015.08.11 08:02:25.983,1.37808,1.37814,1.67,1.12
2015.08.11 08:02:26.675,1.37811,1.37816,1.00,2.47
2015.08.11 08:02:26.777,1.37811,1.37816,1.00,2.10
2015.08.11 08:02:26.929,1.37813,1.37816,1.00,1.12
2015.08.11 08:02:26.980,1.37814,1.37818,1.00,1.00
2015.08.11 08:02:27.082,1.37817,1.37821,1.00,2.62
2015.08.11 08:02:27.133,1.37817,1.37821,1.00,1.00
2015.08.11 08:02:27.285,1.37819,1.37823,1.00,2.25
2015.08.11 08:02:27.386,1.37815,1.37824,1.50,1.00
2015.08.11 08:02:27.488,1.37816,1.37824,1.00,4.50
2015.08.11 08:02:28.026,1.37812,1.37823,1.87,4.12
2015.08.11 08:02:28.230,1.37812,1.37821,1.00,1.12
2015.08.11 08:02:28.585,1.37815,1.37822,1.00,3.75
2015.08.11 08:02:28.686,1.37815,1.37823,1.87,1.12
2015.08.11 08:02:28.838,1.37815,1.37826,2.25,3.00
2015.08.11 08:02:29.701,1.37817,1.37826,1.00,1.87
2015.08.11 08:02:30.219,1.37817,1.37825,1.37,1.12
2015.08.11 08:02:32.263,1.37817,1.37825,1.12,1.12
2015.08.11 08:02:32.423,1.37815,1.37824,2.62,1.37
2015.08.11 08:02:32.474,1.37814,1.37822,2.62,1.00
2015.08.11 08:02:33.072,1.37812,1.37822,1.50,1.12
2015.08.11 08:02:33.175,1.37815,1.37824,1.00,1.50
2015.08.11 08:02:33.428,1.37815,1.37821,1.87,1.12
2015.08.11 08:02:33.732,1.37814,1.37818,1.00,1.00
2015.08.11 08:02:34.471,1.37812,1.3782,1.00,1.00
2015.08.11 08:02:34.976,1.37812,1.37819,1.12,1.00
2015.08.11 08:02:37.696,1.3781,1.37818,1.37,1.37
2015.08.11 08:02:38.245,1.37808,1.37817,2.62,1.00
2015.08.11 08:02:38.549,1.37809,1.37817,1.87,1.00
2015.08.11 08:02:39.134,1.37809,1.37817,1.50,1.00
2015.08.11 08:02:39.994,1.37808,1.37816,2.62,4.50
2015.08.11 08:02:40.045,1.37807,1.37814,1.00,1.37
2015.08.11 08:02:40.501,1.37807,1.37813,1.00,4.87
2015.08.11 08:02:40.603,1.37803,1.37812,1.07,4.87
2015.08.11 08:02:40.704,1.37801,1.37811,1.12,4.87
2015.08.11 08:02:40.806,1.37797,1.37808,5.40,2.25
2015.08.11 08:02:40.907,1.37797,1.37808,3.00,6.75
2015.08.11 08:02:41.352,1.37797,1.37804,1.87,4.12
2015.08.11 08:02:41.404,1.37793,1.378,1.00,1.00
2015.08.11 08:02:41.506,1.37793,1.37804,1.00,5.25
2015.08.11 08:02:41.711,1.37795,1.37804,1.00,5.25
2015.08.11 08:02:43.260,1.37795,1.37801,1.00,1.00
2015.08.11 08:02:44.021,1.37794,1.37801,1.12,1.00
2015.08.11 08:02:45.029,1.37794,1.37802,1.12,4.50
2015.08.11 08:02:45.582,1.37794,1.37801,1.26,1.00
2015.08.11 08:02:45.786,1.37794,1.37802,1.19,4.12
2015.08.11 08:02:45.837,1.37794,1.37802,1.12,4.12
2015.08.11 08:02:46.918,1.37794,1.37802,1.24,4.50
2015.08.11 08:02:47.221,1.37794,1.37803,2.37,1.50
2015.08.11 08:02:48.682,1.37791,1.37798,4.18,4.50
2015.08.11 08:02:48.733,1.37787,1.37797,1.87,4.12
2015.08.11 08:02:49.450,1.37789,1.37797,1.00,4.12
2015.08.11 08:02:50.137,1.37789,1.37796,1.00,1.50
2015.08.11 08:02:50.654,1.37788,1.37796,1.00,1.12
2015.08.11 08:02:51.552,1.3779,1.37798,1.00,2.62
2015.08.11 08:02:52.061,1.37789,1.37798,1.87,1.37
2015.08.11 08:02:52.569,1.37789,1.37797,1.00,1.37
2015.08.11 08:02:53.070,1.37785,1.37786,1.00,1.50
2015.08.11 08:02:53.131,1.37778,1.37785,1.37,1.00
2015.08.11 08:02:53.233,1.37776,1.37785,1.12,1.00
2015.08.11 08:02:53.738,1.3778,1.37785,1.00,1.00
2015.08.11 08:02:53.840,1.37776,1.37787,4.12,1.00
2015.08.11 08:02:54.355,1.37776,1.37785,3.75,3.75
2015.08.11 08:02:54.664,1.37776,1.37781,1.50,1.00
2015.08.11 08:02:54.974,1.3778,1.37788,2.62,2.25
2015.08.11 08:02:55.025,1.3778,1.3779,4.12,1.50
2015.08.11 08:02:55.713,1.37788,1.3779,1.00,1.00
2015.08.11 08:02:55.764,1.37793,1.378,1.00,1.50
2015.08.11 08:02:56.118,1.37791,1.37799,1.00,1.00
2015.08.11 08:02:56.219,1.37789,1.37799,2.25,1.00
2015.08.11 08:02:56.522,1.37788,1.37798,1.50,5.62
2015.08.11 08:02:57.124,1.37786,1.37796,3.37,1.37
2015.08.11 08:02:57.629,1.37788,1.37796,1.00,1.37
2015.08.11 08:02:58.585,1.37788,1.37794,1.00,1.37
2015.08.11 08:02:59.090,1.37787,1.37796,1.00,1.87
2015.08.11 08:02:59.448,1.37785,1.37793,1.00,1.37
2015.08.11 08:02:59.650,1.37784,1.37793,1.00,1.87
2015.08.11 08:03:00.681,1.37783,1.37792,1.00,1.87
2015.08.11 08:03:01.480,1.37782,1.37791,1.00,1.00
2015.08.11 08:03:02.339,1.37782,1.3779,1.00,1.00
2015.08.11 08:03:03.008,1.37784,1.3779,1.00,1.00
2015.08.11 08:03:03.210,1.37782,1.3779,1.00,1.12
2015.08.11 08:03:03.363,1.37782,1.37789,1.00,1.37
2015.08.11 08:03:03.906,1.3778,1.37788,1.00,1.87
2015.08.11 08:03:04.209,1.37784,1.37787,1.00,1.00
2015.08.11 08:03:04.361,1.37784,1.3779,1.00,2.25
2015.08.11 08:03:04.615,1.37781,1.3779,2.25,1.12
2015.08.11 08:03:05.642,1.37781,1.3779,2.25,1.12
2015.08.11 08:03:05.795,1.37781,1.37789,1.50,1.37
2015.08.11 08:03:07.869,1.37781,1.37787,1.00,1.00
2015.08.11 08:03:08.173,1.37777,1.37786,1.00,1.12
2015.08.11 08:03:08.686,1.37776,1.37784,1.00,1.00
2015.08.11 08:03:08.839,1.37774,1.37783,1.37,2.25
2015.08.11 08:03:08.890,1.37773,1.37783,1.00,5.62
2015.08.11 08:03:08.941,1.37775,1.37782,1.00,1.50
2015.08.11 08:03:09.143,1.37773,1.37782,1.00,1.50
2015.08.11 08:03:10.075,1.37773,1.3778,1.00,1.00
2015.08.11 08:03:10.177,1.37773,1.37779,1.00,1.37
2015.08.11 08:03:10.379,1.37771,1.37779,1.00,1.87
2015.08.11 08:03:10.540,1.37771,1.37778,1.00,4.12
2015.08.11 08:03:11.145,1.37771,1.37775,1.00,1.00
2015.08.11 08:03:12.153,1.3777,1.37774,1.00,1.37
2015.08.11 08:03:12.204,1.37765,1.37773,2.25,1.12
2015.08.11 08:03:12.357,1.37764,1.37771,1.00,1.00
2015.08.11 08:03:12.408,1.37761,1.37771,1.12,1.50
2015.08.11 08:03:12.510,1.37762,1.3777,1.37,1.50
2015.08.11 08:03:12.817,1.37768,1.37775,1.87,1.00
2015.08.11 08:03:13.299,1.37771,1.37775,1.00,1.00
2015.08.11 08:03:13.606,1.37776,1.37781,1.50,1.07
2015.08.11 08:03:13.913,1.3778,1.37783,1.00,1.00
2015.08.11 08:03:14.561,1.37779,1.37783,2.62,1.00
2015.08.11 08:03:14.867,1.37782,1.37785,1.37,1.50
2015.08.11 08:03:15.070,1.37783,1.37785,1.00,1.00
2015.08.11 08:03:15.171,1.37783,1.37787,1.00,1.00
2015.08.11 08:03:15.222,1.37785,1.37787,1.00,1.00
2015.08.11 08:03:15.933,1.37789,1.37791,1.37,1.12
2015.08.11 08:03:15.984,1.3779,1.37795,1.87,1.50
2015.08.11 08:03:16.035,1.37793,1.37796,1.00,2.25
2015.08.11 08:03:16.238,1.3779,1.37795,3.37,1.00
2015.08.11 08:03:16.693,1.37788,1.37793,3.00,1.00
2015.08.11 08:03:17.174,1.37785,1.37793,1.87,1.12
2015.08.11 08:03:17.678,1.37784,1.37792,3.00,1.00
2015.08.11 08:03:18.793,1.37785,1.3779,1.50,1.00
2015.08.11 08:03:18.894,1.37783,1.3779,1.50,1.00
2015.08.11 08:03:19.450,1.37783,1.37791,1.50,1.87
2015.08.11 08:03:20.225,1.37783,1.37791,1.50,1.87
2015.08.11 08:03:20.756,1.37783,1.3779,1.50,1.00
2015.08.11 08:03:21.269,1.37782,1.37791,1.37,1.12
2015.08.11 08:03:21.962,1.37782,1.3779,1.37,1.00
2015.08.11 08:03:22.467,1.37782,1.3779,1.37,1.37
2015.08.11 08:03:22.822,1.3778,1.3779,1.50,3.00
2015.08.11 08:03:22.924,1.37781,1.3779,1.12,2.25
2015.08.11 08:03:23.455,1.37781,1.3779,1.12,1.12
2015.08.11 08:03:25.821,1.3778,1.3779,1.87,1.87
2015.08.11 08:03:26.361,1.37781,1.3779,1.50,1.50
2015.08.11 08:03:28.916,1.37781,1.37791,1.12,1.12
2015.08.11 08:03:29.680,1.37784,1.37791,1.00,1.12
2015.08.11 08:03:30.035,1.37785,1.37794,1.12,2.25
2015.08.11 08:03:30.653,1.37784,1.37793,1.87,1.00
2015.08.11 08:03:30.704,1.37786,1.37793,1.00,1.00
2015.08.11 08:03:32.539,1.37786,1.37789,1.00,1.00
2015.08.11 08:03:33.144,1.37786,1.37792,1.00,1.00
2015.08.11 08:03:34.511,1.37786,1.37793,1.37,1.50
2015.08.11 08:03:34.815,1.3779,1.37793,1.00,1.00
2015.08.11 08:03:34.916,1.37786,1.37795,4.12,1.00
2015.08.11 08:03:35.473,1.37787,1.37796,1.12,1.12
2015.08.11 08:03:35.525,1.37786,1.37793,1.87,1.12
2015.08.11 08:03:35.828,1.37784,1.37791,1.12,1.12
2015.08.11 08:03:36.132,1.37782,1.37793,1.87,2.25
2015.08.11 08:03:37.297,1.37785,1.37794,1.00,1.50
2015.08.11 08:03:37.602,1.37785,1.37792,1.00,1.00
2015.08.11 08:03:37.754,1.37781,1.3779,1.12,3.00
2015.08.11 08:03:37.957,1.37779,1.37789,1.00,1.12
2015.08.11 08:03:39.338,1.37779,1.37789,1.37,1.12
2015.08.11 08:03:39.646,1.37778,1.37781,1.87,1.00
2015.08.11 08:03:40.153,1.37775,1.3778,2.25,1.00
2015.08.11 08:03:40.508,1.37777,1.37781,1.00,1.00
2015.08.11 08:03:40.559,1.37777,1.37783,1.00,2.25
2015.08.11 08:03:40.611,1.37775,1.37783,1.12,2.25
2015.08.11 08:03:40.966,1.37775,1.37781,1.00,1.00
2015.08.11 08:03:41.511,1.37772,1.37781,1.50,1.00
2015.08.11 08:03:41.562,1.37772,1.37782,1.75,1.00
2015.08.11 08:03:42.182,1.37775,1.37781,1.37,1.00
2015.08.11 08:03:42.284,1.37778,1.37784,1.12,1.00
2015.08.11 08:03:42.385,1.3778,1.37785,1.12,1.00
2015.08.11 08:03:42.903,1.3778,1.37789,1.87,1.50
2015.08.11 08:03:42.954,1.3778,1.37791,2.62,1.50
2015.08.11 08:03:43.071,1.37781,1.37791,1.37,1.12
2015.08.11 08:03:43.453,1.37784,1.37792,1.00,3.00
2015.08.11 08:03:43.992,1.37784,1.37792,1.00,2.25
2015.08.11 08:03:44.592,1.37782,1.37791,1.12,1.37
2015.08.11 08:03:44.795,1.37784,1.37792,1.00,1.50
2015.08.11 08:03:45.342,1.37784,1.37793,1.00,2.25
2015.08.11 08:03:46.223,1.37776,1.37784,1.00,4.12
2015.08.11 08:03:46.628,1.37777,1.37785,1.60,4.12
2015.08.11 08:03:46.679,1.37781,1.37785,1.60,1.00
2015.08.11 08:03:46.730,1.37786,1.37789,1.00,1.20
2015.08.11 08:03:46.832,1.37783,1.3779,3.75,1.10
2015.08.11 08:03:47.418,1.37783,1.37789,1.50,1.00
2015.08.11 08:03:47.940,1.37783,1.3779,1.50,6.37
2015.08.11 08:03:48.042,1.37784,1.3779,1.00,1.50
2015.08.11 08:03:48.295,1.37782,1.3779,1.12,1.87
2015.08.11 08:03:49.315,1.37782,1.37788,1.00,1.00
2015.08.11 08:03:49.366,1.3778,1.37788,1.12,1.00
2015.08.11 08:03:49.495,1.37782,1.37788,1.00,1.00
2015.08.11 08:03:51.072,1.37783,1.37789,1.00,1.12
2015.08.11 08:03:51.376,1.37785,1.37789,1.00,1.37
2015.08.11 08:03:51.477,1.37782,1.37789,1.00,1.37
2015.08.11 08:03:51.579,1.37782,1.37789,1.00,1.50
2015.08.11 08:03:51.883,1.37781,1.37787,1.00,1.00
2015.08.11 08:03:52.478,1.37779,1.37789,1.12,1.37
2015.08.11 08:03:54.054,1.37778,1.37785,1.12,1.87
2015.08.11 08:03:54.156,1.37775,1.37782,1.00,1.50
2015.08.11 08:03:54.663,1.37776,1.37781,1.00,1.00
2015.08.11 08:03:54.968,1.37775,1.37783,1.00,1.00
2015.08.11 08:03:55.443,1.37775,1.37783,1.00,4.12
2015.08.11 08:03:55.972,1.37777,1.37784,1.00,4.12
2015.08.11 08:03:56.225,1.37783,1.37791,1.00,1.00
2015.08.11 08:03:56.806,1.37783,1.37786,2.25,1.00
2015.08.11 08:03:57.060,1.37781,1.37786,1.00,1.00
2015.08.11 08:03:58.152,1.3778,1.37786,1.00,1.00
2015.08.11 08:03:58.856,1.37781,1.37786,1.00,1.00
2015.08.11 08:04:00.206,1.37779,1.37786,1.00,1.00
2015.08.11 08:04:00.409,1.37781,1.37786,1.00,1.00
2015.08.11 08:04:02.592,1.3778,1.37787,1.50,1.37
2015.08.11 08:04:03.376,1.3778,1.37787,1.50,1.37
2015.08.11 08:04:03.681,1.37778,1.37788,1.00,1.50
2015.08.11 08:04:03.834,1.37778,1.37786,1.12,1.50
2015.08.11 08:04:04.478,1.37779,1.37786,1.00,1.00
2015.08.11 08:04:05.684,1.3778,1.37786,1.00,1.00
2015.08.11 08:04:06.023,1.37782,1.37787,1.00,1.50
2015.08.11 08:04:06.124,1.3778,1.37787,1.00,1.50
2015.08.11 08:04:06.763,1.37778,1.37788,1.12,1.12
2015.08.11 08:04:07.268,1.37778,1.37788,1.12,1.12
2015.08.11 08:04:08.498,1.37787,1.37791,1.12,3.00
2015.08.11 08:04:08.802,1.3779,1.37794,1.00,1.00
2015.08.11 08:04:09.399,1.3779,1.37794,1.37,1.00
2015.08.11 08:04:09.999,1.3779,1.37794,1.00,1.00
2015.08.11 08:04:10.404,1.3779,1.37796,1.12,1.00
2015.08.11 08:04:11.725,1.3779,1.37795,1.00,1.00
2015.08.11 08:04:13.379,1.3779,1.37796,1.00,1.87
2015.08.11 08:04:13.430,1.3779,1.37794,1.00,1.00
2015.08.11 08:04:15.381,1.3779,1.37795,1.00,1.00
2015.08.11 08:04:15.559,1.37787,1.37795,1.12,1.00
2015.08.11 08:04:15.877,1.37787,1.37792,1.12,3.75
2015.08.11 08:04:16.743,1.37787,1.3779,1.12,1.00
2015.08.11 08:04:17.378,1.37785,1.37793,1.87,2.25
2015.08.11 08:04:18.368,1.37785,1.37791,2.62,4.12
2015.08.11 08:04:18.893,1.37785,1.37791,1.50,4.12
2015.08.11 08:04:20.449,1.37785,1.3779,1.00,4.12
2015.08.11 08:04:21.101,1.37785,1.37788,1.37,1.00
2015.08.11 08:04:22.305,1.37785,1.37788,1.00,1.00
2015.08.11 08:04:25.477,1.37786,1.37791,3.00,1.00
2015.08.11 08:04:25.528,1.37787,1.37795,1.37,1.00
2015.08.11 08:04:26.040,1.37788,1.37795,1.37,1.00
2015.08.11 08:04:26.546,1.3779,1.37795,1.00,1.00
2015.08.11 08:04:27.008,1.37783,1.37786,1.50,1.12
2015.08.11 08:04:27.060,1.37778,1.37786,1.00,1.87
2015.08.11 08:04:27.214,1.37775,1.37785,1.00,2.25
2015.08.11 08:04:27.523,1.37774,1.37783,1.50,4.27
2015.08.11 08:04:28.336,1.37774,1.37781,1.87,3.75
2015.08.11 08:04:28.850,1.37774,1.37779,1.12,1.00
2015.08.11 08:04:29.154,1.37774,1.37777,1.00,1.00
2015.08.11 08:04:30.058,1.37773,1.37777,1.50,1.00
2015.08.11 08:04:30.363,1.37773,1.37776,1.00,3.75
2015.08.11 08:04:30.617,1.37771,1.37772,1.00,1.50
2015.08.11 08:04:30.770,1.37766,1.37771,1.37,1.00
2015.08.11 08:04:30.872,1.37765,1.3777,1.37,3.75
2015.08.11 08:04:31.361,1.37764,1.37768,1.00,4.87
2015.08.11 08:04:31.882,1.37765,1.37766,1.00,1.00
2015.08.11 08:04:32.622,1.3776,1.37763,2.62,4.50
2015.08.11 08:04:32.929,1.37761,1.37763,1.12,1.00
2015.08.11 08:04:32.980,1.37761,1.37764,1.12,1.50
2015.08.11 08:04:34.219,1.37762,1.37766,1.12,1.00
2015.08.11 08:04:34.729,1.3776,1.37767,1.37,4.12
2015.08.11 08:04:35.480,1.37759,1.3776,1.00,4.50
2015.08.11 08:04:35.532,1.37749,1.37752,6.45,4.12
2015.08.11 08:04:35.584,1.37747,1.37749,1.27,1.00
2015.08.11 08:04:35.687,1.37742,1.37745,1.87,3.75
2015.08.11 08:04:35.788,1.3774,1.37743,2.47,4.12
2015.08.11 08:04:36.630,1.37741,1.37744,1.00,4.12
2015.08.11 08:04:36.681,1.37741,1.37746,1.00,5.62
2015.08.11 08:04:36.833,1.37743,1.37745,1.00,1.50
2015.08.11 08:04:37.340,1.37743,1.37745,1.00,1.50
2015.08.11 08:04:38.005,1.37752,1.37755,3.75,5.62
2015.08.11 08:04:38.068,1.37753,1.3776,4.50,1.00
2015.08.11 08:04:38.120,1.37753,1.3776,1.00,1.00
2015.08.11 08:04:38.664,1.37752,1.3776,1.00,1.12
2015.08.11 08:04:39.302,1.3775,1.37751,1.12,1.50
2015.08.11 08:04:39.354,1.37745,1.37748,2.06,1.00
2015.08.11 08:04:39.405,1.37741,1.37744,1.75,1.00
2015.08.11 08:04:39.457,1.37741,1.37744,1.50,1.00
2015.08.11 08:04:39.963,1.37739,1.37745,3.22,4.12
2015.08.11 08:04:40.507,1.37739,1.37742,1.22,1.50
2015.08.11 08:04:41.344,1.37739,1.37744,1.52,4.87
2015.08.11 08:04:42.056,1.3774,1.37746,2.47,1.00
2015.08.11 08:04:42.111,1.37741,1.3775,1.37,3.75
2015.08.11 08:04:42.659,1.37741,1.3775,1.37,3.75
2015.08.11 08:04:43.437,1.37743,1.3775,1.37,1.87
2015.08.11 08:04:43.742,1.37747,1.37752,1.00,1.37
2015.08.11 08:04:43.944,1.37746,1.37753,1.50,1.00
2015.08.11 08:04:44.712,1.37747,1.37754,1.00,1.00
2015.08.11 08:04:45.167,1.37752,1.37753,1.00,1.00
2015.08.11 08:04:45.319,1.37755,1.37759,1.00,2.25
2015.08.11 08:04:45.421,1.37755,1.3776,1.50,1.00
2015.08.11 08:04:46.399,1.37755,1.37758,1.00,3.75
2015.08.11 08:04:46.612,1.37753,1.37756,1.12,1.00
2015.08.11 08:04:47.636,1.37753,1.37756,1.37,1.00
2015.08.11 08:04:47.687,1.37755,1.37759,1.12,1.00
2015.08.11 08:04:48.189,1.37755,1.3776,1.37,1.00
2015.08.11 08:04:48.341,1.37756,1.3776,1.37,1.00
2015.08.11 08:04:49.137,1.37755,1.37761,1.37,1.00
2015.08.11 08:04:49.675,1.37755,1.37761,1.37,1.00
2015.08.11 08:04:50.219,1.37754,1.37761,2.25,1.00
2015.08.11 08:04:50.862,1.37754,1.37762,1.50,5.62
2015.08.11 08:04:51.116,1.37753,1.3776,1.12,4.87
2015.08.11 08:04:51.370,1.37753,1.37758,1.00,3.75
2015.08.11 08:04:52.707,1.37753,1.37759,1.12,4.12
2015.08.11 08:04:53.228,1.37753,1.37759,1.37,4.12
2015.08.11 08:04:53.752,1.37753,1.37759,1.00,4.12
2015.08.11 08:04:54.522,1.37753,1.37755,1.00,1.00
2015.08.11 08:04:54.977,1.37751,1.37757,1.00,4.87
2015.08.11 08:04:55.281,1.37746,1.37755,1.50,3.75
2015.08.11 08:04:55.828,1.37746,1.37754,1.00,4.12
2015.08.11 08:04:56.340,1.37745,1.37752,1.00,1.00
2015.08.11 08:04:57.797,1.37745,1.37752,1.87,1.00
2015.08.11 08:04:58.349,1.37745,1.37753,1.12,5.25
2015.08.11 08:05:00.093,1.37745,1.37752,1.00,6.00
2015.08.11 08:05:00.144,1.37743,1.3775,1.12,1.00
2015.08.11 08:05:00.918,1.37744,1.3775,1.12,1.00
2015.08.11 08:05:01.611,1.37744,1.37749,1.12,1.00
2015.08.11 08:05:02.551,1.37745,1.37749,1.00,1.00
2015.08.11 08:05:03.093,1.37745,1.37752,1.00,4.87
2015.08.11 08:05:03.573,1.3775,1.37752,1.00,1.12
2015.08.11 08:05:03.624,1.37751,1.37757,1.00,1.50
2015.08.11 08:05:04.149,1.37752,1.37757,1.00,1.00
2015.08.11 08:05:04.200,1.37755,1.37759,1.00,4.12
2015.08.11 08:05:04.251,1.37755,1.37761,1.00,4.95
2015.08.11 08:05:04.453,1.37755,1.37761,1.00,1.00
2015.08.11 08:05:04.968,1.37753,1.37761,1.37,1.50
2015.08.11 08:05:05.555,1.37753,1.37761,1.12,1.87
2015.08.11 08:05:06.181,1.37753,1.3776,1.12,1.00
2015.08.11 08:05:06.651,1.37754,1.37763,1.37,6.00
2015.08.11 08:05:07.167,1.37755,1.37763,1.12,1.12
2015.08.11 08:05:07.354,1.37753,1.37763,1.50,1.00
2015.08.11 08:05:07.455,1.37755,1.37763,1.00,1.00
2015.08.11 08:05:07.759,1.3776,1.37765,1.00,1.00
2015.08.11 08:05:08.012,1.37757,1.37764,1.50,1.00
2015.08.11 08:05:09.120,1.37758,1.3776,1.37,1.00
2015.08.11 08:05:09.172,1.37753,1.3776,1.50,1.00
2015.08.11 08:05:09.693,1.37753,1.37761,1.00,1.12
2015.08.11 08:05:09.744,1.37753,1.37761,1.50,1.12
2015.08.11 08:05:09.998,1.37753,1.37761,1.50,1.00
2015.08.11 08:05:10.538,1.37756,1.37761,1.00,1.12
2015.08.11 08:05:10.589,1.37754,1.37761,1.00,1.12
2015.08.11 08:05:11.098,1.37754,1.37761,1.87,1.00
2015.08.11 08:05:12.015,1.37751,1.37757,1.00,1.12
2015.08.11 08:05:12.774,1.37752,1.37758,1.00,1.12
2015.08.11 08:05:13.484,1.37753,1.3776,1.00,1.00
2015.08.11 08:05:13.535,1.37755,1.37761,1.00,1.12
2015.08.11 08:05:14.075,1.37754,1.37761,1.00,1.12
2015.08.11 08:05:15.415,1.37761,1.37762,1.00,1.12
2015.08.11 08:05:15.466,1.37761,1.37764,1.00,1.87
2015.08.11 08:05:15.517,1.37764,1.37766,1.37,1.65
2015.08.11 08:05:15.618,1.37764,1.37772,1.37,1.87
2015.08.11 08:05:15.871,1.37767,1.37773,1.00,2.62
2015.08.11 08:05:16.578,1.37767,1.3777,1.00,1.87
2015.08.11 08:05:16.629,1.3776,1.3777,1.50,2.25
2015.08.11 08:05:16.782,1.3776,1.37767,1.00,1.00
2015.08.11 08:05:17.085,1.3777,1.37777,1.87,2.62
2015.08.11 08:05:17.389,1.37768,1.37772,2.25,1.00
2015.08.11 08:05:17.883,1.37764,1.37772,2.25,1.00
2015.08.11 08:05:18.428,1.37765,1.37772,1.87,1.00
2015.08.11 08:05:19.894,1.37766,1.37771,1.37,1.00
2015.08.11 08:05:20.536,1.37767,1.37771,1.37,1.00
2015.08.11 08:05:20.587,1.3777,1.37773,1.00,1.12
2015.08.11 08:05:20.690,1.3777,1.37776,1.00,3.00
2015.08.11 08:05:20.792,1.37768,1.37774,2.25,1.00
2015.08.11 08:05:21.231,1.37764,1.37765,10.87,1.00
2015.08.11 08:05:21.283,1.3776,1.37762,2.25,1.00
2015.08.11 08:05:21.384,1.37759,1.37765,1.12,1.00
2015.08.11 08:05:21.486,1.3776,1.37768,1.00,1.87
2015.08.11 08:05:21.993,1.37759,1.37767,2.25,1.50
2015.08.11 08:05:22.531,1.37758,1.37767,1.50,1.50
2015.08.11 08:05:23.038,1.37759,1.37766,1.87,2.62
2015.08.11 08:05:23.984,1.37758,1.37765,1.12,1.12
2015.08.11 08:05:24.504,1.37759,1.37765,1.00,3.00
2015.08.11 08:05:25.023,1.37759,1.37765,1.00,6.75
2015.08.11 08:05:25.745,1.37756,1.37763,1.12,1.50
2015.08.11 08:05:26.049,1.37754,1.37763,3.37,4.50
2015.08.11 08:05:26.554,1.37756,1.37763,1.37,5.62
2015.08.11 08:05:27.241,1.37758,1.37763,1.00,5.25
2015.08.11 08:05:27.774,1.37756,1.37763,1.00,4.87
2015.08.11 08:05:28.277,1.37755,1.37763,1.12,5.62
2015.08.11 08:05:28.944,1.37754,1.3776,1.37,1.00
2015.08.11 08:05:29.450,1.37754,1.3776,1.12,2.25
2015.08.11 08:05:30.340,1.37754,1.37759,1.00,1.00
2015.08.11 08:05:30.442,1.37758,1.37761,1.00,1.50
2015.08.11 08:05:30.745,1.37765,1.37768,1.12,1.00
2015.08.11 08:05:30.846,1.37767,1.37773,1.12,2.25
2015.08.11 08:05:30.897,1.37767,1.37773,1.37,1.12
2015.08.11 08:05:31.954,1.37767,1.37773,1.00,5.62
2015.08.11 08:05:32.006,1.37765,1.37771,1.00,1.00
2015.08.11 08:05:32.369,1.37762,1.37771,1.50,1.00
2015.08.11 08:05:32.884,1.37762,1.3777,1.50,1.12
2015.08.11 08:05:33.402,1.37761,1.37771,1.75,1.50
2015.08.11 08:05:33.503,1.37763,1.37771,1.37,1.50
2015.08.11 08:05:33.960,1.37766,1.37772,2.62,1.00
2015.08.11 08:05:34.162,1.37767,1.37774,1.12,1.00
2015.08.11 08:05:34.846,1.37766,1.37773,1.75,1.00
2015.08.11 08:05:35.395,1.37767,1.37772,1.00,1.00
2015.08.11 08:05:35.749,1.37764,1.37772,3.00,1.00
2015.08.11 08:05:36.308,1.37764,1.3777,1.00,1.00
2015.08.11 08:05:37.158,1.37762,1.3777,1.00,1.00
2015.08.11 08:05:38.112,1.37761,1.37767,1.00,1.00
2015.08.11 08:05:38.466,1.37759,1.37763,1.37,1.00
2015.08.11 08:05:38.567,1.37757,1.37765,1.50,1.00
2015.08.11 08:05:38.870,1.37761,1.37768,1.12,1.50
2015.08.11 08:05:39.743,1.37762,1.37769,1.00,3.75
2015.08.11 08:05:39.794,1.37765,1.3777,1.00,1.12
2015.08.11 08:05:40.098,1.37766,1.37772,1.12,1.00
2015.08.11 08:05:40.954,1.37765,1.37775,1.87,2.25
2015.08.11 08:05:41.470,1.37764,1.37773,1.37,1.00
2015.08.11 08:05:41.572,1.37764,1.37773,1.37,4.12
2015.08.11 08:05:42.780,1.37765,1.37773,1.50,1.37
2015.08.11 08:05:42.882,1.3776,1.3777,3.00,2.25
2015.08.11 08:05:42.933,1.3776,1.37768,1.87,1.00
2015.08.11 08:05:43.439,1.3776,1.37768,1.50,2.25
2015.08.11 08:05:44.028,1.3776,1.37765,1.50,1.00
2015.08.11 08:05:44.130,1.37759,1.37766,1.50,1.00
2015.08.11 08:05:44.282,1.37757,1.37762,1.50,1.00
2015.08.11 08:05:44.434,1.37757,1.37762,1.12,1.00
2015.08.11 08:05:44.958,1.37756,1.37762,1.87,1.00
2015.08.11 08:05:45.503,1.37753,1.37762,1.75,1.87
2015.08.11 08:05:45.659,1.37753,1.3776,1.75,1.00
2015.08.11 08:05:45.761,1.37753,1.37762,1.75,2.62
2015.08.11 08:05:46.780,1.37756,1.37762,1.47,1.50
2015.08.11 08:05:47.135,1.37756,1.37763,1.00,1.12
2015.08.11 08:05:47.642,1.37756,1.37762,1.00,1.00
2015.08.11 08:05:48.231,1.37756,1.37763,1.00,1.12
2015.08.11 08:05:48.332,1.37756,1.37763,1.00,1.50
2015.08.11 08:05:48.434,1.37754,1.37762,1.10,1.87
2015.08.11 08:05:48.586,1.37755,1.3776,1.00,1.87
2015.08.11 08:05:49.093,1.37755,1.37758,1.00,1.00
2015.08.11 08:05:49.298,1.37752,1.37758,1.10,1.00
2015.08.11 08:05:49.805,1.37755,1.37759,1.00,1.37
2015.08.11 08:05:49.856,1.37755,1.3776,1.00,1.87
2015.08.11 08:05:50.382,1.37754,1.3776,1.00,1.12
2015.08.11 08:05:51.327,1.37755,1.3776,1.00,1.87
2015.08.11 08:05:51.864,1.37754,1.3776,1.00,1.87
2015.08.11 08:05:52.570,1.37755,1.3776,1.00,2.62
2015.08.11 08:05:53.168,1.37754,1.3776,1.00,1.87
2015.08.11 08:05:53.770,1.37755,1.3776,1.00,2.62
2015.08.11 08:05:54.272,1.37754,1.3776,1.00,1.87
2015.08.11 08:05:55.363,1.3775,1.37754,1.80,1.12
2015.08.11 08:05:55.418,1.37748,1.37754,2.62,1.12
2015.08.11 08:05:56.080,1.37745,1.37753,4.27,1.00
2015.08.11 08:05:56.873,1.37745,1.37754,1.12,1.87
2015.08.11 08:05:57.328,1.37742,1.37749,1.37,1.00
2015.08.11 08:05:57.379,1.37742,1.37749,1.50,1.00
2015.08.11 08:05:57.686,1.37742,1.37749,1.50,1.00
2015.08.11 08:05:58.230,1.3774,1.37743,1.50,1.00
2015.08.11 08:05:58.539,1.37741,1.37745,1.00,1.00
2015.08.11 08:05:59.557,1.37741,1.37746,1.00,1.50
2015.08.11 08:05:59.609,1.3774,1.37743,1.12,1.00
2015.08.11 08:05:59.913,1.37739,1.37745,1.37,1.50
2015.08.11 08:06:00.288,1.37742,1.37745,1.00,1.00
2015.08.11 08:06:00.875,1.3774,1.37745,1.87,1.00
2015.08.11 08:06:01.902,1.37739,1.37747,1.87,1.87
2015.08.11 08:06:02.496,1.37745,1.37751,1.00,1.00
2015.08.11 08:06:03.002,1.37745,1.37752,1.00,1.00
2015.08.11 08:06:03.894,1.37745,1.37753,1.37,1.50
2015.08.11 08:06:04.678,1.37744,1.37752,3.37,1.00
2015.08.11 08:06:05.509,1.37744,1.37753,2.62,2.25
2015.08.11 08:06:05.813,1.37745,1.37751,2.25,1.00
2015.08.11 08:06:05.965,1.37745,1.37751,1.12,1.50
2015.08.11 08:06:06.470,1.37745,1.37752,1.00,1.50
2015.08.11 08:06:07.450,1.37741,1.37742,2.47,1.00
2015.08.11 08:06:07.501,1.37737,1.37742,1.12,1.00
2015.08.11 08:06:08.007,1.37735,1.37742,1.87,1.50
2015.08.11 08:06:08.743,1.37735,1.37741,2.62,1.37
2015.08.11 08:06:09.047,1.37735,1.37742,1.00,1.12
2015.08.11 08:06:09.375,1.37734,1.37741,2.62,1.00
2015.08.11 08:06:09.789,1.37735,1.37742,1.00,1.12
2015.08.11 08:06:10.424,1.37735,1.37741,3.00,1.00
2015.08.11 08:06:10.879,1.37735,1.37741,3.75,1.00
2015.08.11 08:06:11.398,1.37737,1.37742,1.00,1.00
2015.08.11 08:06:12.120,1.37737,1.37741,1.00,1.00
2015.08.11 08:06:12.312,1.37735,1.37741,3.00,1.00
2015.08.11 08:06:13.297,1.37735,1.37741,3.37,1.00
2015.08.11 08:06:13.968,1.37735,1.37741,1.87,1.00
2015.08.11 08:06:14.120,1.37735,1.37741,1.87,1.00
2015.08.11 08:06:14.621,1.37735,1.37741,1.37,1.00
2015.08.11 08:06:14.875,1.37735,1.37741,1.87,1.50
2015.08.11 08:06:14.976,1.37736,1.37741,1.00,1.00
2015.08.11 08:06:15.651,1.37731,1.37738,1.12,1.37
2015.08.11 08:06:15.702,1.37735,1.37738,1.20,1.00
2015.08.11 08:06:15.753,1.37735,1.37741,1.20,1.00
2015.08.11 08:06:15.804,1.37737,1.37742,1.50,1.00
2015.08.11 08:06:16.331,1.37738,1.37743,1.00,1.00
2015.08.11 08:06:16.933,1.37739,1.37745,1.12,1.00
2015.08.11 08:06:16.985,1.37738,1.37743,1.87,1.00
2015.08.11 08:06:17.531,1.37738,1.37744,1.37,1.00
2015.08.11 08:06:17.835,1.37738,1.3774,1.00,1.00
2015.08.11 08:06:18.831,1.3774,1.37744,1.00,1.35
2015.08.11 08:06:19.439,1.37739,1.37744,1.12,1.00
2015.08.11 08:06:20.005,1.3774,1.37744,1.00,1.00
2015.08.11 08:06:20.653,1.3774,1.37743,1.00,1.00
2015.08.11 08:06:21.330,1.37739,1.37743,1.00,1.00
2015.08.11 08:06:21.839,1.3774,1.37743,1.00,1.00
2015.08.11 08:06:22.802,1.3774,1.37744,1.00,1.50
2015.08.11 08:06:22.854,1.37737,1.37744,1.12,1.50
2015.08.11 08:06:23.362,1.37737,1.37743,1.00,1.12
2015.08.11 08:06:23.964,1.37737,1.37744,1.00,1.12
2015.08.11 08:06:24.493,1.37737,1.37743,1.12,1.00
2015.08.11 08:06:25.169,1.37738,1.37743,1.00,1.00
2015.08.11 08:06:25.859,1.37738,1.37741,1.00,1.00
2015.08.11 08:06:25.965,1.37734,1.37738,1.00,1.00
2015.08.11 08:06:26.066,1.37735,1.3774,1.00,1.50
2015.08.11 08:06:26.741,1.37734,1.3774,1.50,1.50
2015.08.11 08:06:27.472,1.37735,1.3774,1.00,1.00
2015.08.11 08:06:27.680,1.37735,1.37739,1.00,1.60
2015.08.11 08:06:27.983,1.37735,1.37736,1.00,1.00
2015.08.11 08:06:28.286,1.37734,1.37736,1.00,1.50
2015.08.11 08:06:28.919,1.3773,1.37733,1.57,1.00
2015.08.11 08:06:29.750,1.37731,1.37733,1.87,1.00
2015.08.11 08:06:29.852,1.37734,1.37735,2.25,1.00
2015.08.11 08:06:31.026,1.37735,1.3774,2.47,1.00
2015.08.11 08:06:31.178,1.37735,1.37741,1.12,1.00
2015.08.11 08:06:31.708,1.37736,1.3774,1.00,1.00
2015.08.11 08:06:33.064,1.37735,1.3774,1.57,1.00
2015.08.11 08:06:33.115,1.37735,1.3774,1.57,1.00
2015.08.11 08:06:34.203,1.37736,1.37739,1.00,1.00
2015.08.11 08:06:34.509,1.37735,1.37737,1.50,3.00
2015.08.11 08:06:34.813,1.37728,1.37729,1.42,1.00
2015.08.11 08:06:34.914,1.37725,1.37728,1.00,1.00
2015.08.11 08:06:35.569,1.37728,1.37731,1.00,1.50
2015.08.11 08:06:35.873,1.37733,1.37734,1.00,9.00
2015.08.11 08:06:36.028,1.37732,1.37733,1.50,1.00
2015.08.11 08:06:36.130,1.37734,1.37736,1.00,1.50
2015.08.11 08:06:36.231,1.37736,1.37738,1.50,1.00
2015.08.11 08:06:36.335,1.37738,1.37741,1.00,1.50
2015.08.11 08:06:36.846,1.37739,1.37741,1.00,1.00
2015.08.11 08:06:36.897,1.37742,1.37743,1.00,1.00
2015.08.11 08:06:37.870,1.37741,1.37743,1.00,1.00
2015.08.11 08:06:38.409,1.37742,1.37743,1.00,1.00
2015.08.11 08:06:38.662,1.37743,1.37745,1.00,1.00
2015.08.11 08:06:38.713,1.37739,1.37745,4.12,1.00
2015.08.11 08:06:38.918,1.37742,1.37745,1.00,1.00
2015.08.11 08:06:41.783,1.37742,1.37746,1.00,1.00
2015.08.11 08:06:42.110,1.37742,1.37743,1.00,1.00
2015.08.11 08:06:42.212,1.37742,1.37745,1.00,1.00
2015.08.11 08:06:43.372,1.37742,1.37746,1.00,1.00
2015.08.11 08:06:43.434,1.3774,1.37743,1.00,1.00
2015.08.11 08:06:44.207,1.37743,1.37745,1.00,1.00
2015.08.11 08:06:44.754,1.37745,1.37747,1.00,1.00
2015.08.11 08:06:45.261,1.37745,1.37749,1.50,1.00
2015.08.11 08:06:45.413,1.37749,1.3775,1.00,1.00
2015.08.11 08:06:45.514,1.37746,1.37749,1.00,1.00
2015.08.11 08:06:46.111,1.37746,1.37748,1.00,1.00
2015.08.11 08:06:46.213,1.37747,1.37749,1.00,1.00
2015.08.11 08:06:46.618,1.37745,1.37747,4.50,2.25
2015.08.11 08:06:46.872,1.37742,1.37745,1.50,1.00
2015.08.11 08:06:47.396,1.37747,1.37748,1.00,1.00
2015.08.11 08:06:47.447,1.37746,1.37754,1.67,1.37
2015.08.11 08:06:47.549,1.37746,1.37751,1.37,1.00
2015.08.11 08:06:47.853,1.37743,1.37748,2.25,1.00
2015.08.11 08:06:48.672,1.37743,1.37749,2.25,1.50
2015.08.11 08:06:48.724,1.3774,1.37749,3.37,1.50
2015.08.11 08:06:48.927,1.3774,1.37748,3.37,1.50
2015.08.11 08:06:50.590,1.3774,1.37747,1.72,1.12
2015.08.11 08:06:50.792,1.3774,1.37747,2.25,1.00
2015.08.11 08:06:51.614,1.3774,1.37746,1.50,1.00
2015.08.11 08:06:52.271,1.3774,1.37745,1.50,1.00
2015.08.11 08:06:53.081,1.3774,1.37744,1.50,1.00
2015.08.11 08:06:53.132,1.37736,1.3774,1.50,1.00
2015.08.11 08:06:53.435,1.37735,1.37738,1.00,4.12
2015.08.11 08:06:53.841,1.37734,1.37739,1.00,1.50
2015.08.11 08:06:53.943,1.37735,1.37736,1.00,1.00
2015.08.11 08:06:54.880,1.37732,1.37736,1.12,1.00
2015.08.11 08:06:54.983,1.37734,1.37736,1.00,1.00
2015.08.11 08:06:56.383,1.37733,1.37738,1.00,4.12
2015.08.11 08:06:56.891,1.37732,1.37738,1.00,4.87
2015.08.11 08:06:58.053,1.37734,1.37738,1.00,5.62
2015.08.11 08:06:58.816,1.37733,1.37738,1.00,4.87
2015.08.11 08:06:59.473,1.37727,1.37728,3.60,1.00
2015.08.11 08:06:59.576,1.37727,1.3773,2.25,1.00
2015.08.11 08:06:59.677,1.37728,1.37732,1.50,1.00
2015.08.11 08:06:59.881,1.37731,1.37734,1.00,1.00
2015.08.11 08:07:00.034,1.37732,1.37737,1.00,1.00
2015.08.11 08:07:00.186,1.37732,1.3774,1.65,2.25
2015.08.11 08:07:00.678,1.37734,1.37737,1.00,1.00
2015.08.11 08:07:00.731,1.3773,1.37737,3.45,1.00
2015.08.11 08:07:01.217,1.3773,1.37734,1.00,1.00
2015.08.11 08:07:01.520,1.37732,1.37737,1.00,1.12
2015.08.11 08:07:02.157,1.3773,1.37735,1.52,1.00
2015.08.11 08:07:02.210,1.3773,1.37736,2.17,1.12
2015.08.11 08:07:02.665,1.37731,1.37737,1.52,1.50
2015.08.11 08:07:02.867,1.3773,1.37737,3.60,1.12
2015.08.11 08:07:03.488,1.3773,1.37732,1.50,1.00
2015.08.11 08:07:04.227,1.37729,1.37732,1.00,1.00
2015.08.11 08:07:04.814,1.3773,1.37732,1.00,1.50
2015.08.11 08:07:04.966,1.3773,1.37735,1.00,4.12
2015.08.11 08:07:05.370,1.37731,1.37736,1.00,1.00
2015.08.11 08:07:05.573,1.37729,1.37735,1.42,1.00
2015.08.11 08:07:06.516,1.37734,1.3774,2.17,1.00
2015.08.11 08:07:06.671,1.37736,1.37745,2.02,4.87
2015.08.11 08:07:06.773,1.37736,1.37741,1.00,1.00
2015.08.11 08:07:07.078,1.37744,1.37746,1.12,1.00
2015.08.11 08:07:07.688,1.37739,1.37743,1.00,1.00
2015.08.11 08:07:08.202,1.37739,1.37744,1.00,1.00
2015.08.11 08:07:09.045,1.37736,1.37743,1.67,1.00
2015.08.11 08:07:09.096,1.37734,1.3774,1.87,1.00
2015.08.11 08:07:09.400,1.37734,1.37738,1.00,1.00
2015.08.11 08:07:09.603,1.37732,1.37737,1.00,1.00
2015.08.11 08:07:09.654,1.37732,1.37735,1.00,1.00
2015.08.11 08:07:10.461,1.37735,1.37738,1.50,4.50
2015.08.11 08:07:10.520,1.37737,1.37742,1.00,1.12
2015.08.11 08:07:10.673,1.37734,1.37741,1.37,1.00
2015.08.11 08:07:10.825,1.37736,1.3774,2.25,1.00
2015.08.11 08:07:11.079,1.3774,1.37743,1.00,1.50
2015.08.11 08:07:11.282,1.37737,1.37743,1.65,1.00
2015.08.11 08:07:11.867,1.37735,1.37738,1.12,1.50
2015.08.11 08:07:12.373,1.37736,1.37738,1.00,1.00
2015.08.11 08:07:12.922,1.37736,1.37738,1.00,1.00
2015.08.11 08:07:13.533,1.37736,1.37739,1.87,1.00
2015.08.11 08:07:13.584,1.37736,1.37741,1.87,1.00
2015.08.11 08:07:14.115,1.37736,1.37742,2.25,1.00
2015.08.11 08:07:15.109,1.37737,1.37741,1.00,1.12
2015.08.11 08:07:15.668,1.37737,1.3774,1.00,1.00
2015.08.11 08:07:15.871,1.37736,1.37739,3.00,1.00
2015.08.11 08:07:16.613,1.37737,1.37739,1.12,1.00
2015.08.11 08:07:17.119,1.37736,1.37738,1.00,1.00
2015.08.11 08:07:18.550,1.37735,1.37737,1.00,1.00
2015.08.11 08:07:18.704,1.37732,1.37738,1.50,1.00
2015.08.11 08:07:19.311,1.37732,1.37738,1.00,1.00
2015.08.11 08:07:19.413,1.3773,1.37732,1.00,1.12
2015.08.11 08:07:20.010,1.37724,1.37727,6.00,3.75
2015.08.11 08:07:20.061,1.37721,1.37725,1.00,1.12
2015.08.11 08:07:20.621,1.37722,1.37728,1.00,1.12
2015.08.11 08:07:21.359,1.37722,1.37725,1.00,1.00
2015.08.11 08:07:21.614,1.3772,1.37726,1.00,6.37
2015.08.11 08:07:21.716,1.3772,1.37721,1.00,1.00
2015.08.11 08:07:21.818,1.37715,1.37721,1.50,1.50
2015.08.11 08:07:21.920,1.37715,1.37718,1.00,1.00
2015.08.11 08:07:22.772,1.37714,1.3772,1.50,1.00
2015.08.11 08:07:23.228,1.37714,1.37717,1.00,1.00
2015.08.11 08:07:24.328,1.37709,1.37714,3.00,1.00
2015.08.11 08:07:24.379,1.3771,1.37714,1.00,1.00
2015.08.11 08:07:24.481,1.37707,1.37713,1.00,1.00
2015.08.11 08:07:24.752,1.37706,1.37715,2.62,3.00
2015.08.11 08:07:24.807,1.37707,1.37715,1.30,5.62
2015.08.11 08:07:25.446,1.37705,1.37713,1.87,4.12
2015.08.11 08:07:25.497,1.37705,1.37711,1.12,1.00
2015.08.11 08:07:26.002,1.37704,1.37711,2.25,1.00
2015.08.11 08:07:26.889,1.37705,1.37712,1.37,1.00
2015.08.11 08:07:27.446,1.37704,1.37712,1.37,1.00
2015.08.11 08:07:28.514,1.37705,1.37712,1.12,1.00
2015.08.11 08:07:28.817,1.37706,1.37714,1.00,2.62
2015.08.11 08:07:29.325,1.37706,1.37714,1.37,2.25
2015.08.11 08:07:31.367,1.37705,1.37714,2.62,2.25
2015.08.11 08:07:31.958,1.37706,1.37711,1.37,1.00
2015.08.11 08:07:33.092,1.37705,1.37711,1.12,1.00
2015.08.11 08:07:33.511,1.37704,1.37711,3.75,1.00
2015.08.11 08:07:34.170,1.37704,1.37712,3.75,1.00
2015.08.11 08:07:34.272,1.37705,1.37714,2.25,1.50
2015.08.11 08:07:34.374,1.37706,1.37713,1.12,1.00
2015.08.11 08:07:34.577,1.37706,1.37713,1.37,1.00
2015.08.11 08:07:35.390,1.37705,1.37711,1.87,1.00
2015.08.11 08:07:35.491,1.37705,1.37713,3.37,1.00
2015.08.11 08:07:36.044,1.37705,1.37713,3.37,1.50
2015.08.11 08:07:36.937,1.3771,1.37713,1.00,1.50
2015.08.11 08:07:37.038,1.37706,1.37713,1.37,1.00
2015.08.11 08:07:37.551,1.37709,1.37716,1.50,3.00
2015.08.11 08:07:37.653,1.37712,1.37717,1.00,1.00
2015.08.11 08:07:37.805,1.3771,1.37718,1.00,1.00
2015.08.11 08:07:38.263,1.37712,1.37718,1.00,1.00
2015.08.11 08:07:38.579,1.37711,1.37716,1.00,1.00
2015.08.11 08:07:39.105,1.3771,1.37716,1.50,1.00
2015.08.11 08:07:40.800,1.37711,1.37716,1.00,1.00
2015.08.11 08:07:41.840,1.37712,1.37716,1.00,1.00
2015.08.11 08:07:42.345,1.37712,1.37717,1.00,1.00
2015.08.11 08:07:43.232,1.37709,1.37717,1.00,3.37
2015.08.11 08:07:43.740,1.3771,1.37716,1.00,1.50
2015.08.11 08:07:44.304,1.3771,1.37715,1.00,1.00
2015.08.11 08:07:44.814,1.37711,1.37718,2.25,1.00
2015.08.11 08:07:44.866,1.37714,1.37717,1.00,1.00
2015.08.11 08:07:45.375,1.37713,1.37717,1.50,1.00
2015.08.11 08:07:47.432,1.37712,1.37716,1.12,1.00
2015.08.11 08:07:47.585,1.37709,1.37716,1.50,1.50
2015.08.11 08:07:48.074,1.37706,1.37713,1.87,1.00
2015.08.11 08:07:48.600,1.37705,1.37712,1.87,1.00
2015.08.11 08:07:49.105,1.37705,1.37713,1.87,6.00
2015.08.11 08:07:49.876,1.37705,1.37712,1.50,4.87
2015.08.11 08:07:50.437,1.37704,1.3771,1.50,1.87
2015.08.11 08:07:51.076,1.37703,1.37709,1.00,1.00
2015.08.11 08:07:51.598,1.37701,1.37709,1.37,1.00
2015.08.11 08:07:51.901,1.377,1.37707,1.50,1.00
2015.08.11 08:07:53.092,1.377,1.37705,1.00,1.00
2015.08.11 08:07:54.244,1.37699,1.37706,2.25,1.00
2015.08.11 08:07:54.790,1.377,1.37705,1.00,1.00
2015.08.11 08:07:55.319,1.37699,1.37706,2.62,1.00
2015.08.11 08:07:55.850,1.377,1.37705,1.00,1.00
2015.08.11 08:07:57.459,1.37701,1.37704,1.00,1.00
2015.08.11 08:07:58.174,1.37701,1.37705,1.00,1.00
2015.08.11 08:07:58.225,1.37701,1.37707,1.20,1.00
2015.08.11 08:07:58.428,1.37702,1.37708,1.60,1.50
2015.08.11 08:07:58.840,1.37703,1.3771,1.87,3.75
2015.08.11 08:07:58.992,1.37703,1.3771,1.12,3.75
2015.08.11 08:07:59.832,1.37703,1.3771,1.12,2.62
2015.08.11 08:08:00.339,1.37702,1.37708,1.12,1.00
2015.08.11 08:08:00.541,1.37705,1.3771,1.00,1.87
2015.08.11 08:08:01.075,1.37705,1.37711,1.00,1.50
2015.08.11 08:08:01.615,1.37705,1.37711,1.37,1.50
2015.08.11 08:08:02.166,1.37705,1.3771,1.87,1.00
2015.08.11 08:08:02.778,1.37705,1.37711,1.87,1.12
2015.08.11 08:08:03.529,1.37705,1.37711,1.00,1.00
2015.08.11 08:08:03.681,1.37702,1.3771,2.62,3.37
2015.08.11 08:08:04.820,1.37702,1.37706,1.12,1.00
2015.08.11 08:08:04.871,1.377,1.37706,1.12,1.00
2015.08.11 08:08:04.972,1.377,1.37704,1.12,1.00
2015.08.11 08:08:06.162,1.37698,1.37706,3.00,2.25
2015.08.11 08:08:06.264,1.37698,1.37706,2.25,1.00
2015.08.11 08:08:08.380,1.37698,1.37706,3.97,1.00
2015.08.11 08:08:11.509,1.37698,1.37706,1.87,1.00
2015.08.11 08:08:11.610,1.37699,1.37706,1.37,1.00
2015.08.11 08:08:11.661,1.37702,1.37709,1.00,3.00
2015.08.11 08:08:11.813,1.377,1.37708,3.00,1.50
2015.08.11 08:08:12.377,1.377,1.37706,2.25,1.00
2015.08.11 08:08:12.854,1.37699,1.377,1.00,1.12
2015.08.11 08:08:12.956,1.37693,1.37698,1.50,4.87
2015.08.11 08:08:13.209,1.3769,1.37697,1.87,5.62
2015.08.11 08:08:13.310,1.3769,1.37693,1.50,1.00
2015.08.11 08:08:14.218,1.37693,1.37694,1.00,1.00
2015.08.11 08:08:14.269,1.37693,1.377,1.00,1.00
2015.08.11 08:08:14.522,1.37694,1.37695,1.00,1.00
2015.08.11 08:08:14.774,1.37694,1.37699,1.00,1.12
2015.08.11 08:08:16.080,1.37692,1.377,1.12,1.50
2015.08.11 08:08:16.181,1.37694,1.377,1.00,1.12
2015.08.11 08:08:16.486,1.37694,1.37696,1.00,1.30
2015.08.11 08:08:16.638,1.37691,1.37695,1.27,1.00
2015.08.11 08:08:16.841,1.3769,1.37697,1.12,1.50
2015.08.11 08:08:17.629,1.37689,1.37697,1.37,1.00
2015.08.11 08:08:17.682,1.37688,1.37695,1.37,1.00
2015.08.11 08:08:17.986,1.37693,1.37698,1.00,1.00
2015.08.11 08:08:18.037,1.37691,1.377,1.95,2.62
2015.08.11 08:08:18.442,1.37691,1.37694,1.00,1.00
2015.08.11 08:08:18.987,1.37692,1.37697,1.00,1.12
2015.08.11 08:08:19.038,1.3769,1.37697,1.50,1.50
2015.08.11 08:08:19.512,1.3769,1.37695,1.50,1.00
2015.08.11 08:08:19.941,1.3769,1.37697,1.00,1.50
2015.08.11 08:08:20.649,1.37687,1.3769,3.37,1.00
2015.08.11 08:08:20.853,1.37687,1.37693,1.87,1.87
2015.08.11 08:08:20.955,1.37687,1.37695,1.87,1.00
2015.08.11 08:08:21.310,1.37689,1.37697,1.00,1.87
2015.08.11 08:08:21.732,1.37689,1.37697,1.37,1.87
2015.08.11 08:08:22.395,1.3769,1.37699,1.37,1.00
2015.08.11 08:08:22.717,1.37689,1.37699,2.62,1.50
2015.08.11 08:08:23.098,1.37693,1.37699,1.00,1.50
2015.08.11 08:08:23.319,1.37689,1.37699,3.37,1.50
2015.08.11 08:08:24.190,1.37689,1.37697,2.62,1.00
2015.08.11 08:08:24.696,1.37689,1.37698,1.87,1.50
2015.08.11 08:08:25.207,1.37689,1.37699,2.62,2.25
2015.08.11 08:08:25.924,1.37689,1.37699,2.62,2.62
2015.08.11 08:08:26.786,1.37689,1.37699,1.50,2.62
2015.08.11 08:08:28.215,1.37692,1.37699,1.12,1.37
2015.08.11 08:08:28.368,1.37692,1.377,1.12,1.00
2015.08.11 08:08:28.774,1.37692,1.37698,1.12,1.00
2015.08.11 08:08:29.079,1.3769,1.37694,1.00,1.50
2015.08.11 08:08:29.571,1.37689,1.37692,1.00,1.37
2015.08.11 08:08:29.825,1.37685,1.37691,3.00,1.00
2015.08.11 08:08:30.045,1.37686,1.37691,1.37,1.00
2015.08.11 08:08:30.349,1.37688,1.37691,1.00,2.25
2015.08.11 08:08:30.551,1.3768,1.37686,3.00,1.00
2015.08.11 08:08:31.037,1.37682,1.37686,1.00,1.50
2015.08.11 08:08:31.293,1.37682,1.37688,1.00,1.00
2015.08.11 08:08:31.447,1.3768,1.37685,3.00,1.00
2015.08.11 08:08:31.954,1.37679,1.37685,1.50,1.87
2015.08.11 08:08:32.514,1.3768,1.37685,1.00,2.62
2015.08.11 08:08:33.518,1.37679,1.37685,1.50,1.12
2015.08.11 08:08:34.370,1.3768,1.37685,4.50,1.00
2015.08.11 08:08:34.673,1.37686,1.37688,1.00,1.00
2015.08.11 08:08:34.825,1.37685,1.37687,1.00,1.00
2015.08.11 08:08:35.078,1.37685,1.37688,1.00,1.12
2015.08.11 08:08:35.851,1.37685,1.37689,1.50,1.00
2015.08.11 08:08:37.061,1.37682,1.37689,1.00,1.00
2015.08.11 08:08:37.112,1.3768,1.37688,3.90,1.37
2015.08.11 08:08:37.594,1.3768,1.37683,1.00,1.00
2015.08.11 08:08:37.797,1.37679,1.37685,1.50,1.12
2015.08.11 08:08:38.255,1.3768,1.37687,1.50,1.00
2015.08.11 08:08:39.527,1.37679,1.37687,1.50,1.00
2015.08.11 08:08:39.591,1.37679,1.37686,1.50,1.37
2015.08.11 08:08:40.107,1.3768,1.37686,1.00,1.12
2015.08.11 08:08:40.511,1.37679,1.37686,1.12,1.87
2015.08.11 08:08:41.143,1.3768,1.37684,1.00,1.12
2015.08.11 08:08:41.295,1.37677,1.37684,1.37,1.12
2015.08.11 08:08:41.700,1.37676,1.37684,1.00,1.37
2015.08.11 08:08:43.697,1.37676,1.37684,1.00,1.12
2015.08.11 08:08:44.196,1.3768,1.37684,1.00,1.12
2015.08.11 08:08:44.829,1.3768,1.37685,1.00,1.87
2015.08.11 08:08:45.355,1.37676,1.37685,1.87,2.62
2015.08.11 08:08:45.507,1.37676,1.3768,1.00,1.12
2015.08.11 08:08:46.030,1.37675,1.37682,2.25,1.50
2015.08.11 08:08:46.732,1.37674,1.3768,1.50,1.00
2015.08.11 08:08:47.258,1.37675,1.3768,1.50,1.00
2015.08.11 08:08:48.041,1.37675,1.37681,2.25,1.00
2015.08.11 08:08:48.564,1.37675,1.37681,1.87,1.00
2015.08.11 08:08:48.740,1.37674,1.37681,3.75,1.00
2015.08.11 08:08:49.705,1.37675,1.37681,1.87,1.00
2015.08.11 08:08:50.220,1.37675,1.37682,1.50,1.00
2015.08.11 08:08:51.886,1.37673,1.3768,1.12,1.00
2015.08.11 08:08:52.090,1.3767,1.3768,3.75,1.00
2015.08.11 08:08:52.142,1.3767,1.37678,1.50,1.12
2015.08.11 08:08:52.648,1.37668,1.37676,1.87,1.87
2015.08.11 08:08:53.160,1.37665,1.37667,1.12,1.00
2015.08.11 08:08:53.369,1.37635,1.37641,1.12,2.25
2015.08.11 08:08:53.420,1.37631,1.3764,1.12,1.37
2015.08.11 08:08:53.573,1.37636,1.3764,1.00,1.95
2015.08.11 08:08:54.165,1.37649,1.37652,2.62,4.69
2015.08.11 08:08:54.217,1.37655,1.37661,1.50,1.12
2015.08.11 08:08:54.826,1.37654,1.37661,1.00,1.12
2015.08.11 08:08:55.314,1.37652,1.37661,1.00,1.12
2015.08.11 08:08:55.568,1.37654,1.37662,1.00,3.00
2015.08.11 08:08:55.874,1.37656,1.37662,1.37,2.25
2015.08.11 08:08:56.620,1.37655,1.3766,3.37,1.00
2015.08.11 08:08:56.673,1.37655,1.37659,1.50,1.00
2015.08.11 08:08:57.182,1.37657,1.37659,1.00,1.00
2015.08.11 08:08:57.854,1.37658,1.3766,1.00,1.00
2015.08.11 08:08:58.007,1.37657,1.37664,1.00,1.00
2015.08.11 08:08:58.058,1.37659,1.37664,1.00,1.00
2015.08.11 08:08:58.575,1.37657,1.37662,1.12,1.00
2015.08.11 08:08:58.626,1.37657,1.37665,1.12,1.00
2015.08.11 08:08:59.662,1.37657,1.37665,1.37,1.50
2015.08.11 08:08:59.865,1.37658,1.37665,1.87,1.00
2015.08.11 08:09:00.811,1.37661,1.37665,1.00,1.00
2015.08.11 08:09:00.862,1.37661,1.37667,1.00,1.00
2015.08.11 08:09:01.468,1.3766,1.37667,2.62,1.00
2015.08.11 08:09:02.368,1.3766,1.37667,1.50,1.00
2015.08.11 08:09:02.989,1.37659,1.37668,1.12,3.00
2015.08.11 08:09:04.180,1.37659,1.37667,1.00,1.00
2015.08.11 08:09:04.697,1.37658,1.37666,4.50,1.00
2015.08.11 08:09:05.203,1.37658,1.37666,4.87,1.00
2015.08.11 08:09:05.637,1.37659,1.37666,1.50,1.00
2015.08.11 08:09:05.747,1.37659,1.37668,1.50,1.00
2015.08.11 08:09:06.263,1.37659,1.37668,1.00,1.12
2015.08.11 08:09:07.304,1.37659,1.37668,1.37,1.12
2015.08.11 08:09:08.372,1.3766,1.37669,2.62,1.87
2015.08.11 08:09:08.926,1.37662,1.37668,1.00,1.00
2015.08.11 08:09:08.978,1.37662,1.3767,1.37,1.00
2015.08.11 08:09:09.505,1.37663,1.37671,1.00,3.00
2015.08.11 08:09:10.052,1.37662,1.3767,1.00,2.25
2015.08.11 08:09:10.634,1.37662,1.37671,1.00,3.75
2015.08.11 08:09:11.180,1.37662,1.3767,1.37,3.00
2015.08.11 08:09:11.282,1.37661,1.3767,1.87,3.00
2015.08.11 08:09:12.582,1.37661,1.37668,1.12,1.00
2015.08.11 08:09:13.091,1.37661,1.37665,1.37,1.00
2015.08.11 08:09:13.764,1.37661,1.37667,1.12,1.00
2015.08.11 08:09:14.280,1.37661,1.37668,1.12,1.00
2015.08.11 08:09:15.744,1.3766,1.37669,1.37,1.12
2015.08.11 08:09:15.947,1.3766,1.37666,1.37,1.00
2015.08.11 08:09:19.877,1.37662,1.37668,1.00,1.87
2015.08.11 08:09:19.928,1.37664,1.37668,1.37,1.12
2015.08.11 08:09:20.131,1.37666,1.37671,1.00,1.00
2015.08.11 08:09:20.233,1.37668,1.37672,1.00,1.00
2015.08.11 08:09:20.761,1.37666,1.37674,1.50,1.00
2015.08.11 08:09:21.489,1.37666,1.37673,3.75,1.00
2015.08.11 08:09:21.540,1.37667,1.37675,1.50,1.00
2015.08.11 08:09:22.485,1.37668,1.37675,1.00,1.00
2015.08.11 08:09:22.536,1.37667,1.37674,1.12,1.50
2015.08.11 08:09:22.638,1.37664,1.37673,1.37,1.00
2015.08.11 08:09:22.740,1.37663,1.37673,1.12,4.87
2015.08.11 08:09:22.897,1.37663,1.37673,1.87,1.50
2015.08.11 08:09:23.422,1.37663,1.37673,2.62,1.12
2015.08.11 08:09:23.966,1.37663,1.37674,3.37,2.25
2015.08.11 08:09:26.033,1.37664,1.37674,2.25,4.87
2015.08.11 08:09:26.235,1.37665,1.37676,1.37,8.25
2015.08.11 08:09:26.286,1.37665,1.37676,6.37,5.62
2015.08.11 08:09:26.337,1.37665,1.37676,7.12,2.25
2015.08.11 08:09:27.587,1.37667,1.37677,1.87,2.25
2015.08.11 08:09:27.893,1.37672,1.37679,1.37,1.00
2015.08.11 08:09:28.691,1.37671,1.3768,2.62,1.50
2015.08.11 08:09:29.202,1.37672,1.3768,1.37,1.00
2015.08.11 08:09:30.403,1.37671,1.3768,1.12,1.00
2015.08.11 08:09:31.002,1.37671,1.37681,1.12,1.00
2015.08.11 08:09:31.206,1.37672,1.3768,1.00,1.00
2015.08.11 08:09:31.281,1.37671,1.3768,1.12,1.00
2015.08.11 08:09:32.203,1.37671,1.37682,1.87,2.25
2015.08.11 08:09:32.708,1.37672,1.37682,1.37,3.00
2015.08.11 08:09:33.684,1.37672,1.37677,1.12,1.50
2015.08.11 08:09:33.887,1.37672,1.3768,1.00,1.00
2015.08.11 08:09:34.416,1.37671,1.37681,1.50,2.25
2015.08.11 08:09:34.984,1.37672,1.3768,1.87,1.00
2015.08.11 08:09:35.745,1.37672,1.37681,2.62,1.50
2015.08.11 08:09:36.410,1.37672,1.3768,1.50,1.00
2015.08.11 08:09:36.965,1.37673,1.37681,1.87,1.00
2015.08.11 08:09:37.066,1.37675,1.37685,2.62,3.37
2015.08.11 08:09:38.190,1.37676,1.37684,1.37,1.00
2015.08.11 08:09:38.702,1.37676,1.37683,1.00,1.00
2015.08.11 08:09:39.753,1.37676,1.37684,1.12,1.50
2015.08.11 08:09:40.006,1.37676,1.37682,1.12,1.00
2015.08.11 08:09:40.361,1.37673,1.37681,1.87,1.00
2015.08.11 08:09:41.163,1.37673,1.37682,1.50,1.12
2015.08.11 08:09:41.416,1.37673,1.3768,1.37,1.00
2015.08.11 08:09:41.886,1.37673,1.37682,1.37,1.87
2015.08.11 08:09:42.957,1.37673,1.3768,1.50,6.75
2015.08.11 08:09:43.480,1.37673,1.3768,1.50,6.75
2015.08.11 08:09:44.031,1.37673,1.3768,1.50,6.75
2015.08.11 08:09:44.718,1.37673,1.3768,1.50,6.75
2015.08.11 08:09:45.698,1.37673,1.3768,1.50,6.75
2015.08.11 08:09:46.445,1.37673,1.3768,1.12,7.50
2015.08.11 08:09:48.896,1.37672,1.37676,1.87,1.00
2015.08.11 08:09:50.923,1.3767,1.37676,3.37,1.00
2015.08.11 08:09:51.227,1.37668,1.37672,1.50,1.00
2015.08.11 08:09:51.379,1.37665,1.3767,1.12,1.00
2015.08.11 08:09:51.907,1.37668,1.3767,1.00,1.00
2015.08.11 08:09:51.958,1.37668,1.37673,1.50,1.00
2015.08.11 08:09:52.465,1.37665,1.37672,2.25,1.00
2015.08.11 08:09:53.318,1.37665,1.37673,2.25,1.50
2015.08.11 08:09:53.419,1.37665,1.37673,2.62,7.50
2015.08.11 08:09:53.773,1.37667,1.37673,1.37,6.75
2015.08.11 08:09:54.875,1.37667,1.37673,2.25,6.75
2015.08.11 08:09:55.197,1.37667,1.37675,2.25,1.12
2015.08.11 08:09:55.518,1.37667,1.37673,2.62,1.00
2015.08.11 08:09:57.129,1.37667,1.37674,1.75,1.00
2015.08.11 08:09:57.180,1.37666,1.37674,1.87,7.50
2015.08.11 08:09:57.231,1.37666,1.37672,1.50,1.00
2015.08.11 08:09:58.138,1.37665,1.37673,5.25,1.00
2015.08.11 08:09:58.654,1.3767,1.37674,1.12,6.75
2015.08.11 08:09:58.958,1.37672,1.37676,1.87,1.00
2015.08.11 08:09:59.160,1.37674,1.37678,1.37,1.50
2015.08.11 08:09:59.707,1.37675,1.37679,1.12,7.50
2015.08.11 08:10:01.598,1.3767,1.37677,1.12,1.00
2015.08.11 08:10:02.115,1.37669,1.37676,1.75,1.00
2015.08.11 08:10:02.954,1.37669,1.37675,1.37,1.00
2015.08.11 08:10:03.158,1.37668,1.37673,1.37,1.00
2015.08.11 08:10:03.668,1.37667,1.37672,1.87,1.00
2015.08.11 08:10:04.263,1.37669,1.37672,1.37,1.00
2015.08.11 08:10:04.314,1.37669,1.37674,1.37,1.00
2015.08.11 08:10:04.690,1.37669,1.37672,1.37,1.00
2015.08.11 08:10:04.792,1.37667,1.37671,1.00,1.00
2015.08.11 08:10:04.945,1.37666,1.37671,1.37,1.00
2015.08.11 08:10:04.996,1.37667,1.37673,1.37,1.12
2015.08.11 08:10:05.048,1.37667,1.37673,1.00,1.12
2015.08.11 08:10:05.579,1.37667,1.37672,1.00,1.00
2015.08.11 08:10:06.101,1.37667,1.37672,1.37,1.00
2015.08.11 08:10:07.003,1.37667,1.37673,1.37,1.00
2015.08.11 08:10:07.358,1.37667,1.37672,1.75,1.00
2015.08.11 08:10:07.810,1.37668,1.37673,1.50,1.00
2015.08.11 08:10:08.571,1.37668,1.37674,1.00,1.00
2015.08.11 08:10:09.111,1.37666,1.37673,2.25,1.00
2015.08.11 08:10:09.162,1.37666,1.37673,2.25,1.00
2015.08.11 08:10:09.969,1.37665,1.37673,3.00,1.37
2015.08.11 08:10:11.386,1.37667,1.37672,1.00,1.00
2015.08.11 08:10:11.438,1.37667,1.37672,1.50,1.60
2015.08.11 08:10:11.742,1.37662,1.37668,1.12,1.00
2015.08.11 08:10:13.120,1.37662,1.37669,1.37,1.50
2015.08.11 08:10:13.222,1.37663,1.37669,4.50,1.50
2015.08.11 08:10:13.425,1.37665,1.37673,5.62,1.00
2015.08.11 08:10:13.577,1.3767,1.37674,1.00,1.12
2015.08.11 08:10:14.527,1.37669,1.37676,1.87,2.25
2015.08.11 08:10:16.059,1.37669,1.37675,1.75,5.25
2015.08.11 08:10:16.566,1.3767,1.37675,1.50,3.75
2015.08.11 08:10:17.362,1.37669,1.37675,2.25,4.50
2015.08.11 08:10:18.021,1.37669,1.37675,1.37,3.75
2015.08.11 08:10:18.925,1.37669,1.37675,1.37,1.00
2015.08.11 08:10:19.466,1.37668,1.37674,4.12,1.00
2015.08.11 08:10:20.445,1.37667,1.37673,1.75,1.00
2015.08.11 08:10:20.503,1.37667,1.37673,1.00,1.00
2015.08.11 08:10:20.604,1.37666,1.3767,1.12,4.50
2015.08.11 08:10:21.110,1.37667,1.3767,1.87,3.75
2015.08.11 08:10:21.686,1.37668,1.37671,1.87,3.75
2015.08.11 08:10:21.737,1.37668,1.37671,1.12,3.75
2015.08.11 08:10:22.040,1.37667,1.37674,1.12,1.00
2015.08.11 08:10:23.038,1.37665,1.37668,1.75,1.00
2015.08.11 08:10:23.089,1.37665,1.37668,1.50,1.00
2015.08.11 08:10:23.191,1.37665,1.3767,1.00,2.25
2015.08.11 08:10:23.698,1.37666,1.37671,1.12,1.00
2015.08.11 08:10:24.843,1.37666,1.37673,1.87,1.00
2015.08.11 08:10:24.894,1.37666,1.37676,3.75,6.37
2015.08.11 08:10:25.485,1.37666,1.37675,2.62,1.12
2015.08.11 08:10:25.637,1.37666,1.37675,1.87,1.12
2015.08.11 08:10:26.291,1.37666,1.37674,2.25,1.50
2015.08.11 08:10:26.493,1.37666,1.37675,1.50,2.62
2015.08.11 08:10:27.123,1.37666,1.37675,1.37,2.62
2015.08.11 08:10:27.224,1.37666,1.37674,1.37,4.12
2015.08.11 08:10:27.809,1.37662,1.37665,1.50,1.00
2015.08.11 08:10:28.062,1.37662,1.3767,1.50,3.75
2015.08.11 08:10:28.113,1.37664,1.3767,1.37,1.87
2015.08.11 08:10:28.164,1.37664,1.37671,1.37,2.25
2015.08.11 08:10:29.322,1.37666,1.37671,1.37,1.50
2015.08.11 08:10:29.845,1.37666,1.3767,1.87,1.00
2015.08.11 08:10:30.766,1.37665,1.3767,3.75,1.00
2015.08.11 08:10:31.316,1.37665,1.37671,3.75,2.25
2015.08.11 08:10:31.870,1.37665,1.3767,4.50,1.00
2015.08.11 08:10:32.420,1.37665,1.37671,3.00,1.50
2015.08.11 08:10:33.282,1.37665,1.3767,3.00,1.00
2015.08.11 08:10:34.159,1.37666,1.3767,1.75,1.00
2015.08.11 08:10:34.889,1.37666,1.37671,1.75,1.00
2015.08.11 08:10:35.395,1.37666,1.3767,1.87,1.00
2015.08.11 08:10:35.920,1.37667,1.3767,1.50,1.00
2015.08.11 08:10:36.223,1.37668,1.37671,1.87,1.00
2015.08.11 08:10:36.375,1.37666,1.3767,1.75,1.00
2015.08.11 08:10:36.884,1.37665,1.3767,3.00,1.00
2015.08.11 08:10:37.879,1.37665,1.37671,2.25,1.50
2015.08.11 08:10:38.410,1.37665,1.3767,2.25,1.00
2015.08.11 08:10:39.357,1.37662,1.37669,2.25,1.00
2015.08.11 08:10:39.611,1.37663,1.37669,1.00,1.00
2015.08.11 08:10:39.763,1.37662,1.37665,1.37,1.00
2015.08.11 08:10:39.865,1.37659,1.37665,1.47,1.00
2015.08.11 08:10:40.552,1.3766,1.37667,2.62,1.00
2015.08.11 08:10:40.814,1.37663,1.37668,1.00,1.00
2015.08.11 08:10:40.967,1.37663,1.37671,1.00,2.25
2015.08.11 08:10:41.830,1.37662,1.37669,2.62,1.00
2015.08.11 08:10:42.134,1.37658,1.37666,3.45,1.00
2015.08.11 08:10:42.236,1.37659,1.37665,1.00,1.00
2015.08.11 08:10:42.338,1.37661,1.37664,1.00,1.50
2015.08.11 08:10:42.440,1.37661,1.37666,1.00,3.00
2015.08.11 08:10:43.078,1.37661,1.37665,1.00,1.00
2015.08.11 08:10:43.332,1.37661,1.37665,1.87,1.00
2015.08.11 08:10:43.434,1.37661,1.37666,1.00,3.00
2015.08.11 08:10:43.535,1.37658,1.37665,1.50,1.00
2015.08.11 08:10:43.586,1.37658,1.37663,1.00,1.00
2015.08.11 08:10:44.041,1.37652,1.3766,1.57,1.87
2015.08.11 08:10:44.092,1.37652,1.37658,1.00,1.00
2015.08.11 08:10:44.603,1.37649,1.37656,1.12,1.00
2015.08.11 08:10:45.136,1.3765,1.37655,1.00,1.00
2015.08.11 08:10:46.055,1.3765,1.37656,1.00,1.12
2015.08.11 08:10:46.340,1.37648,1.37655,1.50,1.00
2015.08.11 08:10:46.845,1.37648,1.37654,1.12,1.00
2015.08.11 08:10:47.634,1.37646,1.37654,1.50,1.50
2015.08.11 08:10:47.685,1.37646,1.37654,1.50,1.87
2015.08.11 08:10:47.989,1.37644,1.3765,1.37,1.50
2015.08.11 08:10:49.210,1.37647,1.37652,1.37,1.12
2015.08.11 08:10:49.722,1.37647,1.37653,1.12,1.00
2015.08.11 08:10:50.046,1.37645,1.3765,1.00,1.50
2015.08.11 08:10:50.097,1.37641,1.3765,2.77,1.50
2015.08.11 08:10:50.625,1.37644,1.37648,1.00,1.00
2015.08.11 08:10:50.980,1.37645,1.37649,1.87,1.00
2015.08.11 08:10:51.766,1.37647,1.37652,1.37,1.12
2015.08.11 08:10:52.020,1.37646,1.37651,1.37,1.00
2015.08.11 08:10:52.121,1.37646,1.37651,1.87,1.00
2015.08.11 08:10:52.627,1.37646,1.37651,1.87,1.00
2015.08.11 08:10:53.925,1.37645,1.37652,3.75,1.00
2015.08.11 08:10:55.375,1.37644,1.37648,3.37,1.00
2015.08.11 08:10:55.426,1.37644,1.37648,2.25,1.00
2015.08.11 08:10:56.308,1.37645,1.37647,1.12,1.00
2015.08.11 08:10:56.368,1.37645,1.37651,2.62,1.00
2015.08.11 08:10:56.873,1.37645,1.3765,2.55,1.00
2015.08.11 08:10:57.686,1.37645,1.37649,1.50,1.00
2015.08.11 08:10:58.149,1.37646,1.37649,1.37,1.00
2015.08.11 08:10:58.200,1.37646,1.37651,1.37,1.50
2015.08.11 08:10:59.120,1.37647,1.37649,1.12,1.00
2015.08.11 08:10:59.652,1.37648,1.3765,1.00,1.00
2015.08.11 08:11:01.184,1.37645,1.37648,1.50,4.87
2015.08.11 08:11:01.235,1.37641,1.37647,1.12,1.50
2015.08.11 08:11:01.899,1.3764,1.37647,1.50,1.50
2015.08.11 08:11:02.904,1.3764,1.37644,1.00,1.00
2015.08.11 08:11:03.207,1.37638,1.37647,1.87,3.75
2015.08.11 08:11:04.047,1.3764,1.37647,3.37,2.25
2015.08.11 08:11:04.492,1.3764,1.37649,1.37,1.12
2015.08.11 08:11:05.682,1.37645,1.37649,1.00,1.00
2015.08.11 08:11:05.850,1.37642,1.37649,2.17,1.00
2015.08.11 08:11:06.305,1.37641,1.37649,2.62,1.12
2015.08.11 08:11:06.950,1.37641,1.37649,2.62,1.00
2015.08.11 08:11:07.716,1.37642,1.37651,1.00,1.37
2015.08.11 08:11:07.868,1.37642,1.37651,1.87,1.50
2015.08.11 08:11:08.172,1.37647,1.37651,1.00,1.00
2015.08.11 08:11:08.808,1.37645,1.37651,7.65,1.00
2015.08.11 08:11:09.112,1.37645,1.37653,1.00,1.00
2015.08.11 08:11:09.619,1.37643,1.37652,1.47,1.00
2015.08.11 08:11:10.184,1.37642,1.37652,2.25,1.12
2015.08.11 08:11:10.691,1.37642,1.37651,2.62,1.37
2015.08.11 08:11:11.197,1.37642,1.37652,2.62,2.25
2015.08.11 08:11:12.185,1.37643,1.37652,1.00,1.87
2015.08.11 08:11:12.701,1.37644,1.37652,1.00,1.87
2015.08.11 08:11:13.229,1.37644,1.37652,1.00,1.87
2015.08.11 08:11:13.828,1.37642,1.37649,1.50,1.00
2015.08.11 08:11:14.283,1.3764,1.37649,2.70,1.37
2015.08.11 08:11:17.123,1.3764,1.37648,1.12,1.50
2015.08.11 08:11:17.946,1.3764,1.37647,1.87,1.00
2015.08.11 08:11:18.647,1.37644,1.37648,1.00,1.00
2015.08.11 08:11:18.698,1.37641,1.37648,1.37,1.00
2015.08.11 08:11:19.203,1.3764,1.37649,2.25,4.50
2015.08.11 08:11:20.103,1.3764,1.37648,2.25,1.00
2015.08.11 08:11:21.739,1.37641,1.37649,1.00,1.12
2015.08.11 08:11:22.355,1.37641,1.37649,2.25,1.00
2015.08.11 08:11:23.817,1.37642,1.37648,1.12,1.00
2015.08.11 08:11:25.419,1.37643,1.3765,1.37,2.25
2015.08.11 08:11:25.774,1.37642,1.3765,1.87,2.62
2015.08.11 08:11:25.960,1.37644,1.3765,1.00,2.62
2015.08.11 08:11:27.294,1.37644,1.3765,1.00,3.75
2015.08.11 08:11:27.598,1.37647,1.3765,1.00,3.75
2015.08.11 08:11:28.535,1.37646,1.3765,1.00,3.75
2015.08.11 08:11:29.046,1.37644,1.37653,1.00,1.75
2015.08.11 08:11:29.557,1.37644,1.37651,1.00,1.37
2015.08.11 08:11:30.654,1.37645,1.37652,1.00,2.25
2015.08.11 08:11:31.179,1.37644,1.37652,1.00,2.25
2015.08.11 08:11:31.707,1.37645,1.37652,1.00,3.00
2015.08.11 08:11:31.960,1.37642,1.3765,1.00,1.37
2015.08.11 08:11:32.264,1.37642,1.37647,1.00,1.00
2015.08.11 08:11:32.567,1.3764,1.37647,1.50,1.12
2015.08.11 08:11:33.198,1.3764,1.37645,1.00,1.50
2015.08.11 08:11:33.299,1.37637,1.37645,1.00,2.25
2015.08.11 08:11:33.401,1.37639,1.37646,1.00,6.00
2015.08.11 08:11:33.603,1.37643,1.3765,1.00,3.00
2015.08.11 08:11:33.705,1.37645,1.3765,1.00,2.25
2015.08.11 08:11:35.605,1.37645,1.37653,1.30,1.37
2015.08.11 08:11:36.200,1.37645,1.37653,1.30,1.12
2015.08.11 08:11:36.726,1.37645,1.37653,2.47,1.00
2015.08.11 08:11:37.655,1.37645,1.37655,1.37,1.87
2015.08.11 08:11:38.174,1.37647,1.37655,1.12,1.87
2015.08.11 08:11:39.082,1.37653,1.37655,1.12,1.12
2015.08.11 08:11:39.388,1.37655,1.37657,1.00,3.75
2015.08.11 08:11:39.591,1.37655,1.3766,1.47,1.00
2015.08.11 08:11:39.693,1.37659,1.37661,1.00,2.25
2015.08.11 08:11:39.794,1.3766,1.37662,1.00,1.00
2015.08.11 08:11:39.896,1.3766,1.37665,1.00,1.37
2015.08.11 08:11:39.947,1.3766,1.37667,1.00,2.25
2015.08.11 08:11:40.454,1.37659,1.37666,1.00,1.12
2015.08.11 08:11:40.707,1.3766,1.37666,1.00,1.50
2015.08.11 08:11:42.264,1.37654,1.37661,3.30,1.12
2015.08.11 08:11:42.367,1.37653,1.37659,1.50,1.12
2015.08.11 08:11:42.821,1.37652,1.37661,1.50,1.12
2015.08.11 08:11:43.024,1.37656,1.37662,1.00,1.00
2015.08.11 08:11:43.510,1.37661,1.37663,1.00,1.00
2015.08.11 08:11:43.561,1.37663,1.3767,1.87,1.95
2015.08.11 08:11:43.662,1.37663,1.37672,3.00,1.50
2015.08.11 08:11:44.184,1.37665,1.37672,1.50,1.00
2015.08.11 08:11:44.885,1.37665,1.37672,1.87,1.37
2015.08.11 08:11:45.590,1.37665,1.37672,5.25,1.37
2015.08.11 08:11:46.137,1.37668,1.37673,1.00,1.37
2015.08.11 08:11:47.162,1.37667,1.37673,1.00,1.37
2015.08.11 08:11:49.151,1.37667,1.37673,1.00,1.12
2015.08.11 08:11:49.654,1.37666,1.37675,4.50,1.37
2015.08.11 08:11:50.632,1.37676,1.37679,1.00,1.00
2015.08.11 08:11:50.684,1.37676,1.37683,1.50,1.50
2015.08.11 08:11:51.190,1.37679,1.37682,1.00,1.00
2015.08.11 08:11:51.343,1.37679,1.37684,1.50,1.00
2015.08.11 08:11:52.059,1.37676,1.37685,1.37,1.87
2015.08.11 08:11:54.122,1.37679,1.37686,1.00,2.25
2015.08.11 08:11:54.223,1.3768,1.37688,1.00,3.00
2015.08.11 08:11:54.961,1.3768,1.37688,1.12,1.87
2015.08.11 08:11:55.264,1.37682,1.37688,1.00,1.00
2015.08.11 08:11:55.567,1.37685,1.37694,1.87,1.50
2015.08.11 08:11:55.669,1.37688,1.37694,1.00,1.00
2015.08.11 08:11:56.215,1.37689,1.37696,1.00,1.00
2015.08.11 08:11:56.723,1.3769,1.37696,1.00,1.00
2015.08.11 08:11:56.876,1.3769,1.37698,1.00,3.60
2015.08.11 08:11:56.927,1.3769,1.37698,1.00,7.35
2015.08.11 08:11:57.883,1.3769,1.37696,1.00,4.12
2015.08.11 08:11:57.934,1.37685,1.37696,1.12,4.72
2015.08.11 08:11:57.986,1.37685,1.37695,1.50,1.00
2015.08.11 08:11:59.216,1.37686,1.37691,1.00,1.00
2015.08.11 08:11:59.267,1.37676,1.37685,1.50,1.00
2015.08.11 08:11:59.419,1.37676,1.37685,1.00,6.75
2015.08.11 08:11:59.941,1.37676,1.37682,1.00,1.00
2015.08.11 08:12:00.540,1.37681,1.37684,1.00,1.00
2015.08.11 08:12:00.591,1.37681,1.37689,1.00,1.27
2015.08.11 08:12:00.693,1.37683,1.37689,1.00,1.00
2015.08.11 08:12:00.998,1.37691,1.37697,1.00,1.00
2015.08.11 08:12:01.050,1.37692,1.37699,1.05,1.00
2015.08.11 08:12:01.152,1.37692,1.37701,1.12,1.87
2015.08.11 08:12:01.844,1.37692,1.37701,1.50,1.37
2015.08.11 08:12:03.412,1.37692,1.37702,1.50,1.37
2015.08.11 08:12:04.018,1.37694,1.37703,1.00,3.00
2015.08.11 08:12:04.627,1.37695,1.37703,1.50,2.25
2015.08.11 08:12:05.133,1.37695,1.37704,2.25,1.37
2015.08.11 08:12:05.234,1.37699,1.37705,1.00,1.50
2015.08.11 08:12:05.285,1.37699,1.37706,1.87,1.12
2015.08.11 08:12:05.336,1.37705,1.37708,1.00,4.50
2015.08.11 08:12:05.389,1.37705,1.37711,1.00,2.62
2015.08.11 08:12:05.873,1.37707,1.37711,1.00,2.25
2015.08.11 08:12:05.927,1.37707,1.37716,1.00,1.12
2015.08.11 08:12:06.180,1.37706,1.37716,1.00,2.25
2015.08.11 08:12:06.485,1.37697,1.37707,1.50,1.00
2015.08.11 08:12:06.586,1.37697,1.37704,1.00,1.00
2015.08.11 08:12:07.117,1.37696,1.37706,1.87,1.00
2015.08.11 08:12:07.320,1.37694,1.37706,5.25,4.12
2015.08.11 08:12:07.421,1.37694,1.37704,1.87,1.00
2015.08.11 08:12:07.674,1.37697,1.37704,1.00,1.00
2015.08.11 08:12:08.801,1.37705,1.37707,4.05,1.00
2015.08.11 08:12:08.853,1.37709,1.37714,1.00,1.00
2015.08.11 08:12:09.360,1.3771,1.37715,1.00,1.00
2015.08.11 08:12:09.411,1.37713,1.37717,1.00,3.75
2015.08.11 08:12:10.062,1.37718,1.37729,1.00,5.62
2015.08.11 08:12:10.297,1.3772,1.37729,1.00,5.62
2015.08.11 08:12:10.815,1.37718,1.37729,1.00,5.62
2015.08.11 08:12:11.478,1.37724,1.37729,1.87,1.00
2015.08.11 08:12:11.790,1.3773,1.37733,1.87,1.00
2015.08.11 08:12:11.892,1.3773,1.3774,1.37,5.62
2015.08.11 08:12:12.734,1.3773,1.37739,1.50,1.12
2015.08.11 08:12:13.039,1.3773,1.37739,1.00,1.37
2015.08.11 08:12:13.241,1.3773,1.37739,1.00,1.12
2015.08.11 08:12:14.287,1.3773,1.37738,1.50,1.00
2015.08.11 08:12:15.091,1.3773,1.37738,1.00,1.60
2015.08.11 08:12:15.710,1.37727,1.37736,1.87,2.25
2015.08.11 08:12:15.964,1.37725,1.37735,2.25,2.85
2015.08.11 08:12:16.269,1.37727,1.37735,1.00,2.85
2015.08.11 08:12:16.819,1.37726,1.37735,2.17,2.25
2015.08.11 08:12:16.870,1.37726,1.37736,1.00,2.62
2015.08.11 08:12:16.921,1.37725,1.37734,1.50,3.75
2015.08.11 08:12:17.224,1.37727,1.37728,1.00,1.00
2015.08.11 08:12:17.326,1.37728,1.37733,1.00,2.10
2015.08.11 08:12:17.377,1.37727,1.37732,1.00,2.85
2015.08.11 08:12:17.478,1.37725,1.37728,1.00,1.72
2015.08.11 08:12:17.968,1.37725,1.37728,1.00,1.00
2015.08.11 08:12:18.069,1.37729,1.37731,1.00,1.00
2015.08.11 08:12:18.373,1.37734,1.37736,1.00,1.00
2015.08.11 08:12:18.474,1.37735,1.37738,1.00,1.00
2015.08.11 08:12:19.696,1.37735,1.37736,1.00,1.00
2015.08.11 08:12:19.798,1.37729,1.37736,1.75,1.00
2015.08.11 08:12:19.952,1.37727,1.37735,1.37,1.00
2015.08.11 08:12:20.054,1.37727,1.37731,1.00,1.00
2015.08.11 08:12:20.859,1.37726,1.37731,1.50,1.00
2015.08.11 08:12:21.326,1.37724,1.3773,1.12,1.00
2015.08.11 08:12:21.478,1.37725,1.37728,1.00,1.00
2015.08.11 08:12:22.075,1.37725,1.37732,1.50,1.00
2015.08.11 08:12:22.790,1.37726,1.37732,1.12,1.00
2015.08.11 08:12:22.841,1.37726,1.37735,1.12,2.25
2015.08.11 08:12:22.892,1.37727,1.37735,1.37,2.25
2015.08.11 08:12:23.459,1.37727,1.37735,2.25,1.50
2015.08.11 08:12:24.018,1.37725,1.37735,1.87,1.50
2015.08.11 08:12:24.857,1.37725,1.37735,1.87,4.50
2015.08.11 08:12:25.384,1.37725,1.37735,2.62,4.87
2015.08.11 08:12:25.963,1.37725,1.37735,3.37,1.00
2015.08.11 08:12:27.193,1.37729,1.37735,1.00,1.00
2015.08.11 08:12:27.294,1.37729,1.37735,1.37,1.00
2015.08.11 08:12:27.395,1.37729,1.37739,2.25,1.47
2015.08.11 08:12:27.597,1.3773,1.37739,1.37,1.47
2015.08.11 08:12:28.206,1.3773,1.37739,1.37,1.10
2015.08.11 08:12:28.463,1.37729,1.37739,2.62,1.20
2015.08.11 08:12:28.666,1.37727,1.37735,2.25,1.00
2015.08.11 08:12:28.970,1.37732,1.37738,1.00,1.00
2015.08.11 08:12:29.493,1.37734,1.37745,1.87,1.37
2015.08.11 08:12:29.998,1.37734,1.37745,1.00,6.00
2015.08.11 08:12:31.117,1.37735,1.37743,1.00,1.50
2015.08.11 08:12:31.509,1.37739,1.37745,1.00,4.50
2015.08.11 08:12:31.611,1.37735,1.37745,3.37,1.12
2015.08.11 08:12:31.813,1.37736,1.37747,1.00,2.62
2015.08.11 08:12:32.372,1.37739,1.37746,1.00,1.12
2015.08.11 08:12:32.524,1.37736,1.37746,1.00,3.37
2015.08.11 08:12:32.777,1.37736,1.37745,1.00,3.75
2015.08.11 08:12:32.980,1.37736,1.37746,1.50,3.75
2015.08.11 08:12:33.182,1.37736,1.37745,1.12,4.50
2015.08.11 08:12:33.734,1.37735,1.37743,1.12,1.00
2015.08.11 08:12:34.090,1.37733,1.37743,1.87,4.12
2015.08.11 08:12:35.076,1.37732,1.3774,1.37,1.00
2015.08.11 08:12:35.228,1.37725,1.37735,2.25,6.75
2015.08.11 08:12:35.747,1.37725,1.37733,1.00,1.50
2015.08.11 08:12:36.292,1.37727,1.37733,1.00,1.50
2015.08.11 08:12:36.496,1.3773,1.37738,1.00,1.50
2015.08.11 08:12:36.648,1.37732,1.3774,1.50,4.12
2015.08.11 08:12:36.699,1.37732,1.37743,1.50,5.62
2015.08.11 08:12:37.719,1.37733,1.37742,2.25,1.37
2015.08.11 08:12:37.871,1.37734,1.37743,1.50,1.12
2015.08.11 08:12:38.376,1.37734,1.37742,2.25,1.00
2015.08.11 08:12:39.048,1.37734,1.37743,2.25,2.25
2015.08.11 08:12:39.598,1.37734,1.37742,2.62,1.00
2015.08.11 08:12:40.644,1.37734,1.37743,1.12,1.50
2015.08.11 08:12:40.696,1.37734,1.37741,1.12,1.00
2015.08.11 08:12:41.521,1.37733,1.37741,2.62,1.00
2015.08.11 08:12:42.475,1.37734,1.37741,1.00,1.00
2015.08.11 08:12:43.012,1.37734,1.37742,1.12,1.00
2015.08.11 08:12:43.539,1.37734,1.37741,1.37,1.00
2015.08.11 08:12:44.484,1.37735,1.37742,1.12,1.00
2015.08.11 08:12:45.841,1.37735,1.37741,1.00,1.00
2015.08.11 08:12:47.248,1.37734,1.37742,1.12,1.50
2015.08.11 08:12:47.756,1.37734,1.37741,1.50,1.00
2015.08.11 08:12:48.239,1.37742,1.37744,1.00,2.25
2015.08.11 08:12:48.767,1.37744,1.37745,1.00,1.00
2015.08.11 08:12:49.071,1.37744,1.3775,1.00,3.60
2015.08.11 08:12:49.223,1.37744,1.37749,1.00,1.00
2015.08.11 08:12:49.892,1.37748,1.37753,1.00,2.10
2015.08.11 08:12:49.943,1.37748,1.37755,1.00,4.82
2015.08.11 08:12:50.448,1.37748,1.37752,1.00,1.00
2015.08.11 08:12:50.499,1.37745,1.37752,3.37,1.00
2015.08.11 08:12:50.550,1.37745,1.37749,3.37,1.00
2015.08.11 08:12:51.147,1.37749,1.37751,1.37,1.00
2015.08.11 08:12:51.199,1.37751,1.37756,1.37,1.00
2015.08.11 08:12:51.705,1.37752,1.37757,1.50,1.12
2015.08.11 08:12:53.186,1.37753,1.37758,1.00,1.00
2015.08.11 08:12:53.237,1.37753,1.37755,1.00,1.00
2015.08.11 08:12:53.339,1.37753,1.37757,1.00,1.00
2015.08.11 08:12:53.491,1.37755,1.3776,1.00,1.50
2015.08.11 08:12:53.542,1.37755,1.3776,1.87,1.50
2015.08.11 08:12:53.695,1.37758,1.37766,1.12,3.19
2015.08.11 08:12:53.796,1.37762,1.37765,1.00,1.00
2015.08.11 08:12:54.270,1.37764,1.37767,1.00,2.62
2015.08.11 08:12:54.321,1.37767,1.37772,1.12,4.35
2015.08.11 08:12:54.372,1.37766,1.37768,1.50,1.35
2015.08.11 08:12:54.474,1.37768,1.37775,1.00,2.62
2015.08.11 08:12:54.576,1.37773,1.37776,1.00,1.00
2015.08.11 08:12:54.728,1.37773,1.3778,1.12,1.20
2015.08.11 08:12:54.832,1.37777,1.37785,1.00,2.44
2015.08.11 08:12:55.370,1.37774,1.37779,4.12,1.00
2015.08.11 08:12:55.828,1.37775,1.37781,1.00,1.00
2015.08.11 08:12:56.728,1.37778,1.3778,1.00,1.00
2015.08.11 08:12:56.931,1.37778,1.37783,1.00,1.00
2015.08.11 08:12:57.083,1.3778,1.37783,1.00,1.00
2015.08.11 08:12:57.185,1.37781,1.37786,1.00,1.00
2015.08.11 08:12:57.978,1.37787,1.3779,1.12,3.00
2015.08.11 08:12:58.033,1.37787,1.37796,4.87,1.00
2015.08.11 08:12:58.488,1.37792,1.37796,1.00,1.00
2015.08.11 08:12:59.130,1.37802,1.37806,3.75,1.50
2015.08.11 08:12:59.188,1.37805,1.3781,1.00,1.00
2015.08.11 08:12:59.340,1.37805,1.37808,1.00,1.00
2015.08.11 08:12:59.732,1.37805,1.37806,1.00,1.00
2015.08.11 08:13:00.397,1.3782,1.37824,1.50,2.36
2015.08.11 08:13:00.448,1.37829,1.37831,2.62,1.00
2015.08.11 08:13:00.499,1.37826,1.3783,3.75,1.50
2015.08.11 08:13:00.803,1.37822,1.37824,1.00,1.00
2015.08.11 08:13:00.854,1.37823,1.37824,1.00,1.00
2015.08.11 08:13:01.369,1.37822,1.37824,1.00,1.50
2015.08.11 08:13:01.423,1.37825,1.37829,1.12,1.00
2015.08.11 08:13:01.626,1.37825,1.37828,4.72,1.00
2015.08.11 08:13:01.778,1.37825,1.37827,1.00,1.00
2015.08.11 08:13:01.930,1.37828,1.3783,1.12,1.00
2015.08.11 08:13:01.981,1.37828,1.3783,1.12,1.50
2015.08.11 08:13:02.470,1.37828,1.37834,1.00,1.50
2015.08.11 08:13:02.521,1.37828,1.37832,1.00,1.00
2015.08.11 08:13:02.724,1.37828,1.37835,1.30,1.00
2015.08.11 08:13:02.826,1.3783,1.37837,1.97,1.12
2015.08.11 08:13:02.877,1.37831,1.3784,1.35,1.87
2015.08.11 08:13:02.928,1.37834,1.37841,4.35,1.00
2015.08.11 08:13:02.979,1.37835,1.37843,1.35,1.50
2015.08.11 08:13:04.053,1.37837,1.37845,3.37,2.62
2015.08.11 08:13:04.104,1.37834,1.3784,1.30,1.00
2015.08.11 08:13:04.409,1.37841,1.37845,1.60,1.00
2015.08.11 08:13:04.460,1.37839,1.37849,1.12,4.12
2015.08.11 08:13:04.561,1.37845,1.3785,1.12,3.75
2015.08.11 08:13:04.612,1.37845,1.37852,1.50,1.00
2015.08.11 08:13:05.094,1.37854,1.37858,1.60,1.50
2015.08.11 08:13:05.145,1.37857,1.37865,3.75,4.50
2015.08.11 08:13:05.196,1.37859,1.37865,1.87,1.00
2015.08.11 08:13:05.274,1.37865,1.37869,1.12,1.12
2015.08.11 08:13:05.327,1.37869,1.37875,1.00,1.00
2015.08.11 08:13:05.400,1.37872,1.37877,1.00,4.50
2015.08.11 08:13:05.451,1.37872,1.3788,1.00,2.21
2015.08.11 08:13:05.932,1.37872,1.37876,1.00,1.00
2015.08.11 08:13:05.984,1.3787,1.37879,1.20,2.10
2015.08.11 08:13:06.137,1.37867,1.37877,1.42,1.60
2015.08.11 08:13:06.188,1.37866,1.37879,1.00,2.85
2015.08.11 08:13:06.391,1.37866,1.37878,1.00,3.60
2015.08.11 08:13:06.493,1.37865,1.37878,1.00,2.10
2015.08.11 08:13:07.034,1.3787,1.3788,1.50,1.68
2015.08.11 08:13:07.338,1.3787,1.37876,1.00,1.35
2015.08.11 08:13:07.449,1.37866,1.37874,1.50,1.00
2015.08.11 08:13:07.500,1.37866,1.37871,1.00,1.00
2015.08.11 08:13:07.755,1.37862,1.37871,1.35,1.35
2015.08.11 08:13:08.248,1.37863,1.37872,1.05,1.67
2015.08.11 08:13:08.299,1.37864,1.37875,1.60,2.10
2015.08.11 08:13:08.401,1.37865,1.37875,1.00,1.00
2015.08.11 08:13:08.452,1.37865,1.37871,1.37,1.00
2015.08.11 08:13:08.756,1.37864,1.37867,1.12,1.00
2015.08.11 08:13:09.345,1.37865,1.3787,1.00,2.85
2015.08.11 08:13:09.548,1.37863,1.37868,4.12,1.00
2015.08.11 08:13:09.600,1.37862,1.37868,1.50,1.00
2015.08.11 08:13:09.752,1.37865,1.37869,1.12,1.00
2015.08.11 08:13:09.955,1.37865,1.37874,4.87,3.22
2015.08.11 08:13:10.430,1.37866,1.3787,1.00,1.00
2015.08.11 08:13:10.684,1.37875,1.3788,1.00,1.95
2015.08.11 08:13:10.785,1.37873,1.37876,1.00,1.00
2015.08.11 08:13:10.938,1.3787,1.37872,1.20,1.00
2015.08.11 08:13:11.496,1.37868,1.37872,1.15,1.50
2015.08.11 08:13:11.561,1.37863,1.37869,1.12,1.00
2015.08.11 08:13:11.879,1.37859,1.37869,1.12,1.87
2015.08.11 08:13:13.018,1.37857,1.37869,1.75,5.25
2015.08.11 08:13:13.123,1.37855,1.37866,6.07,1.12
2015.08.11 08:13:13.643,1.37857,1.37867,1.12,1.00
2015.08.11 08:13:14.464,1.37856,1.37866,1.87,1.00
2015.08.11 08:13:15.937,1.37849,1.37851,1.00,1.00
2015.08.11 08:13:15.990,1.37844,1.37851,4.12,1.12
2015.08.11 08:13:16.142,1.37846,1.37855,1.00,1.50
2015.08.11 08:13:16.395,1.37846,1.37857,3.75,3.75
2015.08.11 08:13:16.496,1.37851,1.37859,1.00,1.00
2015.08.11 08:13:16.648,1.37851,1.37861,1.50,1.87
2015.08.11 08:13:17.623,1.37846,1.3785,1.10,1.00
2015.08.11 08:13:17.725,1.37845,1.37851,1.95,1.72
2015.08.11 08:13:18.231,1.37845,1.37855,1.50,5.62
2015.08.11 08:13:18.333,1.37845,1.37852,1.00,1.60
2015.08.11 08:13:18.764,1.37844,1.3785,1.12,1.35
2015.08.11 08:13:19.068,1.37846,1.37849,1.00,1.00
2015.08.11 08:13:19.119,1.37844,1.37852,1.12,1.50
2015.08.11 08:13:19.372,1.37845,1.37852,1.00,5.10
2015.08.11 08:13:19.525,1.3784,1.37846,1.50,1.50
2015.08.11 08:13:20.015,1.37837,1.37844,1.00,1.12
2015.08.11 08:13:20.726,1.37835,1.37846,3.37,1.12
2015.08.11 08:13:21.310,1.3784,1.37848,1.12,1.50
2015.08.11 08:13:21.615,1.37844,1.37848,1.00,1.00
2015.08.11 08:13:21.666,1.3784,1.37848,6.75,1.00
2015.08.11 08:13:22.172,1.37839,1.37848,1.50,1.00
2015.08.11 08:13:22.623,1.37838,1.37848,2.25,1.12
2015.08.11 08:13:23.129,1.37839,1.37848,1.00,1.12
2015.08.11 08:13:23.771,1.37838,1.37848,1.50,1.12
2015.08.11 08:13:24.234,1.37836,1.37846,5.25,1.00
2015.08.11 08:13:24.388,1.37836,1.37846,1.00,1.00
2015.08.11 08:13:24.540,1.37837,1.37847,4.12,1.12
2015.08.11 08:13:24.844,1.37844,1.37853,1.12,1.12
2015.08.11 08:13:24.895,1.37844,1.37855,3.00,2.62
2015.08.11 08:13:24.946,1.37847,1.37855,1.87,1.12
2015.08.11 08:13:25.048,1.37847,1.37857,2.25,1.12
2015.08.11 08:13:25.578,1.37847,1.37858,1.00,4.87
2015.08.11 08:13:26.083,1.37846,1.37855,1.87,1.00
2015.08.11 08:13:26.996,1.37845,1.37855,1.50,1.00
2015.08.11 08:13:27.368,1.37848,1.37855,2.25,1.00
2015.08.11 08:13:27.672,1.37862,1.37865,1.37,1.00
2015.08.11 08:13:27.723,1.37863,1.37867,1.12,3.00
2015.08.11 08:13:28.646,1.37863,1.37867,1.00,1.07
2015.08.11 08:13:28.951,1.37851,1.37855,1.00,1.00
2015.08.11 08:13:29.053,1.37846,1.37857,1.00,4.69
2015.08.11 08:13:29.205,1.37847,1.37857,1.00,1.12
2015.08.11 08:13:29.256,1.37853,1.37857,3.75,1.00
2015.08.11 08:13:29.750,1.37855,1.3786,1.12,1.00
2015.08.11 08:13:29.801,1.37855,1.37863,1.12,1.50
2015.08.11 08:13:29.852,1.37851,1.37863,3.00,5.25
2015.08.11 08:13:29.904,1.37851,1.37861,1.00,1.00
2015.08.11 08:13:30.107,1.37854,1.37859,1.00,1.00
2015.08.11 08:13:30.209,1.3785,1.3786,1.00,1.12
2015.08.11 08:13:30.463,1.37851,1.3786,3.75,1.00
2015.08.11 08:13:30.925,1.37857,1.37861,3.75,1.12
2015.08.11 08:13:30.977,1.37859,1.37869,1.50,1.00
2015.08.11 08:13:31.484,1.37856,1.3787,4.87,6.37
2015.08.11 08:13:31.687,1.37857,1.37863,4.12,2.25
2015.08.11 08:13:32.207,1.37857,1.3786,4.12,1.00
2015.08.11 08:13:32.258,1.37853,1.37858,3.75,4.87
2015.08.11 08:13:32.310,1.3785,1.37856,1.94,1.00
2015.08.11 08:13:32.362,1.37848,1.37856,1.19,4.12
2015.08.11 08:13:32.413,1.37848,1.37856,1.25,4.12
2015.08.11 08:13:32.668,1.37846,1.37856,1.50,1.00
2015.08.11 08:13:32.822,1.37849,1.37856,1.00,1.00
2015.08.11 08:13:33.491,1.37849,1.37856,1.00,1.87
2015.08.11 08:13:34.018,1.3785,1.37857,1.00,1.50
2015.08.11 08:13:34.222,1.37846,1.37858,1.50,2.62
2015.08.11 08:13:34.892,1.37847,1.37855,1.12,1.00
2015.08.11 08:13:34.994,1.37847,1.37851,1.00,1.00
2015.08.11 08:13:35.095,1.3784,1.3785,2.06,1.37
2015.08.11 08:13:35.306,1.37839,1.3785,1.50,4.87
2015.08.11 08:13:36.246,1.37837,1.37847,1.12,1.50
2015.08.11 08:13:36.763,1.37836,1.37847,1.50,1.50
2015.08.11 08:13:37.279,1.37836,1.37846,1.00,1.37
2015.08.11 08:13:38.232,1.37838,1.37846,1.00,1.12
2015.08.11 08:13:38.988,1.37838,1.37846,1.37,1.12
2015.08.11 08:13:39.930,1.37838,1.37847,1.50,1.37
2015.08.11 08:13:40.946,1.37838,1.37845,1.87,1.37
2015.08.11 08:13:41.102,1.37837,1.37846,1.00,2.62
2015.08.11 08:13:41.643,1.37837,1.37846,1.00,2.62
2015.08.11 08:13:42.525,1.37837,1.37844,1.00,1.37
2015.08.11 08:13:43.031,1.37837,1.37845,1.00,3.37
2015.08.11 08:13:43.890,1.37837,1.37841,1.00,1.37
2015.08.11 08:13:43.942,1.37831,1.3784,1.37,1.00
2015.08.11 08:13:44.449,1.37832,1.37839,1.12,1.00
2015.08.11 08:13:45.359,1.37829,1.37835,1.00,6.37
2015.08.11 08:13:45.416,1.37824,1.37834,1.00,4.12
2015.08.11 08:13:45.671,1.37821,1.37831,2.25,1.00
2015.08.11 08:13:46.720,1.37835,1.37837,1.37,6.75
2015.08.11 08:13:46.822,1.37839,1.37841,1.10,1.50
2015.08.11 08:13:47.154,1.37837,1.37846,1.00,4.12
2015.08.11 08:13:47.660,1.37836,1.37843,1.00,3.75
2015.08.11 08:13:48.115,1.37836,1.37845,1.00,5.62
2015.08.11 08:13:48.470,1.37834,1.37843,1.12,1.50
2015.08.11 08:13:48.622,1.37832,1.37841,1.50,1.12
2015.08.11 08:13:48.724,1.37828,1.37839,4.69,3.75
2015.08.11 08:13:48.876,1.37827,1.37838,1.00,5.62
2015.08.11 08:13:49.464,1.37827,1.37837,1.12,1.87
2015.08.11 08:13:49.877,1.37826,1.37834,1.50,1.00
2015.08.11 08:13:50.181,1.37829,1.37834,1.00,1.00
2015.08.11 08:13:50.816,1.37831,1.37841,1.87,1.50
2015.08.11 08:13:50.968,1.37831,1.37838,1.00,1.00
2015.08.11 08:13:51.576,1.37831,1.37839,1.50,1.00
2015.08.11 08:13:52.715,1.37839,1.37843,1.50,1.87
2015.08.11 08:13:52.785,1.37838,1.37846,1.50,1.00
2015.08.11 08:13:53.190,1.37837,1.37843,4.12,1.00
2015.08.11 08:13:53.444,1.37837,1.37843,1.00,1.00
2015.08.11 08:13:53.976,1.37832,1.37843,1.50,1.00
2015.08.11 08:13:54.283,1.37834,1.37844,1.00,1.50
2015.08.11 08:13:54.587,1.3784,1.37848,4.87,1.00
2015.08.11 08:13:55.131,1.37838,1.37848,4.50,4.50
2015.08.11 08:13:55.183,1.37835,1.37846,1.37,1.12
2015.08.11 08:13:58.216,1.37836,1.37848,1.50,6.75
2015.08.11 08:13:58.368,1.37835,1.37845,1.50,1.50
2015.08.11 08:13:58.908,1.37835,1.37844,1.12,1.00
2015.08.11 08:13:59.368,1.37836,1.37846,1.00,1.12
2015.08.11 08:13:59.907,1.37836,1.37845,1.00,1.12
2015.08.11 08:14:00.110,1.37841,1.37846,1.00,1.00
2015.08.11 08:14:00.414,1.37851,1.37854,1.00,1.50
2015.08.11 08:14:00.465,1.37849,1.37854,1.12,1.00
2015.08.11 08:14:01.012,1.37849,1.37855,1.00,1.00
2015.08.11 08:14:01.114,1.37847,1.37853,3.75,1.00
2015.08.11 08:14:01.165,1.37846,1.37853,1.57,1.00
2015.08.11 08:14:01.318,1.37844,1.37853,1.00,1.50
2015.08.11 08:14:01.419,1.37844,1.37848,1.00,1.00
2015.08.11 08:14:01.672,1.3784,1.37848,1.50,2.47
2015.08.11 08:14:01.725,1.3784,1.37845,1.00,1.00
2015.08.11 08:14:02.254,1.37838,1.37844,1.00,1.00
2015.08.11 08:14:02.607,1.37843,1.37846,1.00,1.00
2015.08.11 08:14:03.904,1.37842,1.37847,1.00,2.25
2015.08.11 08:14:03.956,1.3784,1.37847,1.00,1.00
2015.08.11 08:14:04.514,1.37839,1.37848,1.00,1.87
2015.08.11 08:14:04.941,1.37838,1.37847,1.12,5.62
2015.08.11 08:14:06.389,1.37839,1.37845,1.00,1.00
2015.08.11 08:14:06.946,1.3785,1.37851,1.00,5.25
2015.08.11 08:14:06.997,1.37854,1.37861,1.00,1.00
2015.08.11 08:14:07.150,1.37857,1.37861,1.00,1.00
2015.08.11 08:14:07.203,1.37857,1.37863,1.00,1.00
2015.08.11 08:14:07.610,1.37859,1.37864,1.00,1.35
2015.08.11 08:14:08.079,1.37857,1.37858,1.00,1.00
2015.08.11 08:14:08.130,1.3785,1.37857,1.00,1.00
2015.08.11 08:14:08.601,1.37857,1.37859,1.00,1.00
2015.08.11 08:14:08.704,1.37859,1.37863,1.00,1.12
2015.08.11 08:14:08.858,1.37859,1.37868,1.12,1.37
2015.08.11 08:14:09.339,1.3786,1.37869,1.00,1.50
2015.08.11 08:14:10.007,1.37861,1.37869,1.00,1.50
2015.08.11 08:14:10.699,1.37861,1.37868,1.37,1.00
2015.08.11 08:14:11.211,1.3786,1.37869,3.00,1.00
2015.08.11 08:14:12.125,1.37853,1.37861,1.00,1.50
2015.08.11 08:14:12.635,1.37852,1.3786,1.12,1.00
2015.08.11 08:14:12.787,1.37852,1.37863,1.00,1.00
2015.08.11 08:14:12.888,1.37852,1.37863,4.12,1.00
2015.08.11 08:14:13.479,1.37851,1.37863,5.25,1.12
2015.08.11 08:14:13.782,1.3786,1.37864,1.00,1.00
2015.08.11 08:14:14.237,1.37858,1.37867,1.50,1.00
2015.08.11 08:14:14.339,1.3786,1.37869,1.00,1.00
2015.08.11 08:14:15.292,1.37865,1.37869,4.87,1.00
2015.08.11 08:14:15.348,1.37867,1.37874,1.50,1.35
2015.08.11 08:14:15.454,1.37867,1.37872,1.00,1.00
2015.08.11 08:14:15.762,1.37866,1.37874,1.50,1.12
2015.08.11 08:14:16.476,1.37867,1.37875,1.37,1.87
2015.08.11 08:14:16.984,1.37867,1.37875,1.00,1.50
2015.08.11 08:14:17.859,1.37867,1.37875,1.00,1.37
2015.08.11 08:14:18.301,1.37865,1.37875,1.50,1.87
2015.08.11 08:14:18.844,1.37866,1.37873,1.00,1.00
2015.08.11 08:14:19.463,1.37865,1.37873,1.00,1.00
2015.08.11 08:14:19.515,1.37865,1.37873,1.37,1.00
2015.08.11 08:14:19.618,1.37867,1.37875,1.00,1.12
2015.08.11 08:14:19.720,1.37866,1.37877,2.25,1.00
2015.08.11 08:14:19.873,1.37867,1.37877,1.50,1.00
2015.08.11 08:14:20.897,1.37868,1.37877,1.37,1.00
2015.08.11 08:14:21.568,1.37868,1.37877,1.12,1.00
2015.08.11 08:14:21.871,1.37872,1.37878,1.00,1.00
2015.08.11 08:14:22.362,1.37879,1.37881,1.45,2.62
2015.08.11 08:14:22.422,1.37879,1.37887,1.87,1.00
2015.08.11 08:14:22.574,1.37877,1.37887,2.40,1.00
2015.08.11 08:14:22.728,1.37876,1.37885,1.00,1.12
2015.08.11 08:14:23.377,1.37876,1.37886,1.00,1.50
2015.08.11 08:14:23.681,1.37877,1.37887,4.50,1.00
2015.08.11 08:14:23.733,1.37877,1.37887,1.12,1.12
2015.08.11 08:14:24.530,1.37884,1.37887,1.00,1.50
2015.08.11 08:14:24.581,1.37886,1.3789,1.00,1.37
2015.08.11 08:14:24.682,1.37887,1.37891,1.00,1.00
2015.08.11 08:14:24.935,1.37884,1.37891,2.25,1.50
2015.08.11 08:14:25.189,1.37882,1.37888,5.25,1.12
2015.08.11 08:14:26.103,1.37877,1.3788,6.37,1.00
2015.08.11 08:14:26.156,1.37871,1.37879,1.00,1.42
2015.08.11 08:14:26.663,1.3787,1.37875,1.00,1.50
2015.08.11 08:14:27.199,1.37871,1.37875,1.00,1.12
2015.08.11 08:14:27.407,1.37871,1.37877,1.00,1.72
2015.08.11 08:14:27.508,1.37867,1.37875,1.50,1.50
2015.08.11 08:14:27.559,1.37867,1.37873,1.37,1.00
2015.08.11 08:14:27.863,1.37862,1.37865,1.00,1.00
2015.08.11 08:14:28.016,1.37859,1.37865,1.00,1.00
2015.08.11 08:14:28.484,1.37856,1.37864,2.25,4.12
2015.08.11 08:14:28.738,1.37852,1.3786,1.12,3.00
2015.08.11 08:14:28.789,1.37852,1.37859,1.12,3.75
2015.08.11 08:14:29.147,1.37853,1.3786,1.00,4.12
2015.08.11 08:14:29.739,1.37858,1.3786,1.00,1.12
2015.08.11 08:14:29.943,1.37856,1.3786,1.00,1.00
2015.08.11 08:14:30.310,1.37856,1.37864,1.00,1.37
2015.08.11 08:14:30.413,1.37856,1.3786,1.00,1.00
2015.08.11 08:14:31.144,1.37855,1.37865,1.00,6.22
2015.08.11 08:14:31.246,1.37856,1.37865,1.00,1.35
2015.08.11 08:14:31.785,1.37856,1.37866,1.00,2.10
2015.08.11 08:14:32.276,1.37855,1.37862,1.87,1.00
2015.08.11 08:14:32.957,1.37855,1.37865,1.50,1.50
2015.08.11 08:14:33.008,1.37857,1.37865,1.00,1.50
2015.08.11 08:14:33.311,1.37857,1.37865,1.00,4.12
2015.08.11 08:14:33.362,1.37855,1.37862,1.50,1.72
2015.08.11 08:14:33.416,1.37854,1.37861,1.00,1.75
2015.08.11 08:14:34.117,1.37852,1.37854,1.00,1.00
2015.08.11 08:14:34.172,1.37851,1.37856,1.00,1.12
2015.08.11 08:14:34.679,1.37851,1.37857,1.50,1.00
2015.08.11 08:14:35.504,1.37851,1.3786,4.65,3.75
2015.08.11 08:14:35.557,1.37856,1.37862,1.00,1.00
2015.08.11 08:14:35.810,1.37857,1.37865,1.00,1.50
2015.08.11 08:14:36.315,1.37856,1.37863,1.00,1.00
2015.08.11 08:14:37.286,1.3786,1.3787,1.50,1.70
2015.08.11 08:14:37.642,1.37858,1.37869,1.50,4.87
2015.08.11 08:14:37.896,1.37857,1.37865,1.87,1.00
2015.08.11 08:14:38.423,1.37857,1.37864,1.00,1.00
2015.08.11 08:14:38.929,1.37858,1.37863,1.12,1.00
2015.08.11 08:14:39.732,1.37859,1.37865,1.00,1.00
2015.08.11 08:14:39.884,1.37858,1.37865,1.00,1.37
2015.08.11 08:14:40.693,1.37857,1.37862,1.00,1.12
2015.08.11 08:14:41.238,1.37856,1.37864,1.00,2.62
2015.08.11 08:14:41.546,1.37855,1.37863,1.50,1.37
2015.08.11 08:14:42.626,1.37857,1.37862,1.00,1.37
2015.08.11 08:14:42.883,1.37853,1.37862,5.25,1.37
2015.08.11 08:14:42.985,1.37853,1.37862,1.50,1.37
2015.08.11 08:14:43.087,1.37853,1.37862,2.62,1.00
2015.08.11 08:14:43.138,1.37857,1.37862,1.00,1.00
2015.08.11 08:14:43.189,1.37857,1.37866,1.50,1.37
2015.08.11 08:14:43.430,1.3786,1.37866,1.50,1.37
2015.08.11 08:14:44.004,1.37859,1.37866,1.50,1.00
2015.08.11 08:14:44.307,1.37859,1.37867,1.00,1.87
2015.08.11 08:14:44.612,1.37855,1.37861,1.20,1.87
2015.08.11 08:14:44.714,1.37853,1.37861,1.57,2.25
2015.08.11 08:14:45.379,1.37854,1.37859,1.00,1.37
2015.08.11 08:14:45.583,1.37851,1.37859,1.12,1.37
2015.08.11 08:14:45.735,1.37851,1.37859,1.00,1.00
2015.08.11 08:14:45.836,1.37851,1.37859,1.00,1.37
2015.08.11 08:14:46.342,1.37852,1.37858,1.00,1.00
2015.08.11 08:14:46.863,1.37852,1.37858,1.00,1.37
2015.08.11 08:14:47.321,1.37849,1.37858,1.87,1.37
2015.08.11 08:14:47.823,1.37849,1.37859,1.87,1.37
2015.08.11 08:14:47.874,1.37852,1.37859,1.00,1.37
2015.08.11 08:14:48.860,1.37852,1.37859,1.00,1.75
2015.08.11 08:14:49.164,1.37852,1.37855,1.00,1.12
2015.08.11 08:14:49.216,1.37848,1.37853,1.00,5.25
2015.08.11 08:14:50.089,1.37846,1.37848,1.00,1.00
2015.08.11 08:14:50.605,1.37847,1.37849,1.00,1.00
2015.08.11 08:14:51.353,1.37847,1.3785,1.00,1.12
2015.08.11 08:14:51.867,1.37847,1.37851,1.00,1.37
2015.08.11 08:14:52.762,1.37847,1.37849,1.00,1.00
2015.08.11 08:14:52.815,1.37845,1.37849,1.00,1.00
2015.08.11 08:14:52.917,1.37841,1.37849,1.87,1.00
2015.08.11 08:14:53.425,1.37843,1.3785,1.00,5.62
2015.08.11 08:14:54.058,1.37843,1.37848,1.00,1.37
2015.08.11 08:14:54.513,1.37844,1.37851,1.12,4.50
2015.08.11 08:14:54.615,1.37845,1.37851,1.00,1.12
2015.08.11 08:14:54.666,1.37845,1.37851,1.00,4.50
2015.08.11 08:14:54.929,1.3784,1.3785,1.50,4.87
2015.08.11 08:14:57.100,1.37839,1.37848,1.00,1.12
2015.08.11 08:14:57.369,1.37841,1.37848,1.00,1.12
2015.08.11 08:14:57.673,1.37847,1.37848,1.00,1.00
2015.08.11 08:14:57.774,1.37843,1.37849,1.12,1.00
2015.08.11 08:14:58.482,1.37843,1.37848,1.37,1.00
2015.08.11 08:14:58.633,1.37845,1.37852,1.72,1.00
2015.08.11 08:14:58.735,1.37847,1.37854,1.00,1.00
2015.08.11 08:15:00.452,1.37854,1.37858,1.00,1.75
2015.08.11 08:15:00.504,1.37855,1.37862,1.00,1.15
2015.08.11 08:15:01.185,1.37856,1.37863,1.37,1.27
2015.08.11 08:15:01.661,1.3786,1.37864,1.50,1.37
2015.08.11 08:15:01.713,1.37861,1.37869,2.62,1.00
2015.08.11 08:15:01.815,1.37863,1.37868,3.75,1.00
2015.08.11 08:15:01.867,1.37863,1.37871,5.62,1.00
2015.08.11 08:15:02.021,1.37865,1.37874,1.12,1.50
2015.08.11 08:15:02.810,1.37864,1.37871,1.37,3.22
2015.08.11 08:15:02.962,1.3786,1.37867,1.87,1.50
2015.08.11 08:15:03.114,1.37861,1.37867,3.75,1.87
2015.08.11 08:15:03.266,1.3786,1.37867,1.00,1.12
2015.08.11 08:15:04.065,1.37865,1.3787,4.12,1.50
2015.08.11 08:15:04.268,1.37868,1.37874,1.00,1.37
2015.08.11 08:15:04.422,1.37869,1.37874,3.75,1.00
2015.08.11 08:15:05.399,1.37872,1.37874,1.00,1.00
2015.08.11 08:15:05.655,1.37872,1.37876,1.00,1.00
2015.08.11 08:15:06.222,1.37872,1.37876,1.00,1.37
2015.08.11 08:15:06.324,1.37872,1.37877,1.00,1.12
2015.08.11 08:15:06.425,1.37872,1.37879,4.12,2.25
2015.08.11 08:15:06.971,1.37875,1.37879,1.00,1.37
2015.08.11 08:15:07.473,1.37874,1.37879,1.00,2.25
2015.08.11 08:15:07.979,1.37875,1.37879,1.00,2.25
2015.08.11 08:15:08.609,1.37878,1.37881,1.19,1.00
2015.08.11 08:15:08.660,1.37878,1.37885,1.19,7.50
2015.08.11 08:15:08.762,1.37881,1.37885,1.12,1.00
2015.08.11 08:15:08.813,1.37885,1.37888,3.75,1.12
2015.08.11 08:15:08.864,1.37885,1.37889,4.12,1.00
2015.08.11 08:15:09.168,1.37884,1.37888,1.00,1.00
2015.08.11 08:15:09.903,1.37881,1.37889,5.32,1.00
2015.08.11 08:15:09.954,1.37881,1.37886,5.02,1.00
2015.08.11 08:15:10.458,1.37881,1.37886,1.87,1.00
2015.08.11 08:15:10.812,1.37881,1.37884,1.00,1.00
2015.08.11 08:15:11.326,1.37878,1.37884,1.87,1.00
2015.08.11 08:15:11.838,1.37879,1.37885,1.37,1.00
2015.08.11 08:15:12.041,1.3788,1.37887,4.12,1.37
2015.08.11 08:15:12.143,1.37882,1.37888,1.00,1.00
2015.08.11 08:15:13.238,1.37882,1.37889,1.00,1.12
2015.08.11 08:15:13.548,1.37881,1.37888,1.00,1.60
2015.08.11 08:15:13.852,1.37874,1.37881,1.12,1.00
2015.08.11 08:15:14.452,1.37873,1.37881,1.12,1.00
2015.08.11 08:15:14.657,1.37874,1.37883,1.12,1.00
2015.08.11 08:15:14.760,1.37875,1.37885,1.37,3.37
2015.08.11 08:15:15.065,1.37878,1.37885,1.50,1.00
2015.08.11 08:15:15.217,1.3788,1.37888,1.12,1.12
2015.08.11 08:15:15.746,1.37881,1.37888,1.00,1.00
2015.08.11 08:15:15.797,1.3788,1.37885,1.37,1.00
2015.08.11 08:15:16.312,1.37879,1.37884,1.12,1.00
2015.08.11 08:15:16.363,1.37879,1.37884,4.87,1.00
2015.08.11 08:15:16.465,1.3788,1.37886,4.12,1.00
2015.08.11 08:15:16.959,1.37884,1.37886,1.00,1.00
2015.08.11 08:15:17.366,1.37884,1.37888,1.00,1.50
2015.08.11 08:15:18.347,1.37881,1.37888,1.87,1.50
2015.08.11 08:15:18.763,1.3788,1.37888,4.12,2.47
2015.08.11 08:15:18.915,1.37877,1.37882,1.57,1.00
2015.08.11 08:15:19.457,1.37877,1.37882,1.50,1.00
2015.08.11 08:15:20.114,1.37875,1.37881,2.70,1.00
2015.08.11 08:15:20.619,1.37875,1.37882,1.87,1.00
2015.08.11 08:15:22.364,1.37876,1.37882,1.00,1.00
2015.08.11 08:15:22.950,1.37876,1.37881,1.00,1.00
2015.08.11 08:15:23.697,1.37875,1.37883,2.25,1.00
2015.08.11 08:15:23.798,1.37877,1.37881,2.40,1.00
2015.08.11 08:15:23.899,1.37875,1.37881,2.62,1.00
2015.08.11 08:15:24.880,1.37867,1.37871,1.87,4.50
2015.08.11 08:15:24.932,1.37863,1.37869,1.37,4.12
2015.08.11 08:15:25.452,1.37858,1.37867,4.27,1.00
2015.08.11 08:15:25.981,1.37855,1.3786,2.25,1.12
2015.08.11 08:15:26.032,1.37855,1.37862,1.12,4.87
2015.08.11 08:15:26.184,1.37855,1.3786,1.00,4.12
2015.08.11 08:15:26.607,1.37857,1.37859,1.00,1.00
2015.08.11 08:15:27.156,1.37858,1.37861,1.00,1.00
2015.08.11 08:15:27.207,1.37858,1.37864,1.00,1.12
2015.08.11 08:15:27.258,1.37855,1.37861,2.02,3.75
2015.08.11 08:15:27.919,1.3785,1.37859,1.37,1.12
2015.08.11 08:15:27.970,1.3785,1.37859,1.37,4.50
2015.08.11 08:15:28.861,1.3785,1.37857,1.12,1.00
2015.08.11 08:15:29.365,1.37851,1.37857,1.37,1.00
2015.08.11 08:15:29.915,1.37851,1.37859,1.37,4.50
2015.08.11 08:15:29.967,1.37851,1.37859,1.50,1.12
2015.08.11 08:15:30.475,1.37851,1.37859,1.00,1.37
2015.08.11 08:15:31.210,1.37851,1.37859,1.50,1.00
2015.08.11 08:15:31.690,1.37849,1.37857,1.35,3.75
2015.08.11 08:15:31.741,1.37849,1.37858,1.00,2.25
2015.08.11 08:15:31.893,1.37849,1.37859,3.00,1.00
2015.08.11 08:15:32.147,1.37851,1.37858,1.00,1.60
2015.08.11 08:15:32.450,1.37847,1.37855,1.00,1.12
2015.08.11 08:15:33.587,1.37846,1.37855,3.00,1.00
2015.08.11 08:15:33.798,1.37846,1.37855,3.75,1.00
2015.08.11 08:15:34.050,1.37851,1.37858,1.12,1.00
2015.08.11 08:15:34.598,1.3785,1.37859,1.50,1.00
2015.08.11 08:15:34.750,1.37853,1.37859,1.00,1.00
2015.08.11 08:15:34.902,1.37854,1.37863,1.00,4.50
2015.08.11 08:15:35.256,1.37853,1.37862,1.12,4.50
2015.08.11 08:15:35.458,1.37851,1.3786,1.50,1.50
2015.08.11 08:15:36.454,1.37851,1.3786,1.87,1.00
2015.08.11 08:15:36.556,1.37851,1.3786,1.50,4.50
2015.08.11 08:15:37.063,1.37847,1.37857,3.07,2.25
2015.08.11 08:15:37.807,1.37849,1.37858,1.50,1.12
2015.08.11 08:15:38.319,1.37848,1.37857,2.62,1.00
2015.08.11 08:15:38.841,1.37851,1.37859,1.00,1.50
2015.08.11 08:15:39.629,1.3785,1.37859,1.12,1.87
2015.08.11 08:15:40.163,1.37851,1.37859,1.00,1.50
2015.08.11 08:15:41.012,1.37848,1.37858,2.62,1.12
2015.08.11 08:15:41.518,1.37848,1.37857,1.87,1.00
2015.08.11 08:15:42.601,1.37849,1.37857,1.12,1.00
2015.08.11 08:15:43.172,1.37849,1.37857,1.37,1.00
2015.08.11 08:15:44.066,1.37847,1.37854,1.12,1.12
2015.08.11 08:15:44.377,1.37847,1.37854,1.87,1.12
2015.08.11 08:15:45.776,1.37849,1.37854,1.87,1.00
2015.08.11 08:15:45.928,1.3785,1.37856,1.37,1.12
2015.08.11 08:15:46.182,1.3785,1.37856,1.00,1.00
2015.08.11 08:15:46.233,1.37848,1.37855,1.87,1.00
2015.08.11 08:15:47.325,1.3785,1.37854,1.00,1.00
2015.08.11 08:15:47.383,1.37851,1.37861,1.00,2.62
2015.08.11 08:15:47.535,1.37855,1.3786,1.03,1.00
2015.08.11 08:15:47.944,1.37854,1.37858,2.53,1.00
2015.08.11 08:15:48.484,1.37858,1.37861,1.12,1.00
2015.08.11 08:15:48.535,1.3786,1.37866,1.37,1.00
2015.08.11 08:15:48.637,1.37859,1.37866,1.72,1.00
2015.08.11 08:15:48.839,1.37861,1.37867,1.30,1.00
2015.08.11 08:15:49.764,1.37861,1.37866,1.00,1.00
2015.08.11 08:15:49.815,1.37857,1.37864,1.00,1.00
2015.08.11 08:15:50.018,1.37854,1.37861,2.96,4.50
2015.08.11 08:15:50.120,1.37853,1.37857,3.00,1.37
2015.08.11 08:15:50.221,1.37849,1.37856,1.00,1.12
2015.08.11 08:15:50.373,1.37849,1.37859,1.87,1.50
2015.08.11 08:15:50.630,1.37852,1.37859,1.00,1.50
2015.08.11 08:15:51.114,1.37854,1.37862,1.95,4.50
2015.08.11 08:15:51.164,1.37855,1.37863,1.12,1.50
2015.08.11 08:15:51.367,1.37858,1.37863,1.00,1.00
2015.08.11 08:15:51.469,1.3786,1.37866,1.50,1.00
2015.08.11 08:15:51.570,1.37861,1.37869,1.20,1.12
2015.08.11 08:15:51.672,1.37863,1.37872,1.00,4.12
2015.08.11 08:15:52.200,1.3787,1.37876,1.00,1.00
2015.08.11 08:15:52.606,1.37867,1.37875,1.50,1.12
2015.08.11 08:15:53.482,1.37867,1.37875,1.87,1.00
2015.08.11 08:15:53.534,1.37869,1.37878,1.75,1.00
2015.08.11 08:15:53.687,1.37872,1.37881,1.50,1.50
2015.08.11 08:15:54.954,1.37871,1.37881,1.87,1.12
2015.08.11 08:15:55.005,1.37871,1.37878,1.87,1.00
2015.08.11 08:15:55.512,1.37871,1.37879,1.87,1.00
2015.08.11 08:15:56.454,1.37871,1.37879,1.50,1.00
2015.08.11 08:15:56.780,1.37867,1.37877,3.56,1.87
2015.08.11 08:15:57.310,1.37867,1.37877,4.12,1.00
2015.08.11 08:15:57.953,1.37868,1.37877,1.00,1.00
2015.08.11 08:15:58.303,1.37868,1.37878,1.50,1.37
2015.08.11 08:15:58.758,1.3787,1.3788,3.75,1.37
2015.08.11 08:15:59.994,1.37872,1.3788,3.75,1.37
2015.08.11 08:16:00.146,1.37874,1.37881,1.00,1.12
2015.08.11 08:16:00.248,1.37875,1.37881,1.37,1.00
2015.08.11 08:16:00.299,1.37876,1.37884,1.87,2.25
2015.08.11 08:16:00.401,1.37879,1.37888,1.12,1.00
2015.08.11 08:16:00.604,1.3788,1.37884,1.00,1.00
2015.08.11 08:16:00.705,1.37876,1.37884,2.25,1.87
2015.08.11 08:16:01.190,1.37872,1.37882,2.25,1.12
2015.08.11 08:16:01.702,1.37872,1.37882,1.87,1.12
2015.08.11 08:16:01.753,1.37872,1.37882,2.25,2.10
2015.08.11 08:16:01.855,1.37872,1.3788,2.25,1.12
2015.08.11 08:16:02.445,1.37871,1.37876,1.00,1.00
2015.08.11 08:16:02.803,1.37871,1.37879,1.00,1.87
2015.08.11 08:16:03.006,1.37867,1.37876,2.62,1.12
2015.08.11 08:16:03.730,1.37864,1.37865,5.25,1.00
2015.08.11 08:16:03.781,1.37861,1.37865,1.50,1.00
2015.08.11 08:16:04.035,1.37862,1.37867,1.00,1.87
2015.08.11 08:16:05.009,1.37862,1.37866,1.00,1.37
2015.08.11 08:16:05.516,1.37861,1.37866,1.00,1.50
2015.08.11 08:16:06.530,1.37862,1.37866,1.00,2.25
2015.08.11 08:16:06.980,1.37857,1.37866,1.00,2.25
2015.08.11 08:16:07.489,1.37855,1.37865,2.62,1.87
2015.08.11 08:16:08.187,1.37854,1.3786,1.12,1.37
2015.08.11 08:16:08.694,1.37853,1.37862,4.87,1.87
2015.08.11 08:16:09.533,1.37858,1.37867,1.50,2.25
2015.08.11 08:16:09.584,1.37859,1.37867,2.55,1.00
2015.08.11 08:16:09.635,1.37864,1.37868,1.00,1.00
2015.08.11 08:16:09.686,1.37864,1.37872,1.00,1.00
2015.08.11 08:16:09.739,1.37865,1.37874,1.50,2.62
2015.08.11 08:16:10.244,1.37865,1.37873,2.25,1.00
2015.08.11 08:16:10.933,1.37865,1.37873,1.50,1.37
2015.08.11 08:16:11.765,1.37864,1.37873,4.87,1.37
2015.08.11 08:16:13.230,1.37864,1.37871,4.87,1.37
2015.08.11 08:16:13.290,1.37864,1.3787,1.50,1.37
2015.08.11 08:16:13.543,1.37865,1.37873,4.12,1.87
2015.08.11 08:16:13.595,1.37865,1.37873,4.50,1.37
2015.08.11 08:16:14.105,1.37868,1.37873,1.00,1.00
2015.08.11 08:16:14.626,1.37869,1.37879,1.87,2.47
2015.08.11 08:16:14.880,1.37872,1.37879,1.37,1.50
2015.08.11 08:16:15.032,1.37872,1.37882,1.87,1.00
2015.08.11 08:16:15.185,1.37873,1.37875,1.00,1.00
2015.08.11 08:16:15.387,1.37875,1.37879,1.00,1.50
2015.08.11 08:16:15.981,1.37873,1.37878,1.87,1.00
2015.08.11 08:16:16.515,1.37873,1.37877,1.50,1.00
2015.08.11 08:16:16.567,1.37873,1.37875,1.00,1.00
2015.08.11 08:16:16.669,1.37869,1.37876,1.00,1.50
2015.08.11 08:16:16.973,1.37867,1.37876,1.87,1.87
2015.08.11 08:16:17.532,1.37867,1.37877,1.87,1.12
2015.08.11 08:16:18.070,1.37867,1.37877,1.50,1.87
2015.08.11 08:16:18.121,1.37867,1.37877,1.50,1.87
2015.08.11 08:16:18.324,1.37867,1.37875,1.12,4.50
2015.08.11 08:16:18.909,1.37866,1.37875,1.12,1.00
2015.08.11 08:16:19.439,1.37866,1.37875,1.12,1.87
2015.08.11 08:16:19.641,1.37864,1.37872,1.50,1.00
2015.08.11 08:16:19.944,1.37864,1.37874,1.87,1.87
2015.08.11 08:16:20.544,1.37864,1.37874,1.87,1.87
2015.08.11 08:16:21.049,1.37865,1.37873,1.00,1.00
2015.08.11 08:16:21.201,1.37865,1.37873,1.87,1.00
2015.08.11 08:16:21.455,1.37872,1.37879,1.00,1.00
2015.08.11 08:16:21.940,1.37872,1.37881,1.50,1.50
2015.08.11 08:16:22.457,1.37872,1.37881,1.87,1.50
2015.08.11 08:16:23.491,1.37872,1.37878,1.37,1.00
2015.08.11 08:16:24.199,1.37872,1.37879,2.25,1.00
2015.08.11 08:16:25.308,1.37869,1.37872,1.37,1.00
2015.08.11 08:16:25.359,1.37867,1.37872,1.00,1.00
2015.08.11 08:16:25.873,1.37866,1.37872,2.25,1.00
2015.08.11 08:16:25.974,1.37868,1.37872,1.00,1.00
2015.08.11 08:16:26.735,1.37869,1.37877,2.25,1.35
2015.08.11 08:16:27.271,1.37869,1.37876,1.00,1.00
2015.08.11 08:16:27.575,1.37871,1.37876,1.00,1.00
2015.08.11 08:16:27.829,1.37872,1.37879,1.00,1.00
2015.08.11 08:16:28.285,1.37874,1.37879,3.82,1.00
2015.08.11 08:16:28.336,1.37878,1.37883,1.00,1.00
2015.08.11 08:16:28.489,1.3788,1.37886,1.00,1.50
2015.08.11 08:16:29.641,1.37878,1.37884,1.95,1.00
2015.08.11 08:16:30.048,1.37878,1.37881,1.00,1.00
2015.08.11 08:16:30.454,1.37876,1.37884,2.25,1.37
2015.08.11 08:16:31.017,1.37878,1.37883,1.37,1.00
2015.08.11 08:16:31.119,1.3788,1.37885,1.37,1.00
2015.08.11 08:16:31.170,1.37883,1.37888,1.37,1.00
2015.08.11 08:16:31.685,1.37884,1.37889,1.00,1.00
2015.08.11 08:16:32.942,1.37884,1.3789,1.37,1.00
2015.08.11 08:16:34.254,1.37883,1.37889,1.12,1.00
2015.08.11 08:16:34.356,1.37881,1.37887,1.12,1.00
2015.08.11 08:16:34.660,1.3788,1.37883,1.00,1.00
2015.08.11 08:16:35.931,1.37877,1.37882,1.50,1.00
2015.08.11 08:16:37.322,1.37875,1.37878,1.37,1.00
2015.08.11 08:16:37.373,1.3787,1.37878,1.50,1.50
2015.08.11 08:16:39.293,1.3787,1.37879,2.62,1.50
2015.08.11 08:16:39.874,1.37872,1.37879,5.25,1.00
2015.08.11 08:16:40.385,1.37871,1.37879,4.12,1.00
2015.08.11 08:16:41.213,1.37872,1.37879,1.00,1.00
2015.08.11 08:16:41.519,1.37875,1.37881,1.00,1.00
2015.08.11 08:16:41.620,1.37875,1.37883,1.50,1.12
2015.08.11 08:16:41.671,1.37877,1.37883,1.00,1.00
2015.08.11 08:16:42.324,1.37876,1.37883,1.00,1.00
2015.08.11 08:16:42.581,1.3787,1.37879,2.25,2.25
2015.08.11 08:16:42.733,1.37869,1.37877,1.00,1.00
2015.08.11 08:16:43.580,1.37869,1.37876,1.00,1.00
2015.08.11 08:16:44.107,1.37866,1.37875,3.00,1.00
2015.08.11 08:16:44.209,1.37866,1.37876,3.00,3.75
2015.08.11 08:16:44.310,1.37866,1.37875,1.00,1.37
2015.08.11 08:16:44.462,1.37863,1.37871,1.12,1.50
2015.08.11 08:16:44.513,1.37863,1.37869,1.12,1.00
2015.08.11 08:16:45.051,1.37864,1.37869,1.12,1.00
2015.08.11 08:16:45.354,1.37864,1.37869,1.50,1.00
2015.08.11 08:16:46.600,1.37866,1.37872,1.37,1.12
2015.08.11 08:16:46.751,1.37873,1.37874,1.00,1.12
2015.08.11 08:16:46.802,1.37873,1.37875,1.50,1.12
2015.08.11 08:16:46.904,1.37873,1.37878,1.00,1.37
2015.08.11 08:16:47.503,1.37874,1.37878,1.12,1.00
2015.08.11 08:16:48.009,1.37875,1.37883,1.00,2.25
2015.08.11 08:16:48.261,1.37875,1.37884,1.00,2.25
2015.08.11 08:16:49.215,1.37877,1.37884,1.00,1.37
2015.08.11 08:16:49.722,1.37877,1.37882,1.00,1.00
2015.08.11 08:16:49.925,1.37875,1.37882,1.12,1.00
2015.08.11 08:16:49.976,1.37875,1.37879,1.12,1.00
2015.08.11 08:16:50.509,1.37873,1.37876,1.87,1.00
2015.08.11 08:16:50.719,1.37871,1.37874,1.00,1.00
2015.08.11 08:16:50.821,1.37867,1.37872,1.50,1.00
2015.08.11 08:16:50.922,1.37865,1.37871,1.00,1.00
2015.08.11 08:16:51.024,1.37867,1.37871,1.00,1.00
2015.08.11 08:16:51.328,1.37871,1.37872,1.50,1.00
2015.08.11 08:16:51.821,1.37878,1.3788,1.12,2.10
2015.08.11 08:16:51.878,1.3788,1.37888,1.00,2.25
2015.08.11 08:16:52.535,1.3788,1.37888,1.00,1.50
2015.08.11 08:16:53.130,1.37877,1.37884,3.75,1.00
2015.08.11 08:16:53.333,1.37872,1.3788,1.87,1.50
2015.08.11 08:16:53.385,1.37872,1.37877,1.87,1.00
2015.08.11 08:16:53.537,1.37871,1.37877,2.25,1.00
2015.08.11 08:16:53.841,1.37871,1.37879,2.25,1.00
2015.08.11 08:16:54.423,1.37874,1.37883,1.87,2.47
2015.08.11 08:16:54.525,1.37874,1.37881,1.50,1.00
2015.08.11 08:16:54.930,1.37873,1.37878,1.50,1.00
2015.08.11 08:16:55.430,1.37873,1.37876,1.00,1.00
2015.08.11 08:16:55.484,1.3787,1.37874,1.00,1.00
2015.08.11 08:16:55.535,1.37867,1.3787,1.00,1.00
2015.08.11 08:16:56.022,1.37865,1.3787,1.00,1.00
2015.08.11 08:16:56.123,1.37866,1.3787,1.87,1.00
2015.08.11 08:16:56.225,1.3787,1.37875,1.00,1.50
2015.08.11 08:16:56.901,1.3787,1.37876,1.50,1.00
2015.08.11 08:16:57.492,1.3787,1.37875,1.00,1.00
2015.08.11 08:16:58.111,1.37869,1.37875,1.87,1.00
2015.08.11 08:16:59.146,1.37869,1.37876,1.87,1.00
2015.08.11 08:16:59.652,1.3787,1.37875,1.37,1.00
2015.08.11 08:17:00.191,1.3787,1.37875,1.12,1.00
2015.08.11 08:17:01.507,1.37869,1.37874,4.87,1.00
2015.08.11 08:17:01.558,1.37871,1.37879,1.12,1.37
2015.08.11 08:17:01.761,1.37871,1.3788,5.25,1.00
2015.08.11 08:17:02.065,1.37873,1.3788,4.12,1.00
2015.08.11 08:17:02.268,1.37874,1.37884,6.75,2.85
2015.08.11 08:17:02.872,1.37875,1.37884,2.62,3.22
2015.08.11 08:17:03.349,1.37874,1.37883,1.37,1.37
2015.08.11 08:17:04.283,1.37871,1.37873,8.62,1.00
2015.08.11 08:17:04.436,1.3787,1.37873,1.00,1.37
2015.08.11 08:17:04.539,1.37868,1.3787,1.00,1.50
2015.08.11 08:17:04.641,1.37867,1.3787,1.00,1.00
2015.08.11 08:17:04.693,1.37864,1.3787,1.50,1.00
2015.08.11 08:17:05.519,1.37865,1.37872,1.87,1.12
2015.08.11 08:17:05.570,1.37866,1.37875,1.00,1.37
2015.08.11 08:17:06.097,1.37866,1.37876,1.00,4.50
2015.08.11 08:17:08.169,1.37866,1.37876,1.50,3.00
2015.08.11 08:17:08.321,1.37868,1.37876,1.00,3.00
2015.08.11 08:17:08.811,1.37871,1.37875,1.00,1.50
2015.08.11 08:17:09.065,1.37871,1.37874,1.00,1.00
2015.08.11 08:17:09.116,1.37869,1.37872,1.00,1.00
2015.08.11 08:17:09.217,1.37866,1.37872,1.00,1.00
2015.08.11 08:17:09.471,1.37865,1.37874,1.00,2.25
2015.08.11 08:17:10.017,1.37866,1.37876,1.50,1.87
2015.08.11 08:17:10.526,1.37865,1.37875,1.50,1.12
2015.08.11 08:17:10.729,1.37868,1.37875,1.00,1.12
2015.08.11 08:17:11.408,1.37878,1.37883,4.12,1.37
2015.08.11 08:17:11.459,1.37878,1.37885,4.12,2.05
2015.08.11 08:17:12.002,1.37879,1.37885,1.00,2.10
2015.08.11 08:17:13.190,1.37885,1.37887,1.87,2.62
2015.08.11 08:17:13.241,1.37885,1.37892,1.87,1.97
2015.08.11 08:17:13.292,1.37885,1.37891,1.87,2.47
2015.08.11 08:17:13.596,1.37885,1.37892,1.00,3.22
2015.08.11 08:17:14.406,1.37886,1.37889,1.00,1.72
2015.08.11 08:17:14.457,1.37886,1.37891,1.00,2.47
2015.08.11 08:17:14.710,1.37887,1.37893,1.00,1.12
2015.08.11 08:17:14.761,1.3789,1.37893,1.00,1.12
2015.08.11 08:17:14.863,1.3789,1.37897,1.00,2.10
2015.08.11 08:17:14.914,1.37892,1.37897,1.00,1.00
2015.08.11 08:17:15.576,1.37891,1.37897,1.00,1.50
2015.08.11 08:17:16.085,1.37891,1.37895,1.00,2.25
2015.08.11 08:17:16.770,1.3789,1.37895,1.50,3.22
2015.08.11 08:17:16.821,1.37885,1.37891,1.00,1.00
2015.08.11 08:17:16.872,1.37883,1.37892,1.87,3.60
2015.08.11 08:17:17.436,1.37885,1.37892,1.00,3.00
2015.08.11 08:17:18.197,1.37885,1.37892,1.00,2.25
2015.08.11 08:17:18.703,1.37885,1.37892,1.50,2.25
2015.08.11 08:17:19.954,1.37885,1.37892,1.50,1.37
2015.08.11 08:17:20.257,1.37889,1.37895,1.00,1.12
2015.08.11 08:17:20.510,1.37887,1.37895,1.12,1.72
2015.08.11 08:17:21.119,1.3789,1.37895,1.00,1.72
2015.08.11 08:17:21.322,1.37893,1.379,1.00,1.37
2015.08.11 08:17:21.908,1.37893,1.37902,1.00,2.47
2015.08.11 08:17:22.450,1.37909,1.3791,1.12,1.00
2015.08.11 08:17:22.502,1.37912,1.37915,1.00,2.25
2015.08.11 08:17:22.553,1.3791,1.37911,1.12,1.00
2015.08.11 08:17:22.604,1.37909,1.37911,1.00,1.50
2015.08.11 08:17:22.706,1.37906,1.37907,1.00,1.00
2015.08.11 08:17:22.757,1.37904,1.37907,4.12,1.00
2015.08.11 08:17:22.910,1.37908,1.37913,3.75,1.00
2015.08.11 08:17:24.025,1.37905,1.37906,3.75,1.00
2015.08.11 08:17:24.086,1.37904,1.37906,1.00,1.00
2015.08.11 08:17:24.188,1.37904,1.37907,4.50,1.00
2015.08.11 08:17:24.494,1.37908,1.3791,1.00,1.00
2015.08.11 08:17:24.597,1.37906,1.37908,1.00,1.00
2015.08.11 08:17:24.700,1.37904,1.37908,1.00,1.00
2015.08.11 08:17:25.223,1.37905,1.37908,1.00,1.00
2015.08.11 08:17:25.774,1.37904,1.37908,1.50,1.12
2015.08.11 08:17:25.875,1.37904,1.37906,1.50,1.00
2015.08.11 08:17:26.080,1.37904,1.3791,1.12,1.95
2015.08.11 08:17:26.731,1.37905,1.3791,1.00,1.95
2015.08.11 08:17:26.782,1.37905,1.3791,1.37,1.10
2015.08.11 08:17:27.139,1.3791,1.37913,1.00,1.00
2015.08.11 08:17:27.291,1.37912,1.37918,1.50,1.50
2015.08.11 08:17:27.392,1.37912,1.37918,4.87,1.00
2015.08.11 08:17:27.879,1.37912,1.37916,4.87,1.00
2015.08.11 08:17:28.185,1.37912,1.37916,1.00,1.87
2015.08.11 08:17:28.286,1.37912,1.37916,1.50,1.00
2015.08.11 08:17:28.542,1.37915,1.37917,1.00,1.12
2015.08.11 08:17:29.216,1.37916,1.37917,1.00,1.50
2015.08.11 08:17:29.369,1.37914,1.37915,1.50,1.00
2015.08.11 08:17:29.420,1.37914,1.37916,1.50,1.00
2015.08.11 08:17:29.522,1.37915,1.37917,1.00,1.12
2015.08.11 08:17:29.573,1.37913,1.37917,1.12,1.35
2015.08.11 08:17:29.726,1.37905,1.37908,1.50,1.37
2015.08.11 08:17:30.591,1.37906,1.37909,3.75,1.87
2015.08.11 08:17:30.662,1.37909,1.37914,1.50,1.00
2015.08.11 08:17:30.714,1.37913,1.37917,1.00,1.00
2015.08.11 08:17:31.017,1.37915,1.37917,1.00,1.12
2015.08.11 08:17:31.753,1.37911,1.37913,1.50,1.37
2015.08.11 08:17:31.806,1.37904,1.37911,1.50,1.00
2015.08.11 08:17:31.910,1.37907,1.37911,1.50,1.00
2015.08.11 08:17:32.417,1.37908,1.37911,1.00,1.00
2015.08.11 08:17:33.099,1.37906,1.37909,1.00,1.00
2015.08.11 08:17:33.151,1.37906,1.37911,1.00,1.00
2015.08.11 08:17:33.825,1.37905,1.37911,1.87,1.12
2015.08.11 08:17:34.128,1.37906,1.37913,1.50,1.00
2015.08.11 08:17:34.592,1.37906,1.37911,1.50,1.00
2015.08.11 08:17:34.897,1.37905,1.37909,1.50,1.00
2015.08.11 08:17:35.201,1.37899,1.37906,1.87,1.72
2015.08.11 08:17:35.353,1.37897,1.37903,1.00,1.35
2015.08.11 08:17:35.404,1.37899,1.37903,1.00,4.12
2015.08.11 08:17:36.316,1.379,1.37904,1.00,1.00
2015.08.11 08:17:36.367,1.379,1.37906,1.00,1.00
2015.08.11 08:17:36.519,1.379,1.37906,1.00,1.87
2015.08.11 08:17:36.621,1.37894,1.37904,1.50,2.85
2015.08.11 08:17:36.723,1.37892,1.379,1.12,1.00
2015.08.11 08:17:37.028,1.37891,1.37898,4.50,1.00
2015.08.11 08:17:37.527,1.37891,1.37899,7.87,1.00
2015.08.11 08:17:37.629,1.37892,1.37901,4.12,1.12
2015.08.11 08:17:38.338,1.37893,1.37901,1.50,1.50
2015.08.11 08:17:38.929,1.37893,1.37899,1.50,1.00
2015.08.11 08:17:39.233,1.37891,1.37899,1.50,1.37
2015.08.11 08:17:39.689,1.37891,1.379,1.87,1.50
2015.08.11 08:17:40.185,1.37895,1.379,1.00,1.50
2015.08.11 08:17:41.061,1.37895,1.379,1.00,2.47
2015.08.11 08:17:41.573,1.37888,1.3789,1.37,1.00
2015.08.11 08:17:41.624,1.37885,1.37892,1.00,1.00
2015.08.11 08:17:41.827,1.37885,1.3789,1.00,1.00
2015.08.11 08:17:42.333,1.37885,1.37891,1.00,1.00
2015.08.11 08:17:43.162,1.37886,1.37894,1.37,1.37
2015.08.11 08:17:43.218,1.37887,1.37895,1.00,1.12
2015.08.11 08:17:43.724,1.37888,1.37894,1.00,1.00
2015.08.11 08:17:45.416,1.37889,1.37894,1.00,1.00
2015.08.11 08:17:45.517,1.37891,1.37894,1.00,1.00
2015.08.11 08:17:46.004,1.37892,1.37898,1.50,1.12
2015.08.11 08:17:46.105,1.37892,1.37896,1.00,1.00
2015.08.11 08:17:46.256,1.37889,1.37894,1.00,1.00
2015.08.11 08:17:46.358,1.37888,1.37891,1.00,1.00
2015.08.11 08:17:46.510,1.37886,1.37891,1.12,1.00
2015.08.11 08:17:46.662,1.37887,1.37893,1.00,1.00
2015.08.11 08:17:47.963,1.37884,1.3789,1.50,1.00
2015.08.11 08:17:48.470,1.37883,1.37891,1.00,1.50
2015.08.11 08:17:49.167,1.37882,1.37888,1.00,1.50
2015.08.11 08:17:49.473,1.37885,1.37889,1.00,1.00
2015.08.11 08:17:49.625,1.37885,1.37892,1.00,1.00
2015.08.11 08:17:50.568,1.37886,1.37892,1.00,1.00
2015.08.11 08:17:50.873,1.37884,1.37891,1.50,1.00
2015.08.11 08:17:51.301,1.37883,1.37891,1.50,1.37
2015.08.11 08:17:51.453,1.37881,1.37889,1.00,1.87
2015.08.11 08:17:51.969,1.3788,1.37887,3.00,1.00
2015.08.11 08:17:52.273,1.37881,1.3789,2.25,1.87
2015.08.11 08:17:52.476,1.37881,1.37888,1.87,1.00
2015.08.11 08:17:53.346,1.37881,1.37887,1.12,1.00
2015.08.11 08:17:54.053,1.37881,1.37887,1.37,1.00
2015.08.11 08:17:54.306,1.3788,1.37887,1.50,1.00
2015.08.11 08:17:55.115,1.3788,1.37886,1.00,1.00
2015.08.11 08:17:56.855,1.37874,1.37876,1.00,1.00
2015.08.11 08:17:57.108,1.37867,1.37874,1.00,1.00
2015.08.11 08:17:57.310,1.37869,1.37875,1.00,1.00
2015.08.11 08:17:57.361,1.37871,1.37878,1.00,1.12
2015.08.11 08:17:57.463,1.37873,1.37878,1.50,1.00
2015.08.11 08:17:58.006,1.37872,1.37878,1.12,1.00
2015.08.11 08:17:58.317,1.37872,1.37878,2.25,1.00
2015.08.11 08:17:58.519,1.37871,1.37878,3.00,1.00
2015.08.11 08:17:59.816,1.37871,1.37877,1.87,1.00
2015.08.11 08:18:00.238,1.37872,1.37878,1.37,1.00
2015.08.11 08:18:00.593,1.37871,1.3788,3.75,1.50
2015.08.11 08:18:01.134,1.37875,1.37883,1.12,1.87
2015.08.11 08:18:01.644,1.37874,1.37883,1.12,1.37
2015.08.11 08:18:01.746,1.37873,1.3788,1.00,1.37
2015.08.11 08:18:01.797,1.3787,1.37877,1.65,1.00
2015.08.11 08:18:02.923,1.37869,1.37877,1.87,1.12
2015.08.11 08:18:03.449,1.3787,1.37877,1.87,1.00
2015.08.11 08:18:04.406,1.3787,1.37878,2.62,1.00
2015.08.11 08:18:04.659,1.37874,1.37881,1.00,1.00
2015.08.11 08:18:04.710,1.37875,1.37882,2.25,1.00
2015.08.11 08:18:05.216,1.37876,1.37883,1.12,1.12
2015.08.11 08:18:05.922,1.37881,1.37884,1.00,1.87
2015.08.11 08:18:05.997,1.37874,1.37883,1.37,1.00
2015.08.11 08:18:06.510,1.37874,1.37883,1.12,1.87
2015.08.11 08:18:07.067,1.3787,1.37879,6.75,1.00
2015.08.11 08:18:07.540,1.3787,1.37879,7.12,1.00
2015.08.11 08:18:07.996,1.37874,1.37879,1.00,1.00
2015.08.11 08:18:08.501,1.37873,1.37878,1.00,1.00
2015.08.11 08:18:09.366,1.37876,1.37883,1.75,1.50
2015.08.11 08:18:09.672,1.37878,1.37883,1.37,1.00
2015.08.11 08:18:09.723,1.37878,1.37886,1.37,1.00
2015.08.11 08:18:10.271,1.37878,1.37886,1.37,1.00
2015.08.11 08:18:11.441,1.37869,1.37876,1.00,1.00
2015.08.11 08:18:11.948,1.37869,1.37877,1.87,1.50
2015.08.11 08:18:12.620,1.37869,1.37878,3.00,1.12
2015.08.11 08:18:13.060,1.37869,1.37877,3.00,1.00
2015.08.11 08:18:13.564,1.3787,1.37877,1.00,1.00
2015.08.11 08:18:14.171,1.3787,1.37877,2.25,1.00
2015.08.11 08:18:14.688,1.37874,1.37877,1.00,1.00
2015.08.11 08:18:15.510,1.3787,1.37873,3.37,1.12
2015.08.11 08:18:15.561,1.37865,1.37868,1.12,1.00
2015.08.11 08:18:16.072,1.37863,1.37869,1.12,1.00
2015.08.11 08:18:16.763,1.37868,1.37871,6.00,1.00
2015.08.11 08:18:16.814,1.3787,1.37878,4.12,1.37
2015.08.11 08:18:16.966,1.37871,1.37881,6.37,1.00
2015.08.11 08:18:17.068,1.37871,1.37883,6.37,1.50
2015.08.11 08:18:17.270,1.37875,1.37884,1.00,1.87
2015.08.11 08:18:17.601,1.37876,1.37885,1.00,2.62
2015.08.11 08:18:18.225,1.3788,1.37889,5.62,1.12
2015.08.11 08:18:18.731,1.37881,1.3789,4.12,1.12
2015.08.11 08:18:19.034,1.37881,1.37888,4.12,1.00
2015.08.11 08:18:19.512,1.3788,1.37887,1.87,1.50
2015.08.11 08:18:19.664,1.37877,1.37886,1.12,1.00
2015.08.11 08:18:20.124,1.37877,1.37886,1.37,1.50
2015.08.11 08:18:20.839,1.37876,1.37881,1.00,1.00
2015.08.11 08:18:21.345,1.37878,1.37881,1.00,1.00
2015.08.11 08:18:22.593,1.37891,1.37896,1.12,1.50
2015.08.11 08:18:23.081,1.3789,1.37894,1.87,1.00
2015.08.11 08:18:23.182,1.37889,1.37895,1.37,1.00
2015.08.11 08:18:23.863,1.37888,1.37896,2.25,1.00
2015.08.11 08:18:24.293,1.37888,1.37896,2.62,1.00
2015.08.11 08:18:24.395,1.37889,1.37898,1.37,1.12
2015.08.11 08:18:25.339,1.37889,1.37898,1.87,1.12
2015.08.11 08:18:25.852,1.3789,1.37899,1.12,1.00
2015.08.11 08:18:25.903,1.3789,1.37899,1.37,1.00
2015.08.11 08:18:26.406,1.3789,1.37898,1.37,1.00
2015.08.11 08:18:28.405,1.3789,1.37898,1.37,1.00
2015.08.11 08:18:28.882,1.37889,1.37899,1.00,1.37
2015.08.11 08:18:29.410,1.3789,1.37898,1.12,1.12
2015.08.11 08:18:30.083,1.37888,1.37898,2.62,1.00
2015.08.11 08:18:30.686,1.37892,1.37899,1.00,2.25
2015.08.11 08:18:31.195,1.3789,1.37899,1.87,1.87
2015.08.11 08:18:32.069,1.37889,1.37898,1.37,1.50
2015.08.11 08:18:32.425,1.37889,1.37898,1.00,1.37
2015.08.11 08:18:32.476,1.37887,1.37897,1.10,1.75
2015.08.11 08:18:32.628,1.37883,1.37893,3.75,1.37
2015.08.11 08:18:33.902,1.37881,1.37892,1.12,1.87
2015.08.11 08:18:35.541,1.3788,1.37891,1.87,1.37
2015.08.11 08:18:36.043,1.37882,1.3789,1.00,1.37
2015.08.11 08:18:36.145,1.37881,1.37891,4.50,1.37
2015.08.11 08:18:37.237,1.37881,1.3789,1.12,1.12
2015.08.11 08:18:37.342,1.37881,1.37891,1.00,1.87
2015.08.11 08:18:37.851,1.37881,1.3789,1.50,1.37
2015.08.11 08:18:38.773,1.37883,1.3789,1.00,1.37
2015.08.11 08:18:39.801,1.37883,1.3789,1.50,1.37
2015.08.11 08:18:40.748,1.37882,1.37891,4.87,1.87
2015.08.11 08:18:40.798,1.37882,1.37891,1.50,1.87
2015.08.11 08:18:42.380,1.37882,1.37891,1.00,1.37
2015.08.11 08:18:42.491,1.37879,1.37887,1.50,1.12
2015.08.11 08:18:42.643,1.37878,1.37886,1.37,1.37
2015.08.11 08:18:42.694,1.37877,1.37885,1.00,1.12
2015.08.11 08:18:43.048,1.37877,1.37887,1.00,3.00
2015.08.11 08:18:44.050,1.37877,1.37886,1.00,1.00
2015.08.11 08:18:44.630,1.37877,1.37885,1.00,1.37
2015.08.11 08:18:45.131,1.37876,1.37885,1.00,1.50
2015.08.11 08:18:46.097,1.37875,1.37885,1.00,1.87
2015.08.11 08:18:46.603,1.37875,1.37884,1.87,1.50
2015.08.11 08:18:47.493,1.37874,1.3788,2.62,2.62
2015.08.11 08:18:47.544,1.37872,1.3788,1.12,3.75
2015.08.11 08:18:47.595,1.3787,1.37879,1.67,1.87
2015.08.11 08:18:47.646,1.3787,1.37879,1.50,1.87
2015.08.11 08:18:47.849,1.37868,1.37878,1.87,2.25
2015.08.11 08:18:48.103,1.3787,1.37878,1.00,2.62
2015.08.11 08:18:48.205,1.37868,1.37878,1.00,2.62
2015.08.11 08:18:48.732,1.37867,1.37876,1.12,1.37
2015.08.11 08:18:49.161,1.37868,1.37876,1.00,1.87
2015.08.11 08:18:49.669,1.37865,1.37875,4.50,1.37
2015.08.11 08:18:50.205,1.37867,1.37875,4.12,1.12
2015.08.11 08:18:50.408,1.37867,1.37877,1.12,1.37
2015.08.11 08:18:50.914,1.37872,1.37878,1.00,1.87
2015.08.11 08:18:50.965,1.37872,1.37878,1.50,1.50
2015.08.11 08:18:51.017,1.37873,1.3788,1.87,1.20
2015.08.11 08:18:51.507,1.37879,1.37881,1.00,1.50
2015.08.11 08:18:51.559,1.3788,1.37889,1.00,4.50
2015.08.11 08:18:51.610,1.3788,1.37884,1.00,1.00
2015.08.11 08:18:51.661,1.37878,1.37884,1.50,1.00
2015.08.11 08:18:51.712,1.37878,1.37887,1.50,1.12
2015.08.11 08:18:51.914,1.37878,1.37883,1.00,1.00
2015.08.11 08:18:52.375,1.37878,1.37886,1.12,1.00
2015.08.11 08:18:52.527,1.3788,1.37884,1.00,1.00
2015.08.11 08:18:53.025,1.37878,1.37886,2.25,1.12
2015.08.11 08:18:54.788,1.3788,1.37887,1.00,1.37
2015.08.11 08:18:55.542,1.37879,1.37887,1.87,1.56
2015.08.11 08:18:55.992,1.3788,1.37887,1.00,1.56
2015.08.11 08:18:56.503,1.37877,1.37879,1.50,1.00
2015.08.11 08:18:56.554,1.3787,1.37878,1.87,1.00
2015.08.11 08:18:56.655,1.3787,1.3788,1.87,1.00
2015.08.11 08:18:56.706,1.37872,1.37881,1.00,1.50
2015.08.11 08:18:57.011,1.37875,1.37885,1.50,2.25
2015.08.11 08:18:57.163,1.37875,1.37885,1.50,1.12
2015.08.11 08:18:57.215,1.37875,1.37882,3.22,1.00
2015.08.11 08:18:58.964,1.37876,1.37881,1.50,1.00
2015.08.11 08:18:59.167,1.37874,1.37881,1.50,1.37
2015.08.11 08:18:59.825,1.3788,1.37882,1.00,1.37
2015.08.11 08:18:59.877,1.3788,1.37882,1.00,1.00
2015.08.11 08:18:59.979,1.37881,1.37883,1.00,1.00
2015.08.11 08:19:00.030,1.37879,1.37882,2.25,1.00
2015.08.11 08:19:00.081,1.37879,1.37886,1.00,1.00
2015.08.11 08:19:00.587,1.37878,1.37888,1.00,1.87
2015.08.11 08:19:01.319,1.37878,1.37888,4.50,1.37
2015.08.11 08:19:03.076,1.37879,1.37889,1.50,1.87
2015.08.11 08:19:03.127,1.37878,1.37888,1.00,1.37
2015.08.11 08:19:03.633,1.37877,1.37888,4.50,1.75
2015.08.11 08:19:04.595,1.37876,1.37885,1.12,1.00
2015.08.11 08:19:04.799,1.37876,1.37885,1.12,1.37
2015.08.11 08:19:05.495,1.3788,1.37886,1.00,1.00
2015.08.11 08:19:06.048,1.37882,1.37888,4.50,1.00
2015.08.11 08:19:06.407,1.37883,1.37888,1.00,1.37
2015.08.11 08:19:06.559,1.3788,1.37888,1.87,1.87
2015.08.11 08:19:06.711,1.37877,1.37887,1.00,3.00
2015.08.11 08:19:07.345,1.37877,1.37887,1.00,3.00
2015.08.11 08:19:07.497,1.37877,1.37887,1.00,3.00
2015.08.11 08:19:07.648,1.37879,1.37887,1.00,1.00
2015.08.11 08:19:07.952,1.37881,1.37888,1.37,1.00
2015.08.11 08:19:08.255,1.3788,1.37889,1.00,3.37
2015.08.11 08:19:09.153,1.37877,1.37889,7.12,7.12
2015.08.11 08:19:09.205,1.37877,1.37887,1.50,1.00
2015.08.11 08:19:10.018,1.3788,1.37888,4.87,1.37
2015.08.11 08:19:10.120,1.37883,1.37889,1.37,1.12
2015.08.11 08:19:10.682,1.37885,1.37891,4.87,1.00
2015.08.11 08:19:11.207,1.37886,1.37892,1.50,1.00
2015.08.11 08:19:13.859,1.37885,1.37892,1.50,1.37
2015.08.11 08:19:14.163,1.37883,1.37891,1.00,1.37
2015.08.11 08:19:14.214,1.37883,1.37888,1.37,1.00
2015.08.11 08:19:14.858,1.37883,1.37888,1.50,1.00
2015.08.11 08:19:15.478,1.37883,1.37889,2.25,1.00
2015.08.11 08:19:15.833,1.37884,1.37889,1.12,1.00
2015.08.11 08:19:15.935,1.37886,1.37893,1.12,1.50
2015.08.11 08:19:16.440,1.37884,1.37892,1.75,1.00
2015.08.11 08:19:17.006,1.37885,1.37892,1.37,1.00
2015.08.11 08:19:17.208,1.37883,1.37891,1.37,1.00
2015.08.11 08:19:17.260,1.37881,1.37889,1.87,1.00
2015.08.11 08:19:17.310,1.37881,1.37889,1.87,1.00
2015.08.11 08:19:17.664,1.3788,1.37888,1.87,1.00
2015.08.11 08:19:18.662,1.3788,1.37888,1.87,1.00
2015.08.11 08:19:20.422,1.37875,1.37886,1.50,1.50
2015.08.11 08:19:20.929,1.37875,1.37883,1.50,1.00
2015.08.11 08:19:21.284,1.37875,1.37886,1.37,1.50
2015.08.11 08:19:21.791,1.37876,1.37886,1.00,1.37
2015.08.11 08:19:22.327,1.37876,1.37884,1.00,1.00
2015.08.11 08:19:22.782,1.37876,1.37888,1.87,4.50
2015.08.11 08:19:23.229,1.3788,1.37885,1.00,1.00
2015.08.11 08:19:23.533,1.37873,1.37878,1.27,1.12
2015.08.11 08:19:23.685,1.3787,1.37875,1.00,1.00
2015.08.11 08:19:24.477,1.37869,1.37879,1.50,1.50
2015.08.11 08:19:24.791,1.37869,1.3788,1.87,1.87
2015.08.11 08:19:25.195,1.37871,1.3788,1.37,1.50
2015.08.11 08:19:25.884,1.37871,1.3788,1.87,1.00
2015.08.11 08:19:26.632,1.37871,1.37881,4.12,1.37
2015.08.11 08:19:26.784,1.37875,1.37882,1.37,1.00
2015.08.11 08:19:27.803,1.37873,1.37883,2.62,1.12
2015.08.11 08:19:29.195,1.37873,1.37883,3.37,1.12
2015.08.11 08:19:29.818,1.37873,1.37881,3.37,1.00
2015.08.11 08:19:30.327,1.37873,1.3788,2.25,1.00
2015.08.11 08:19:30.783,1.37883,1.37885,1.37,2.47
2015.08.11 08:19:30.835,1.37885,1.37889,1.37,1.50
2015.08.11 08:19:30.886,1.37885,1.37892,1.37,1.00
2015.08.11 08:19:31.191,1.37885,1.37893,1.87,1.00
2015.08.11 08:19:31.393,1.37887,1.37893,1.12,1.00
2015.08.11 08:19:32.494,1.37888,1.37893,1.00,1.00
2015.08.11 08:19:33.010,1.37888,1.37894,2.25,1.00
2015.08.11 08:19:33.061,1.37888,1.37895,3.00,1.00
2015.08.11 08:19:33.163,1.37889,1.37897,1.12,1.12
2015.08.11 08:19:33.808,1.3789,1.37895,1.75,1.00
2015.08.11 08:19:34.213,1.37892,1.37895,1.00,1.00
2015.08.11 08:19:34.315,1.37892,1.37896,2.25,1.00
2015.08.11 08:19:34.417,1.37892,1.37896,1.50,1.00
2015.08.11 08:19:34.468,1.37895,1.37896,1.00,1.00
2015.08.11 08:19:34.569,1.3789,1.37897,1.87,1.00
2015.08.11 08:19:34.620,1.3789,1.37897,1.00,1.00
2015.08.11 08:19:35.068,1.37888,1.37893,1.87,1.12
2015.08.11 08:19:35.120,1.37885,1.37894,1.00,1.20
2015.08.11 08:19:35.323,1.37885,1.37894,5.62,1.12
2015.08.11 08:19:35.842,1.37885,1.37893,6.37,1.00
2015.08.11 08:19:36.334,1.37891,1.37894,1.37,1.00
2015.08.11 08:19:36.488,1.37889,1.37893,1.50,1.00
2015.08.11 08:19:36.741,1.3789,1.37895,1.50,1.00
2015.08.11 08:19:37.097,1.3789,1.37895,4.87,1.00
2015.08.11 08:19:37.678,1.37892,1.37896,1.37,1.00
2015.08.11 08:19:38.148,1.37891,1.37894,1.37,1.00
2015.08.11 08:19:38.753,1.37891,1.37894,1.00,1.00
2015.08.11 08:19:40.137,1.37889,1.37895,1.37,1.00
2015.08.11 08:19:40.239,1.37889,1.37894,1.12,1.00
2015.08.11 08:19:40.728,1.37892,1.379,1.00,1.10
2015.08.11 08:19:40.779,1.37894,1.379,1.12,1.10
2015.08.11 08:19:40.931,1.37896,1.37905,2.25,1.87
2015.08.11 08:19:40.982,1.37897,1.37905,3.75,1.12
2015.08.11 08:19:41.487,1.37899,1.37906,3.75,1.00
2015.08.11 08:19:42.116,1.37901,1.37908,1.12,1.00
2015.08.11 08:19:42.167,1.37902,1.3791,1.00,1.50
2015.08.11 08:19:42.218,1.37905,1.3791,1.00,1.00
2015.08.11 08:19:42.420,1.37903,1.3791,1.00,1.00
2015.08.11 08:19:43.721,1.37902,1.3791,4.50,1.50
2015.08.11 08:19:44.240,1.37901,1.37907,4.87,1.00
2015.08.11 08:19:44.991,1.37904,1.3791,1.37,1.50
2015.08.11 08:19:45.537,1.37902,1.3791,3.37,1.87
2015.08.11 08:19:45.588,1.37902,1.37907,2.62,1.00
2015.08.11 08:19:45.689,1.37902,1.3791,1.87,2.62
2015.08.11 08:19:46.330,1.37902,1.3791,2.25,1.00
2015.08.11 08:19:46.891,1.37902,1.3791,1.00,1.87
2015.08.11 08:19:46.992,1.37902,1.37908,1.00,1.00
2015.08.11 08:19:47.296,1.37899,1.37907,1.87,1.12
2015.08.11 08:19:47.821,1.37903,1.37908,1.00,1.37
2015.08.11 08:19:47.873,1.37903,1.37909,1.87,1.00
2015.08.11 08:19:48.025,1.37906,1.3791,1.00,1.00
2015.08.11 08:19:48.228,1.37906,1.37913,1.00,1.87
2015.08.11 08:19:48.532,1.37905,1.3791,1.50,1.00
2015.08.11 08:19:49.092,1.37905,1.37913,1.00,1.00
2015.08.11 08:19:49.143,1.37907,1.37913,1.00,1.00
2015.08.11 08:19:49.245,1.37907,1.37915,1.37,1.12
2015.08.11 08:19:49.937,1.37908,1.37914,1.00,1.00
2015.08.11 08:19:50.461,1.37906,1.37915,6.37,1.00
2015.08.11 08:19:51.031,1.37912,1.37915,1.00,1.50
2015.08.11 08:19:51.722,1.37916,1.37919,1.00,1.00
2015.08.11 08:19:51.774,1.37916,1.37924,1.00,2.47
2015.08.11 08:19:52.340,1.37915,1.37922,1.87,1.00
2015.08.11 08:19:52.542,1.37915,1.37922,1.12,1.37
2015.08.11 08:19:52.643,1.37913,1.37918,1.50,1.37
2015.08.11 08:19:53.130,1.37912,1.37919,1.87,1.00
2015.08.11 08:19:53.542,1.37914,1.3792,1.00,1.00
2015.08.11 08:19:53.745,1.37915,1.37926,1.00,3.00
2015.08.11 08:19:55.035,1.37918,1.37926,1.00,1.12
2015.08.11 08:19:55.189,1.37918,1.37927,1.00,2.25
2015.08.11 08:19:55.493,1.3792,1.37928,1.00,1.50
2015.08.11 08:19:55.747,1.37917,1.37927,1.65,1.37
2015.08.11 08:19:56.393,1.37916,1.37927,4.87,1.87
2015.08.11 08:19:56.917,1.37917,1.37925,1.00,1.37
2015.08.11 08:19:58.007,1.37917,1.37923,1.00,1.37
2015.08.11 08:19:58.902,1.37917,1.37923,1.00,1.12
2015.08.11 08:19:59.460,1.37917,1.37924,1.12,1.12
2015.08.11 08:20:00.026,1.37918,1.37924,1.00,1.12
2015.08.11 08:20:00.369,1.37916,1.37924,1.50,1.12
2015.08.11 08:20:01.994,1.37916,1.37923,1.12,1.00
2015.08.11 08:20:04.997,1.37916,1.37922,1.12,1.00
2015.08.11 08:20:05.048,1.3792,1.37922,1.00,1.00
2015.08.11 08:20:05.251,1.37914,1.37918,1.12,1.00
2015.08.11 08:20:05.777,1.37915,1.3792,1.00,2.25
2015.08.11 08:20:06.740,1.37915,1.3792,1.00,2.25
2015.08.11 08:20:06.791,1.37908,1.37914,1.00,1.50
2015.08.11 08:20:06.943,1.37904,1.37914,1.12,4.12
2015.08.11 08:20:07.934,1.37902,1.37912,1.50,4.12
2015.08.11 08:20:08.461,1.37902,1.37912,1.50,4.12
2015.08.11 08:20:09.409,1.37899,1.37903,1.00,1.00
2015.08.11 08:20:09.522,1.379,1.37907,1.00,5.62
2015.08.11 08:20:09.674,1.37897,1.37907,1.12,1.00
2015.08.11 08:20:10.079,1.379,1.37908,1.00,1.00
2015.08.11 08:20:10.665,1.37902,1.37908,1.00,1.00
2015.08.11 08:20:10.716,1.37902,1.37911,1.00,1.00
2015.08.11 08:20:11.324,1.37901,1.37909,1.00,1.00
2015.08.11 08:20:12.013,1.37902,1.37907,1.00,1.00
2015.08.11 08:20:12.519,1.37901,1.37908,1.00,1.12
2015.08.11 08:20:12.926,1.37902,1.37911,1.50,1.12
2015.08.11 08:20:13.078,1.37903,1.37913,1.87,1.87
2015.08.11 08:20:13.801,1.37905,1.37913,1.00,1.00
2015.08.11 08:20:14.306,1.37905,1.37913,1.87,1.00
2015.08.11 08:20:14.920,1.37907,1.37917,1.12,1.37
2015.08.11 08:20:15.427,1.37907,1.37916,1.37,1.00
2015.08.11 08:20:15.731,1.37909,1.37919,1.87,1.50
2015.08.11 08:20:16.223,1.37911,1.37919,1.12,1.00
2015.08.11 08:20:16.274,1.37911,1.37921,1.87,1.50
2015.08.11 08:20:16.599,1.37911,1.37921,1.12,1.50
2015.08.11 08:20:17.128,1.37912,1.37922,1.12,2.62
2015.08.11 08:20:18.909,1.37912,1.37921,1.50,1.37
2015.08.11 08:20:19.011,1.37912,1.37918,1.00,1.12
2015.08.11 08:20:19.112,1.3791,1.37917,1.00,1.12
2015.08.11 08:20:19.615,1.37906,1.37917,1.87,1.37
2015.08.11 08:20:20.138,1.37906,1.37915,1.12,1.00
2015.08.11 08:20:21.004,1.37904,1.37912,1.37,1.00
2015.08.11 08:20:21.207,1.37905,1.37914,1.00,1.50
2015.08.11 08:20:21.410,1.37905,1.37915,1.50,2.62
2015.08.11 08:20:22.204,1.37907,1.37915,2.25,1.00
2015.08.11 08:20:22.510,1.37909,1.37915,1.00,1.00
2015.08.11 08:20:22.813,1.37907,1.3791,1.00,1.00
2015.08.11 08:20:23.661,1.37907,1.37911,1.00,1.00
2015.08.11 08:20:23.965,1.37906,1.37909,1.00,1.00
2015.08.11 08:20:24.350,1.37906,1.37907,1.00,1.00
2015.08.11 08:20:25.142,1.37911,1.37914,1.00,1.00
2015.08.11 08:20:25.193,1.37913,1.37915,1.00,1.00
2015.08.11 08:20:25.433,1.37914,1.3792,1.12,1.00
2015.08.11 08:20:25.534,1.37918,1.37921,1.00,1.12
2015.08.11 08:20:25.737,1.37917,1.37923,1.00,1.12
2015.08.11 08:20:26.337,1.37915,1.37921,1.50,1.00
2015.08.11 08:20:26.743,1.37917,1.37923,1.12,1.00
2015.08.11 08:20:27.047,1.37917,1.3792,1.12,1.00
2015.08.11 08:20:27.734,1.37916,1.3792,1.50,1.00
2015.08.11 08:20:28.037,1.37916,1.37921,4.87,1.00
2015.08.11 08:20:28.341,1.37916,1.3792,4.12,1.00
2015.08.11 08:20:28.442,1.37916,1.3792,1.00,1.00
2015.08.11 08:20:29.368,1.37912,1.37915,3.82,1.00
2015.08.11 08:20:29.419,1.37908,1.37913,1.00,1.00
2015.08.11 08:20:30.578,1.37908,1.37911,1.00,1.00
2015.08.11 08:20:30.731,1.37905,1.37909,1.12,1.00
2015.08.11 08:20:30.934,1.37905,1.37908,1.50,1.00
2015.08.11 08:20:31.036,1.37905,1.37909,1.00,1.00
2015.08.11 08:20:31.892,1.37905,1.37908,1.50,1.00
2015.08.11 08:20:32.044,1.37905,1.3791,2.25,1.00
2015.08.11 08:20:32.095,1.37909,1.3791,1.12,1.00
2015.08.11 08:20:32.146,1.37909,1.37914,1.50,1.00
2015.08.11 08:20:32.655,1.3791,1.37914,1.50,1.00
2015.08.11 08:20:32.758,1.37912,1.37914,1.00,1.00
2015.08.11 08:20:33.261,1.3791,1.37915,1.00,1.00
2015.08.11 08:20:33.767,1.37908,1.37916,2.25,1.00
2015.08.11 08:20:33.818,1.37908,1.37916,1.87,1.37
2015.08.11 08:20:34.122,1.37905,1.3791,1.50,1.00
2015.08.11 08:20:34.670,1.37907,1.3791,1.00,1.00
2015.08.11 08:20:35.291,1.37905,1.37911,2.25,1.00
2015.08.11 08:20:35.609,1.37905,1.37909,1.12,1.00
2015.08.11 08:20:35.660,1.37903,1.3791,1.00,1.50
2015.08.11 08:20:36.142,1.37902,1.37905,1.00,1.00
2015.08.11 08:20:36.193,1.37901,1.37908,1.12,1.00
2015.08.11 08:20:36.345,1.379,1.37908,2.25,4.87
2015.08.11 08:20:36.799,1.37898,1.37906,1.00,1.50
2015.08.11 08:20:37.495,1.37899,1.37905,1.00,1.00
2015.08.11 08:20:37.698,1.37901,1.37905,1.00,1.00
2015.08.11 08:20:37.799,1.37901,1.37908,1.50,1.37
2015.08.11 08:20:37.850,1.37902,1.3791,1.00,1.12
2015.08.11 08:20:38.255,1.37904,1.3791,1.00,1.50
2015.08.11 08:20:38.989,1.37906,1.37911,1.00,1.50
2015.08.11 08:20:39.040,1.37904,1.37911,1.00,1.87
2015.08.11 08:20:39.142,1.37901,1.3791,2.62,1.37
2015.08.11 08:20:39.244,1.37905,1.3791,1.00,1.00
2015.08.11 08:20:39.498,1.37905,1.37913,2.25,1.87
2015.08.11 08:20:39.802,1.37905,1.37909,1.22,1.00
2015.08.11 08:20:40.895,1.379,1.37905,1.50,1.00
2015.08.11 08:20:41.351,1.37898,1.37905,1.12,1.12
2015.08.11 08:20:41.453,1.379,1.37905,1.00,1.12
2015.08.11 08:20:42.632,1.37899,1.37905,1.00,1.50
2015.08.11 08:20:43.140,1.37899,1.37905,1.00,1.37
2015.08.11 08:20:43.738,1.37899,1.37905,1.00,1.37
2015.08.11 08:20:45.299,1.379,1.37905,1.00,1.37
2015.08.11 08:20:45.735,1.37903,1.37907,1.00,1.50
2015.08.11 08:20:46.271,1.37904,1.37908,1.00,1.50
2015.08.11 08:20:47.137,1.37902,1.37907,1.00,1.50
2015.08.11 08:20:47.189,1.379,1.37907,1.00,1.87
2015.08.11 08:20:47.240,1.37898,1.37905,1.87,1.87
2015.08.11 08:20:47.745,1.37898,1.37905,1.87,1.87
2015.08.11 08:20:48.645,1.37898,1.37905,1.00,1.37
2015.08.11 08:20:49.445,1.37899,1.37904,1.00,1.37
2015.08.11 08:20:49.716,1.379,1.37904,1.00,1.37
2015.08.11 08:20:49.876,1.37898,1.37906,1.00,3.37
2015.08.11 08:20:50.367,1.37896,1.37903,1.00,1.37
2015.08.11 08:20:51.091,1.37896,1.37902,1.00,1.37
2015.08.11 08:20:51.394,1.37895,1.37899,1.00,1.37
2015.08.11 08:20:51.927,1.37894,1.37899,1.00,1.37
2015.08.11 08:20:52.129,1.37896,1.379,1.00,1.87
2015.08.11 08:20:52.231,1.37898,1.379,1.37,1.50
2015.08.11 08:20:52.282,1.37898,1.37907,1.50,1.46
2015.08.11 08:20:52.585,1.37897,1.37906,2.81,1.00
2015.08.11 08:20:52.788,1.37896,1.37904,2.44,1.00
2015.08.11 08:20:53.784,1.37895,1.37901,1.00,1.37
2015.08.11 08:20:53.835,1.37893,1.37901,1.00,1.37
2015.08.11 08:20:56.073,1.37893,1.37899,1.00,1.37
2015.08.11 08:20:56.855,1.37893,1.37898,1.00,1.37
2015.08.11 08:20:57.286,1.3789,1.37897,1.12,1.87
2015.08.11 08:20:57.337,1.3789,1.37897,1.12,1.87
2015.08.11 08:20:57.539,1.37887,1.37895,2.62,1.00
2015.08.11 08:20:58.225,1.37889,1.37896,1.00,1.50
2015.08.11 08:20:58.637,1.37889,1.37895,1.00,1.37
2015.08.11 08:20:59.146,1.37888,1.37896,1.00,1.87
2015.08.11 08:20:59.914,1.37887,1.37893,1.00,1.37
2015.08.11 08:21:00.419,1.37888,1.37893,1.00,1.37
2015.08.11 08:21:00.932,1.37886,1.37893,1.00,1.37
2015.08.11 08:21:01.437,1.37888,1.37894,1.00,2.62
2015.08.11 08:21:01.793,1.37884,1.37892,1.87,1.37
2015.08.11 08:21:01.894,1.37881,1.37889,4.50,1.12
2015.08.11 08:21:02.250,1.3788,1.3789,1.12,2.25
2015.08.11 08:21:02.772,1.37881,1.3789,1.12,2.25
2015.08.11 08:21:03.488,1.37881,1.3789,1.00,1.87
2015.08.11 08:21:04.704,1.3788,1.37888,2.25,1.37
2015.08.11 08:21:05.228,1.3788,1.37888,1.00,1.00
2015.08.11 08:21:05.532,1.37882,1.37889,1.00,2.25
2015.08.11 08:21:06.107,1.37884,1.37888,1.00,1.00
2015.08.11 08:21:06.215,1.37882,1.37888,1.00,1.00
2015.08.11 08:21:06.730,1.37881,1.37888,1.00,1.37
2015.08.11 08:21:07.526,1.37882,1.37889,1.00,1.50
2015.08.11 08:21:08.036,1.37882,1.37889,1.00,2.25
2015.08.11 08:21:08.087,1.37879,1.37889,2.62,2.25
2015.08.11 08:21:08.937,1.3788,1.37887,1.00,1.37
2015.08.11 08:21:09.446,1.3788,1.37886,1.00,1.37
2015.08.11 08:21:10.312,1.37878,1.37885,1.50,1.12
2015.08.11 08:21:10.976,1.37879,1.37886,1.00,1.87
2015.08.11 08:21:12.709,1.37879,1.37885,1.00,1.37
2015.08.11 08:21:13.539,1.37879,1.37885,1.00,1.12
2015.08.11 08:21:13.590,1.37881,1.37888,1.00,2.62
2015.08.11 08:21:14.096,1.37882,1.37888,1.00,1.37
2015.08.11 08:21:14.147,1.37882,1.37888,1.00,1.12
2015.08.11 08:21:15.195,1.37882,1.3789,1.00,1.37
2015.08.11 08:21:15.902,1.37881,1.37891,1.12,1.87
2015.08.11 08:21:17.270,1.37886,1.37895,1.12,2.62
2015.08.11 08:21:17.878,1.37885,1.37894,1.87,1.00
2015.08.11 08:21:19.613,1.37884,1.37894,1.50,1.50
2015.08.11 08:21:20.195,1.37883,1.37892,1.00,1.00
2015.08.11 08:21:20.500,1.37886,1.37895,1.50,1.12
2015.08.11 08:21:21.610,1.37887,1.37895,1.00,1.00
2015.08.11 08:21:22.203,1.37888,1.37896,1.00,1.00
2015.08.11 08:21:23.408,1.37888,1.37895,1.87,1.00
2015.08.11 08:21:23.510,1.37888,1.37897,1.87,1.50
2015.08.11 08:21:24.090,1.37888,1.37898,2.25,1.00
2015.08.11 08:21:24.810,1.37892,1.37898,1.00,1.50
2015.08.11 08:21:25.671,1.37891,1.37898,1.00,1.00
2015.08.11 08:21:25.772,1.37888,1.37897,3.00,1.00
2015.08.11 08:21:26.509,1.37888,1.37898,2.62,1.50
2015.08.11 08:21:26.714,1.37892,1.37898,1.00,1.50
2015.08.11 08:21:27.018,1.37897,1.37905,1.87,1.00
2015.08.11 08:21:27.170,1.37898,1.37907,1.12,1.00
2015.08.11 08:21:27.832,1.37898,1.37907,1.12,1.50
2015.08.11 08:21:29.725,1.37898,1.37905,1.87,1.00
2015.08.11 08:21:29.776,1.37902,1.37905,1.00,1.00
2015.08.11 08:21:29.878,1.37902,1.37909,1.37,4.87
2015.08.11 08:21:29.981,1.37901,1.37909,1.37,1.50
2015.08.11 08:21:30.032,1.37901,1.37909,1.12,1.87
2015.08.11 08:21:30.388,1.379,1.37908,1.12,1.87
2015.08.11 08:21:31.726,1.37901,1.37908,1.00,1.50
2015.08.11 08:21:32.407,1.37901,1.37909,1.87,1.12
2015.08.11 08:21:32.917,1.379,1.3791,3.75,1.87
2015.08.11 08:21:34.275,1.37901,1.3791,1.00,1.37
2015.08.11 08:21:34.786,1.379,1.37907,1.87,1.37
2015.08.11 08:21:35.877,1.379,1.37907,1.00,1.87
2015.08.11 08:21:36.034,1.37898,1.37906,1.00,1.37
2015.08.11 08:21:36.489,1.37896,1.37905,1.87,1.12
2015.08.11 08:21:37.295,1.37896,1.37905,1.87,1.12
2015.08.11 08:21:38.373,1.37896,1.37905,2.25,1.37
2015.08.11 08:21:38.525,1.37896,1.37906,2.62,1.12
2015.08.11 08:21:38.971,1.37899,1.37906,1.12,1.00
2015.08.11 08:21:39.022,1.37899,1.37908,1.50,1.12
2015.08.11 08:21:39.527,1.37899,1.37907,1.50,1.00
2015.08.11 08:21:41.511,1.379,1.37908,1.12,1.12
2015.08.11 08:21:42.017,1.37901,1.37907,1.00,1.00
2015.08.11 08:21:42.556,1.37901,1.37908,1.00,1.00
2015.08.11 08:21:43.066,1.37901,1.37907,1.00,1.00
2015.08.11 08:21:43.791,1.379,1.37907,5.62,1.00
2015.08.11 08:21:44.311,1.379,1.3791,5.62,1.12
2015.08.11 08:21:44.715,1.379,1.3791,3.00,1.87
2015.08.11 08:21:45.082,1.379,1.3791,6.00,1.37
2015.08.11 08:21:46.203,1.379,1.37909,1.50,1.12
2015.08.11 08:21:46.755,1.37899,1.37908,1.12,1.00
2015.08.11 08:21:47.311,1.379,1.37909,1.00,1.37
2015.08.11 08:21:47.835,1.37899,1.37909,1.50,1.37
2015.08.11 08:21:48.721,1.37899,1.37909,1.50,1.00
2015.08.11 08:21:50.043,1.379,1.37909,1.00,1.00
2015.08.11 08:21:50.651,1.37899,1.37909,1.87,1.00
2015.08.11 08:21:52.192,1.379,1.37909,1.00,1.00
2015.08.11 08:21:53.331,1.379,1.3791,1.50,3.37
2015.08.11 08:21:53.793,1.379,1.3791,4.12,2.25
2015.08.11 08:21:55.867,1.37902,1.3791,1.00,1.37
2015.08.11 08:21:55.919,1.37899,1.3791,2.25,1.50
2015.08.11 08:21:56.424,1.37899,1.37909,1.50,1.37
2015.08.11 08:22:00.383,1.37899,1.37909,1.50,1.87
2015.08.11 08:22:03.840,1.37898,1.37907,1.87,1.12
2015.08.11 08:22:05.407,1.37898,1.37908,1.50,1.12
2015.08.11 08:22:07.459,1.379,1.37908,1.00,1.87
2015.08.11 08:22:07.760,1.37898,1.37908,2.25,1.12
2015.08.11 08:22:08.245,1.37898,1.37908,1.00,5.25
2015.08.11 08:22:08.563,1.37898,1.37906,1.00,1.37
2015.08.11 08:22:09.857,1.37898,1.37904,1.00,1.37
2015.08.11 08:22:11.658,1.37898,1.37906,1.00,5.25
2015.08.11 08:22:11.810,1.37896,1.37905,1.50,1.37
2015.08.11 08:22:11.861,1.37896,1.37904,1.12,1.87
2015.08.11 08:22:12.013,1.37893,1.37901,1.00,1.50
2015.08.11 08:22:12.064,1.37893,1.379,1.00,1.50
2015.08.11 08:22:12.638,1.37892,1.379,1.00,2.62
2015.08.11 08:22:12.941,1.37892,1.379,1.00,2.62
2015.08.11 08:22:13.465,1.37891,1.37897,2.25,1.37
2015.08.11 08:22:14.126,1.37892,1.37898,1.00,1.37
2015.08.11 08:22:14.683,1.37889,1.37897,1.00,1.12
2015.08.11 08:22:14.785,1.37888,1.37897,1.00,1.37
2015.08.11 08:22:16.087,1.37887,1.37897,1.50,1.87
2015.08.11 08:22:16.197,1.3789,1.37897,1.00,1.37
2015.08.11 08:22:16.501,1.37888,1.37895,1.50,1.12
2015.08.11 08:22:16.653,1.37889,1.37898,1.87,1.00
2015.08.11 08:22:17.196,1.3789,1.37897,1.00,1.00
2015.08.11 08:22:17.247,1.37888,1.37897,1.00,1.00
2015.08.11 08:22:17.753,1.37887,1.37895,1.50,1.00
2015.08.11 08:22:18.468,1.37887,1.37896,1.50,1.87
2015.08.11 08:22:19.002,1.37887,1.37896,1.00,1.87
2015.08.11 08:22:19.945,1.37891,1.37897,1.00,5.25
2015.08.11 08:22:20.000,1.37892,1.37898,1.00,1.50
2015.08.11 08:22:20.920,1.37893,1.37899,1.50,1.50
2015.08.11 08:22:21.449,1.37894,1.37899,1.00,1.37
2015.08.11 08:22:22.709,1.37894,1.37901,1.00,1.50
2015.08.11 08:22:23.443,1.37895,1.37904,1.00,2.25
2015.08.11 08:22:23.595,1.37895,1.37904,2.25,2.25
2015.08.11 08:22:24.050,1.37896,1.37905,4.87,1.37
2015.08.11 08:22:28.770,1.37896,1.37905,1.37,1.50
2015.08.11 08:22:28.872,1.37895,1.37905,2.25,1.87
2015.08.11 08:22:28.923,1.37895,1.37905,2.62,1.87
2015.08.11 08:22:29.025,1.379,1.37905,1.12,1.00
2015.08.11 08:22:29.077,1.379,1.37908,1.12,1.35
2015.08.11 08:22:29.179,1.37902,1.37908,1.12,1.30
2015.08.11 08:22:29.230,1.37902,1.3791,1.12,1.50
2015.08.11 08:22:29.534,1.37903,1.37913,1.50,1.12
2015.08.11 08:22:30.087,1.37902,1.37913,1.37,1.50
2015.08.11 08:22:30.392,1.37901,1.37909,1.00,1.37
2015.08.11 08:22:30.444,1.37901,1.37909,1.00,1.00
2015.08.11 08:22:31.516,1.37901,1.37909,1.00,2.62
2015.08.11 08:22:31.769,1.37903,1.3791,1.87,1.87
2015.08.11 08:22:31.972,1.37905,1.37911,1.00,1.37
2015.08.11 08:22:32.073,1.37903,1.37912,1.87,2.62
2015.08.11 08:22:32.124,1.37905,1.37912,1.00,2.62
2015.08.11 08:22:32.175,1.37905,1.37912,1.00,1.50
2015.08.11 08:22:32.226,1.37903,1.37912,1.87,1.12
2015.08.11 08:22:32.738,1.37903,1.37912,1.87,2.62
2015.08.11 08:22:32.789,1.37902,1.37912,1.87,2.62
2015.08.11 08:22:32.846,1.37902,1.37912,1.87,1.87
2015.08.11 08:22:32.897,1.37906,1.37912,1.00,1.50
2015.08.11 08:22:34.088,1.37908,1.37914,1.12,1.00
2015.08.11 08:22:34.140,1.37908,1.37918,1.50,3.56
2015.08.11 08:22:34.191,1.37911,1.37918,1.00,2.81
2015.08.11 08:22:34.347,1.37909,1.37916,1.00,1.62
2015.08.11 08:22:34.651,1.37906,1.37915,1.50,1.37
2015.08.11 08:22:35.058,1.37905,1.37912,1.50,1.00
2015.08.11 08:22:35.536,1.37905,1.37908,1.00,1.00
2015.08.11 08:22:35.588,1.37902,1.37908,1.00,1.00
2015.08.11 08:22:35.758,1.37902,1.37908,1.00,1.37
2015.08.11 08:22:36.316,1.37901,1.37908,1.00,1.37
2015.08.11 08:22:36.468,1.37901,1.37908,1.00,1.00
2015.08.11 08:22:37.116,1.37902,1.37909,1.00,1.87
2015.08.11 08:22:37.319,1.37902,1.37904,1.00,1.00
2015.08.11 08:22:37.723,1.37901,1.37907,1.50,1.87
2015.08.11 08:22:38.712,1.37901,1.37906,1.50,1.00
2015.08.11 08:22:40.881,1.37898,1.37902,1.87,1.00
2015.08.11 08:22:40.937,1.37898,1.37904,1.12,1.00
2015.08.11 08:22:41.141,1.37896,1.37903,1.12,1.72
2015.08.11 08:22:41.293,1.37896,1.37899,1.00,1.00
2015.08.11 08:22:41.851,1.37895,1.37899,1.00,1.00
2015.08.11 08:22:44.102,1.37895,1.37898,1.00,1.00
2015.08.11 08:22:44.609,1.37895,1.37898,1.87,1.00
2015.08.11 08:22:45.374,1.37895,1.37898,1.50,1.00
2015.08.11 08:22:46.624,1.37892,1.37898,2.25,5.25
2015.08.11 08:22:47.161,1.37895,1.37898,1.00,1.00
2015.08.11 08:22:47.313,1.37892,1.37898,1.50,1.37
2015.08.11 08:22:47.414,1.37889,1.37893,1.50,1.37
2015.08.11 08:22:47.567,1.37885,1.3789,1.10,3.75
2015.08.11 08:22:47.618,1.37884,1.37887,1.10,1.37
2015.08.11 08:22:47.822,1.37884,1.37888,1.00,1.00
2015.08.11 08:22:48.425,1.37887,1.37888,1.00,1.00
2015.08.11 08:22:48.476,1.37887,1.37894,1.12,2.25
2015.08.11 08:22:48.527,1.3789,1.37894,1.00,1.87
2015.08.11 08:22:49.032,1.3789,1.37895,1.00,1.50
2015.08.11 08:22:49.244,1.3789,1.37897,1.00,1.87
2015.08.11 08:22:49.900,1.3789,1.37896,1.87,1.00
2015.08.11 08:22:50.257,1.37892,1.37896,1.00,1.00
2015.08.11 08:22:51.968,1.37894,1.37898,1.00,1.00
2015.08.11 08:22:52.479,1.37895,1.37898,1.12,1.00
2015.08.11 08:22:53.478,1.37894,1.37898,1.12,1.00
2015.08.11 08:22:53.989,1.37895,1.37898,1.50,1.00
2015.08.11 08:22:54.759,1.37894,1.37898,2.25,1.00
2015.08.11 08:22:55.064,1.37895,1.37899,1.87,1.50
2015.08.11 08:22:55.583,1.37895,1.37898,1.87,1.00
2015.08.11 08:22:56.144,1.37894,1.37899,3.00,1.00
2015.08.11 08:22:56.504,1.37895,1.37901,1.12,1.00
2015.08.11 08:22:56.657,1.37895,1.37903,1.12,1.12
2015.08.11 08:22:57.546,1.37894,1.37902,1.12,1.00
2015.08.11 08:22:58.512,1.37894,1.37899,1.12,1.00
2015.08.11 08:22:59.147,1.37892,1.37898,2.62,1.00
2015.08.11 08:23:00.018,1.37892,1.37899,1.87,1.00
2015.08.11 08:23:00.272,1.37889,1.37898,1.87,1.12
2015.08.11 08:23:00.921,1.37892,1.37899,1.00,1.00
2015.08.11 08:23:01.427,1.37891,1.37898,1.00,1.00
2015.08.11 08:23:01.931,1.37892,1.37898,1.12,1.00
2015.08.11 08:23:02.461,1.37891,1.37898,1.00,1.00
2015.08.11 08:23:03.241,1.37891,1.37898,1.87,1.00
2015.08.11 08:23:04.540,1.37892,1.37898,1.37,1.00
2015.08.11 08:23:04.945,1.37891,1.37898,1.87,1.00
2015.08.11 08:23:05.453,1.37891,1.37898,1.00,1.00
2015.08.11 08:23:05.994,1.37891,1.37898,1.37,1.00
2015.08.11 08:23:06.705,1.37893,1.37899,1.87,1.00
2015.08.11 08:23:07.433,1.37893,1.37898,1.12,1.00
2015.08.11 08:23:08.234,1.37892,1.37898,1.87,1.00
2015.08.11 08:23:08.953,1.37894,1.37899,1.37,1.00
2015.08.11 08:23:09.484,1.37894,1.37899,1.12,1.00
2015.08.11 08:23:09.806,1.37894,1.37899,1.37,1.00
2015.08.11 08:23:10.293,1.37897,1.37898,1.00,1.00
2015.08.11 08:23:10.824,1.37895,1.37898,1.00,1.00
2015.08.11 08:23:11.329,1.37893,1.37897,1.50,1.00
2015.08.11 08:23:13.197,1.37892,1.37898,2.25,1.00
2015.08.11 08:23:13.248,1.37892,1.37898,1.00,1.00
2015.08.11 08:23:13.400,1.3789,1.37898,2.32,1.00
2015.08.11 08:23:14.133,1.37889,1.37898,1.00,1.50
2015.08.11 08:23:14.588,1.37888,1.37896,1.50,1.00
2015.08.11 08:23:14.891,1.37885,1.37891,1.00,1.00
2015.08.11 08:23:15.205,1.37887,1.37892,1.00,1.00
2015.08.11 08:23:16.161,1.37886,1.37892,1.00,1.12
2015.08.11 08:23:16.465,1.37889,1.37896,3.37,1.12
2015.08.11 08:23:16.618,1.37891,1.37899,1.00,1.00
2015.08.11 08:23:16.770,1.37893,1.379,1.00,1.00
2015.08.11 08:23:17.368,1.37892,1.37899,1.00,1.00
2015.08.11 08:23:17.877,1.3789,1.379,1.87,7.12
2015.08.11 08:23:18.282,1.3789,1.37898,1.12,5.10
2015.08.11 08:23:18.876,1.37888,1.37894,1.37,1.35
2015.08.11 08:23:18.927,1.37887,1.37893,2.25,1.00
2015.08.11 08:23:19.635,1.37889,1.37893,1.00,1.00
2015.08.11 08:23:20.155,1.3789,1.37893,1.00,1.00
2015.08.11 08:23:20.694,1.37888,1.37893,1.12,1.00
2015.08.11 08:23:21.379,1.37889,1.37894,1.00,1.37
2015.08.11 08:23:22.575,1.37884,1.3789,4.27,3.22
2015.08.11 08:23:22.626,1.37881,1.37888,1.50,1.50
2015.08.11 08:23:22.677,1.3788,1.37887,2.25,1.00
2015.08.11 08:23:22.879,1.37881,1.37885,1.12,1.00
2015.08.11 08:23:23.132,1.37879,1.37884,1.00,1.00
2015.08.11 08:23:23.385,1.37877,1.37884,1.12,1.00
2015.08.11 08:23:23.951,1.37877,1.37883,1.12,1.00
2015.08.11 08:23:24.429,1.37877,1.37883,1.00,1.37
2015.08.11 08:23:27.853,1.37877,1.37883,1.00,1.87
2015.08.11 08:23:28.411,1.37875,1.37881,1.50,1.50
2015.08.11 08:23:28.462,1.37874,1.3788,1.50,1.37
2015.08.11 08:23:28.614,1.37871,1.37878,1.00,1.00
2015.08.11 08:23:29.256,1.3787,1.37874,1.00,1.00
2015.08.11 08:23:29.319,1.37865,1.37874,2.25,1.00
2015.08.11 08:23:29.525,1.37865,1.37873,2.25,1.37
2015.08.11 08:23:29.778,1.37864,1.37873,2.44,1.37
2015.08.11 08:23:30.341,1.37864,1.37872,1.50,1.87
2015.08.11 08:23:30.839,1.37861,1.37867,1.69,1.12
2015.08.11 08:23:30.890,1.37861,1.37867,1.00,1.12
2015.08.11 08:23:31.411,1.37861,1.37867,1.00,1.37
2015.08.11 08:23:31.917,1.37861,1.37867,1.00,1.37
2015.08.11 08:23:32.430,1.37859,1.37867,1.50,1.37
2015.08.11 08:23:32.532,1.3786,1.37868,1.00,2.25
2015.08.11 08:23:33.190,1.37856,1.37863,1.12,1.12
2015.08.11 08:23:33.240,1.37856,1.37863,1.00,1.37
2015.08.11 08:23:33.995,1.37857,1.37865,1.00,1.12
2015.08.11 08:23:34.527,1.37856,1.37865,2.25,1.37
2015.08.11 08:23:34.962,1.37857,1.37866,1.00,1.87
2015.08.11 08:23:35.466,1.37856,1.37864,1.12,1.37
2015.08.11 08:23:35.984,1.37857,1.37865,1.00,1.37
2015.08.11 08:23:37.112,1.37855,1.37864,1.50,1.37
2015.08.11 08:23:37.163,1.37853,1.3786,1.00,1.00
2015.08.11 08:23:37.618,1.37855,1.37864,1.00,1.50
2015.08.11 08:23:38.551,1.37855,1.37865,1.50,1.87
2015.08.11 08:23:38.955,1.37855,1.37861,1.00,1.37
2015.08.11 08:23:39.058,1.37851,1.3786,1.46,1.87
2015.08.11 08:23:39.311,1.3785,1.37859,1.50,1.12
2015.08.11 08:23:39.463,1.3785,1.37859,1.50,1.37
2015.08.11 08:23:40.510,1.37851,1.37859,1.00,1.37
2015.08.11 08:23:41.304,1.3785,1.37859,1.25,1.37
2015.08.11 08:23:42.646,1.3785,1.37859,1.31,1.37
2015.08.11 08:23:43.061,1.3785,1.37859,1.69,1.37
2015.08.11 08:23:43.656,1.37849,1.37858,1.39,1.87
2015.08.11 08:23:43.969,1.37847,1.37856,1.09,2.25
2015.08.11 08:23:44.072,1.37847,1.37856,1.09,1.37
2015.08.11 08:23:44.478,1.37851,1.3786,1.00,1.37
2015.08.11 08:23:45.005,1.37853,1.3786,1.00,1.00
2015.08.11 08:23:45.056,1.37851,1.37862,1.25,2.62
2015.08.11 08:23:45.470,1.3785,1.37861,2.44,1.50
2015.08.11 08:23:45.775,1.3785,1.37858,1.69,1.37
2015.08.11 08:23:46.313,1.37851,1.37859,1.50,1.37
2015.08.11 08:23:46.789,1.37853,1.3786,1.00,1.87
2015.08.11 08:23:47.313,1.37852,1.37859,1.12,1.37
2015.08.11 08:23:48.328,1.37854,1.37863,1.37,2.62
2015.08.11 08:23:48.633,1.37857,1.37865,1.12,1.87
2015.08.11 08:23:49.138,1.37856,1.37864,4.31,1.37
2015.08.11 08:23:49.890,1.37856,1.37865,4.50,1.37
2015.08.11 08:23:51.732,1.37857,1.37867,4.12,1.87
2015.08.11 08:23:51.783,1.37858,1.37866,4.12,1.37
2015.08.11 08:23:52.298,1.37858,1.37867,4.20,1.87
2015.08.11 08:23:52.653,1.37858,1.37861,1.00,1.00
2015.08.11 08:23:53.191,1.37855,1.37857,1.00,1.50
2015.08.11 08:23:53.242,1.37849,1.37857,2.25,1.00
2015.08.11 08:23:53.403,1.37848,1.37857,1.00,1.00
2015.08.11 08:23:53.817,1.37848,1.37857,1.00,1.37
2015.08.11 08:23:54.546,1.37851,1.37857,1.00,1.87
2015.08.11 08:23:54.598,1.37851,1.37857,1.00,1.12
2015.08.11 08:23:54.750,1.37852,1.37859,1.00,2.25
2015.08.11 08:23:55.292,1.37853,1.37861,1.00,1.50
2015.08.11 08:23:55.485,1.37853,1.37861,1.00,1.87
2015.08.11 08:23:56.242,1.37852,1.3786,1.00,1.50
2015.08.11 08:23:56.594,1.37853,1.3786,3.00,1.12
2015.08.11 08:23:57.102,1.37853,1.37861,2.25,1.37
2015.08.11 08:23:57.567,1.37851,1.37861,1.87,1.37
2015.08.11 08:23:58.099,1.37852,1.3786,1.00,1.37
2015.08.11 08:23:58.657,1.37852,1.37862,1.00,2.62
2015.08.11 08:23:59.513,1.37851,1.37862,1.50,1.87
2015.08.11 08:23:59.564,1.37853,1.37862,1.00,1.87
2015.08.11 08:23:59.868,1.37855,1.3786,1.00,1.00
2015.08.11 08:24:00.373,1.37855,1.37863,1.00,1.37
2015.08.11 08:24:01.020,1.37854,1.37863,1.00,1.37
2015.08.11 08:24:01.324,1.37851,1.3786,1.09,1.37
2015.08.11 08:24:01.426,1.3785,1.3786,5.32,1.37
2015.08.11 08:24:01.964,1.3785,1.37859,2.62,1.12
2015.08.11 08:24:02.620,1.3785,1.3786,3.37,1.37
2015.08.11 08:24:03.165,1.3785,1.3786,1.87,1.50
2015.08.11 08:24:03.468,1.37852,1.37861,1.00,2.62
2015.08.11 08:24:04.483,1.37851,1.3786,1.00,1.50
2015.08.11 08:24:08.013,1.3785,1.37859,1.50,1.37
2015.08.11 08:24:08.287,1.3785,1.37859,1.50,1.12
2015.08.11 08:24:08.388,1.3785,1.37858,1.12,1.37
2015.08.11 08:24:08.703,1.37848,1.37858,3.26,1.37
2015.08.11 08:24:08.755,1.37848,1.37858,1.76,4.50
2015.08.11 08:24:10.088,1.37847,1.37855,1.12,1.12
2015.08.11 08:24:11.987,1.37848,1.37855,1.00,1.12
2015.08.11 08:24:12.088,1.3785,1.37857,1.00,1.12
2015.08.11 08:24:12.593,1.37849,1.37857,1.50,1.12
2015.08.11 08:24:13.128,1.3785,1.37859,1.87,1.87
2015.08.11 08:24:13.436,1.37855,1.37859,1.00,1.00
2015.08.11 08:24:13.588,1.37851,1.37859,1.87,1.12
2015.08.11 08:24:13.639,1.37851,1.37859,1.37,1.37
2015.08.11 08:24:14.144,1.37848,1.37859,2.25,1.37
2015.08.11 08:24:14.687,1.37848,1.37859,2.25,1.87
2015.08.11 08:24:14.939,1.37848,1.37858,1.37,1.37
2015.08.11 08:24:14.990,1.37847,1.37857,1.31,1.87
2015.08.11 08:24:16.704,1.37835,1.37847,8.14,1.12
2015.08.11 08:24:16.960,1.3784,1.37849,1.00,4.87
2015.08.11 08:24:17.011,1.3784,1.37849,1.50,1.00
2015.08.11 08:24:17.163,1.37843,1.3785,1.00,2.62
2015.08.11 08:24:18.013,1.37844,1.37851,6.00,1.00
2015.08.11 08:24:18.064,1.37848,1.37857,1.00,2.25
2015.08.11 08:24:18.368,1.37846,1.37857,1.12,2.25
2015.08.11 08:24:18.931,1.37849,1.37858,1.00,4.87
2015.08.11 08:24:19.409,1.37846,1.37856,1.12,2.25
2015.08.11 08:24:21.015,1.3785,1.37857,1.00,2.62
2015.08.11 08:24:21.066,1.3785,1.37856,1.00,1.00
2015.08.11 08:24:21.977,1.3785,1.37859,1.00,2.62
2015.08.11 08:24:22.893,1.37848,1.37857,1.84,1.00
2015.08.11 08:24:23.312,1.3785,1.37858,1.27,1.00
2015.08.11 08:24:23.514,1.37847,1.37856,3.00,1.00
2015.08.11 08:24:23.666,1.37846,1.37856,1.65,1.12
2015.08.11 08:24:24.321,1.37847,1.37853,1.12,1.00
2015.08.11 08:24:24.372,1.37847,1.37856,1.37,1.12
2015.08.11 08:24:24.878,1.37849,1.37855,1.50,1.00
2015.08.11 08:24:25.631,1.3785,1.37857,1.20,1.00
2015.08.11 08:24:26.140,1.37849,1.37858,2.70,1.12
2015.08.11 08:24:26.191,1.37849,1.37857,1.95,1.37
2015.08.11 08:24:27.358,1.37847,1.37858,2.40,1.37
2015.08.11 08:24:27.662,1.37849,1.37858,1.50,1.12
2015.08.11 08:24:27.966,1.3785,1.37851,1.00,1.00
2015.08.11 08:24:28.665,1.3785,1.37853,1.87,2.25
2015.08.11 08:24:28.892,1.37849,1.37857,1.50,1.00
2015.08.11 08:24:29.612,1.37849,1.37856,1.50,1.00
2015.08.11 08:24:30.256,1.37856,1.37858,1.12,1.00
2015.08.11 08:24:30.314,1.37856,1.37862,1.87,1.50
2015.08.11 08:24:30.821,1.37855,1.37862,1.12,1.00
2015.08.11 08:24:31.074,1.37855,1.37863,1.37,1.00
2015.08.11 08:24:31.630,1.3786,1.37863,1.50,1.00
2015.08.11 08:24:32.135,1.3786,1.37864,1.50,1.00
2015.08.11 08:24:32.653,1.3786,1.37864,3.00,1.00
2015.08.11 08:24:33.122,1.3786,1.37866,1.75,1.00
2015.08.11 08:24:33.561,1.3786,1.37866,1.00,1.12
2015.08.11 08:24:33.663,1.37859,1.37869,3.00,1.50
2015.08.11 08:24:33.714,1.37859,1.37867,1.50,1.00
2015.08.11 08:24:34.017,1.37857,1.37862,1.87,1.00
2015.08.11 08:24:34.554,1.37857,1.37863,1.37,1.00
2015.08.11 08:24:34.865,1.37864,1.37866,1.00,1.00
2015.08.11 08:24:35.118,1.37868,1.37871,1.50,1.00
2015.08.11 08:24:35.220,1.37869,1.37877,1.00,1.00
2015.08.11 08:24:35.760,1.37867,1.37873,1.50,1.00
2015.08.11 08:24:35.912,1.37867,1.37875,1.00,1.50
2015.08.11 08:24:36.114,1.37865,1.37875,2.25,1.00
2015.08.11 08:24:37.092,1.37864,1.37873,1.00,1.37
2015.08.11 08:24:37.397,1.37863,1.37872,1.87,1.50
2015.08.11 08:24:37.903,1.3786,1.3787,1.87,1.00
2015.08.11 08:24:38.888,1.3786,1.37871,1.50,3.00
2015.08.11 08:24:39.444,1.3786,1.3787,1.50,1.00
2015.08.11 08:24:40.818,1.37863,1.3787,1.00,1.00
2015.08.11 08:24:41.071,1.37867,1.37878,1.87,3.37
2015.08.11 08:24:41.172,1.37867,1.37876,3.00,1.00
2015.08.11 08:24:41.809,1.37867,1.37876,1.87,1.00
2015.08.11 08:24:42.114,1.37872,1.3788,2.25,4.12
2015.08.11 08:24:42.165,1.37872,1.37881,1.50,1.50
2015.08.11 08:24:42.726,1.37876,1.37882,1.00,4.12
2015.08.11 08:24:43.228,1.37877,1.37881,1.95,1.00
2015.08.11 08:24:43.300,1.37878,1.37887,1.12,1.50
2015.08.11 08:24:43.757,1.37875,1.37885,2.04,1.50
2015.08.11 08:24:43.859,1.37875,1.37885,1.87,1.12
2015.08.11 08:24:43.960,1.37875,1.37881,1.12,1.00
2015.08.11 08:24:44.980,1.37878,1.37884,1.37,1.00
2015.08.11 08:24:45.284,1.3788,1.37887,3.00,1.12
2015.08.11 08:24:45.871,1.37881,1.37886,1.00,1.00
2015.08.11 08:24:45.922,1.37883,1.37888,1.00,1.50
2015.08.11 08:24:46.430,1.37882,1.37888,1.12,1.00
2015.08.11 08:24:46.537,1.37882,1.3789,1.12,1.12
2015.08.11 08:24:46.639,1.37882,1.3789,1.37,1.00
2015.08.11 08:24:47.241,1.37882,1.37891,1.87,1.00
2015.08.11 08:24:47.292,1.37882,1.37891,1.00,1.87
2015.08.11 08:24:47.343,1.37884,1.37891,1.00,1.87
2015.08.11 08:24:48.039,1.37884,1.37891,1.00,1.50
2015.08.11 08:24:50.724,1.37882,1.3789,1.00,1.00
2015.08.11 08:24:51.570,1.37883,1.3789,1.00,1.00
2015.08.11 08:24:52.077,1.37884,1.3789,1.00,1.00
2015.08.11 08:24:52.597,1.37883,1.37889,1.50,1.00
2015.08.11 08:24:53.103,1.37882,1.3789,1.12,1.37
2015.08.11 08:24:53.588,1.3788,1.37888,1.00,1.12
2015.08.11 08:24:53.892,1.3788,1.3789,1.50,6.22
2015.08.11 08:24:53.943,1.3788,1.37888,1.00,4.50
2015.08.11 08:24:54.905,1.37879,1.37886,1.12,1.50
2015.08.11 08:24:56.626,1.37879,1.37886,1.00,1.50
2015.08.11 08:24:56.928,1.37877,1.37886,1.12,2.25
2015.08.11 08:24:57.451,1.37876,1.37886,1.12,2.25
2015.08.11 08:24:57.804,1.37875,1.37886,3.00,2.25
2015.08.11 08:24:58.376,1.37875,1.37879,1.12,1.87
2015.08.11 08:24:58.427,1.37869,1.37879,1.87,1.87
2015.08.11 08:24:58.477,1.37876,1.37879,1.00,1.12
2015.08.11 08:24:58.579,1.37873,1.37881,1.00,1.50
2015.08.11 08:24:58.630,1.37874,1.37881,1.37,1.00
2015.08.11 08:24:58.732,1.37874,1.37883,1.00,1.50
2015.08.11 08:24:58.783,1.37871,1.3788,1.87,1.00
2015.08.11 08:24:58.986,1.37871,1.37878,1.00,1.00
2015.08.11 08:24:59.087,1.37869,1.37878,1.50,1.10
2015.08.11 08:24:59.651,1.37875,1.37877,1.50,1.12
2015.08.11 08:24:59.702,1.37876,1.37885,1.87,1.37
2015.08.11 08:24:59.753,1.37878,1.37884,1.00,1.00
2015.08.11 08:24:59.904,1.3788,1.37888,1.50,1.12
2015.08.11 08:24:59.956,1.37882,1.37887,1.00,1.00
2015.08.11 08:25:00.835,1.37884,1.3789,1.00,2.25
2015.08.11 08:25:01.192,1.37882,1.37891,1.12,2.25
2015.08.11 08:25:01.293,1.37884,1.37892,1.00,1.50
2015.08.11 08:25:02.662,1.37882,1.37891,1.12,1.00
2015.08.11 08:25:02.714,1.37882,1.37889,1.12,1.00
2015.08.11 08:25:03.221,1.37881,1.37889,1.50,1.00
2015.08.11 08:25:03.474,1.37881,1.37889,1.00,1.00
2015.08.11 08:25:04.140,1.37882,1.3789,1.00,2.25
2015.08.11 08:25:04.243,1.3788,1.3789,1.12,2.25
2015.08.11 08:25:04.654,1.37879,1.37888,1.00,1.00
2015.08.11 08:25:05.261,1.37879,1.37888,1.12,1.50
2015.08.11 08:25:05.830,1.37879,1.37888,1.12,1.00
2015.08.11 08:25:06.356,1.37879,1.37889,1.37,1.57
2015.08.11 08:25:06.889,1.37879,1.3789,1.37,6.37
2015.08.11 08:25:07.669,1.37879,1.37888,1.37,1.00
2015.08.11 08:25:08.795,1.37878,1.37889,1.00,1.87
2015.08.11 08:25:08.896,1.37876,1.37886,5.25,1.37
2015.08.11 08:25:08.998,1.37875,1.37886,2.62,1.87
2015.08.11 08:25:09.439,1.37875,1.37877,1.00,1.20
2015.08.11 08:25:09.490,1.37866,1.37875,1.37,1.00
2015.08.11 08:25:09.743,1.37869,1.37878,1.00,1.00
2015.08.11 08:25:09.794,1.37869,1.3788,6.37,2.25
2015.08.11 08:25:10.198,1.3787,1.37879,1.50,1.50
2015.08.11 08:25:10.754,1.37871,1.3788,1.00,1.12
2015.08.11 08:25:10.864,1.37876,1.37881,1.00,1.50
2015.08.11 08:25:10.965,1.37878,1.37884,1.00,1.12
2015.08.11 08:25:11.066,1.37879,1.37887,1.00,1.50
2015.08.11 08:25:12.056,1.37879,1.37888,1.37,2.62
2015.08.11 08:25:14.295,1.37879,1.37887,1.00,1.95
2015.08.11 08:25:14.800,1.3788,1.37887,1.00,1.87
2015.08.11 08:25:15.053,1.37877,1.37885,1.50,1.37
2015.08.11 08:25:15.205,1.37877,1.37884,1.50,1.37
2015.08.11 08:25:15.307,1.37876,1.37884,1.00,1.37
2015.08.11 08:25:15.842,1.37874,1.37881,1.12,1.37
2015.08.11 08:25:17.603,1.3787,1.37878,4.72,1.37
2015.08.11 08:25:17.856,1.37867,1.37876,1.50,1.37
2015.08.11 08:25:17.907,1.37867,1.37876,1.72,1.50
2015.08.11 08:25:18.211,1.37867,1.37873,1.00,1.00
2015.08.11 08:25:18.363,1.37864,1.37873,1.20,1.00
2015.08.11 08:25:18.946,1.37864,1.37873,1.50,1.12
2015.08.11 08:25:19.500,1.37864,1.37874,1.87,1.87
2015.08.11 08:25:19.701,1.37864,1.37874,1.50,1.87
2015.08.11 08:25:19.974,1.37864,1.37871,1.00,1.00
2015.08.11 08:25:20.505,1.37867,1.37871,1.00,1.37
2015.08.11 08:25:20.811,1.37864,1.37867,1.00,1.00
2015.08.11 08:25:20.863,1.3786,1.37867,1.00,1.50
2015.08.11 08:25:21.369,1.37858,1.37867,2.62,1.00
2015.08.11 08:25:21.902,1.37857,1.37866,1.00,1.50
2015.08.11 08:25:22.106,1.37855,1.37864,1.50,1.50
2015.08.11 08:25:22.409,1.37854,1.3786,1.00,1.12
2015.08.11 08:25:23.337,1.37858,1.37862,1.00,1.00
2015.08.11 08:25:23.391,1.37858,1.37867,1.00,1.00
2015.08.11 08:25:23.949,1.37856,1.37868,1.12,5.32
2015.08.11 08:25:25.147,1.37855,1.37865,1.00,2.62
2015.08.11 08:25:25.825,1.37854,1.37863,1.12,1.00
2015.08.11 08:25:26.128,1.37854,1.37863,1.37,1.00
2015.08.11 08:25:26.933,1.37854,1.37864,1.87,1.00
2015.08.11 08:25:27.237,1.37853,1.37862,1.50,1.00
2015.08.11 08:25:28.235,1.37855,1.37864,1.12,1.12
2015.08.11 08:25:28.641,1.37854,1.37863,1.12,1.87
2015.08.11 08:25:28.945,1.3785,1.37859,1.50,1.00
2015.08.11 08:25:30.033,1.37852,1.37857,1.00,3.75
2015.08.11 08:25:31.450,1.37851,1.37856,1.12,1.00
2015.08.11 08:25:32.417,1.37851,1.37859,1.12,4.87
2015.08.11 08:25:33.328,1.3785,1.37858,1.37,1.00
2015.08.11 08:25:33.872,1.3785,1.37859,1.87,1.12
2015.08.11 08:25:34.377,1.37851,1.37859,1.12,1.00
2015.08.11 08:25:34.870,1.37852,1.37861,1.37,1.12
2015.08.11 08:25:36.902,1.37853,1.37862,1.37,1.87
2015.08.11 08:25:38.611,1.37853,1.37861,1.12,1.87
2015.08.11 08:25:38.662,1.37853,1.3786,1.37,1.12
2015.08.11 08:25:38.819,1.37853,1.37862,1.37,1.50
2015.08.11 08:25:40.530,1.37853,1.37861,1.37,1.00
2015.08.11 08:25:41.045,1.37853,1.3786,1.37,1.00
2015.08.11 08:25:42.935,1.37852,1.3786,1.37,1.12
2015.08.11 08:25:43.389,1.37851,1.3786,1.75,1.12
2015.08.11 08:25:43.693,1.37859,1.37869,1.75,1.95
2015.08.11 08:25:43.794,1.3786,1.3787,2.25,3.07
2015.08.11 08:25:44.338,1.3786,1.3787,2.25,1.00
2015.08.11 08:25:44.742,1.3786,1.37868,2.62,1.00
2015.08.11 08:25:45.095,1.37858,1.37869,2.70,2.62
2015.08.11 08:25:45.775,1.37858,1.37869,3.07,1.50
2015.08.11 08:25:47.825,1.3786,1.3787,2.70,1.12
2015.08.11 08:25:49.600,1.37866,1.3787,1.00,1.00
2015.08.11 08:25:49.752,1.37867,1.37873,1.37,1.00
2015.08.11 08:25:49.803,1.37869,1.37875,1.37,1.50
2015.08.11 08:25:49.904,1.37869,1.37877,1.12,1.37
2015.08.11 08:25:50.411,1.37869,1.37878,1.00,2.25
2015.08.11 08:25:50.953,1.37868,1.37878,1.00,3.00
2015.08.11 08:25:51.004,1.37868,1.37875,1.12,1.00
2015.08.11 08:25:51.194,1.37868,1.37877,1.12,1.12
2015.08.11 08:25:51.260,1.37868,1.37877,4.50,1.12
2015.08.11 08:25:51.766,1.37868,1.37878,3.15,1.00
2015.08.11 08:25:52.446,1.37871,1.37878,1.87,1.00
2015.08.11 08:25:53.488,1.3787,1.37879,1.37,1.00
2015.08.11 08:25:54.258,1.37869,1.37877,3.00,1.00
2015.08.11 08:25:54.409,1.37868,1.37877,1.12,1.00
2015.08.11 08:25:54.511,1.37868,1.37879,1.12,1.00
2015.08.11 08:25:54.713,1.37871,1.37878,1.00,1.00
2015.08.11 08:25:55.727,1.3787,1.37878,1.87,1.37
2015.08.11 08:25:56.254,1.37872,1.37878,1.00,1.37
2015.08.11 08:25:56.810,1.37872,1.37878,1.00,1.00
2015.08.11 08:25:57.386,1.37872,1.37877,1.00,1.00
2015.08.11 08:25:57.438,1.37871,1.37879,1.00,1.12
2015.08.11 08:25:59.655,1.37871,1.37878,1.00,1.37
2015.08.11 08:26:00.162,1.37871,1.37878,1.12,1.12
2015.08.11 08:26:01.061,1.37872,1.37878,1.00,1.12
2015.08.11 08:26:01.984,1.37872,1.37879,1.50,1.00
2015.08.11 08:26:02.609,1.37874,1.37878,1.00,1.00
2015.08.11 08:26:03.137,1.37875,1.37878,1.37,1.00
2015.08.11 08:26:03.290,1.37876,1.37882,1.12,1.00
2015.08.11 08:26:03.929,1.37875,1.37882,1.12,1.12
2015.08.11 08:26:03.980,1.37874,1.3788,1.00,1.00
2015.08.11 08:26:04.139,1.37872,1.3788,1.50,1.50
2015.08.11 08:26:04.645,1.37872,1.3788,1.87,1.00
2015.08.11 08:26:05.432,1.37872,1.3788,1.50,1.00
2015.08.11 08:26:05.945,1.37871,1.37879,2.25,1.00
2015.08.11 08:26:06.450,1.37871,1.37879,2.25,1.00
2015.08.11 08:26:08.879,1.37869,1.37879,1.87,1.37
2015.08.11 08:26:09.409,1.3787,1.37878,1.00,1.12
2015.08.11 08:26:10.287,1.37869,1.37879,1.37,2.62
2015.08.11 08:26:10.794,1.37868,1.37877,1.50,1.00
2015.08.11 08:26:13.110,1.37867,1.37877,3.00,1.12
2015.08.11 08:26:14.455,1.37869,1.37877,1.71,1.12
2015.08.11 08:26:14.658,1.37868,1.37875,3.75,1.00
2015.08.11 08:26:15.229,1.37868,1.37875,1.37,1.00
2015.08.11 08:26:15.776,1.37868,1.37875,1.00,1.00
2015.08.11 08:26:16.535,1.37868,1.37875,1.37,1.00
2015.08.11 08:26:18.743,1.37868,1.37876,1.37,1.00
2015.08.11 08:26:19.312,1.37867,1.37875,1.87,1.00
2015.08.11 08:26:20.974,1.37867,1.37875,1.87,1.00
2015.08.11 08:26:21.490,1.37867,1.37876,1.50,1.50
2015.08.11 08:26:22.242,1.37867,1.37876,1.37,1.12
2015.08.11 08:26:25.051,1.37869,1.37878,1.87,1.37
2015.08.11 08:26:25.356,1.37869,1.37871,1.00,1.00
2015.08.11 08:26:25.508,1.37861,1.37871,2.25,1.12
2015.08.11 08:26:25.610,1.37864,1.37871,1.00,1.12
2015.08.11 08:26:25.660,1.37864,1.37869,1.00,1.00
2015.08.11 08:26:26.354,1.37862,1.37869,1.00,1.50
2015.08.11 08:26:26.937,1.37861,1.37869,1.00,1.00
2015.08.11 08:26:27.242,1.37862,1.37869,1.00,1.87
2015.08.11 08:26:27.802,1.37861,1.37864,1.00,1.00
2015.08.11 08:26:28.336,1.37858,1.37864,1.37,1.00
2015.08.11 08:26:28.842,1.37857,1.37865,1.50,1.50
2015.08.11 08:26:30.718,1.37857,1.37863,1.12,1.00
2015.08.11 08:26:31.401,1.37856,1.37864,1.87,1.00
2015.08.11 08:26:31.705,1.37857,1.37865,1.37,1.12
2015.08.11 08:26:34.185,1.37856,1.37866,1.50,1.00
2015.08.11 08:26:34.720,1.37856,1.37865,1.50,1.00
2015.08.11 08:26:35.258,1.37856,1.37866,1.50,1.50
2015.08.11 08:26:35.722,1.37855,1.37864,1.85,1.00
2015.08.11 08:26:36.268,1.37854,1.37864,3.82,1.00
2015.08.11 08:26:37.569,1.37858,1.37867,1.50,1.37
2015.08.11 08:26:37.621,1.37858,1.37868,1.87,2.25
2015.08.11 08:26:38.389,1.37858,1.37868,1.87,1.57
2015.08.11 08:26:39.066,1.37858,1.37866,1.37,1.00
2015.08.11 08:26:39.600,1.37856,1.37866,5.62,1.12
2015.08.11 08:26:40.123,1.37856,1.37866,1.87,1.50
2015.08.11 08:26:41.395,1.37861,1.37866,1.00,1.12
2015.08.11 08:26:42.107,1.37868,1.37875,1.37,1.00
2015.08.11 08:26:42.165,1.37869,1.37877,1.37,1.50
2015.08.11 08:26:42.672,1.37868,1.37875,2.62,1.00
2015.08.11 08:26:43.740,1.37864,1.37875,1.87,1.50
2015.08.11 08:26:44.322,1.37863,1.37875,2.25,2.62
2015.08.11 08:26:44.831,1.37864,1.37874,1.37,1.37
2015.08.11 08:26:45.364,1.37864,1.37875,1.12,6.75
2015.08.11 08:26:45.520,1.37864,1.3787,1.12,1.00
2015.08.11 08:26:45.722,1.37862,1.3787,1.12,1.00
2015.08.11 08:26:46.250,1.3786,1.37871,3.00,1.12
2015.08.11 08:26:46.452,1.3786,1.37871,3.75,1.12
2015.08.11 08:26:46.958,1.37861,1.37872,1.75,6.00
2015.08.11 08:26:47.479,1.37861,1.37871,1.37,1.37
2015.08.11 08:26:50.780,1.37858,1.37868,1.00,1.50
2015.08.11 08:26:51.286,1.37859,1.37869,1.00,3.00
2015.08.11 08:26:51.793,1.37859,1.37869,1.12,1.12
2015.08.11 08:26:52.251,1.37858,1.37867,1.37,2.62
2015.08.11 08:26:52.403,1.37853,1.37863,2.25,1.12
2015.08.11 08:26:52.909,1.37854,1.37863,1.00,1.00
2015.08.11 08:26:53.569,1.37853,1.37864,3.37,1.37
2015.08.11 08:26:53.671,1.37856,1.37865,1.12,1.87
2015.08.11 08:26:54.182,1.37855,1.37865,1.87,1.12
2015.08.11 08:26:55.075,1.37856,1.37861,1.00,1.00
2015.08.11 08:26:55.178,1.37855,1.37865,1.87,1.00
2015.08.11 08:26:55.382,1.37854,1.37863,1.25,1.37
2015.08.11 08:26:55.688,1.37852,1.37856,1.00,1.00
2015.08.11 08:26:56.210,1.37851,1.37856,1.00,1.00
2015.08.11 08:26:56.909,1.3785,1.37855,1.50,1.00
2015.08.11 08:26:57.598,1.37847,1.37855,1.37,1.00
2015.08.11 08:26:57.649,1.37847,1.37855,1.37,4.12
2015.08.11 08:26:58.163,1.37847,1.37854,1.12,1.00
2015.08.11 08:26:58.888,1.37846,1.37853,1.37,4.87
2015.08.11 08:26:58.942,1.37845,1.37853,1.50,4.87
2015.08.11 08:26:59.446,1.37845,1.37852,1.00,4.12
2015.08.11 08:27:00.700,1.37844,1.3785,1.00,1.75
2015.08.11 08:27:00.801,1.37839,1.37845,1.19,1.50
2015.08.11 08:27:00.902,1.37836,1.37844,2.32,1.00
2015.08.11 08:27:01.205,1.37837,1.37844,2.25,1.00
2015.08.11 08:27:01.307,1.37838,1.37846,1.87,4.12
2015.08.11 08:27:02.232,1.37841,1.37847,1.00,3.75
2015.08.11 08:27:02.283,1.37843,1.37852,1.00,1.37
2015.08.11 08:27:02.803,1.37844,1.37851,1.00,1.00
2015.08.11 08:27:03.613,1.37835,1.37844,5.25,4.12
2015.08.11 08:27:03.816,1.37833,1.3784,1.50,1.00
2015.08.11 08:27:04.323,1.37832,1.37841,1.00,4.87
2015.08.11 08:27:04.936,1.37832,1.37841,1.37,5.62
2015.08.11 08:27:05.478,1.37834,1.37841,1.12,1.50
2015.08.11 08:27:08.108,1.37837,1.37843,1.37,4.50
2015.08.11 08:27:08.167,1.37838,1.37848,1.37,1.87
2015.08.11 08:27:08.672,1.3784,1.37848,1.00,1.00
2015.08.11 08:27:08.874,1.37841,1.37851,1.12,1.87
2015.08.11 08:27:09.616,1.37842,1.37851,1.37,1.87
2015.08.11 08:27:09.818,1.37843,1.37852,1.12,2.25
2015.08.11 08:27:11.459,1.37843,1.3785,1.00,1.37
2015.08.11 08:27:11.964,1.37842,1.37851,1.37,2.25
2015.08.11 08:27:12.647,1.37844,1.37854,1.50,1.12
2015.08.11 08:27:14.587,1.37846,1.37854,1.00,1.00
2015.08.11 08:27:15.121,1.37846,1.37854,1.00,1.37
2015.08.11 08:27:16.053,1.37846,1.37854,1.50,1.37
2015.08.11 08:27:17.742,1.37847,1.37854,1.00,1.37
2015.08.11 08:27:18.259,1.37847,1.37855,1.00,3.00
2015.08.11 08:27:20.289,1.37846,1.37854,1.12,1.12
2015.08.11 08:27:20.390,1.37848,1.37854,1.00,1.87
2015.08.11 08:27:21.023,1.3785,1.37854,1.00,1.00
2015.08.11 08:27:21.534,1.37849,1.37854,1.00,1.00
2015.08.11 08:27:21.914,1.37852,1.37856,1.00,1.87
2015.08.11 08:27:22.457,1.37857,1.37859,1.00,1.50
2015.08.11 08:27:22.509,1.3786,1.37865,1.12,1.87
2015.08.11 08:27:22.611,1.37858,1.37861,1.00,1.00
2015.08.11 08:27:22.763,1.37855,1.37859,1.00,1.00
2015.08.11 08:27:22.916,1.37854,1.37862,1.00,1.00
2015.08.11 08:27:23.018,1.37855,1.37863,3.75,1.00
2015.08.11 08:27:23.070,1.37856,1.37865,1.50,2.62
2015.08.11 08:27:23.651,1.3786,1.37866,1.00,1.37
2015.08.11 08:27:24.161,1.37861,1.37868,1.00,2.25
2015.08.11 08:27:25.531,1.37865,1.37869,1.00,1.12
2015.08.11 08:27:25.582,1.37865,1.37872,1.00,2.25
2015.08.11 08:27:25.633,1.37866,1.37875,1.00,3.52
2015.08.11 08:27:25.735,1.37869,1.37875,1.00,1.50
2015.08.11 08:27:26.637,1.37869,1.37874,1.00,1.50
2015.08.11 08:27:26.997,1.37868,1.37871,1.00,1.00
2015.08.11 08:27:27.048,1.37864,1.37871,1.12,1.37
2015.08.11 08:27:27.150,1.37861,1.37868,1.95,1.37
2015.08.11 08:27:27.783,1.37861,1.37867,1.87,1.37
2015.08.11 08:27:28.306,1.37863,1.37867,1.00,1.37
2015.08.11 08:27:29.133,1.37864,1.37869,1.00,3.37
2015.08.11 08:27:29.185,1.37865,1.3787,1.00,3.37
2015.08.11 08:27:29.387,1.37864,1.3787,1.00,3.00
2015.08.11 08:27:29.904,1.37864,1.3787,1.00,2.25
2015.08.11 08:27:30.593,1.37869,1.37871,1.00,1.00
2015.08.11 08:27:31.164,1.3787,1.37873,1.00,2.25
2015.08.11 08:27:31.266,1.37871,1.37874,1.00,1.12
2015.08.11 08:27:31.890,1.37864,1.37871,1.00,1.12
2015.08.11 08:27:32.161,1.37862,1.37867,1.50,1.00
2015.08.11 08:27:32.668,1.37861,1.37867,1.00,1.87
2015.08.11 08:27:33.431,1.37865,1.37869,1.00,1.50
2015.08.11 08:27:33.739,1.37867,1.3787,1.00,1.00
2015.08.11 08:27:34.043,1.37869,1.37872,1.00,1.00
2015.08.11 08:27:34.647,1.3787,1.37874,1.00,5.25
2015.08.11 08:27:34.698,1.3787,1.37875,1.00,1.87
2015.08.11 08:27:35.203,1.37869,1.37874,1.00,1.00
2015.08.11 08:27:35.355,1.37869,1.37874,1.00,1.87
2015.08.11 08:27:36.038,1.37868,1.37873,1.00,1.12
2015.08.11 08:27:36.541,1.37868,1.37873,1.00,1.37
2015.08.11 08:27:38.180,1.37865,1.37873,1.00,1.12
2015.08.11 08:27:38.282,1.37863,1.37873,2.62,2.62
2015.08.11 08:27:38.788,1.37864,1.37873,1.00,1.87
2015.08.11 08:27:39.682,1.37862,1.37872,6.00,1.50
2015.08.11 08:27:40.501,1.37862,1.37872,5.62,1.50
2015.08.11 08:27:41.290,1.37863,1.37872,1.37,1.50
2015.08.11 08:27:41.595,1.37867,1.37874,1.00,1.00
2015.08.11 08:27:42.532,1.37867,1.37874,1.00,2.62
2015.08.11 08:27:42.837,1.37867,1.37875,1.00,2.25
2015.08.11 08:27:43.370,1.37867,1.37874,1.00,1.00
2015.08.11 08:27:43.882,1.37869,1.37875,1.00,1.12
2015.08.11 08:27:44.849,1.37871,1.37875,1.00,1.12
2015.08.11 08:27:45.528,1.3787,1.37875,1.00,1.37
2015.08.11 08:27:45.579,1.37867,1.37875,1.00,1.00
2015.08.11 08:27:46.080,1.37868,1.37876,1.12,1.37
2015.08.11 08:27:46.131,1.37872,1.3788,1.00,6.52
2015.08.11 08:27:46.334,1.37874,1.37882,1.00,1.00
2015.08.11 08:27:46.889,1.37874,1.37879,1.00,1.00
2015.08.11 08:27:47.344,1.37873,1.37883,2.25,1.37
2015.08.11 08:27:48.212,1.37873,1.37883,2.25,1.37
2015.08.11 08:27:48.592,1.37876,1.37883,1.00,1.37
2015.08.11 08:27:49.102,1.37876,1.37883,1.00,1.12
2015.08.11 08:27:50.150,1.37875,1.37884,1.37,1.50
2015.08.11 08:27:50.818,1.37876,1.37884,1.00,1.50
2015.08.11 08:27:51.431,1.37874,1.37878,1.00,1.50
2015.08.11 08:27:51.880,1.37876,1.37877,1.00,1.00
2015.08.11 08:27:51.931,1.37876,1.3788,1.00,1.00
2015.08.11 08:27:52.083,1.37876,1.37882,1.12,1.00
2015.08.11 08:27:53.007,1.37875,1.37882,1.50,1.00
2015.08.11 08:27:53.260,1.37875,1.37879,1.00,1.00
2015.08.11 08:27:54.190,1.37875,1.3788,1.87,1.00
2015.08.11 08:27:54.242,1.37875,1.37882,1.87,1.00
2015.08.11 08:27:55.165,1.37876,1.37882,1.37,1.00
2015.08.11 08:27:56.387,1.37876,1.37882,1.12,1.00
2015.08.11 08:27:57.407,1.37876,1.37882,1.37,1.00
2015.08.11 08:27:57.458,1.37876,1.37879,1.37,1.00
2015.08.11 08:27:57.509,1.37874,1.37878,1.12,1.00
2015.08.11 08:27:57.928,1.37877,1.37879,1.00,1.00
2015.08.11 08:27:58.196,1.37877,1.37881,1.00,1.00
2015.08.11 08:27:59.505,1.37876,1.37881,1.00,1.00
2015.08.11 08:27:59.657,1.37878,1.37885,1.00,1.00
2015.08.11 08:27:59.708,1.37879,1.37886,1.12,1.00
2015.08.11 08:28:00.012,1.37877,1.37885,1.37,1.50
2015.08.11 08:28:00.544,1.37877,1.37883,1.50,1.00
2015.08.11 08:28:01.090,1.37876,1.37883,1.87,1.00
2015.08.11 08:28:01.595,1.37877,1.37883,1.00,1.00
2015.08.11 08:28:03.081,1.37877,1.37882,1.87,1.00
2015.08.11 08:28:03.704,1.37876,1.37878,1.50,1.00
2015.08.11 08:28:04.138,1.37876,1.37879,1.50,1.00
2015.08.11 08:28:04.194,1.37878,1.37884,1.00,1.12
2015.08.11 08:28:04.701,1.37879,1.37882,1.00,1.00
2015.08.11 08:28:05.354,1.37879,1.37881,1.00,1.00
2015.08.11 08:28:05.456,1.37879,1.37885,1.50,1.00
2015.08.11 08:28:05.609,1.37879,1.37882,1.50,1.00
2015.08.11 08:28:05.711,1.37879,1.37885,1.00,1.50
2015.08.11 08:28:05.915,1.37879,1.37881,1.00,1.00
2015.08.11 08:28:06.118,1.37879,1.37885,1.00,1.00
2015.08.11 08:28:06.691,1.37879,1.37882,1.00,1.00
2015.08.11 08:28:07.198,1.37879,1.37882,1.00,1.00
2015.08.11 08:28:08.085,1.37879,1.37884,1.00,1.00
2015.08.11 08:28:08.490,1.3788,1.37885,1.87,1.00
2015.08.11 08:28:08.541,1.37881,1.37887,4.12,1.00
2015.08.11 08:28:08.946,1.37883,1.37886,1.12,1.00
2015.08.11 08:28:08.997,1.37884,1.37886,1.00,1.00
2015.08.11 08:28:09.696,1.37883,1.37885,1.12,1.00
2015.08.11 08:28:09.747,1.37883,1.37885,1.12,1.00
2015.08.11 08:28:09.901,1.37883,1.37886,1.12,1.00
2015.08.11 08:28:10.002,1.37883,1.37891,2.62,1.00
2015.08.11 08:28:10.205,1.37885,1.37894,1.87,1.00
2015.08.11 08:28:10.407,1.37887,1.37892,1.87,1.00
2015.08.11 08:28:10.559,1.37887,1.37895,1.37,1.00
2015.08.11 08:28:11.062,1.3789,1.37895,1.00,1.00
2015.08.11 08:28:11.474,1.37888,1.37895,1.12,1.00
2015.08.11 08:28:11.525,1.37889,1.37893,1.37,1.00
2015.08.11 08:28:12.784,1.37889,1.37893,1.00,1.00
2015.08.11 08:28:12.836,1.37889,1.37895,1.00,1.00
2015.08.11 08:28:13.244,1.37889,1.37895,1.87,1.00
2015.08.11 08:28:13.396,1.37889,1.37897,1.87,1.00
2015.08.11 08:28:13.598,1.3789,1.37895,3.37,1.00
2015.08.11 08:28:14.615,1.37892,1.37897,2.25,1.00
2015.08.11 08:28:15.122,1.37893,1.37897,1.00,1.00
2015.08.11 08:28:15.274,1.37892,1.37901,1.12,1.00
2015.08.11 08:28:15.376,1.37893,1.37897,2.25,1.00
2015.08.11 08:28:15.931,1.37888,1.37891,1.09,1.00
2015.08.11 08:28:15.982,1.37884,1.37891,1.50,1.00
2015.08.11 08:28:16.236,1.37883,1.37891,1.87,1.00
2015.08.11 08:28:16.799,1.37883,1.3789,1.87,1.00
2015.08.11 08:28:17.407,1.37884,1.37893,2.25,3.75
2015.08.11 08:28:17.458,1.37885,1.37893,3.75,1.00
2015.08.11 08:28:17.966,1.37886,1.37894,1.50,1.00
2015.08.11 08:28:18.270,1.37889,1.37894,1.50,1.00
2015.08.11 08:28:18.746,1.37889,1.37892,1.00,1.00
2015.08.11 08:28:18.801,1.3789,1.37897,1.37,1.50
2015.08.11 08:28:18.903,1.37891,1.37899,2.25,1.00
2015.08.11 08:28:19.207,1.37891,1.37895,1.00,1.00
2015.08.11 08:28:20.234,1.37891,1.37893,1.00,1.00
2015.08.11 08:28:20.285,1.37888,1.37892,1.00,1.00
2015.08.11 08:28:20.336,1.37886,1.37891,1.00,1.00
2015.08.11 08:28:20.438,1.37884,1.3789,1.50,1.00
2015.08.11 08:28:21.093,1.37882,1.37889,4.87,1.00
2015.08.11 08:28:21.685,1.37882,1.37891,1.00,1.87
2015.08.11 08:28:21.892,1.37882,1.3789,1.00,1.37
2015.08.11 08:28:22.397,1.37878,1.37886,1.12,1.37
2015.08.11 08:28:23.270,1.37879,1.37887,1.00,3.37
2015.08.11 08:28:23.736,1.37879,1.37887,1.87,2.25
2015.08.11 08:28:24.140,1.37879,1.37889,1.87,3.00
2015.08.11 08:28:24.242,1.37881,1.37892,1.00,5.62
2015.08.11 08:28:24.778,1.37884,1.37893,1.50,1.37
2015.08.11 08:28:26.983,1.37883,1.37886,1.00,1.37
2015.08.11 08:28:27.035,1.37882,1.37887,1.00,3.37
2015.08.11 08:28:27.137,1.37879,1.37886,1.50,2.25
2015.08.11 08:28:27.239,1.37879,1.37883,1.00,1.00
2015.08.11 08:28:27.341,1.37877,1.37883,1.00,1.00
2015.08.11 08:28:27.493,1.37876,1.37885,1.00,1.00
2015.08.11 08:28:27.545,1.37878,1.37885,1.00,1.00
2015.08.11 08:28:27.698,1.37879,1.37888,1.00,2.62
2015.08.11 08:28:28.334,1.37881,1.37888,1.00,1.12
2015.08.11 08:28:28.538,1.3788,1.37888,1.00,1.12
2015.08.11 08:28:28.842,1.37878,1.37888,1.12,1.12
2015.08.11 08:28:28.944,1.37881,1.37888,1.00,1.12
2015.08.11 08:28:29.248,1.37882,1.37884,1.00,1.00
2015.08.11 08:28:29.803,1.37875,1.37883,5.62,1.00
2015.08.11 08:28:29.854,1.37876,1.37883,1.12,1.87
2015.08.11 08:28:30.682,1.37875,1.37881,1.00,1.87
2015.08.11 08:28:31.122,1.37873,1.37881,1.50,3.37
2015.08.11 08:28:31.426,1.37872,1.3788,1.00,1.87
2015.08.11 08:28:31.934,1.37871,1.3788,1.50,1.37
2015.08.11 08:28:32.580,1.3787,1.37878,2.25,1.37
2015.08.11 08:28:32.884,1.37869,1.37876,1.00,1.37
2015.08.11 08:28:33.169,1.37865,1.37876,3.37,1.37
2015.08.11 08:28:33.674,1.37867,1.37877,1.00,3.37
2015.08.11 08:28:34.271,1.37866,1.37875,1.00,1.37
2015.08.11 08:28:35.042,1.37866,1.37875,1.50,1.37
2015.08.11 08:28:35.345,1.37864,1.3787,4.50,1.50
2015.08.11 08:28:35.829,1.37861,1.37869,1.00,1.87
2015.08.11 08:28:35.933,1.37862,1.37869,1.00,1.00
2015.08.11 08:28:36.034,1.37864,1.37872,1.00,1.87
2015.08.11 08:28:36.547,1.37864,1.37873,1.00,2.25
2015.08.11 08:28:37.109,1.37864,1.37871,1.00,1.12
2015.08.11 08:28:39.078,1.37864,1.37871,1.00,1.75
2015.08.11 08:28:39.383,1.37862,1.3787,1.00,1.50
2015.08.11 08:28:39.687,1.37862,1.37867,1.00,1.37
2015.08.11 08:28:41.271,1.37862,1.37866,1.00,1.37
2015.08.11 08:28:41.631,1.37862,1.37867,1.00,1.12
2015.08.11 08:28:42.301,1.37861,1.37867,1.00,1.37
2015.08.11 08:28:42.808,1.37861,1.37865,1.00,1.12
2015.08.11 08:28:42.859,1.3786,1.37863,1.00,1.00
2015.08.11 08:28:43.214,1.37855,1.37862,1.87,1.00
2015.08.11 08:28:43.366,1.37853,1.37862,2.62,1.00
2015.08.11 08:28:43.907,1.37854,1.37863,1.00,1.12
2015.08.11 08:28:44.431,1.37853,1.37864,1.12,2.62
2015.08.11 08:28:45.348,1.37854,1.37863,1.00,1.50
2015.08.11 08:28:46.028,1.37854,1.37863,1.37,1.00
2015.08.11 08:28:46.749,1.37856,1.37863,1.00,1.00
2015.08.11 08:28:51.272,1.37856,1.37865,1.12,2.25
2015.08.11 08:28:58.856,1.37858,1.37866,5.25,1.37
2015.08.11 08:28:58.907,1.3786,1.37868,1.50,1.00
2015.08.11 08:28:59.059,1.37864,1.3787,1.00,1.37
2015.08.11 08:28:59.565,1.37863,1.3787,1.00,1.50
2015.08.11 08:29:00.354,1.37859,1.37864,1.00,1.00
2015.08.11 08:29:00.759,1.37857,1.37864,1.00,1.00
2015.08.11 08:29:01.173,1.37857,1.37864,1.00,2.25
2015.08.11 08:29:03.811,1.37856,1.37864,1.00,2.62
2015.08.11 08:29:04.115,1.37864,1.37867,1.00,1.12
2015.08.11 08:29:04.166,1.37866,1.37868,1.00,1.20
2015.08.11 08:29:04.269,1.37865,1.3787,1.00,1.00
2015.08.11 08:29:04.320,1.37865,1.37872,1.00,3.00
2015.08.11 08:29:04.371,1.37863,1.37873,1.87,1.00
2015.08.11 08:29:04.422,1.37865,1.37874,1.00,1.95
2015.08.11 08:29:05.143,1.37866,1.37876,1.00,1.87
2015.08.11 08:29:05.194,1.37864,1.37872,1.00,1.00
2015.08.11 08:29:05.296,1.37862,1.37872,1.00,1.00
2015.08.11 08:29:06.425,1.37862,1.37872,1.12,1.37
2015.08.11 08:29:07.226,1.37862,1.37872,1.37,1.37
2015.08.11 08:29:07.891,1.37861,1.37871,3.75,1.12
2015.08.11 08:29:08.534,1.37862,1.37871,1.12,1.37
2015.08.11 08:29:09.551,1.37862,1.37871,1.12,4.87
2015.08.11 08:29:10.137,1.37862,1.37869,1.37,1.00
2015.08.11 08:29:11.336,1.37862,1.37869,1.00,1.00
2015.08.11 08:29:11.639,1.37862,1.37867,1.00,1.00
2015.08.11 08:29:12.559,1.37862,1.37866,1.00,1.37
2015.08.11 08:29:12.618,1.37856,1.37861,1.00,1.00
2015.08.11 08:29:13.123,1.37856,1.37861,1.37,1.00
2015.08.11 08:29:14.577,1.37856,1.37861,1.00,1.00
2015.08.11 08:29:15.110,1.37855,1.37861,1.87,1.00
2015.08.11 08:29:16.337,1.37854,1.37858,1.00,1.12
2015.08.11 08:29:16.388,1.37852,1.37858,1.12,1.12
2015.08.11 08:29:16.944,1.37852,1.37858,1.00,4.50
2015.08.11 08:29:18.405,1.37853,1.37856,1.00,1.12
2015.08.11 08:29:19.278,1.37854,1.37857,1.00,1.12
2015.08.11 08:29:19.809,1.37854,1.37856,1.00,1.12
2015.08.11 08:29:20.330,1.37855,1.37858,1.00,1.12
2015.08.11 08:29:21.214,1.37854,1.37858,1.00,1.37
2015.08.11 08:29:21.718,1.37855,1.37858,1.00,1.00
2015.08.11 08:29:21.971,1.37855,1.3786,1.22,1.00
2015.08.11 08:29:22.022,1.37857,1.3786,1.00,1.00
2015.08.11 08:29:22.073,1.37857,1.37862,1.00,1.00
2015.08.11 08:29:22.631,1.37857,1.37863,1.12,1.12
2015.08.11 08:29:22.973,1.37858,1.37865,1.37,1.00
2015.08.11 08:29:23.125,1.37863,1.37869,1.00,1.12
2015.08.11 08:29:23.277,1.37863,1.37871,1.00,3.22
2015.08.11 08:29:23.866,1.37867,1.37871,1.00,2.47
2015.08.11 08:29:23.922,1.37867,1.37873,1.00,1.12
2015.08.11 08:29:24.428,1.37868,1.37873,1.00,1.12
2015.08.11 08:29:25.871,1.37867,1.37873,1.00,1.12
2015.08.11 08:29:26.378,1.37868,1.37873,1.00,1.00
2015.08.11 08:29:26.783,1.37868,1.37873,1.00,1.37
2015.08.11 08:29:27.324,1.37862,1.3787,1.37,1.87
2015.08.11 08:29:27.377,1.37862,1.37869,1.00,1.72
2015.08.11 08:29:27.428,1.37859,1.37869,1.87,1.87
2015.08.11 08:29:27.933,1.37859,1.37868,1.00,1.37
2015.08.11 08:29:29.118,1.37858,1.37868,1.50,1.37
2015.08.11 08:29:29.624,1.37858,1.37867,1.37,1.00
2015.08.11 08:29:29.726,1.37858,1.37868,1.37,1.37
2015.08.11 08:29:30.417,1.37863,1.37871,1.00,1.87
2015.08.11 08:29:30.960,1.37862,1.37871,1.87,1.37
2015.08.11 08:29:32.068,1.37858,1.37868,1.37,1.87
2015.08.11 08:29:32.119,1.37857,1.37868,3.37,1.87
2015.08.11 08:29:32.423,1.37856,1.37865,1.00,3.37
2015.08.11 08:29:33.303,1.37854,1.37864,1.75,1.87
2015.08.11 08:29:34.178,1.37856,1.37865,2.25,4.12
2015.08.11 08:29:34.789,1.37856,1.37865,2.25,1.00
2015.08.11 08:29:35.310,1.37857,1.37865,1.00,1.12
2015.08.11 08:29:35.714,1.37855,1.37863,1.75,1.00
2015.08.11 08:29:36.700,1.37857,1.37866,1.37,2.62
2015.08.11 08:29:36.803,1.37858,1.37866,1.00,1.50
2015.08.11 08:29:37.007,1.37859,1.37869,1.00,2.25
2015.08.11 08:29:37.159,1.3786,1.3787,1.50,1.87
2015.08.11 08:29:37.210,1.37863,1.3787,1.00,1.12
2015.08.11 08:29:37.957,1.37863,1.37869,1.00,1.00
2015.08.11 08:29:38.109,1.37861,1.3787,1.50,1.00
2015.08.11 08:29:38.413,1.37862,1.37869,1.00,1.37
2015.08.11 08:29:38.717,1.37859,1.37865,1.00,1.12
2015.08.11 08:29:39.737,1.37859,1.37866,1.12,1.12
2015.08.11 08:29:40.391,1.37859,1.37864,1.12,1.00
2015.08.11 08:29:41.103,1.37857,1.37862,1.00,1.37
2015.08.11 08:29:42.834,1.37857,1.37862,1.00,1.12
2015.08.11 08:29:42.888,1.37861,1.37866,1.00,1.37
2015.08.11 08:29:43.090,1.37862,1.37864,1.00,1.00
2015.08.11 08:29:43.191,1.37862,1.37866,1.00,1.00
2015.08.11 08:29:43.749,1.37863,1.37866,1.00,1.50
2015.08.11 08:29:44.204,1.37863,1.37869,1.00,1.12
2015.08.11 08:29:44.719,1.37864,1.37873,2.25,1.50
2015.08.11 08:29:47.675,1.37864,1.37873,2.62,1.67
2015.08.11 08:29:48.182,1.37867,1.37874,1.00,1.37
2015.08.11 08:29:49.062,1.37864,1.3787,1.37,1.12
2015.08.11 08:29:50.587,1.3786,1.37867,1.50,1.50
2015.08.11 08:29:50.897,1.37858,1.37867,1.12,1.50
2015.08.11 08:29:51.049,1.37856,1.37866,1.12,2.25
2015.08.11 08:29:51.453,1.37856,1.37864,1.12,1.00
2015.08.11 08:29:52.091,1.37856,1.37865,1.12,2.62
2015.08.11 08:29:52.612,1.37855,1.37865,1.69,2.62
2015.08.11 08:29:53.533,1.37855,1.37863,1.69,1.00
2015.08.11 08:29:54.080,1.37855,1.37863,1.00,1.12
2015.08.11 08:29:55.485,1.37854,1.37863,1.12,1.12
2015.08.11 08:29:55.788,1.37855,1.37865,1.50,1.50
2015.08.11 08:29:56.750,1.37855,1.37864,1.50,1.37
2015.08.11 08:29:57.286,1.37855,1.37863,1.50,1.12
2015.08.11 08:29:58.527,1.37855,1.37865,1.00,1.37
2015.08.11 08:29:59.058,1.37855,1.37865,1.12,2.25
2015.08.11 08:30:00.303,1.37855,1.37865,1.50,3.75
2015.08.11 08:30:00.867,1.37854,1.37865,1.00,5.25
2015.08.11 08:30:01.661,1.37855,1.37864,1.00,1.37
2015.08.11 08:30:02.136,1.37854,1.37864,1.50,1.00
2015.08.11 08:30:02.686,1.37855,1.37864,1.00,1.50
2015.08.11 08:30:03.170,1.37855,1.37862,1.00,4.50
2015.08.11 08:30:03.692,1.37855,1.37861,1.00,1.00
2015.08.11 08:30:04.941,1.37855,1.37861,1.00,1.37
2015.08.11 08:30:05.043,1.37854,1.3786,1.00,1.50
2015.08.11 08:30:05.853,1.37855,1.3786,1.00,5.25
2015.08.11 08:30:05.913,1.3785,1.37858,1.00,2.25
2015.08.11 08:30:06.014,1.37847,1.37856,1.50,1.50
2015.08.11 08:30:06.649,1.3785,1.37855,1.00,1.00
2015.08.11 08:30:07.333,1.3785,1.37856,1.00,1.50
2015.08.11 08:30:08.060,1.37849,1.37855,1.00,1.37
2015.08.11 08:30:08.364,1.37849,1.37853,1.00,1.37
2015.08.11 08:30:09.525,1.37849,1.37854,1.00,2.25
2015.08.11 08:30:10.040,1.37849,1.37854,1.00,1.50
2015.08.11 08:30:11.525,1.37848,1.37855,1.00,1.87
2015.08.11 08:30:11.576,1.37844,1.37855,3.71,2.25
2015.08.11 08:30:13.057,1.37844,1.37854,3.00,1.87
2015.08.11 08:30:13.598,1.37845,1.37854,2.25,1.87
2015.08.11 08:30:14.211,1.37844,1.37854,2.25,1.87
2015.08.11 08:30:15.112,1.37845,1.37854,1.50,1.87
2015.08.11 08:30:15.946,1.37844,1.37854,3.00,1.87
2015.08.11 08:30:16.574,1.37845,1.37854,1.50,1.87
2015.08.11 08:30:17.151,1.37849,1.37854,1.00,1.37
2015.08.11 08:30:17.555,1.37848,1.37855,1.00,2.25
2015.08.11 08:30:18.444,1.37851,1.37857,1.00,2.62
2015.08.11 08:30:18.994,1.37852,1.37856,1.00,1.12
2015.08.11 08:30:19.499,1.37851,1.37857,1.00,1.37
2015.08.11 08:30:20.021,1.37852,1.37857,1.00,1.37
2015.08.11 08:30:21.147,1.37852,1.37858,1.00,2.25
2015.08.11 08:30:21.677,1.37851,1.37858,1.00,1.87
2015.08.11 08:30:22.189,1.37851,1.37858,1.00,2.62
2015.08.11 08:30:22.696,1.37851,1.37858,1.00,1.87
2015.08.11 08:30:23.651,1.3785,1.37858,1.00,2.62
2015.08.11 08:30:24.949,1.3785,1.37855,1.00,1.00
2015.08.11 08:30:25.437,1.37848,1.37855,1.87,1.00
2015.08.11 08:30:25.488,1.37844,1.37853,3.00,1.50
2015.08.11 08:30:28.013,1.37845,1.37849,1.87,1.00
2015.08.11 08:30:28.115,1.37843,1.37848,3.75,1.12
2015.08.11 08:30:28.585,1.37843,1.37848,3.75,4.12
2015.08.11 08:30:28.636,1.37844,1.37848,1.00,1.00
2015.08.11 08:30:29.342,1.37844,1.37849,1.00,4.87
2015.08.11 08:30:29.544,1.37844,1.3785,1.00,1.50
2015.08.11 08:30:30.207,1.37844,1.3785,1.00,1.12
2015.08.11 08:30:30.259,1.37844,1.37852,1.00,2.62
2015.08.11 08:30:31.669,1.37844,1.37851,1.00,1.00
2015.08.11 08:30:32.331,1.37844,1.3785,1.00,1.00
2015.08.11 08:30:33.274,1.37842,1.3785,1.87,1.00
2015.08.11 08:30:33.779,1.3784,1.3785,3.45,1.00
2015.08.11 08:30:34.133,1.37842,1.37852,2.62,1.00
2015.08.11 08:30:35.382,1.37841,1.37847,1.00,1.00
2015.08.11 08:30:35.703,1.37841,1.37845,1.00,1.00
2015.08.11 08:30:35.805,1.37835,1.37844,2.62,1.00
2015.08.11 08:30:36.059,1.37835,1.37844,1.00,1.00
2015.08.11 08:30:36.610,1.3784,1.37844,1.00,1.00
2015.08.11 08:30:36.665,1.37841,1.37849,1.12,1.50
2015.08.11 08:30:36.716,1.37842,1.37849,3.75,1.50
2015.08.11 08:30:36.919,1.37843,1.37852,1.00,1.50
2015.08.11 08:30:37.997,1.37843,1.37853,4.12,2.25
2015.08.11 08:30:38.457,1.37842,1.37851,6.56,1.00
2015.08.11 08:30:38.660,1.37841,1.3785,1.50,1.87
2015.08.11 08:30:39.429,1.3784,1.3785,1.87,1.00
2015.08.11 08:30:39.530,1.37841,1.3785,1.50,1.00
2015.08.11 08:30:39.988,1.37841,1.37849,1.12,1.12
2015.08.11 08:30:40.140,1.37841,1.37849,1.37,1.12
2015.08.11 08:30:40.809,1.37842,1.3785,1.00,1.00
2015.08.11 08:30:41.504,1.37841,1.3785,1.01,1.12
2015.08.11 08:30:41.809,1.37842,1.37849,1.39,1.00
2015.08.11 08:30:42.335,1.37842,1.37851,1.25,1.12
2015.08.11 08:30:42.929,1.37842,1.37852,1.19,2.25
2015.08.11 08:30:43.385,1.37841,1.37848,1.99,1.37
2015.08.11 08:30:43.829,1.37842,1.37849,1.09,1.00
2015.08.11 08:30:44.339,1.37842,1.3785,1.09,2.25
2015.08.11 08:30:44.844,1.37842,1.37849,1.39,1.12
2015.08.11 08:30:45.585,1.37842,1.37851,1.39,1.37
2015.08.11 08:30:46.090,1.37841,1.37851,1.99,1.37
2015.08.11 08:30:46.192,1.37842,1.37851,1.39,1.12
2015.08.11 08:30:46.242,1.37842,1.37848,1.39,1.00
2015.08.11 08:30:47.802,1.37841,1.37847,1.19,1.37
2015.08.11 08:30:47.854,1.37841,1.37847,1.00,1.50
2015.08.11 08:30:48.057,1.37839,1.37845,1.00,1.00
2015.08.11 08:30:48.209,1.37842,1.37848,1.00,1.87
2015.08.11 08:30:48.361,1.37842,1.37851,1.00,1.50
2015.08.11 08:30:48.873,1.37846,1.37853,1.00,1.12
2015.08.11 08:30:49.331,1.37846,1.37853,1.00,1.37
2015.08.11 08:30:50.158,1.37846,1.37852,1.00,1.37
2015.08.11 08:30:50.665,1.37845,1.37853,1.00,1.87
2015.08.11 08:30:51.194,1.37845,1.37853,1.12,2.25
2015.08.11 08:30:53.279,1.37845,1.37853,1.12,1.87
2015.08.11 08:30:54.546,1.37846,1.37854,1.00,3.00
2015.08.11 08:30:55.745,1.37845,1.37854,1.50,1.87
2015.08.11 08:30:56.264,1.37846,1.37854,1.00,1.37
2015.08.11 08:30:57.669,1.37846,1.37853,1.00,1.12
2015.08.11 08:30:57.770,1.37846,1.37853,1.00,1.37
2015.08.11 08:30:59.948,1.37846,1.37853,1.00,1.37
2015.08.11 08:31:00.788,1.37845,1.37853,1.50,1.37
2015.08.11 08:31:01.300,1.37845,1.37854,2.25,1.37
2015.08.11 08:31:01.658,1.37845,1.37854,1.50,1.37
2015.08.11 08:31:02.304,1.37846,1.37851,1.00,1.50
2015.08.11 08:31:02.827,1.37846,1.37849,1.00,1.00
2015.08.11 08:31:05.998,1.37844,1.37849,1.00,1.00
2015.08.11 08:31:07.060,1.37843,1.37849,1.00,1.00
2015.08.11 08:31:10.877,1.37846,1.37851,1.00,1.37
2015.08.11 08:31:11.381,1.37846,1.37851,1.00,1.12
2015.08.11 08:31:11.903,1.37845,1.37851,1.00,1.12
2015.08.11 08:31:12.712,1.37846,1.37851,1.00,1.12
2015.08.11 08:31:13.334,1.37845,1.37851,1.00,1.12
2015.08.11 08:31:13.885,1.37846,1.37851,1.00,1.12
2015.08.11 08:31:16.657,1.37845,1.37851,1.12,1.00
2015.08.11 08:31:16.708,1.37845,1.37853,1.12,1.12
2015.08.11 08:31:17.247,1.37845,1.37853,3.37,1.12
2015.08.11 08:31:17.398,1.37845,1.37851,2.25,1.00
2015.08.11 08:31:18.417,1.37845,1.37851,1.87,1.00
2015.08.11 08:31:18.468,1.37846,1.37853,1.50,1.00
2015.08.11 08:31:19.025,1.37846,1.37852,1.50,1.00
2015.08.11 08:31:20.035,1.37846,1.37851,1.00,1.00
2015.08.11 08:31:20.200,1.37846,1.37851,4.12,1.00
2015.08.11 08:31:21.485,1.37846,1.37852,4.87,1.00
2015.08.11 08:31:22.021,1.37847,1.37852,1.00,1.00
2015.08.11 08:31:23.114,1.37847,1.37853,1.00,1.12
2015.08.11 08:31:24.427,1.37847,1.37852,1.00,1.00
2015.08.11 08:31:26.619,1.37852,1.37857,1.00,1.00
2015.08.11 08:31:26.720,1.37851,1.3786,1.12,2.25
2015.08.11 08:31:26.822,1.37851,1.3786,1.37,1.00
2015.08.11 08:31:28.322,1.37852,1.37861,1.37,1.87
2015.08.11 08:31:29.319,1.37853,1.37861,1.37,1.50
2015.08.11 08:31:32.469,1.37853,1.37861,1.37,2.25
2015.08.11 08:31:33.012,1.37853,1.37861,1.37,2.25
2015.08.11 08:31:34.968,1.37853,1.37861,1.37,3.37
2015.08.11 08:31:35.479,1.37852,1.3786,1.87,1.87
2015.08.11 08:31:36.939,1.37853,1.37859,1.37,1.00
2015.08.11 08:31:37.091,1.37852,1.37859,1.87,1.00
2015.08.11 08:31:38.478,1.37852,1.3786,1.37,1.12
2015.08.11 08:31:38.996,1.37852,1.37861,1.37,3.37
2015.08.11 08:31:39.944,1.37852,1.37859,1.37,1.00
2015.08.11 08:31:40.161,1.37852,1.37861,1.37,2.25
2015.08.11 08:31:40.464,1.37852,1.37861,1.37,4.12
2015.08.11 08:31:41.138,1.37852,1.37861,1.37,5.10
2015.08.11 08:31:41.656,1.37852,1.3786,1.37,5.62
2015.08.11 08:31:45.154,1.37851,1.3786,1.12,4.12
2015.08.11 08:31:46.157,1.37854,1.3786,1.00,4.12
2015.08.11 08:31:47.246,1.37855,1.3786,1.00,4.87
2015.08.11 08:31:48.023,1.37854,1.3786,1.50,4.12
2015.08.11 08:31:48.074,1.37854,1.3786,1.50,1.00
2015.08.11 08:31:48.850,1.37855,1.3786,1.00,1.00
2015.08.11 08:31:49.255,1.37855,1.37862,1.00,2.25
2015.08.11 08:31:49.458,1.37855,1.37859,1.00,1.00
2015.08.11 08:31:50.246,1.37855,1.3786,1.00,5.62
2015.08.11 08:31:50.298,1.37856,1.37862,1.00,1.00
2015.08.11 08:31:50.668,1.37856,1.37864,1.00,1.50
2015.08.11 08:31:51.185,1.37856,1.37864,1.37,1.87
2015.08.11 08:31:52.235,1.37857,1.37865,1.37,1.87
2015.08.11 08:31:52.285,1.37861,1.37865,1.00,1.00
2015.08.11 08:31:52.387,1.37861,1.37868,1.00,3.37
2015.08.11 08:31:53.474,1.37862,1.37868,1.00,1.87
2015.08.11 08:31:54.046,1.37862,1.37868,1.00,1.50
2015.08.11 08:31:54.397,1.3786,1.37868,1.12,1.50
2015.08.11 08:31:55.132,1.3786,1.37867,1.12,5.62
2015.08.11 08:31:56.948,1.37861,1.37865,1.00,1.00
2015.08.11 08:31:57.196,1.37859,1.37865,1.00,1.37
2015.08.11 08:31:57.718,1.3786,1.37864,1.00,1.00
2015.08.11 08:31:57.971,1.3786,1.37866,1.00,2.62
2015.08.11 08:31:59.940,1.37861,1.37866,1.00,1.87
2015.08.11 08:32:01.986,1.37861,1.37866,1.00,1.37
2015.08.11 08:32:02.713,1.3786,1.37866,1.00,1.87
2015.08.11 08:32:03.018,1.37861,1.37865,1.00,1.87
2015.08.11 08:32:03.795,1.37861,1.37865,1.00,6.00
2015.08.11 08:32:04.683,1.3786,1.37863,1.00,1.37
2015.08.11 08:32:05.088,1.3786,1.37864,1.00,1.12
2015.08.11 08:32:05.751,1.37861,1.37866,1.00,1.50
2015.08.11 08:32:06.303,1.37861,1.37866,1.00,1.50
2015.08.11 08:32:06.816,1.3786,1.37866,1.00,1.50
2015.08.11 08:32:09.214,1.37861,1.37866,1.00,1.50
2015.08.11 08:32:09.366,1.37863,1.37868,1.00,4.87
2015.08.11 08:32:09.417,1.37864,1.37869,1.00,1.87
2015.08.11 08:32:09.518,1.37866,1.37873,1.50,1.97
2015.08.11 08:32:09.620,1.37866,1.37873,1.12,1.50
2015.08.11 08:32:09.721,1.37866,1.37876,2.25,2.10
2015.08.11 08:32:09.772,1.37866,1.37875,2.25,1.60
2015.08.11 08:32:10.411,1.37863,1.37872,1.87,1.12
2015.08.11 08:32:10.920,1.37863,1.37872,1.50,1.37
2015.08.11 08:32:12.276,1.37863,1.37873,1.50,1.37
2015.08.11 08:32:13.266,1.37863,1.37873,1.12,1.37
2015.08.11 08:32:16.077,1.37863,1.37873,1.37,2.47
2015.08.11 08:32:16.482,1.37863,1.3787,1.00,3.22
2015.08.11 08:32:16.583,1.37861,1.3787,1.00,4.12
2015.08.11 08:32:16.938,1.37862,1.37871,1.12,1.12
2015.08.11 08:32:17.522,1.37862,1.37872,1.50,1.00
2015.08.11 08:32:19.592,1.37861,1.37873,3.37,1.37
2015.08.11 08:32:20.105,1.37863,1.37873,1.37,1.37
2015.08.11 08:32:21.197,1.37863,1.37874,2.06,1.35
2015.08.11 08:32:21.710,1.37865,1.37874,1.12,1.60
2015.08.11 08:32:23.445,1.37863,1.37874,4.12,1.35
2015.08.11 08:32:25.195,1.37864,1.37874,4.12,1.72
2015.08.11 08:32:25.246,1.37864,1.37875,4.50,2.47
2015.08.11 08:32:25.874,1.37864,1.37873,4.50,1.30
2015.08.11 08:32:26.877,1.37864,1.37874,4.50,2.10
2015.08.11 08:32:29.542,1.37864,1.37872,3.75,1.67
2015.08.11 08:32:29.593,1.37863,1.37871,1.87,1.00
2015.08.11 08:32:30.105,1.37863,1.37872,1.87,1.00
2015.08.11 08:32:30.637,1.37864,1.37873,1.00,1.37
2015.08.11 08:32:32.100,1.37864,1.37873,1.37,1.12
2015.08.11 08:32:33.013,1.37864,1.37873,1.37,1.72
2015.08.11 08:32:42.066,1.37864,1.37869,1.00,2.10
2015.08.11 08:32:43.489,1.37864,1.37867,1.00,2.10
2015.08.11 08:32:43.998,1.37861,1.37867,1.50,2.10
2015.08.11 08:32:44.504,1.37863,1.37869,1.00,2.10
2015.08.11 08:32:45.257,1.37863,1.37868,2.25,2.10
2015.08.11 08:32:45.799,1.37863,1.37869,2.25,2.10
2015.08.11 08:32:46.788,1.37864,1.37868,1.00,2.10
2015.08.11 08:32:46.840,1.37864,1.37868,1.37,2.10
2015.08.11 08:32:47.354,1.37866,1.37868,1.12,2.10
2015.08.11 08:32:47.856,1.37865,1.37869,1.37,2.10
2015.08.11 08:32:48.874,1.37864,1.37868,1.37,2.10
2015.08.11 08:32:49.128,1.37865,1.3787,1.37,2.85
2015.08.11 08:32:49.663,1.37867,1.37869,1.12,2.10
2015.08.11 08:32:51.118,1.37867,1.3787,1.37,2.10
2015.08.11 08:32:51.643,1.37868,1.37871,1.37,2.10
2015.08.11 08:32:52.419,1.37867,1.37868,1.00,2.10
2015.08.11 08:32:52.955,1.37868,1.37869,1.00,2.10
2015.08.11 08:32:53.506,1.37868,1.3787,1.12,2.10
2015.08.11 08:32:54.079,1.37868,1.37869,1.00,2.10
2015.08.11 08:32:54.612,1.37868,1.3787,1.37,1.50
2015.08.11 08:32:55.836,1.37867,1.37872,1.37,1.50
2015.08.11 08:32:56.346,1.37867,1.37871,1.37,1.50
2015.08.11 08:32:57.182,1.37867,1.37869,1.12,2.10
2015.08.11 08:32:57.694,1.37866,1.37868,1.12,2.10
2015.08.11 08:32:58.226,1.37867,1.37872,1.37,2.10
2015.08.11 08:32:59.274,1.37866,1.37871,1.87,2.10
2015.08.11 08:33:00.207,1.37866,1.37873,1.87,2.10
2015.08.11 08:33:00.734,1.37867,1.37873,1.37,2.10
2015.08.11 08:33:01.240,1.37866,1.37872,1.87,2.10
2015.08.11 08:33:02.961,1.37869,1.37872,1.12,2.10
2015.08.11 08:33:03.476,1.37866,1.3787,3.00,2.10
2015.08.11 08:33:04.156,1.37866,1.3787,1.37,2.10
2015.08.11 08:33:04.982,1.37866,1.3787,1.00,2.47
2015.08.11 08:33:05.083,1.37864,1.37869,1.00,2.10
2015.08.11 08:33:05.438,1.37864,1.37871,1.00,2.10
2015.08.11 08:33:05.493,1.37868,1.37872,1.00,3.22
2015.08.11 08:33:05.595,1.37866,1.37871,1.00,2.10
2015.08.11 08:33:05.647,1.37866,1.37869,1.50,2.10
2015.08.11 08:33:06.440,1.37865,1.37867,1.00,2.10
2015.08.11 08:33:06.542,1.37863,1.37867,1.00,1.30
2015.08.11 08:33:07.194,1.37863,1.37867,1.00,2.85
2015.08.11 08:33:07.822,1.37862,1.37865,1.00,1.12
2015.08.11 08:33:07.880,1.3786,1.37865,1.00,1.87
2015.08.11 08:33:08.388,1.37861,1.37865,1.00,2.10
2015.08.11 08:33:09.168,1.3786,1.37865,1.00,2.10
2015.08.11 08:33:09.989,1.37861,1.37865,1.00,2.10
2015.08.11 08:33:11.249,1.37861,1.37866,1.00,1.30
2015.08.11 08:33:11.789,1.37861,1.37867,1.00,3.22
2015.08.11 08:33:12.901,1.37861,1.37867,1.00,2.85
2015.08.11 08:33:14.547,1.37863,1.37867,2.25,2.10
2015.08.11 08:33:15.053,1.37863,1.37867,2.25,2.10
2015.08.11 08:33:15.582,1.37862,1.37867,1.00,2.10
2015.08.11 08:33:16.106,1.37861,1.37867,1.00,2.10
2015.08.11 08:33:17.169,1.37862,1.37867,1.00,2.10
2015.08.11 08:33:18.776,1.37861,1.37867,1.00,2.10
2015.08.11 08:33:19.311,1.37862,1.37867,1.00,2.10
2015.08.11 08:33:22.077,1.37861,1.37867,1.00,1.30
2015.08.11 08:33:22.588,1.37862,1.37867,1.00,1.30
2015.08.11 08:33:24.429,1.37862,1.37868,1.00,1.30
2015.08.11 08:33:24.936,1.37863,1.37867,1.50,2.10
2015.08.11 08:33:26.809,1.37862,1.37868,1.00,2.10
2015.08.11 08:33:27.330,1.37863,1.37869,1.00,2.47
2015.08.11 08:33:28.376,1.37863,1.37867,1.00,2.47
2015.08.11 08:33:28.881,1.37862,1.37867,1.00,2.47
2015.08.11 08:33:29.646,1.37863,1.37868,1.00,2.47
2015.08.11 08:33:30.273,1.37863,1.37867,1.00,2.47
2015.08.11 08:33:30.526,1.37859,1.37865,1.50,2.10
2015.08.11 08:33:31.826,1.37858,1.37865,1.50,1.30
2015.08.11 08:33:33.233,1.37858,1.37867,1.50,2.10
2015.08.11 08:33:35.224,1.37859,1.37867,1.00,2.10
2015.08.11 08:33:37.524,1.37857,1.37865,1.12,2.47
2015.08.11 08:33:37.575,1.37857,1.37864,1.37,2.10
2015.08.11 08:33:37.979,1.3786,1.37865,1.00,2.10
2015.08.11 08:33:38.030,1.37862,1.37865,1.00,2.10
2015.08.11 08:33:38.576,1.37862,1.37867,1.00,2.47
2015.08.11 08:33:39.097,1.37862,1.37865,1.00,2.10
2015.08.11 08:33:40.504,1.37862,1.37866,1.00,2.47
2015.08.11 08:33:40.758,1.3786,1.37866,1.12,2.10
2015.08.11 08:33:41.276,1.3786,1.37866,1.37,2.10
2015.08.11 08:33:42.110,1.37862,1.37865,1.00,2.10
2015.08.11 08:33:42.566,1.37858,1.37861,1.00,2.10
2015.08.11 08:33:43.229,1.3786,1.37862,1.00,2.10
2015.08.11 08:33:43.763,1.37856,1.37861,1.00,2.10
2015.08.11 08:33:44.322,1.37855,1.37862,1.00,1.60
2015.08.11 08:33:45.202,1.37856,1.37862,2.25,2.10
2015.08.11 08:33:45.762,1.37856,1.37862,2.62,2.10
2015.08.11 08:33:46.297,1.37856,1.37862,1.87,2.10
2015.08.11 08:33:48.152,1.37857,1.37865,1.37,3.22
2015.08.11 08:33:49.332,1.37857,1.37864,2.62,2.10
2015.08.11 08:33:49.838,1.37857,1.37864,2.62,2.10
2015.08.11 08:33:50.141,1.3786,1.37866,1.00,2.10
2015.08.11 08:33:50.293,1.37862,1.37866,1.12,2.10
2015.08.11 08:33:50.938,1.3786,1.37864,1.37,2.10
2015.08.11 08:33:51.994,1.3786,1.37866,1.37,2.10
2015.08.11 08:33:52.722,1.3786,1.37866,1.00,2.85
2015.08.11 08:33:54.385,1.3786,1.37864,1.12,2.10
2015.08.11 08:33:56.586,1.3786,1.37865,1.00,2.10
2015.08.11 08:33:57.137,1.37861,1.37865,1.00,2.10
2015.08.11 08:33:58.085,1.37865,1.37869,2.25,2.10
2015.08.11 08:33:59.024,1.37865,1.37869,2.25,2.10
2015.08.11 08:33:59.533,1.37866,1.3787,1.50,2.10
2015.08.11 08:33:59.583,1.37866,1.37868,1.50,2.10
2015.08.11 08:34:01.750,1.37866,1.37869,1.12,2.10
2015.08.11 08:34:02.285,1.37867,1.37869,1.00,2.10
2015.08.11 08:34:04.349,1.37866,1.37869,1.45,2.10
2015.08.11 08:34:04.893,1.37866,1.37869,1.50,2.10
2015.08.11 08:34:05.689,1.37866,1.37869,1.12,2.10
2015.08.11 08:34:06.745,1.37866,1.37869,1.50,2.10
2015.08.11 08:34:07.537,1.37867,1.37869,1.00,2.10
2015.08.11 08:34:08.042,1.37866,1.37869,1.95,2.10
2015.08.11 08:34:08.547,1.37866,1.37869,1.37,2.10
2015.08.11 08:34:10.054,1.37866,1.37869,1.00,2.10
2015.08.11 08:34:10.558,1.37866,1.37869,1.87,2.10
2015.08.11 08:34:11.092,1.37866,1.37869,1.87,2.10
2015.08.11 08:34:11.727,1.37866,1.37869,2.62,2.10
2015.08.11 08:34:12.993,1.37866,1.37868,1.00,2.10
2015.08.11 08:34:13.547,1.37865,1.37868,1.50,2.10
2015.08.11 08:34:13.801,1.37865,1.37869,1.00,1.30
2015.08.11 08:34:13.902,1.37866,1.37868,1.00,2.10
2015.08.11 08:34:14.504,1.37864,1.37867,1.00,1.30
2015.08.11 08:34:14.556,1.3786,1.37865,1.50,2.10
2015.08.11 08:34:15.112,1.37859,1.37865,1.00,2.10
2015.08.11 08:34:15.164,1.37859,1.37863,1.00,2.10
2015.08.11 08:34:15.418,1.37854,1.37861,1.87,2.10
2015.08.11 08:34:15.961,1.37852,1.3786,1.12,2.47
2015.08.11 08:34:16.467,1.37852,1.37861,1.50,1.35
2015.08.11 08:34:16.669,1.37853,1.37859,1.00,2.10
2015.08.11 08:34:17.433,1.37851,1.37859,1.37,1.30
2015.08.11 08:34:17.965,1.37851,1.3786,1.87,2.10
2015.08.11 08:34:18.738,1.37851,1.3786,1.87,2.10
2015.08.11 08:34:19.369,1.37851,1.3786,1.87,2.10
2015.08.11 08:34:19.674,1.37855,1.37861,1.00,2.10
2015.08.11 08:34:20.180,1.37856,1.37862,1.00,2.10
2015.08.11 08:34:20.854,1.37854,1.37861,1.00,2.10
2015.08.11 08:34:21.107,1.37854,1.37862,1.00,1.30
2015.08.11 08:34:21.259,1.37854,1.37861,1.00,2.10
2015.08.11 08:34:21.783,1.37853,1.37861,1.12,2.10
2015.08.11 08:34:22.576,1.37854,1.37862,1.00,2.10
2015.08.11 08:34:23.139,1.37853,1.37861,2.62,2.10
2015.08.11 08:34:23.543,1.37856,1.37863,1.00,4.35
2015.08.11 08:34:24.047,1.37855,1.37863,1.00,2.10
2015.08.11 08:34:25.055,1.37856,1.37864,1.00,2.47
2015.08.11 08:34:25.567,1.37856,1.37863,1.00,2.10
2015.08.11 08:34:26.704,1.37856,1.3786,1.00,1.00
2015.08.11 08:34:27.244,1.37856,1.37861,1.00,1.00
2015.08.11 08:34:28.911,1.37855,1.37861,1.00,1.12
2015.08.11 08:34:29.419,1.37855,1.37861,1.00,1.37
2015.08.11 08:34:30.145,1.37856,1.37861,1.00,1.00
2015.08.11 08:34:30.704,1.37856,1.37863,1.00,3.97
2015.08.11 08:34:32.223,1.37855,1.37863,1.00,2.85
2015.08.11 08:34:32.742,1.37856,1.37863,1.00,2.47
2015.08.11 08:34:35.268,1.37855,1.37862,1.00,1.30
2015.08.11 08:34:35.784,1.37856,1.37863,1.00,2.85
2015.08.11 08:34:37.316,1.37856,1.37862,1.00,2.05
2015.08.11 08:34:37.368,1.37853,1.37859,1.00,1.12
2015.08.11 08:34:37.740,1.37853,1.37859,1.00,1.37
2015.08.11 08:34:38.247,1.37853,1.37859,1.00,1.75
2015.08.11 08:34:40.794,1.37852,1.3786,1.00,5.25
2015.08.11 08:34:41.961,1.37853,1.37858,1.00,1.50
2015.08.11 08:34:43.022,1.37852,1.3786,1.00,3.37
2015.08.11 08:34:47.480,1.37853,1.37859,1.00,1.75
2015.08.11 08:34:47.581,1.37849,1.37859,1.67,2.25
2015.08.11 08:34:47.682,1.37849,1.37857,1.20,1.37
2015.08.11 08:34:48.183,1.37849,1.37857,1.12,1.37
2015.08.11 08:34:49.853,1.37848,1.37857,3.75,1.37
2015.08.11 08:34:50.687,1.37848,1.37858,4.50,1.87
2015.08.11 08:34:53.615,1.37848,1.37858,4.87,1.87
2015.08.11 08:34:54.019,1.3785,1.37858,1.00,1.37
2015.08.11 08:34:54.709,1.37849,1.37859,1.00,1.87
2015.08.11 08:34:55.214,1.37848,1.37859,3.00,1.37
2015.08.11 08:34:55.721,1.37849,1.37859,1.00,1.87
2015.08.11 08:34:56.526,1.37849,1.37859,1.00,1.87
2015.08.11 08:34:58.587,1.37848,1.37859,2.32,1.37
2015.08.11 08:34:59.075,1.3785,1.37856,1.22,1.87
2015.08.11 08:34:59.277,1.3785,1.37858,1.00,1.87
2015.08.11 08:34:59.378,1.37848,1.37857,3.75,1.00
2015.08.11 08:35:00.549,1.37848,1.37854,1.12,1.00
2015.08.11 08:35:00.600,1.37843,1.37854,2.42,1.50
2015.08.11 08:35:00.651,1.37843,1.37854,1.29,4.50
2015.08.11 08:35:01.186,1.37844,1.37854,1.17,1.00
2015.08.11 08:35:01.776,1.37846,1.37856,1.75,5.47
2015.08.11 08:35:01.827,1.37847,1.37857,1.37,3.22
2015.08.11 08:35:02.715,1.37848,1.37857,1.37,1.72
2015.08.11 08:35:03.329,1.37848,1.37858,1.50,3.22
2015.08.11 08:35:04.096,1.37848,1.37857,1.50,3.97
2015.08.11 08:35:04.759,1.37846,1.37854,1.00,1.00
2015.08.11 08:35:04.912,1.37846,1.37856,1.12,2.62
2015.08.11 08:35:04.963,1.37846,1.37852,1.00,1.00
2015.08.11 08:35:05.166,1.37842,1.3785,1.00,2.25
2015.08.11 08:35:05.523,1.3784,1.3785,3.75,1.00
2015.08.11 08:35:06.183,1.37841,1.3785,1.00,1.00
2015.08.11 08:35:06.899,1.37841,1.3785,1.37,1.35
2015.08.11 08:35:07.205,1.37842,1.3785,1.37,1.00
2015.08.11 08:35:07.257,1.37843,1.37852,1.12,1.12
2015.08.11 08:35:07.308,1.37844,1.37853,2.25,1.25
2015.08.11 08:35:07.409,1.37845,1.37856,1.37,3.19
2015.08.11 08:35:07.511,1.37848,1.37856,1.37,1.50
2015.08.11 08:35:07.957,1.37855,1.37856,1.50,1.12
2015.08.11 08:35:08.008,1.37856,1.37864,1.00,1.35
2015.08.11 08:35:08.210,1.37857,1.37866,1.50,2.10
2015.08.11 08:35:08.514,1.3786,1.37866,1.50,2.10
2015.08.11 08:35:09.062,1.37858,1.37865,1.50,2.10
2015.08.11 08:35:09.648,1.37861,1.37866,1.00,2.10
2015.08.11 08:35:09.749,1.37861,1.37868,1.87,1.35
2015.08.11 08:35:09.800,1.37864,1.37869,1.37,1.60
2015.08.11 08:35:09.952,1.37867,1.37871,1.37,1.00
2015.08.11 08:35:10.054,1.3787,1.37871,1.00,1.00
2015.08.11 08:35:10.105,1.3787,1.37873,1.00,3.22
2015.08.11 08:35:10.369,1.3787,1.37872,1.00,2.10
2015.08.11 08:35:10.911,1.37868,1.37871,1.12,2.10
2015.08.11 08:35:11.424,1.37869,1.37871,1.00,2.10
2015.08.11 08:35:11.975,1.37868,1.37871,1.12,2.10
2015.08.11 08:35:13.764,1.37868,1.37871,1.12,2.10
2015.08.11 08:35:14.500,1.37866,1.3787,1.00,2.10
2015.08.11 08:35:14.551,1.37866,1.37869,1.00,2.10
2015.08.11 08:35:14.602,1.37866,1.3787,1.00,2.10
2015.08.11 08:35:15.107,1.37865,1.37869,3.75,2.10
2015.08.11 08:35:15.582,1.37865,1.37871,4.87,2.10
2015.08.11 08:35:16.061,1.37866,1.37869,1.12,2.10
2015.08.11 08:35:17.140,1.37866,1.37868,1.00,2.10
2015.08.11 08:35:17.190,1.37866,1.3787,1.00,2.85
2015.08.11 08:35:17.878,1.37867,1.3787,1.87,2.10
2015.08.11 08:35:19.671,1.37867,1.3787,1.87,2.10
2015.08.11 08:35:20.163,1.37863,1.37868,2.25,2.10
2015.08.11 08:35:20.265,1.37863,1.3787,2.25,3.60
2015.08.11 08:35:20.770,1.37864,1.37869,1.00,2.10
2015.08.11 08:35:21.653,1.37864,1.37868,1.00,2.10
2015.08.11 08:35:21.755,1.37864,1.37865,1.00,2.85
2015.08.11 08:35:21.857,1.3786,1.37862,2.25,2.10
2015.08.11 08:35:22.363,1.3786,1.37863,2.25,2.10
2015.08.11 08:35:23.015,1.37859,1.37863,2.25,2.85
2015.08.11 08:35:23.066,1.37855,1.37863,1.00,2.85
2015.08.11 08:35:23.606,1.37856,1.37862,1.00,2.10
2015.08.11 08:35:25.276,1.37856,1.37863,1.37,2.10
2015.08.11 08:35:25.682,1.37856,1.37865,1.37,1.50
2015.08.11 08:35:31.862,1.37856,1.37866,1.37,2.62
2015.08.11 08:35:32.412,1.37856,1.37866,1.00,3.00
2015.08.11 08:35:33.113,1.37857,1.37866,1.12,3.37
2015.08.11 08:35:33.316,1.37862,1.37866,1.00,1.00
2015.08.11 08:35:33.619,1.37862,1.37868,1.00,1.50
2015.08.11 08:35:33.822,1.37865,1.3787,1.12,1.37
2015.08.11 08:35:33.923,1.37867,1.37877,1.12,4.12
2015.08.11 08:35:33.975,1.37867,1.37877,1.50,1.00
2015.08.11 08:35:34.456,1.37868,1.37878,1.37,1.37
2015.08.11 08:35:34.513,1.3787,1.37879,1.12,1.00
2015.08.11 08:35:37.527,1.3787,1.37879,1.00,1.37
2015.08.11 08:35:37.780,1.37868,1.37878,1.50,1.00
2015.08.11 08:35:39.994,1.37867,1.37878,1.37,1.50
2015.08.11 08:35:40.247,1.37866,1.37877,3.00,3.75
2015.08.11 08:35:40.810,1.37866,1.37874,1.37,1.00
2015.08.11 08:35:40.861,1.37866,1.37874,1.00,1.37
2015.08.11 08:35:40.912,1.37865,1.3787,1.00,1.00
2015.08.11 08:35:40.964,1.37862,1.3787,1.35,1.12
2015.08.11 08:35:41.496,1.3786,1.37867,1.00,1.00
2015.08.11 08:35:41.902,1.37858,1.37867,1.00,1.50
2015.08.11 08:35:42.415,1.37859,1.37866,1.00,1.00
2015.08.11 08:35:43.306,1.37859,1.37869,1.12,4.50
2015.08.11 08:35:43.811,1.37858,1.37868,2.62,1.00
2015.08.11 08:35:43.963,1.37858,1.37869,3.75,4.12
2015.08.11 08:35:44.511,1.37863,1.3787,1.00,1.87
2015.08.11 08:35:45.022,1.37863,1.3787,1.00,4.12
2015.08.11 08:35:45.426,1.37863,1.37869,1.00,4.87
2015.08.11 08:35:46.259,1.37862,1.37869,1.00,6.00
2015.08.11 08:35:46.827,1.37862,1.37868,1.00,1.12
2015.08.11 08:35:47.376,1.37862,1.37867,1.00,1.00
2015.08.11 08:35:48.277,1.37862,1.37867,1.00,1.12
2015.08.11 08:35:48.330,1.37856,1.37866,1.12,1.87
2015.08.11 08:35:49.884,1.37856,1.37865,1.50,1.37
2015.08.11 08:35:52.046,1.37856,1.37864,1.00,1.12
2015.08.11 08:35:52.148,1.37855,1.37861,2.25,1.00
2015.08.11 08:35:52.300,1.37852,1.3786,1.00,1.87
2015.08.11 08:35:53.230,1.37853,1.3786,1.00,1.87
2015.08.11 08:35:58.167,1.37851,1.37859,1.00,1.37
2015.08.11 08:35:58.709,1.3785,1.37859,1.87,5.25
2015.08.11 08:35:59.225,1.37849,1.37858,1.12,5.25
2015.08.11 08:35:59.663,1.37849,1.37855,1.00,1.37
2015.08.11 08:35:59.766,1.37847,1.37851,1.00,1.50
2015.08.11 08:35:59.867,1.37845,1.3785,1.00,1.37
2015.08.11 08:36:00.838,1.37841,1.37849,1.87,3.75
2015.08.11 08:36:00.939,1.37841,1.37849,1.00,1.00
2015.08.11 08:36:01.205,1.37844,1.37849,1.00,1.00
2015.08.11 08:36:01.509,1.37847,1.3785,1.00,1.00
2015.08.11 08:36:01.661,1.37847,1.37852,1.00,1.12
2015.08.11 08:36:02.484,1.37846,1.37852,1.00,1.00
2015.08.11 08:36:02.586,1.37848,1.37852,1.00,1.12
2015.08.11 08:36:03.121,1.37848,1.37853,1.00,1.37
2015.08.11 08:36:03.821,1.37848,1.37853,1.00,1.00
2015.08.11 08:36:04.124,1.37848,1.37853,1.00,1.87
2015.08.11 08:36:04.630,1.37847,1.37851,1.00,1.12
2015.08.11 08:36:05.414,1.37846,1.37851,1.00,3.37
2015.08.11 08:36:05.465,1.37845,1.37849,1.00,1.37
2015.08.11 08:36:05.516,1.37842,1.37849,1.50,2.25
2015.08.11 08:36:06.052,1.37843,1.37849,1.00,1.37
2015.08.11 08:36:08.224,1.37841,1.37848,1.00,1.00
2015.08.11 08:36:09.102,1.37842,1.37848,1.00,1.00
2015.08.11 08:36:09.153,1.37841,1.37845,1.00,1.00
2015.08.11 08:36:09.254,1.37839,1.37845,1.00,1.87
2015.08.11 08:36:09.760,1.37839,1.37844,1.00,1.00
2015.08.11 08:36:09.962,1.37837,1.37844,1.00,1.37
2015.08.11 08:36:10.013,1.37835,1.37844,1.50,1.87
2015.08.11 08:36:10.855,1.37835,1.3784,1.00,1.00
2015.08.11 08:36:11.721,1.37834,1.3784,1.00,1.12
2015.08.11 08:36:12.223,1.37835,1.3784,1.00,1.12
2015.08.11 08:36:13.222,1.37835,1.3784,1.00,1.37
2015.08.11 08:36:13.729,1.37835,1.37841,1.00,1.37
2015.08.11 08:36:14.365,1.37834,1.37841,1.00,1.37
2015.08.11 08:36:15.170,1.37835,1.37841,1.00,1.37
2015.08.11 08:36:15.635,1.37835,1.37838,1.00,1.00
2015.08.11 08:36:15.737,1.37831,1.37838,1.00,1.12
2015.08.11 08:36:16.041,1.37835,1.37838,1.00,3.75
2015.08.11 08:36:16.092,1.37835,1.37839,1.00,2.25
2015.08.11 08:36:16.597,1.37834,1.3784,1.00,1.00
2015.08.11 08:36:16.649,1.37834,1.37839,1.00,3.75
2015.08.11 08:36:16.751,1.3783,1.37837,1.50,1.00
2015.08.11 08:36:17.056,1.3783,1.37837,1.50,4.12
2015.08.11 08:36:17.743,1.3783,1.37838,1.00,4.12
2015.08.11 08:36:18.185,1.3783,1.37838,1.87,1.00
2015.08.11 08:36:18.891,1.37831,1.37839,1.12,1.00
2015.08.11 08:36:19.363,1.3783,1.37836,1.37,1.00
2015.08.11 08:36:23.646,1.3783,1.37836,1.12,1.00
2015.08.11 08:36:25.054,1.37829,1.37835,1.37,1.00
2015.08.11 08:36:25.371,1.3783,1.37833,1.37,1.00
2015.08.11 08:36:27.488,1.3783,1.37833,1.12,1.00
2015.08.11 08:36:28.233,1.3783,1.37834,1.12,1.00
2015.08.11 08:36:30.468,1.3783,1.37834,1.37,1.00
2015.08.11 08:36:31.455,1.37829,1.37836,3.37,1.00
2015.08.11 08:36:32.033,1.3783,1.37835,1.37,1.00
2015.08.11 08:36:32.575,1.37829,1.37836,2.25,1.00
2015.08.11 08:36:33.215,1.3783,1.37835,1.00,1.00
2015.08.11 08:36:34.267,1.37829,1.37835,2.25,1.00
2015.08.11 08:36:35.121,1.3783,1.37835,1.00,1.00
2015.08.11 08:36:35.603,1.3783,1.37835,1.00,1.37
2015.08.11 08:36:35.654,1.37827,1.37835,1.12,1.87
2015.08.11 08:36:35.756,1.37825,1.37831,1.10,2.25
2015.08.11 08:36:35.857,1.37821,1.37829,3.75,1.00
2015.08.11 08:36:36.942,1.37821,1.3783,1.87,1.00
2015.08.11 08:36:37.003,1.37821,1.37831,1.87,1.37
2015.08.11 08:36:37.409,1.37824,1.3783,1.12,1.00
2015.08.11 08:36:37.561,1.37824,1.37832,1.37,1.00
2015.08.11 08:36:37.713,1.37824,1.37834,1.37,1.00
2015.08.11 08:36:37.814,1.37827,1.37835,1.00,1.87
2015.08.11 08:36:38.298,1.37826,1.37835,4.12,1.37
2015.08.11 08:36:38.551,1.37828,1.37835,1.00,1.12
2015.08.11 08:36:39.083,1.37829,1.37835,1.00,1.12
2015.08.11 08:36:39.939,1.37826,1.37835,4.12,1.37
2015.08.11 08:36:40.635,1.37826,1.37835,4.12,1.37
2015.08.11 08:36:41.591,1.3783,1.37835,1.00,1.00
2015.08.11 08:36:42.202,1.3783,1.37836,1.00,1.00
2015.08.11 08:36:42.597,1.37829,1.37834,1.50,1.00
2015.08.11 08:36:42.650,1.37826,1.37834,5.25,1.00
2015.08.11 08:36:43.183,1.37827,1.37835,1.00,1.00
2015.08.11 08:36:43.235,1.37829,1.37835,1.00,1.00
2015.08.11 08:36:43.884,1.37829,1.37835,1.37,1.00
2015.08.11 08:36:44.591,1.37831,1.37836,1.00,1.00
2015.08.11 08:36:45.115,1.37831,1.37838,1.87,1.00
2015.08.11 08:36:45.166,1.37831,1.37838,1.87,1.00
2015.08.11 08:36:45.318,1.37833,1.37842,1.37,1.87
2015.08.11 08:36:45.520,1.37835,1.3784,1.00,1.00
2015.08.11 08:36:46.124,1.37835,1.37841,1.00,1.00
2015.08.11 08:36:46.225,1.37835,1.37843,1.87,1.12
2015.08.11 08:36:46.428,1.37835,1.37839,1.12,1.00
2015.08.11 08:36:46.630,1.37833,1.37839,1.00,1.12
2015.08.11 08:36:47.186,1.37833,1.3784,1.00,1.00
2015.08.11 08:36:48.110,1.37834,1.37843,1.50,2.25
2015.08.11 08:36:48.162,1.37837,1.37846,1.12,1.00
2015.08.11 08:36:48.574,1.37837,1.37846,1.12,1.37
2015.08.11 08:36:48.777,1.37838,1.37848,1.00,2.62
2015.08.11 08:36:49.668,1.37839,1.37847,1.00,1.87
2015.08.11 08:36:50.817,1.37839,1.37848,1.00,2.62
2015.08.11 08:36:51.364,1.37838,1.37847,1.87,1.87
2015.08.11 08:36:51.415,1.37838,1.37847,1.50,1.87
2015.08.11 08:36:51.920,1.37838,1.37846,1.00,1.87
2015.08.11 08:36:52.512,1.37838,1.37847,1.00,2.25
2015.08.11 08:36:54.126,1.37838,1.37847,1.00,1.87
2015.08.11 08:36:54.227,1.37839,1.37847,1.00,1.50
2015.08.11 08:36:54.429,1.37838,1.37846,1.12,2.25
2015.08.11 08:36:55.463,1.37837,1.37845,1.00,2.25
2015.08.11 08:36:56.014,1.37838,1.37845,1.00,1.50
2015.08.11 08:36:58.678,1.37837,1.37845,1.00,1.50
2015.08.11 08:36:59.225,1.37837,1.37844,1.00,1.37
2015.08.11 08:36:59.744,1.37838,1.37842,1.00,1.50
2015.08.11 08:37:00.808,1.37835,1.3784,1.00,2.62
2015.08.11 08:37:00.859,1.37827,1.3783,1.12,1.00
2015.08.11 08:37:00.911,1.37823,1.3783,1.00,1.31
2015.08.11 08:37:01.316,1.37826,1.37831,1.00,2.06
2015.08.11 08:37:01.862,1.37828,1.37833,1.00,1.87
2015.08.11 08:37:01.914,1.37829,1.37833,1.00,1.00
2015.08.11 08:37:02.117,1.37826,1.37834,1.00,1.12
2015.08.11 08:37:02.320,1.37825,1.37832,1.50,1.00
2015.08.11 08:37:02.623,1.37825,1.37832,1.50,1.37
2015.08.11 08:37:03.258,1.37824,1.37834,6.37,1.37
2015.08.11 08:37:03.562,1.37828,1.37835,1.00,1.87
2015.08.11 08:37:04.067,1.37828,1.37836,1.00,2.62
2015.08.11 08:37:04.169,1.37828,1.37836,1.00,1.87
2015.08.11 08:37:04.751,1.37828,1.37837,1.00,1.50
2015.08.11 08:37:04.801,1.37828,1.37832,1.00,1.00
2015.08.11 08:37:04.953,1.37825,1.37835,5.62,1.12
2015.08.11 08:37:05.459,1.37825,1.37831,4.87,1.00
2015.08.11 08:37:06.004,1.37825,1.37833,3.75,1.37
2015.08.11 08:37:06.055,1.37824,1.37832,1.00,1.12
2015.08.11 08:37:06.613,1.37824,1.37832,1.50,1.37
2015.08.11 08:37:07.008,1.37824,1.37833,2.25,1.37
2015.08.11 08:37:07.059,1.37824,1.37834,5.62,2.25
2015.08.11 08:37:07.110,1.37826,1.37834,1.12,1.50
2015.08.11 08:37:07.676,1.37834,1.37837,1.50,1.12
2015.08.11 08:37:07.727,1.37834,1.37843,1.00,1.50
2015.08.11 08:37:08.033,1.37836,1.37843,1.00,1.00
2015.08.11 08:37:08.538,1.37836,1.37844,1.00,1.12
2015.08.11 08:37:09.140,1.37834,1.37841,1.00,1.50
2015.08.11 08:37:09.662,1.37834,1.37841,1.00,1.87
2015.08.11 08:37:10.172,1.37834,1.37841,1.00,1.12
2015.08.11 08:37:10.713,1.37835,1.37843,1.00,1.87
2015.08.11 08:37:11.226,1.37835,1.37843,1.00,2.47
2015.08.11 08:37:12.632,1.37835,1.37842,1.00,1.00
2015.08.11 08:37:13.246,1.37834,1.37842,1.00,1.00
2015.08.11 08:37:14.146,1.37835,1.37843,1.00,1.87
2015.08.11 08:37:14.654,1.37835,1.37844,1.50,1.37
2015.08.11 08:37:15.267,1.37836,1.37844,1.00,1.37
2015.08.11 08:37:15.813,1.37836,1.37841,1.00,1.00
2015.08.11 08:37:16.346,1.37835,1.37841,1.00,1.00
2015.08.11 08:37:16.925,1.37835,1.37843,1.00,1.37
2015.08.11 08:37:17.487,1.37835,1.3784,1.00,1.00
2015.08.11 08:37:18.151,1.37833,1.3784,1.00,1.12
2015.08.11 08:37:19.157,1.37833,1.3784,1.00,5.62
2015.08.11 08:37:19.705,1.37834,1.37838,1.00,1.00
2015.08.11 08:37:21.827,1.37833,1.37838,1.00,1.00
2015.08.11 08:37:22.552,1.37833,1.37839,1.00,1.12
2015.08.11 08:37:23.061,1.37834,1.37839,1.00,1.12
2015.08.11 08:37:24.830,1.37835,1.37839,1.00,1.12
2015.08.11 08:37:25.371,1.37835,1.3784,1.00,1.00
2015.08.11 08:37:25.914,1.37835,1.37841,1.00,1.00
2015.08.11 08:37:26.445,1.37836,1.37842,1.00,1.87
2015.08.11 08:37:26.952,1.37835,1.37842,2.25,1.00
2015.08.11 08:37:27.269,1.37838,1.37842,1.00,1.00
2015.08.11 08:37:28.168,1.37839,1.37842,1.00,1.00
2015.08.11 08:37:29.108,1.37839,1.37843,1.00,1.12
2015.08.11 08:37:29.780,1.37832,1.37833,5.62,1.00
2015.08.11 08:37:29.831,1.37825,1.37831,1.00,1.00
2015.08.11 08:37:30.664,1.37825,1.37831,1.00,1.37
2015.08.11 08:37:31.516,1.37826,1.37831,1.00,1.37
2015.08.11 08:37:32.062,1.37825,1.37831,1.00,1.37
2015.08.11 08:37:32.766,1.37826,1.37831,1.00,1.00
2015.08.11 08:37:34.082,1.37825,1.37831,1.00,1.37
2015.08.11 08:37:35.029,1.37825,1.37826,1.00,1.00
2015.08.11 08:37:35.181,1.37825,1.37829,1.00,1.37
2015.08.11 08:37:35.332,1.37825,1.37832,1.00,1.12
2015.08.11 08:37:35.876,1.37826,1.37832,1.00,1.00
2015.08.11 08:37:36.907,1.37826,1.37831,1.00,1.00
2015.08.11 08:37:37.667,1.37826,1.37832,1.00,1.00
2015.08.11 08:37:38.419,1.37826,1.37833,1.00,1.87
2015.08.11 08:37:40.324,1.37826,1.37832,1.00,1.00
2015.08.11 08:37:42.124,1.37826,1.37831,1.00,1.00
2015.08.11 08:37:42.647,1.37826,1.37832,1.00,1.12
2015.08.11 08:37:43.441,1.37826,1.37831,1.00,1.00
2015.08.11 08:37:44.001,1.37826,1.37832,1.00,1.12
2015.08.11 08:37:45.232,1.37826,1.37834,1.87,1.00
2015.08.11 08:37:45.283,1.37831,1.37834,1.00,1.00
2015.08.11 08:37:45.816,1.37831,1.37833,1.00,1.00
2015.08.11 08:37:46.068,1.37829,1.37833,1.12,1.00
2015.08.11 08:37:46.170,1.37831,1.37833,1.00,1.00
2015.08.11 08:37:47.394,1.3783,1.37833,1.00,1.00
2015.08.11 08:37:47.931,1.37829,1.37833,1.00,1.00
2015.08.11 08:37:48.472,1.37829,1.37832,1.00,1.00
2015.08.11 08:37:49.553,1.37832,1.37836,1.00,1.87
2015.08.11 08:37:50.293,1.37831,1.37837,1.00,2.62
2015.08.11 08:37:50.902,1.37832,1.37836,1.00,1.37
2015.08.11 08:37:51.434,1.37832,1.37837,1.00,2.62
2015.08.11 08:37:51.961,1.37832,1.37837,1.00,2.62
2015.08.11 08:37:53.294,1.37831,1.37837,1.00,2.62
2015.08.11 08:37:53.800,1.37831,1.37835,1.00,1.37
2015.08.11 08:37:54.573,1.37832,1.37835,1.00,2.25
2015.08.11 08:37:56.505,1.37832,1.37836,1.00,1.37
2015.08.11 08:37:56.707,1.37831,1.37836,1.00,1.12
2015.08.11 08:37:56.808,1.37832,1.37836,1.00,1.87
2015.08.11 08:37:57.325,1.37832,1.37836,1.00,1.87
2015.08.11 08:37:57.877,1.37829,1.37831,1.00,1.00
2015.08.11 08:37:57.928,1.37828,1.37831,1.00,1.00
2015.08.11 08:37:58.828,1.37827,1.3783,1.00,3.75
2015.08.11 08:37:59.594,1.37827,1.37829,1.00,1.50
2015.08.11 08:37:59.746,1.37821,1.37825,1.00,1.00
2015.08.11 08:37:59.797,1.37818,1.37825,1.00,1.87
2015.08.11 08:37:59.949,1.37816,1.37824,1.12,1.12
2015.08.11 08:38:00.050,1.37814,1.37822,3.00,3.75
2015.08.11 08:38:01.113,1.37816,1.37824,1.87,1.00
2015.08.11 08:38:02.735,1.37815,1.37825,1.87,4.50
2015.08.11 08:38:03.299,1.37815,1.37823,2.62,1.00
2015.08.11 08:38:03.929,1.37815,1.37823,1.37,1.00
2015.08.11 08:38:04.438,1.37815,1.37823,1.12,1.12
2015.08.11 08:38:05.460,1.37814,1.37823,1.50,1.37
2015.08.11 08:38:05.516,1.37814,1.37823,1.50,1.37
2015.08.11 08:38:05.820,1.37813,1.37823,1.87,1.12
2015.08.11 08:38:05.921,1.37813,1.37823,1.00,1.37
2015.08.11 08:38:06.853,1.37813,1.37821,1.00,1.00
2015.08.11 08:38:07.328,1.37813,1.37821,1.37,1.00
2015.08.11 08:38:08.776,1.37813,1.37821,1.37,1.00
2015.08.11 08:38:10.001,1.37813,1.37821,1.37,4.12
2015.08.11 08:38:10.757,1.37813,1.37821,1.87,4.12
2015.08.11 08:38:11.263,1.37812,1.37822,1.00,4.12
2015.08.11 08:38:12.172,1.37812,1.37823,1.37,4.50
2015.08.11 08:38:12.223,1.37811,1.37822,1.87,1.12
2015.08.11 08:38:12.527,1.3781,1.37821,1.37,1.37
2015.08.11 08:38:12.882,1.37809,1.37818,2.32,1.00
2015.08.11 08:38:14.078,1.37808,1.37817,1.57,1.00
2015.08.11 08:38:14.834,1.37808,1.37817,1.87,1.00
2015.08.11 08:38:16.024,1.3781,1.37818,1.37,1.50
2015.08.11 08:38:16.126,1.37809,1.37817,1.00,1.00
2015.08.11 08:38:16.228,1.3781,1.37814,1.00,1.37
2015.08.11 08:38:16.279,1.37808,1.37814,1.00,1.87
2015.08.11 08:38:16.381,1.37805,1.37813,1.12,1.50
2015.08.11 08:38:17.070,1.37809,1.37816,1.00,1.00
2015.08.11 08:38:17.175,1.37807,1.37817,1.50,1.00
2015.08.11 08:38:17.226,1.37807,1.37817,1.12,4.12
2015.08.11 08:38:17.378,1.37807,1.37817,2.25,1.00
2015.08.11 08:38:17.822,1.37807,1.37817,1.87,1.00
2015.08.11 08:38:18.611,1.37808,1.37819,1.87,1.50
2015.08.11 08:38:18.923,1.37811,1.37818,3.75,1.12
2015.08.11 08:38:19.328,1.37813,1.3782,4.12,1.12
2015.08.11 08:38:19.856,1.37814,1.37821,4.12,1.37
2015.08.11 08:38:20.353,1.37814,1.37818,1.00,1.00
2015.08.11 08:38:20.555,1.37808,1.37814,1.00,1.00
2015.08.11 08:38:21.060,1.37805,1.37813,4.12,1.50
2015.08.11 08:38:22.376,1.37805,1.37813,4.12,1.87
2015.08.11 08:38:22.896,1.37805,1.37813,4.12,1.12
2015.08.11 08:38:24.286,1.37808,1.37813,1.00,1.00
2015.08.11 08:38:24.337,1.3781,1.37813,4.50,1.00
2015.08.11 08:38:24.489,1.37813,1.37821,1.00,1.87
2015.08.11 08:38:24.540,1.37813,1.37821,4.12,1.87
2015.08.11 08:38:25.613,1.3781,1.37814,1.12,1.00
2015.08.11 08:38:25.667,1.37808,1.37814,1.00,1.00
2015.08.11 08:38:25.719,1.37805,1.37815,1.12,1.00
2015.08.11 08:38:26.930,1.37805,1.37814,1.12,1.00
2015.08.11 08:38:27.436,1.37804,1.37814,1.37,1.12
2015.08.11 08:38:27.638,1.37804,1.37811,1.37,2.25
2015.08.11 08:38:27.740,1.37804,1.37814,2.25,1.00
2015.08.11 08:38:28.214,1.37806,1.37816,2.62,1.37
2015.08.11 08:38:28.720,1.37806,1.37816,1.50,1.37
2015.08.11 08:38:29.592,1.37806,1.37816,1.50,1.87
2015.08.11 08:38:31.105,1.37805,1.37814,1.37,4.50
2015.08.11 08:38:31.257,1.37804,1.37813,1.00,1.37
2015.08.11 08:38:32.652,1.37804,1.37813,1.00,1.12
2015.08.11 08:38:32.805,1.37804,1.37813,1.00,1.37
2015.08.11 08:38:33.311,1.37803,1.3781,1.00,1.00
2015.08.11 08:38:34.157,1.37804,1.37813,1.00,1.12
2015.08.11 08:38:34.793,1.37803,1.37812,1.00,1.50
2015.08.11 08:38:36.721,1.37804,1.37812,1.00,1.00
2015.08.11 08:38:37.799,1.37803,1.37809,1.00,1.50
2015.08.11 08:38:37.850,1.37801,1.37808,1.00,1.12
2015.08.11 08:38:38.204,1.37801,1.37808,1.00,1.87
2015.08.11 08:38:38.710,1.37801,1.37807,1.00,1.37
2015.08.11 08:38:39.249,1.378,1.37808,1.00,1.87
2015.08.11 08:38:40.152,1.37801,1.37808,1.00,1.37
2015.08.11 08:38:41.620,1.37801,1.37808,1.12,1.00
2015.08.11 08:38:42.188,1.37808,1.37811,1.00,1.00
2015.08.11 08:38:42.239,1.37808,1.37817,1.00,1.00
2015.08.11 08:38:42.746,1.37809,1.37816,1.00,1.00
2015.08.11 08:38:43.596,1.37808,1.37817,1.00,4.87
2015.08.11 08:38:43.940,1.37812,1.37817,1.00,1.37
2015.08.11 08:38:44.456,1.37813,1.37817,1.00,1.37
2015.08.11 08:38:45.823,1.3781,1.37819,1.00,2.62
2015.08.11 08:38:46.025,1.37809,1.37814,1.00,1.37
2015.08.11 08:38:46.126,1.37807,1.37815,1.50,1.00
2015.08.11 08:38:46.278,1.37804,1.37814,2.25,1.12
2015.08.11 08:38:46.728,1.37806,1.37815,3.75,1.87
2015.08.11 08:38:46.778,1.37806,1.37817,4.87,1.87
2015.08.11 08:38:47.295,1.37808,1.37818,1.00,1.12
2015.08.11 08:38:47.598,1.37812,1.37819,1.00,1.87
2015.08.11 08:38:48.194,1.37812,1.37819,1.00,1.87
2015.08.11 08:38:51.110,1.37813,1.3782,1.00,2.25
2015.08.11 08:38:51.739,1.37815,1.37822,1.00,1.50
2015.08.11 08:38:52.246,1.37813,1.37821,1.00,1.00
2015.08.11 08:38:52.448,1.37812,1.3782,1.00,1.37
2015.08.11 08:38:53.139,1.37809,1.3782,5.62,1.87
2015.08.11 08:38:53.443,1.37809,1.37815,5.62,1.75
2015.08.11 08:38:53.698,1.37802,1.37807,1.75,1.37
2015.08.11 08:38:53.749,1.37798,1.37807,1.00,2.62
2015.08.11 08:38:53.952,1.37798,1.37804,1.00,1.00
2015.08.11 08:38:54.465,1.37796,1.37804,1.12,1.00
2015.08.11 08:38:54.979,1.37795,1.37804,1.87,1.37
2015.08.11 08:38:55.081,1.37795,1.37804,6.75,1.37
2015.08.11 08:38:56.184,1.37796,1.37803,1.00,1.87
2015.08.11 08:38:57.769,1.37795,1.37803,1.50,1.12
2015.08.11 08:38:58.280,1.37794,1.37803,2.25,1.12
2015.08.11 08:39:01.030,1.37796,1.37805,1.00,1.87
2015.08.11 08:39:03.087,1.378,1.37805,1.00,1.00
2015.08.11 08:39:03.507,1.378,1.37809,1.00,1.37
2015.08.11 08:39:06.245,1.37803,1.3781,1.00,1.87
2015.08.11 08:39:07.430,1.37803,1.37812,1.00,1.87
2015.08.11 08:39:09.237,1.37801,1.3781,1.00,1.37
2015.08.11 08:39:09.494,1.37801,1.3781,1.00,1.37
2015.08.11 08:39:10.196,1.37801,1.3781,1.00,1.87
2015.08.11 08:39:10.739,1.37801,1.3781,1.00,1.37
2015.08.11 08:39:14.031,1.378,1.37808,2.25,1.37
2015.08.11 08:39:14.134,1.378,1.37807,1.00,1.37
2015.08.11 08:39:14.286,1.37797,1.37807,1.57,1.87
2015.08.11 08:39:15.478,1.37796,1.37804,1.00,1.37
2015.08.11 08:39:16.135,1.37795,1.37803,1.50,1.37
2015.08.11 08:39:16.639,1.37794,1.37804,2.62,1.87
2015.08.11 08:39:21.459,1.37795,1.37803,1.00,1.87
2015.08.11 08:39:21.957,1.37794,1.37802,3.37,1.37
2015.08.11 08:39:23.141,1.37795,1.37803,1.00,2.25
2015.08.11 08:39:24.120,1.37794,1.37803,1.50,1.50
2015.08.11 08:39:24.352,1.37795,1.37803,1.50,2.25
2015.08.11 08:39:24.879,1.37795,1.37803,1.50,1.50
2015.08.11 08:39:24.981,1.37798,1.37804,1.00,1.50
2015.08.11 08:39:25.234,1.37801,1.37808,1.00,1.00
2015.08.11 08:39:25.285,1.37803,1.37811,1.00,1.00
2015.08.11 08:39:25.437,1.37804,1.37815,1.12,6.75
2015.08.11 08:39:26.681,1.37803,1.37814,1.37,4.12
2015.08.11 08:39:27.261,1.37804,1.37812,1.00,1.37
2015.08.11 08:39:29.113,1.37804,1.37812,1.00,1.12
2015.08.11 08:39:30.019,1.37803,1.37812,1.00,1.12
2015.08.11 08:39:30.070,1.37803,1.37811,1.00,1.00
2015.08.11 08:39:30.172,1.37803,1.37812,1.00,1.37
2015.08.11 08:39:30.677,1.37803,1.37812,1.00,1.37
2015.08.11 08:39:32.891,1.37801,1.37812,2.62,1.37
2015.08.11 08:39:33.975,1.37801,1.37811,1.00,1.87
2015.08.11 08:39:34.278,1.378,1.37808,1.00,1.37
2015.08.11 08:39:34.328,1.37798,1.37808,1.00,1.87
2015.08.11 08:39:34.480,1.37797,1.37807,1.87,1.50
2015.08.11 08:39:35.175,1.37796,1.37803,1.12,1.37
2015.08.11 08:39:35.701,1.37795,1.37802,1.00,1.37
2015.08.11 08:39:36.204,1.37794,1.37802,1.87,1.37
2015.08.11 08:39:36.844,1.37791,1.37801,1.50,1.00
2015.08.11 08:39:36.895,1.37791,1.37802,1.12,3.37
2015.08.11 08:39:37.906,1.37791,1.37801,1.50,1.50
2015.08.11 08:39:39.033,1.37791,1.37801,1.87,1.50
2015.08.11 08:39:39.566,1.37791,1.37801,2.62,1.50
2015.08.11 08:39:40.119,1.37791,1.37801,2.25,1.50
2015.08.11 08:39:40.862,1.37792,1.37801,1.00,1.37
2015.08.11 08:39:42.995,1.37791,1.37801,1.87,1.50
2015.08.11 08:39:45.433,1.37793,1.37801,1.00,1.50
2015.08.11 08:39:48.089,1.37791,1.37801,1.12,2.25
2015.08.11 08:39:48.241,1.37791,1.37801,1.12,2.62
2015.08.11 08:39:48.292,1.37789,1.378,3.19,2.62
2015.08.11 08:39:49.159,1.37789,1.37797,1.37,1.00
2015.08.11 08:39:51.825,1.37789,1.37796,1.37,1.00
2015.08.11 08:39:51.880,1.37788,1.37796,1.12,1.00
2015.08.11 08:39:52.404,1.37787,1.37798,3.00,1.37
2015.08.11 08:39:56.669,1.37789,1.37798,1.00,1.37
2015.08.11 08:39:57.234,1.37789,1.37796,1.00,1.00
2015.08.11 08:39:57.750,1.37788,1.37795,1.00,1.12
2015.08.11 08:40:01.156,1.37788,1.37795,1.00,1.37
2015.08.11 08:40:01.257,1.37785,1.37795,2.62,1.50
2015.08.11 08:40:01.359,1.37783,1.37793,1.84,1.87
2015.08.11 08:40:02.298,1.37784,1.37792,1.00,1.87
2015.08.11 08:40:02.954,1.37784,1.37793,1.87,1.00
2015.08.11 08:40:03.006,1.37786,1.37793,4.12,1.00
2015.08.11 08:40:03.259,1.37783,1.37792,1.12,1.87
2015.08.11 08:40:04.356,1.37782,1.37792,1.50,1.87
2015.08.11 08:40:06.405,1.37782,1.37791,1.50,1.37
2015.08.11 08:40:08.312,1.37783,1.37792,1.12,1.50
2015.08.11 08:40:08.616,1.37785,1.37788,1.00,1.00
2015.08.11 08:40:09.561,1.37784,1.37788,1.12,1.00
2015.08.11 08:40:10.089,1.37782,1.37787,3.75,2.55
2015.08.11 08:40:10.140,1.37776,1.37786,1.50,1.60
2015.08.11 08:40:10.649,1.37776,1.37786,1.00,1.00
2015.08.11 08:40:11.251,1.37778,1.37785,1.00,1.37
2015.08.11 08:40:11.555,1.37778,1.37783,1.00,1.37
2015.08.11 08:40:13.314,1.37778,1.37783,1.00,1.12
2015.08.11 08:40:14.822,1.37778,1.37783,1.37,1.00
2015.08.11 08:40:15.631,1.37777,1.37783,1.37,1.00
2015.08.11 08:40:16.819,1.37775,1.37783,3.00,2.25
2015.08.11 08:40:16.870,1.37775,1.37783,1.00,2.62
2015.08.11 08:40:17.023,1.37772,1.37782,2.25,1.12
2015.08.11 08:40:17.074,1.37772,1.37781,1.00,1.50
2015.08.11 08:40:17.586,1.37773,1.37779,1.00,2.62
2015.08.11 08:40:18.368,1.37771,1.37779,1.00,3.37
2015.08.11 08:40:18.773,1.37765,1.37776,1.12,1.50
2015.08.11 08:40:19.789,1.37763,1.37775,4.12,3.00
2015.08.11 08:40:19.995,1.37762,1.37774,4.69,1.50
2015.08.11 08:40:20.148,1.37763,1.37774,1.00,1.87
2015.08.11 08:40:20.452,1.37763,1.37774,1.50,1.87
2015.08.11 08:40:21.229,1.37764,1.37773,1.00,1.37
2015.08.11 08:40:22.513,1.37764,1.37773,1.37,1.87
2015.08.11 08:40:23.154,1.37763,1.37773,1.12,1.87
2015.08.11 08:40:23.483,1.37768,1.37773,1.00,1.37
2015.08.11 08:40:23.685,1.37769,1.37773,1.00,1.00
2015.08.11 08:40:24.191,1.37768,1.37774,1.00,1.00
2015.08.11 08:40:25.266,1.37768,1.37775,1.12,1.00
2015.08.11 08:40:25.469,1.3777,1.37777,1.00,1.37
2015.08.11 08:40:25.997,1.37769,1.37778,1.00,2.25
2015.08.11 08:40:26.653,1.37769,1.37772,1.00,1.50
2015.08.11 08:40:26.710,1.37764,1.37772,1.00,6.75
2015.08.11 08:40:26.963,1.37762,1.3777,1.00,1.87
2015.08.11 08:40:28.751,1.3776,1.3777,1.15,1.37
2015.08.11 08:40:32.525,1.37761,1.37769,1.00,1.37
2015.08.11 08:40:33.097,1.3776,1.3777,1.50,3.37
2015.08.11 08:40:33.624,1.3776,1.37767,1.50,1.00
2015.08.11 08:40:34.131,1.37759,1.37769,1.00,1.37
2015.08.11 08:40:34.699,1.37758,1.37768,1.50,1.37
2015.08.11 08:40:35.307,1.37758,1.37765,1.00,2.25
2015.08.11 08:40:35.621,1.37757,1.37765,2.25,2.62
2015.08.11 08:40:36.380,1.37756,1.37763,2.25,1.37
2015.08.11 08:40:36.911,1.37757,1.3776,1.00,1.00
2015.08.11 08:40:36.963,1.37754,1.3776,1.50,1.00
2015.08.11 08:40:37.519,1.37753,1.3776,1.75,2.25
2015.08.11 08:40:37.721,1.37753,1.3776,1.00,7.50
2015.08.11 08:40:37.772,1.3775,1.37758,1.00,1.00
2015.08.11 08:40:38.286,1.37749,1.37758,1.50,1.00
2015.08.11 08:40:38.817,1.37748,1.37758,1.50,1.00
2015.08.11 08:40:40.325,1.37748,1.37758,1.00,1.37
2015.08.11 08:40:40.528,1.37747,1.37756,1.50,1.37
2015.08.11 08:40:41.758,1.37747,1.37758,1.00,4.12
2015.08.11 08:40:43.442,1.37746,1.37757,1.50,1.87
2015.08.11 08:40:43.949,1.37746,1.37753,1.00,1.50
2015.08.11 08:40:44.102,1.37742,1.37751,1.62,1.37
2015.08.11 08:40:44.203,1.37741,1.37751,1.87,1.37
2015.08.11 08:40:44.942,1.37742,1.37751,1.00,1.37
2015.08.11 08:40:45.455,1.37742,1.37749,1.00,1.00
2015.08.11 08:40:46.866,1.37742,1.3775,1.50,1.12
2015.08.11 08:40:49.388,1.37742,1.3775,1.00,1.87
2015.08.11 08:40:49.939,1.37741,1.3775,1.50,1.87
2015.08.11 08:40:50.197,1.37741,1.3775,1.87,1.00
2015.08.11 08:40:50.653,1.37742,1.37752,1.87,1.00
2015.08.11 08:40:51.843,1.37744,1.37752,1.00,1.00
2015.08.11 08:40:51.896,1.37741,1.37751,1.69,1.87
2015.08.11 08:40:52.352,1.37741,1.37751,2.62,1.50
2015.08.11 08:40:52.403,1.37742,1.3775,1.00,1.37
2015.08.11 08:40:53.208,1.37741,1.37749,1.00,1.87
2015.08.11 08:40:53.869,1.37743,1.37751,1.00,1.87
2015.08.11 08:40:53.920,1.37743,1.37752,1.12,1.37
2015.08.11 08:40:54.073,1.37744,1.37751,1.37,1.12
2015.08.11 08:40:58.617,1.37745,1.37753,1.50,1.00
2015.08.11 08:40:59.122,1.37746,1.37754,1.12,1.37
2015.08.11 08:40:59.874,1.37745,1.37754,9.75,1.12
2015.08.11 08:40:59.925,1.37749,1.37754,1.12,1.00
2015.08.11 08:40:59.976,1.37749,1.37756,1.12,1.50
2015.08.11 08:41:00.128,1.37749,1.37756,1.37,1.12
2015.08.11 08:41:00.886,1.37752,1.37757,1.00,2.25
2015.08.11 08:41:02.120,1.37753,1.37757,1.00,2.25
2015.08.11 08:41:03.353,1.37751,1.37758,1.87,1.12
2015.08.11 08:41:03.869,1.37752,1.37758,1.00,1.12
2015.08.11 08:41:04.375,1.37753,1.37758,1.00,1.00
2015.08.11 08:41:04.954,1.37755,1.37758,1.00,1.00
2015.08.11 08:41:05.157,1.37756,1.37761,1.00,1.12
2015.08.11 08:41:05.562,1.37756,1.37761,1.00,1.37
2015.08.11 08:41:06.395,1.37754,1.3776,1.50,1.37
2015.08.11 08:41:06.929,1.37754,1.3776,1.00,1.37
2015.08.11 08:41:07.132,1.37752,1.3776,1.00,1.37
2015.08.11 08:41:07.869,1.37754,1.3776,1.00,1.37
2015.08.11 08:41:08.423,1.37754,1.37762,1.00,3.00
2015.08.11 08:41:10.595,1.37754,1.37762,1.00,2.25
2015.08.11 08:41:10.696,1.37754,1.3776,1.00,1.00
2015.08.11 08:41:10.850,1.37752,1.37762,1.00,2.62
2015.08.11 08:41:11.534,1.37758,1.37764,1.00,1.00
2015.08.11 08:41:11.689,1.37758,1.37768,1.12,1.50
2015.08.11 08:41:11.790,1.37761,1.37769,1.00,2.25
2015.08.11 08:41:11.841,1.37761,1.37769,1.00,1.50
2015.08.11 08:41:11.943,1.37764,1.37769,1.00,1.00
2015.08.11 08:41:12.044,1.37764,1.37772,5.25,1.12
2015.08.11 08:41:12.095,1.37766,1.37775,1.00,1.87
2015.08.11 08:41:12.992,1.37768,1.37776,1.50,1.12
2015.08.11 08:41:13.498,1.37768,1.37775,1.50,1.00
2015.08.11 08:41:14.046,1.37768,1.37775,1.87,1.00
2015.08.11 08:41:14.097,1.37768,1.37778,1.87,1.87
2015.08.11 08:41:15.247,1.37769,1.37779,1.50,2.25
2015.08.11 08:41:15.350,1.37769,1.37779,1.87,1.50
2015.08.11 08:41:15.879,1.37769,1.37779,1.37,1.37
2015.08.11 08:41:16.891,1.37768,1.37779,5.25,1.37
2015.08.11 08:41:17.834,1.37768,1.37777,4.87,1.37
2015.08.11 08:41:17.936,1.37767,1.37774,1.12,1.37
2015.08.11 08:41:17.987,1.37767,1.3777,1.12,1.00
2015.08.11 08:41:18.471,1.37767,1.37774,1.00,1.87
2015.08.11 08:41:18.522,1.37765,1.37775,2.25,1.50
2015.08.11 08:41:18.876,1.37766,1.37777,1.37,1.37
2015.08.11 08:41:19.763,1.37767,1.37775,1.50,1.00
2015.08.11 08:41:20.070,1.37765,1.37775,2.25,1.87
2015.08.11 08:41:20.172,1.37764,1.37775,1.37,6.37
2015.08.11 08:41:20.223,1.37763,1.37773,2.40,1.00
2015.08.11 08:41:21.375,1.37762,1.37772,2.62,1.00
2015.08.11 08:41:21.887,1.37762,1.37772,2.62,1.37
2015.08.11 08:41:23.430,1.37762,1.37772,1.12,1.37
2015.08.11 08:41:25.551,1.37761,1.37771,2.25,1.87
2015.08.11 08:41:26.613,1.37762,1.3777,1.00,1.00
2015.08.11 08:41:26.664,1.3776,1.37767,1.00,1.50
2015.08.11 08:41:26.967,1.37757,1.37764,1.12,1.00
2015.08.11 08:41:27.018,1.37757,1.37767,1.37,1.50
2015.08.11 08:41:27.915,1.37756,1.37768,6.37,1.87
2015.08.11 08:41:28.019,1.37758,1.37769,1.00,4.12
2015.08.11 08:41:28.323,1.3776,1.37768,1.00,1.50
2015.08.11 08:41:28.692,1.37762,1.37769,1.00,3.37
2015.08.11 08:41:30.220,1.37763,1.37769,1.00,3.00
2015.08.11 08:41:31.335,1.37765,1.37769,1.00,1.37
2015.08.11 08:41:31.386,1.37768,1.37772,1.00,1.87
2015.08.11 08:41:31.488,1.37768,1.37774,1.50,2.44
2015.08.11 08:41:31.590,1.37768,1.37776,1.50,1.00
2015.08.11 08:41:31.692,1.37767,1.37775,1.50,1.00
2015.08.11 08:41:32.832,1.37766,1.37777,2.25,1.87
2015.08.11 08:41:33.200,1.37767,1.37777,1.50,1.50
2015.08.11 08:41:33.504,1.37767,1.37774,2.25,1.00
2015.08.11 08:41:34.190,1.37767,1.37775,1.50,1.00
2015.08.11 08:41:34.718,1.37767,1.37774,2.25,1.00
2015.08.11 08:41:35.773,1.37768,1.37774,1.37,1.00
2015.08.11 08:41:36.827,1.37767,1.37776,2.25,1.12
2015.08.11 08:41:40.530,1.37768,1.37777,1.37,1.50
2015.08.11 08:41:41.079,1.37768,1.37777,1.37,1.50
2015.08.11 08:41:42.513,1.37768,1.37777,1.37,1.50
2015.08.11 08:41:43.038,1.37767,1.37775,1.50,1.00
2015.08.11 08:41:43.845,1.37767,1.37777,1.50,1.50
2015.08.11 08:41:44.696,1.37767,1.37775,2.25,1.00
2015.08.11 08:41:45.764,1.37768,1.37775,1.00,1.50
2015.08.11 08:41:47.615,1.37766,1.37775,1.87,1.00
2015.08.11 08:41:48.601,1.37767,1.37775,1.37,1.00
2015.08.11 08:41:51.455,1.37767,1.37774,1.37,1.00
2015.08.11 08:41:51.978,1.37767,1.37776,1.00,1.87
2015.08.11 08:41:52.510,1.37766,1.37776,1.50,2.62
2015.08.11 08:41:54.151,1.37766,1.37775,1.50,1.12
2015.08.11 08:41:54.916,1.37766,1.37774,1.50,1.00
2015.08.11 08:41:55.479,1.37766,1.37775,1.12,1.50
2015.08.11 08:41:55.986,1.37765,1.37774,3.00,1.00
2015.08.11 08:41:56.630,1.37765,1.37774,1.50,1.00
2015.08.11 08:41:58.380,1.37765,1.37774,1.37,1.12
2015.08.11 08:42:00.506,1.37765,1.37774,1.12,1.12
2015.08.11 08:42:00.910,1.37766,1.37775,1.87,1.12
2015.08.11 08:42:01.847,1.37767,1.37775,1.50,1.00
2015.08.11 08:42:02.150,1.37768,1.37778,3.00,1.87
2015.08.11 08:42:02.453,1.37768,1.37778,3.00,1.12
2015.08.11 08:42:02.655,1.37768,1.37778,3.00,1.12
2015.08.11 08:42:03.606,1.37767,1.37776,1.75,1.87
2015.08.11 08:42:03.917,1.37773,1.37776,1.00,1.12
2015.08.11 08:42:04.528,1.37773,1.37776,1.00,1.37
2015.08.11 08:42:05.104,1.37767,1.37773,1.12,1.00
2015.08.11 08:42:05.357,1.37769,1.37774,1.00,1.00
2015.08.11 08:42:05.465,1.37766,1.37774,1.87,1.00
2015.08.11 08:42:06.011,1.37766,1.37775,1.87,2.25
2015.08.11 08:42:07.022,1.37766,1.37774,1.87,1.00
2015.08.11 08:42:07.735,1.37767,1.37774,1.00,1.00
2015.08.11 08:42:09.175,1.37766,1.37774,1.00,1.00
2015.08.11 08:42:09.691,1.37766,1.37776,1.37,1.37
2015.08.11 08:42:10.232,1.37766,1.37777,1.87,4.50
2015.08.11 08:42:10.597,1.37766,1.37775,1.12,1.50
2015.08.11 08:42:10.748,1.37764,1.3777,1.00,1.12
2015.08.11 08:42:11.644,1.37763,1.3777,1.00,2.25
2015.08.11 08:42:12.103,1.37763,1.3777,1.00,2.62
2015.08.11 08:42:13.736,1.37763,1.37769,1.00,1.37
2015.08.11 08:42:14.039,1.37763,1.3777,1.00,1.12
2015.08.11 08:42:14.140,1.37761,1.37768,1.37,1.00
2015.08.11 08:42:15.161,1.37762,1.37768,1.50,1.00
2015.08.11 08:42:15.505,1.37764,1.37767,1.87,1.00
2015.08.11 08:42:16.211,1.37764,1.37769,1.87,1.00
2015.08.11 08:42:16.790,1.37764,1.37768,1.87,1.00
2015.08.11 08:42:19.236,1.37764,1.37769,1.12,1.00
2015.08.11 08:42:20.072,1.37764,1.37769,1.37,1.00
2015.08.11 08:42:20.578,1.37764,1.37768,1.37,1.00
2015.08.11 08:42:21.410,1.37763,1.37768,1.50,1.00
2015.08.11 08:42:22.335,1.37763,1.37769,1.50,1.00
2015.08.11 08:42:22.855,1.37763,1.37768,1.50,1.00
2015.08.11 08:42:23.906,1.37762,1.37767,1.37,1.00
2015.08.11 08:42:23.957,1.37757,1.37766,1.50,1.50
2015.08.11 08:42:24.311,1.37755,1.37764,5.62,1.00
2015.08.11 08:42:24.817,1.37755,1.37763,5.62,1.00
2015.08.11 08:42:25.760,1.37756,1.37764,1.37,1.00
2015.08.11 08:42:27.675,1.37755,1.37763,6.37,1.00
2015.08.11 08:42:28.336,1.37757,1.37763,4.12,1.00
2015.08.11 08:42:28.873,1.37759,1.37764,1.00,1.00
2015.08.11 08:42:29.352,1.37755,1.37764,2.62,1.12
2015.08.11 08:42:29.403,1.37755,1.37759,1.87,1.00
2015.08.11 08:42:29.454,1.37754,1.37758,1.50,1.00
2015.08.11 08:42:29.505,1.37757,1.37761,1.00,1.50
2015.08.11 08:42:29.607,1.37755,1.37761,1.00,1.00
2015.08.11 08:42:30.113,1.37756,1.37764,1.00,1.00
2015.08.11 08:42:30.265,1.37756,1.37763,1.87,1.00
2015.08.11 08:42:30.954,1.37759,1.37763,1.00,1.00
2015.08.11 08:42:31.460,1.3776,1.37764,2.25,1.00
2015.08.11 08:42:31.915,1.3776,1.37762,1.00,1.00
2015.08.11 08:42:31.966,1.37757,1.37761,1.50,1.00
2015.08.11 08:42:32.462,1.37753,1.37761,5.06,1.00
2015.08.11 08:42:32.564,1.37753,1.37761,2.44,1.00
2015.08.11 08:42:32.768,1.37755,1.37762,1.00,1.00
2015.08.11 08:42:33.178,1.37755,1.37757,1.00,1.00
2015.08.11 08:42:33.231,1.37752,1.37761,1.87,1.00
2015.08.11 08:42:33.759,1.37752,1.37758,1.87,1.00
2015.08.11 08:42:34.278,1.37752,1.37759,1.12,1.00
2015.08.11 08:42:35.178,1.37752,1.37758,1.12,1.00
2015.08.11 08:42:35.683,1.37751,1.37758,1.50,1.00
2015.08.11 08:42:35.987,1.37751,1.37759,1.37,1.00
2015.08.11 08:42:36.691,1.37755,1.37758,1.00,1.00
2015.08.11 08:42:37.196,1.37755,1.37759,1.12,1.00
2015.08.11 08:42:37.639,1.37754,1.37759,4.50,1.00
2015.08.11 08:42:38.703,1.37754,1.3776,2.77,1.00
2015.08.11 08:42:39.259,1.37753,1.3776,7.12,1.00
2015.08.11 08:42:40.064,1.37752,1.3776,2.25,1.50
2015.08.11 08:42:40.117,1.37752,1.3776,1.00,1.00
2015.08.11 08:42:40.472,1.37754,1.37759,1.00,1.00
2015.08.11 08:42:40.981,1.37755,1.3776,1.20,1.00
2015.08.11 08:42:41.493,1.37755,1.37759,2.40,1.00
2015.08.11 08:42:42.005,1.37755,1.37762,2.40,1.00
2015.08.11 08:42:42.534,1.37755,1.37762,1.57,1.00
2015.08.11 08:42:43.398,1.37755,1.37761,2.02,1.00
2015.08.11 08:42:45.057,1.37754,1.37763,3.75,1.00
2015.08.11 08:42:46.977,1.37756,1.37764,1.00,1.00
2015.08.11 08:42:47.359,1.37756,1.37766,1.00,1.50
2015.08.11 08:42:47.762,1.37755,1.37766,1.87,1.50
2015.08.11 08:42:47.863,1.37756,1.37767,1.00,1.87
2015.08.11 08:42:48.606,1.37756,1.37766,1.37,1.87
2015.08.11 08:42:50.452,1.37755,1.37766,1.87,1.50
2015.08.11 08:42:50.959,1.37755,1.37764,1.12,1.37
2015.08.11 08:42:53.002,1.37754,1.37764,1.37,1.87
2015.08.11 08:42:53.763,1.37755,1.37765,1.00,2.25
2015.08.11 08:42:54.306,1.37754,1.37764,1.50,1.12
2015.08.11 08:42:54.610,1.37754,1.37762,1.50,1.00
2015.08.11 08:42:55.148,1.37753,1.37759,1.20,1.00
2015.08.11 08:42:55.402,1.37753,1.37763,1.50,1.12
2015.08.11 08:42:55.554,1.37753,1.37763,1.50,1.12
2015.08.11 08:42:55.656,1.37753,1.37764,2.25,1.50
2015.08.11 08:42:56.674,1.37755,1.37764,1.00,1.00
2015.08.11 08:42:57.198,1.37754,1.37763,2.40,1.00
2015.08.11 08:42:57.673,1.37756,1.37763,1.87,1.00
2015.08.11 08:42:57.724,1.37759,1.37766,1.00,1.12
2015.08.11 08:42:58.186,1.37761,1.37767,1.00,1.50
2015.08.11 08:42:58.644,1.37759,1.37767,3.82,1.00
2015.08.11 08:42:58.695,1.37759,1.37764,2.62,1.00
2015.08.11 08:42:59.200,1.37758,1.37763,1.00,1.00
2015.08.11 08:42:59.735,1.37758,1.37765,1.00,1.00
2015.08.11 08:43:00.394,1.37758,1.37764,1.00,1.00
2015.08.11 08:43:00.546,1.3776,1.37764,1.00,1.12
2015.08.11 08:43:01.605,1.3776,1.37762,1.00,1.12
2015.08.11 08:43:01.656,1.37752,1.37762,1.50,1.50
2015.08.11 08:43:01.707,1.37751,1.37761,2.62,4.12
2015.08.11 08:43:01.910,1.37752,1.37761,1.00,1.00
2015.08.11 08:43:02.466,1.37753,1.37761,1.00,1.00
2015.08.11 08:43:03.062,1.37754,1.37764,1.12,5.25
2015.08.11 08:43:03.569,1.37754,1.37765,1.12,4.87
2015.08.11 08:43:03.620,1.37754,1.37764,1.37,1.37
2015.08.11 08:43:04.657,1.37753,1.37763,2.25,1.50
2015.08.11 08:43:05.179,1.37752,1.37762,1.50,1.00
2015.08.11 08:43:05.545,1.37753,1.37762,1.37,1.00
2015.08.11 08:43:06.094,1.37755,1.37765,1.12,1.12
2015.08.11 08:43:06.609,1.37755,1.37764,1.37,1.00
2015.08.11 08:43:07.307,1.37756,1.37767,1.87,5.25
2015.08.11 08:43:07.789,1.37757,1.37767,1.12,4.50
2015.08.11 08:43:08.517,1.37756,1.37766,1.37,5.25
2015.08.11 08:43:08.618,1.37756,1.37766,1.87,1.12
2015.08.11 08:43:09.266,1.37758,1.37768,1.12,4.50
2015.08.11 08:43:09.778,1.37757,1.37766,1.00,1.00
2015.08.11 08:43:10.375,1.37757,1.37766,1.37,1.00
2015.08.11 08:43:11.099,1.37757,1.37766,1.00,1.00
2015.08.11 08:43:11.363,1.37759,1.37765,1.00,1.50
2015.08.11 08:43:11.666,1.3776,1.3777,1.87,3.00
2015.08.11 08:43:11.869,1.37762,1.37772,1.50,1.00
2015.08.11 08:43:12.813,1.37766,1.37772,1.00,1.00
2015.08.11 08:43:13.016,1.37762,1.37769,1.50,1.12
2015.08.11 08:43:13.169,1.3776,1.37769,3.00,1.12
2015.08.11 08:43:13.270,1.37761,1.37766,1.00,1.00
2015.08.11 08:43:13.423,1.37761,1.37768,1.00,2.25
2015.08.11 08:43:14.067,1.37758,1.37766,1.87,1.00
2015.08.11 08:43:14.573,1.37756,1.37765,3.07,1.00
2015.08.11 08:43:14.877,1.37757,1.37762,1.00,1.00
2015.08.11 08:43:15.476,1.37757,1.37763,1.00,1.00
2015.08.11 08:43:16.009,1.37755,1.37763,2.25,1.50
2015.08.11 08:43:17.139,1.37755,1.37763,3.75,1.00
2015.08.11 08:43:17.645,1.37756,1.37763,1.12,1.00
2015.08.11 08:43:17.950,1.37756,1.37761,1.12,1.00
2015.08.11 08:43:22.616,1.37755,1.37762,2.25,1.00
2015.08.11 08:43:23.137,1.37755,1.37765,2.25,2.25
2015.08.11 08:43:23.641,1.37756,1.37765,1.50,1.87
2015.08.11 08:43:24.712,1.37758,1.37764,1.87,1.00
2015.08.11 08:43:24.763,1.37759,1.37767,1.37,1.00
2015.08.11 08:43:25.273,1.37759,1.37769,1.37,2.62
2015.08.11 08:43:26.254,1.3776,1.37767,1.12,1.00
2015.08.11 08:43:26.711,1.37759,1.37763,1.00,1.00
2015.08.11 08:43:26.964,1.37756,1.37762,1.00,1.00
2015.08.11 08:43:27.066,1.37753,1.37762,1.87,1.00
2015.08.11 08:43:27.701,1.37753,1.3776,1.37,1.00
2015.08.11 08:43:28.209,1.37753,1.3776,1.12,1.00
2015.08.11 08:43:28.260,1.37753,1.37762,1.12,1.00
2015.08.11 08:43:28.777,1.37755,1.37761,1.37,1.00
2015.08.11 08:43:29.691,1.37755,1.37762,1.87,1.00
2015.08.11 08:43:30.420,1.37755,1.37761,1.12,1.00
2015.08.11 08:43:30.480,1.37755,1.3776,1.12,1.00
2015.08.11 08:43:30.531,1.37754,1.37758,4.87,1.00
2015.08.11 08:43:30.998,1.37751,1.37753,1.50,1.00
2015.08.11 08:43:31.049,1.37749,1.37757,1.50,4.12
2015.08.11 08:43:31.100,1.37751,1.37757,1.00,4.12
2015.08.11 08:43:31.201,1.37751,1.37758,1.50,1.00
2015.08.11 08:43:31.252,1.37753,1.37758,1.00,1.00
2015.08.11 08:43:31.354,1.37753,1.3776,1.00,1.00
2015.08.11 08:43:31.405,1.37755,1.3776,1.00,1.00
2015.08.11 08:43:31.507,1.37755,1.37762,1.50,1.00
2015.08.11 08:43:31.558,1.37757,1.37762,1.00,1.00
2015.08.11 08:43:32.160,1.37756,1.37763,1.00,1.50
2015.08.11 08:43:32.214,1.37753,1.37763,1.50,1.50
2015.08.11 08:43:32.518,1.37754,1.3776,1.50,1.00
2015.08.11 08:43:33.023,1.37753,1.3776,1.00,1.00
2015.08.11 08:43:33.480,1.37753,1.3776,1.87,1.00
2015.08.11 08:43:33.531,1.37753,1.37762,1.87,1.12
2015.08.11 08:43:34.041,1.37755,1.37763,2.62,1.50
2015.08.11 08:43:34.294,1.37755,1.37759,1.12,1.00
2015.08.11 08:43:34.396,1.37753,1.37759,1.00,1.00
2015.08.11 08:43:35.430,1.37756,1.3776,1.87,1.00
2015.08.11 08:43:35.485,1.37756,1.37766,1.37,1.37
2015.08.11 08:43:36.001,1.37756,1.37765,1.87,1.12
2015.08.11 08:43:36.687,1.37757,1.37766,1.87,1.00
2015.08.11 08:43:36.990,1.37757,1.37766,1.00,1.50
2015.08.11 08:43:37.193,1.37757,1.37766,1.00,4.87
2015.08.11 08:43:37.396,1.37757,1.37766,1.50,1.12
2015.08.11 08:43:37.996,1.37757,1.37764,1.00,1.00
2015.08.11 08:43:38.049,1.37754,1.37763,1.37,1.00
2015.08.11 08:43:38.201,1.37752,1.37761,1.25,4.12
2015.08.11 08:43:38.506,1.37751,1.37759,1.00,4.12
2015.08.11 08:43:39.298,1.37749,1.37761,1.50,5.62
2015.08.11 08:43:39.603,1.37747,1.37757,2.14,1.00
2015.08.11 08:43:39.912,1.37747,1.37756,1.50,1.00
2015.08.11 08:43:40.115,1.37747,1.37756,1.87,1.00
2015.08.11 08:43:40.719,1.37747,1.37756,1.37,1.87
2015.08.11 08:43:41.255,1.37746,1.37756,4.46,1.00
2015.08.11 08:43:41.707,1.37745,1.37754,2.81,1.12
2015.08.11 08:43:42.892,1.37745,1.37755,1.50,1.00
2015.08.11 08:43:43.772,1.37748,1.37752,1.00,1.00
2015.08.11 08:43:44.190,1.37748,1.37753,1.37,1.00
2015.08.11 08:43:44.918,1.37749,1.37753,1.37,1.00
2015.08.11 08:43:45.457,1.3775,1.37755,1.37,1.00
2015.08.11 08:43:46.123,1.3775,1.37757,1.37,1.00
2015.08.11 08:43:46.225,1.37752,1.37756,1.37,1.00
2015.08.11 08:43:47.431,1.37752,1.37756,1.37,1.00
2015.08.11 08:43:48.516,1.37751,1.37756,1.00,1.00
2015.08.11 08:43:49.078,1.3775,1.37757,2.62,1.00
2015.08.11 08:43:50.045,1.3775,1.37756,1.37,1.00
2015.08.11 08:43:50.672,1.37749,1.37756,1.00,1.37
2015.08.11 08:43:50.724,1.37741,1.37747,1.50,1.00
2015.08.11 08:43:50.825,1.3774,1.37749,1.87,1.00
2015.08.11 08:43:51.330,1.3774,1.3775,2.25,1.00
2015.08.11 08:43:51.903,1.3774,1.37751,3.56,2.62
2015.08.11 08:43:52.055,1.3774,1.37751,4.31,1.87
2015.08.11 08:43:53.079,1.3774,1.3775,2.44,1.12
2015.08.11 08:43:53.620,1.3774,1.37748,1.69,1.00
2015.08.11 08:43:54.359,1.37739,1.37747,1.87,1.00
2015.08.11 08:43:54.866,1.37738,1.37746,2.96,1.00
2015.08.11 08:43:55.615,1.37739,1.37746,1.37,1.00
2015.08.11 08:43:55.921,1.37739,1.37746,1.37,1.00
2015.08.11 08:43:56.476,1.37738,1.37747,2.62,1.00
2015.08.11 08:43:57.053,1.37738,1.37746,4.12,1.00
2015.08.11 08:43:57.586,1.37738,1.37746,3.37,1.00
2015.08.11 08:43:59.484,1.37739,1.37749,2.62,1.00
2015.08.11 08:44:00.727,1.3774,1.37749,1.87,1.50
2015.08.11 08:44:00.778,1.37739,1.37749,2.62,1.50
2015.08.11 08:44:00.829,1.3774,1.37746,1.12,1.50
2015.08.11 08:44:00.931,1.37738,1.37746,1.50,1.00
2015.08.11 08:44:01.456,1.37739,1.37746,1.00,1.00
2015.08.11 08:44:02.182,1.37738,1.37745,1.00,1.00
2015.08.11 08:44:02.283,1.3774,1.37745,1.00,1.00
2015.08.11 08:44:02.435,1.3774,1.37747,2.25,1.00
2015.08.11 08:44:02.486,1.37742,1.37747,1.00,1.00
2015.08.11 08:44:02.639,1.37742,1.3775,1.00,1.12
2015.08.11 08:44:03.162,1.37741,1.37751,1.00,1.50
2015.08.11 08:44:03.697,1.37742,1.37751,1.37,1.50
2015.08.11 08:44:03.748,1.37741,1.37751,1.87,1.87
2015.08.11 08:44:04.056,1.37743,1.37751,1.12,1.00
2015.08.11 08:44:04.259,1.37745,1.37753,1.87,1.12
2015.08.11 08:44:04.310,1.37748,1.37753,1.00,1.12
2015.08.11 08:44:04.462,1.37748,1.37755,1.12,1.00
2015.08.11 08:44:05.103,1.37747,1.37754,1.69,1.00
2015.08.11 08:44:05.606,1.37747,1.37753,1.87,1.00
2015.08.11 08:44:06.024,1.37747,1.37755,1.12,1.00
2015.08.11 08:44:10.374,1.37746,1.37755,1.12,1.00
2015.08.11 08:44:10.917,1.37746,1.37755,1.87,1.00
2015.08.11 08:44:12.474,1.37748,1.37757,1.00,1.87
2015.08.11 08:44:15.204,1.37747,1.37757,1.37,1.12
2015.08.11 08:44:15.850,1.37747,1.37757,1.87,1.12
2015.08.11 08:44:16.364,1.37747,1.37757,1.87,1.12
2015.08.11 08:44:17.524,1.37749,1.37757,1.12,1.12
2015.08.11 08:44:17.575,1.37749,1.37757,4.50,1.12
2015.08.11 08:44:17.727,1.37751,1.37759,1.00,1.87
2015.08.11 08:44:18.246,1.37751,1.37758,1.12,1.00
2015.08.11 08:44:18.751,1.37751,1.37755,1.00,1.12
2015.08.11 08:44:19.184,1.37748,1.37753,1.00,1.87
2015.08.11 08:44:19.235,1.37743,1.37752,1.37,1.00
2015.08.11 08:44:19.437,1.37742,1.37753,2.62,1.87
2015.08.11 08:44:19.943,1.37745,1.37753,1.00,1.00
2015.08.11 08:44:20.599,1.37745,1.37754,1.00,1.87
2015.08.11 08:44:21.382,1.37745,1.37751,1.50,1.00
2015.08.11 08:44:22.015,1.3774,1.37742,2.25,1.00
2015.08.11 08:44:22.069,1.37735,1.37742,1.87,1.00
2015.08.11 08:44:22.474,1.37735,1.3774,1.12,1.00
2015.08.11 08:44:22.677,1.37733,1.37743,2.25,1.00
2015.08.11 08:44:23.790,1.37734,1.37743,1.50,1.00
2015.08.11 08:44:24.357,1.37733,1.37743,3.00,1.12
2015.08.11 08:44:24.561,1.37733,1.37741,3.00,1.00
2015.08.11 08:44:24.662,1.37734,1.37743,1.37,1.00
2015.08.11 08:44:25.228,1.37734,1.37743,1.37,5.25
2015.08.11 08:44:25.734,1.37734,1.3774,1.37,1.00
2015.08.11 08:44:26.167,1.37734,1.3774,1.37,1.00
2015.08.11 08:44:26.719,1.37735,1.3774,1.00,1.00
2015.08.11 08:44:26.770,1.37737,1.37745,1.50,2.25
2015.08.11 08:44:26.872,1.37739,1.37745,1.00,1.00
2015.08.11 08:44:27.530,1.37738,1.37745,5.25,1.00
2015.08.11 08:44:28.020,1.37738,1.37746,1.00,1.00
2015.08.11 08:44:28.553,1.37738,1.37745,1.12,1.00
2015.08.11 08:44:28.807,1.37735,1.37742,1.87,1.12
2015.08.11 08:44:29.342,1.37729,1.37731,2.81,1.37
2015.08.11 08:44:29.393,1.37722,1.37727,1.12,1.50
2015.08.11 08:44:29.596,1.37721,1.37729,1.50,1.00
2015.08.11 08:44:29.647,1.37721,1.37731,1.50,1.00
2015.08.11 08:44:29.799,1.37723,1.37731,4.50,1.00
2015.08.11 08:44:30.175,1.37723,1.37731,1.00,1.00
2015.08.11 08:44:30.701,1.37722,1.37731,1.69,1.00
2015.08.11 08:44:31.119,1.37721,1.37731,5.62,1.00
2015.08.11 08:44:31.625,1.37722,1.37731,2.25,1.00
2015.08.11 08:44:32.212,1.37726,1.37732,1.37,1.00
2015.08.11 08:44:32.313,1.37726,1.37731,2.62,1.00
2015.08.11 08:44:32.819,1.37727,1.37732,1.37,1.00
2015.08.11 08:44:34.429,1.37726,1.37732,1.50,1.00
2015.08.11 08:44:35.529,1.37721,1.37732,1.12,1.12
2015.08.11 08:44:35.833,1.3772,1.3773,5.06,1.00
2015.08.11 08:44:36.188,1.37719,1.3773,1.69,1.87
2015.08.11 08:44:36.787,1.37729,1.37733,1.50,1.00
2015.08.11 08:44:37.243,1.37731,1.37734,1.00,1.00
2015.08.11 08:44:38.017,1.3773,1.37735,1.50,1.00
2015.08.11 08:44:38.070,1.37728,1.37734,1.50,1.00
2015.08.11 08:44:38.576,1.37727,1.37733,1.00,1.00
2015.08.11 08:44:38.627,1.37725,1.37733,3.00,1.00
2015.08.11 08:44:38.880,1.37722,1.37732,1.50,1.50
2015.08.11 08:44:39.412,1.37722,1.37731,1.00,1.50
2015.08.11 08:44:39.917,1.37723,1.37731,1.00,1.00
2015.08.11 08:44:40.775,1.37722,1.37732,1.12,4.50
2015.08.11 08:44:41.281,1.37722,1.37733,1.37,5.62
2015.08.11 08:44:41.382,1.37726,1.37733,1.00,5.62
2015.08.11 08:44:41.723,1.37726,1.37733,6.37,4.50
2015.08.11 08:44:41.775,1.37729,1.37733,1.50,1.00
2015.08.11 08:44:42.280,1.37727,1.37733,1.00,1.00
2015.08.11 08:44:42.534,1.37724,1.37733,2.06,1.00
2015.08.11 08:44:42.635,1.37724,1.37733,1.62,1.00
2015.08.11 08:44:43.536,1.37724,1.37732,1.00,1.00
2015.08.11 08:44:44.049,1.37724,1.37733,1.37,1.50
2015.08.11 08:44:44.302,1.37726,1.37734,1.37,1.50
2015.08.11 08:44:44.454,1.37727,1.37736,1.12,1.12
2015.08.11 08:44:44.976,1.37722,1.37732,1.87,1.00
2015.08.11 08:44:47.037,1.37722,1.37729,1.00,1.50
2015.08.11 08:44:47.095,1.37718,1.37729,1.87,1.50
2015.08.11 08:44:47.352,1.37719,1.37729,1.37,1.50
2015.08.11 08:44:47.454,1.37718,1.37729,1.12,1.50
2015.08.11 08:44:48.277,1.37717,1.37721,1.12,3.75
2015.08.11 08:44:48.328,1.37714,1.37719,1.87,1.00
2015.08.11 08:44:48.581,1.37714,1.37721,1.12,1.00
2015.08.11 08:44:49.467,1.37718,1.37722,1.00,1.00
2015.08.11 08:44:49.873,1.37716,1.37722,1.00,1.00
2015.08.11 08:44:50.629,1.37717,1.37724,1.00,4.12
2015.08.11 08:44:50.684,1.37715,1.37724,1.00,4.12
2015.08.11 08:44:51.190,1.37713,1.37721,1.50,1.00
2015.08.11 08:44:51.292,1.37713,1.37723,1.50,1.50
2015.08.11 08:44:51.875,1.37713,1.37722,1.87,1.00
2015.08.11 08:44:51.930,1.37714,1.37722,2.47,1.00
2015.08.11 08:44:52.386,1.37716,1.37725,2.47,1.50
2015.08.11 08:44:52.437,1.37716,1.37725,3.60,1.12
2015.08.11 08:44:53.125,1.37718,1.37726,1.12,1.87
2015.08.11 08:44:53.717,1.37718,1.37726,1.37,1.12
2015.08.11 08:44:54.657,1.3772,1.37729,2.25,1.00
2015.08.11 08:44:54.758,1.37722,1.37729,1.00,1.00
2015.08.11 08:44:54.859,1.37722,1.37731,1.00,1.12
2015.08.11 08:44:55.112,1.37725,1.37731,1.00,1.00
2015.08.11 08:44:55.855,1.37725,1.37733,1.00,2.25
2015.08.11 08:44:56.383,1.37726,1.37733,1.12,1.12
2015.08.11 08:44:57.228,1.37724,1.3773,4.12,1.87
2015.08.11 08:44:57.314,1.37719,1.37728,1.00,1.00
2015.08.11 08:44:57.365,1.37721,1.37728,1.00,1.00
2015.08.11 08:44:57.567,1.37722,1.37731,1.00,1.87
2015.08.11 08:44:57.769,1.37724,1.37731,1.00,1.00
2015.08.11 08:44:59.126,1.37724,1.37732,1.00,2.62
2015.08.11 08:44:59.180,1.3772,1.37729,2.62,1.37
2015.08.11 08:44:59.231,1.3772,1.37726,1.87,1.00
2015.08.11 08:44:59.332,1.3772,1.37726,1.12,1.00
2015.08.11 08:45:00.262,1.37723,1.37727,1.00,1.00
2015.08.11 08:45:00.364,1.37723,1.37729,1.00,1.00
2015.08.11 08:45:00.467,1.37723,1.37727,1.00,1.00
2015.08.11 08:45:00.821,1.37723,1.3773,1.00,1.00
2015.08.11 08:45:01.466,1.37723,1.37731,1.37,1.00
2015.08.11 08:45:02.931,1.37727,1.37734,1.37,1.00
2015.08.11 08:45:03.440,1.37728,1.37735,4.87,1.00
2015.08.11 08:45:04.299,1.37728,1.37735,3.37,1.00
2015.08.11 08:45:05.462,1.3773,1.37737,2.62,1.00
2015.08.11 08:45:05.997,1.37731,1.37736,1.37,1.00
2015.08.11 08:45:06.199,1.3773,1.37737,1.00,1.37
2015.08.11 08:45:06.741,1.37726,1.37737,1.50,1.87
2015.08.11 08:45:08.188,1.37727,1.37736,1.87,1.00
2015.08.11 08:45:08.695,1.37728,1.37736,1.87,1.00
2015.08.11 08:45:09.201,1.37728,1.37735,1.37,1.00
2015.08.11 08:45:10.497,1.37729,1.37735,1.87,1.00
2015.08.11 08:45:11.297,1.37729,1.37733,1.87,1.00
2015.08.11 08:45:12.172,1.37729,1.37735,1.87,1.00
2015.08.11 08:45:12.577,1.37729,1.37738,1.37,1.12
2015.08.11 08:45:12.982,1.3773,1.37736,1.12,1.00
2015.08.11 08:45:13.521,1.37727,1.37736,1.37,1.12
2015.08.11 08:45:14.508,1.37727,1.37734,1.87,1.00
2015.08.11 08:45:14.951,1.37724,1.37726,3.75,4.49
2015.08.11 08:45:15.002,1.37718,1.37726,2.25,5.62
2015.08.11 08:45:15.205,1.37718,1.37723,2.25,1.00
2015.08.11 08:45:15.622,1.37715,1.37723,1.00,1.00
2015.08.11 08:45:16.232,1.37715,1.37724,1.12,1.00
2015.08.11 08:45:16.778,1.37714,1.37724,2.47,1.00
2015.08.11 08:45:16.894,1.37714,1.37724,2.85,1.00
2015.08.11 08:45:17.742,1.37714,1.37724,3.60,1.00
2015.08.11 08:45:18.047,1.37719,1.37725,1.12,1.50
2015.08.11 08:45:19.051,1.37718,1.37725,1.12,2.25
2015.08.11 08:45:19.156,1.37715,1.37724,4.87,1.00
2015.08.11 08:45:19.308,1.37714,1.37723,1.95,1.50
2015.08.11 08:45:19.916,1.37715,1.37723,1.00,1.50
2015.08.11 08:45:20.459,1.37713,1.37723,3.22,2.25
2015.08.11 08:45:21.020,1.37713,1.37723,3.22,2.25
2015.08.11 08:45:22.776,1.37715,1.37723,1.60,1.50
2015.08.11 08:45:25.009,1.37715,1.37723,1.72,1.00
2015.08.11 08:45:26.633,1.37715,1.37723,1.87,1.00
2015.08.11 08:45:27.145,1.37714,1.37724,2.10,1.50
2015.08.11 08:45:27.347,1.37713,1.37724,1.97,5.25
2015.08.11 08:45:28.245,1.37715,1.37721,1.00,1.00
2015.08.11 08:45:28.760,1.37714,1.37721,1.30,1.00
2015.08.11 08:45:29.967,1.37713,1.37721,2.10,1.00
2015.08.11 08:45:30.643,1.37713,1.37723,2.10,2.25
2015.08.11 08:45:31.487,1.37714,1.37723,1.35,1.50
2015.08.11 08:45:31.689,1.37713,1.37722,1.50,1.87
2015.08.11 08:45:31.891,1.37712,1.37722,1.37,2.25
2015.08.11 08:45:32.094,1.37712,1.37722,3.97,1.00
2015.08.11 08:45:32.673,1.37715,1.37722,1.72,1.00
2015.08.11 08:45:34.606,1.37713,1.37717,1.87,1.00
2015.08.11 08:45:34.911,1.37702,1.37705,1.50,1.50
2015.08.11 08:45:34.962,1.37702,1.37704,1.50,1.00
2015.08.11 08:45:35.013,1.37697,1.37703,4.50,1.00
2015.08.11 08:45:35.114,1.37695,1.37702,1.50,1.00
2015.08.11 08:45:35.166,1.37695,1.37699,1.50,1.00
2015.08.11 08:45:35.771,1.37697,1.37703,1.50,4.12
2015.08.11 08:45:36.075,1.37698,1.37705,1.87,4.12
2015.08.11 08:45:37.169,1.377,1.37706,1.87,1.00
2015.08.11 08:45:37.632,1.37697,1.37705,2.77,1.00
2015.08.11 08:45:37.843,1.37697,1.37706,2.02,4.12
2015.08.11 08:45:38.731,1.37699,1.37706,1.37,4.12
2015.08.11 08:45:39.248,1.37699,1.37705,1.37,1.00
2015.08.11 08:45:40.486,1.37697,1.37705,3.90,1.00
2015.08.11 08:45:40.755,1.37704,1.37708,1.00,1.12
2015.08.11 08:45:40.908,1.377,1.37708,1.12,1.00
2015.08.11 08:45:41.363,1.37699,1.37707,1.37,4.12
2015.08.11 08:45:41.912,1.377,1.37707,1.87,1.00
2015.08.11 08:45:42.013,1.377,1.37709,1.12,1.87
2015.08.11 08:45:42.368,1.37699,1.37709,1.37,2.62
2015.08.11 08:45:42.611,1.37699,1.37708,1.12,2.25
2015.08.11 08:45:43.271,1.37701,1.37708,1.12,1.37
2015.08.11 08:45:43.528,1.377,1.3771,1.87,1.87
2015.08.11 08:45:44.768,1.377,1.3771,2.62,1.87
2015.08.11 08:45:45.329,1.377,1.37711,4.12,2.62
2015.08.11 08:45:46.641,1.37705,1.37714,1.00,1.50
2015.08.11 08:45:46.934,1.37705,1.37714,1.37,1.50
2015.08.11 08:45:47.348,1.37705,1.37714,2.62,1.00
2015.08.11 08:45:48.623,1.37705,1.37713,1.87,1.00
2015.08.11 08:45:49.632,1.37705,1.37713,1.87,1.00
2015.08.11 08:45:50.158,1.37705,1.37714,1.87,1.00
2015.08.11 08:45:50.439,1.37705,1.37714,1.87,1.00
2015.08.11 08:45:51.854,1.37705,1.37714,1.37,1.50
2015.08.11 08:45:52.770,1.37705,1.37714,1.37,1.50
2015.08.11 08:45:53.469,1.37704,1.37714,1.57,2.25
2015.08.11 08:45:54.290,1.37704,1.37711,1.20,1.50
2015.08.11 08:45:54.593,1.37698,1.37709,4.87,4.12
2015.08.11 08:45:54.946,1.37702,1.3771,1.12,1.50
2015.08.11 08:45:54.997,1.37705,1.37712,1.00,2.25
2015.08.11 08:45:55.553,1.37701,1.3771,2.25,1.00
2015.08.11 08:45:55.705,1.377,1.37705,1.37,1.00
2015.08.11 08:45:55.756,1.377,1.37705,1.00,1.00
2015.08.11 08:45:55.807,1.37699,1.37707,1.25,1.00
2015.08.11 08:45:56.335,1.37698,1.37709,1.87,2.25
2015.08.11 08:45:57.448,1.37704,1.37709,1.87,1.00
2015.08.11 08:45:57.499,1.37705,1.37711,1.00,1.00
2015.08.11 08:45:57.702,1.37702,1.37711,2.25,1.00
2015.08.11 08:45:58.259,1.37701,1.37704,3.75,1.00
2015.08.11 08:45:58.310,1.377,1.37703,1.12,1.00
2015.08.11 08:45:58.842,1.37699,1.37704,1.00,1.00
2015.08.11 08:45:58.894,1.37696,1.37704,1.10,1.00
2015.08.11 08:45:59.571,1.37696,1.37704,1.47,1.00
2015.08.11 08:46:00.418,1.37698,1.37705,6.00,1.50
2015.08.11 08:46:00.469,1.377,1.37709,3.00,1.00
2015.08.11 08:46:00.772,1.37702,1.37709,4.87,1.00
2015.08.11 08:46:00.885,1.37704,1.37712,1.00,1.50
2015.08.11 08:46:00.987,1.37706,1.37712,2.25,1.00
2015.08.11 08:46:01.038,1.37707,1.37714,1.87,1.00
2015.08.11 08:46:01.090,1.37708,1.37716,1.37,1.50
2015.08.11 08:46:01.678,1.37708,1.37715,1.00,1.50
2015.08.11 08:46:01.729,1.37704,1.37714,4.87,1.00
2015.08.11 08:46:02.135,1.37706,1.37715,2.25,1.00
2015.08.11 08:46:03.048,1.37709,1.37716,2.25,1.00
2015.08.11 08:46:03.099,1.37712,1.37718,1.00,1.00
2015.08.11 08:46:03.656,1.37712,1.37719,1.00,1.87
2015.08.11 08:46:04.163,1.3771,1.37718,1.00,1.00
2015.08.11 08:46:08.122,1.37709,1.37719,1.37,1.87
2015.08.11 08:46:08.224,1.37712,1.37719,1.37,1.50
2015.08.11 08:46:08.426,1.37716,1.37723,1.87,1.00
2015.08.11 08:46:08.528,1.37717,1.37725,1.00,1.12
2015.08.11 08:46:09.714,1.37721,1.37727,1.00,2.25
2015.08.11 08:46:10.244,1.37722,1.37727,1.00,1.12
2015.08.11 08:46:11.449,1.37721,1.37726,1.00,1.00
2015.08.11 08:46:11.955,1.37722,1.37727,1.00,1.00
2015.08.11 08:46:14.186,1.37722,1.37728,1.00,1.50
2015.08.11 08:46:14.693,1.37722,1.37729,1.00,1.00
2015.08.11 08:46:16.449,1.37721,1.37729,1.00,1.00
2015.08.11 08:46:17.536,1.37722,1.37729,1.00,1.50
2015.08.11 08:46:17.586,1.3772,1.37729,1.00,1.50
2015.08.11 08:46:18.049,1.37719,1.37726,1.12,1.00
2015.08.11 08:46:18.862,1.37716,1.37726,1.37,1.50
2015.08.11 08:46:19.371,1.37717,1.37725,1.00,1.00
2015.08.11 08:46:19.422,1.37715,1.37724,4.12,1.37
2015.08.11 08:46:19.574,1.37715,1.37724,1.12,1.37
2015.08.11 08:46:20.412,1.37714,1.37723,1.50,1.87
2015.08.11 08:46:20.715,1.37716,1.37723,1.00,1.87
2015.08.11 08:46:21.222,1.37712,1.37721,4.87,1.37
2015.08.11 08:46:22.198,1.37711,1.37719,4.27,1.12
2015.08.11 08:46:22.536,1.37711,1.37719,1.00,1.12
2015.08.11 08:46:23.126,1.3771,1.37719,6.37,1.12
2015.08.11 08:46:23.938,1.3771,1.37719,1.00,1.12
2015.08.11 08:46:27.482,1.37709,1.37719,5.62,1.00
2015.08.11 08:46:31.109,1.37718,1.37722,1.00,1.00
2015.08.11 08:46:31.211,1.37718,1.37726,1.00,1.00
2015.08.11 08:46:31.716,1.37717,1.37723,1.47,1.00
2015.08.11 08:46:31.868,1.37713,1.37723,2.62,1.12
2015.08.11 08:46:32.301,1.37713,1.37723,2.25,4.50
2015.08.11 08:46:32.352,1.37711,1.3772,1.12,1.50
2015.08.11 08:46:32.454,1.37711,1.37718,1.12,1.00
2015.08.11 08:46:32.707,1.37709,1.37718,1.50,1.00
2015.08.11 08:46:33.214,1.37709,1.37718,1.37,1.12
2015.08.11 08:46:34.187,1.37709,1.37718,1.12,1.87
2015.08.11 08:46:34.718,1.37709,1.37718,1.87,1.00
2015.08.11 08:46:36.376,1.37709,1.37718,1.12,1.50
2015.08.11 08:46:40.569,1.37711,1.37716,1.00,1.12
2015.08.11 08:46:41.164,1.3771,1.37716,1.00,1.12
2015.08.11 08:46:44.224,1.3771,1.37717,1.37,4.87
2015.08.11 08:46:44.427,1.37708,1.37715,1.00,1.00
2015.08.11 08:46:44.477,1.3771,1.37715,1.00,4.50
2015.08.11 08:46:45.630,1.37706,1.37713,1.00,4.12
2015.08.11 08:46:45.832,1.37705,1.37711,1.00,4.12
2015.08.11 08:46:46.338,1.37704,1.37708,1.00,1.00
2015.08.11 08:46:46.876,1.37704,1.37709,1.00,1.00
2015.08.11 08:46:47.687,1.37702,1.37709,1.87,1.00
2015.08.11 08:46:52.207,1.37702,1.37709,1.37,1.00
2015.08.11 08:46:52.813,1.37702,1.37706,1.37,1.00
2015.08.11 08:46:53.369,1.37701,1.37705,1.00,1.00
2015.08.11 08:46:53.621,1.377,1.37708,1.12,1.50
2015.08.11 08:46:54.146,1.37699,1.37707,1.12,1.00
2015.08.11 08:46:54.803,1.377,1.37707,1.87,1.00
2015.08.11 08:46:55.107,1.37698,1.37704,1.00,1.50
2015.08.11 08:46:55.413,1.37701,1.37704,1.00,1.00
2015.08.11 08:46:56.753,1.37701,1.37707,1.00,1.12
2015.08.11 08:46:57.260,1.37701,1.37708,1.12,1.87
2015.08.11 08:46:58.560,1.377,1.37703,1.12,1.00
2015.08.11 08:46:58.814,1.37692,1.37698,3.75,1.00
2015.08.11 08:46:58.865,1.3769,1.37699,2.44,1.50
2015.08.11 08:46:58.966,1.37693,1.37698,1.00,1.00
2015.08.11 08:46:59.667,1.37694,1.37701,1.50,1.00
2015.08.11 08:47:00.189,1.37695,1.37702,1.00,1.50
2015.08.11 08:47:00.549,1.37694,1.37702,1.12,1.87
2015.08.11 08:47:01.080,1.37695,1.37702,1.00,1.87
2015.08.11 08:47:01.947,1.37694,1.37702,1.12,1.37
2015.08.11 08:47:02.964,1.37694,1.37703,1.37,1.12
2015.08.11 08:47:03.853,1.37694,1.37704,1.50,1.00
2015.08.11 08:47:04.713,1.37695,1.37704,1.00,1.50
2015.08.11 08:47:05.263,1.37694,1.37704,1.50,1.50
2015.08.11 08:47:06.211,1.37694,1.37704,1.50,2.25
2015.08.11 08:47:06.818,1.37695,1.37704,1.00,2.25
2015.08.11 08:47:08.364,1.37694,1.37705,1.50,3.37
2015.08.11 08:47:08.772,1.37695,1.37703,1.00,1.37
2015.08.11 08:47:09.668,1.37695,1.37701,1.12,1.00
2015.08.11 08:47:10.180,1.37695,1.37702,1.37,1.00
2015.08.11 08:47:10.384,1.37696,1.37704,1.37,1.12
2015.08.11 08:47:10.706,1.37701,1.37703,1.00,1.00
2015.08.11 08:47:11.198,1.37704,1.37707,6.00,1.00
2015.08.11 08:47:11.253,1.37705,1.37714,1.50,2.25
2015.08.11 08:47:13.095,1.37706,1.37714,1.00,1.00
2015.08.11 08:47:13.602,1.37705,1.37714,2.62,1.37
2015.08.11 08:47:14.695,1.37705,1.37714,1.50,1.37
2015.08.11 08:47:15.264,1.37705,1.37712,1.50,1.00
2015.08.11 08:47:16.176,1.37705,1.37708,1.00,1.00
2015.08.11 08:47:16.230,1.37701,1.37707,1.00,1.12
2015.08.11 08:47:16.636,1.37701,1.37707,1.00,4.87
2015.08.11 08:47:16.939,1.37699,1.37703,1.50,1.00
2015.08.11 08:47:16.990,1.37699,1.37708,1.50,1.50
2015.08.11 08:47:17.497,1.37702,1.3771,1.00,5.25
2015.08.11 08:47:17.651,1.37702,1.37713,1.50,3.75
2015.08.11 08:47:17.701,1.37705,1.37713,1.00,1.50
2015.08.11 08:47:18.005,1.37703,1.37713,1.87,1.00
2015.08.11 08:47:18.106,1.37705,1.37713,1.12,1.37
2015.08.11 08:47:18.208,1.37705,1.37715,1.50,2.62
2015.08.11 08:47:19.338,1.37703,1.3771,3.75,1.37
2015.08.11 08:47:19.396,1.37699,1.37709,1.37,1.12
2015.08.11 08:47:19.927,1.377,1.37708,1.12,1.00
2015.08.11 08:47:20.455,1.37699,1.37708,1.75,1.00
2015.08.11 08:47:21.478,1.377,1.37707,1.37,2.25
2015.08.11 08:47:24.553,1.37709,1.37712,1.37,10.35
2015.08.11 08:47:24.604,1.3771,1.37712,1.37,2.25
2015.08.11 08:47:25.046,1.37707,1.37715,3.00,1.00
2015.08.11 08:47:25.100,1.37709,1.37716,1.00,1.00
2015.08.11 08:47:25.201,1.37707,1.37715,1.50,1.50
2015.08.11 08:47:26.125,1.37706,1.37718,4.50,1.87
2015.08.11 08:47:26.951,1.37708,1.37719,1.87,4.87
2015.08.11 08:47:27.699,1.37715,1.37722,1.12,1.00
2015.08.11 08:47:27.749,1.37713,1.37723,1.50,1.87
2015.08.11 08:47:28.266,1.37713,1.37723,1.00,1.50
2015.08.11 08:47:28.796,1.37712,1.37722,3.37,1.00
2015.08.11 08:47:29.301,1.37712,1.37722,2.62,1.12
2015.08.11 08:47:29.463,1.37712,1.37722,2.62,1.37
2015.08.11 08:47:30.065,1.37712,1.37722,3.37,1.12
2015.08.11 08:47:31.376,1.37716,1.37724,1.37,1.00
2015.08.11 08:47:31.995,1.37716,1.37725,5.62,1.87
2015.08.11 08:47:32.148,1.37719,1.37728,1.37,1.50
2015.08.11 08:47:32.707,1.37724,1.37729,1.00,1.50
2015.08.11 08:47:32.761,1.37724,1.37733,1.12,1.00
2015.08.11 08:47:33.437,1.37724,1.37734,1.12,3.37
2015.08.11 08:47:33.690,1.37723,1.37733,1.87,1.87
2015.08.11 08:47:34.138,1.37721,1.37723,3.37,1.12
2015.08.11 08:47:34.189,1.37719,1.3772,3.07,1.72
2015.08.11 08:47:34.240,1.37717,1.3772,1.00,8.92
2015.08.11 08:47:34.291,1.37716,1.37717,1.00,1.00
2015.08.11 08:47:34.392,1.37712,1.37715,1.00,1.50
2015.08.11 08:47:34.494,1.37709,1.37712,2.25,1.00
2015.08.11 08:47:34.596,1.37702,1.37712,1.00,1.50
2015.08.11 08:47:35.342,1.37701,1.37712,1.12,1.50
2015.08.11 08:47:36.811,1.37701,1.37713,6.00,6.00
2015.08.11 08:47:37.554,1.37702,1.37712,4.12,1.37
2015.08.11 08:47:38.461,1.37701,1.37712,5.62,1.50
2015.08.11 08:47:38.966,1.37702,1.37712,1.00,2.62
2015.08.11 08:47:39.484,1.37702,1.37706,1.00,1.00
2015.08.11 08:47:39.585,1.37699,1.37704,1.87,1.00
2015.08.11 08:47:40.249,1.37699,1.37704,1.50,1.00
2015.08.11 08:47:40.300,1.377,1.3771,1.00,1.95
2015.08.11 08:47:40.402,1.377,1.37706,1.00,1.00
2015.08.11 08:47:40.554,1.377,1.3771,1.00,1.95
2015.08.11 08:47:40.706,1.377,1.37706,1.00,1.00
2015.08.11 08:47:40.808,1.37699,1.37709,1.50,2.70
2015.08.11 08:47:41.010,1.37699,1.37706,1.00,1.00
2015.08.11 08:47:41.530,1.37698,1.37704,1.50,1.00
2015.08.11 08:47:41.834,1.377,1.3771,1.50,2.32
2015.08.11 08:47:42.036,1.377,1.37711,1.50,1.12
2015.08.11 08:47:43.399,1.37701,1.3771,1.00,1.37
2015.08.11 08:47:44.034,1.377,1.3771,3.37,1.00
2015.08.11 08:47:44.539,1.37702,1.37712,1.00,2.62
2015.08.11 08:47:47.531,1.37702,1.3771,1.00,1.00
2015.08.11 08:47:48.332,1.37702,1.37712,1.00,1.37
2015.08.11 08:47:50.622,1.37701,1.37711,1.00,1.87
2015.08.11 08:47:51.152,1.37701,1.3771,1.00,1.00
2015.08.11 08:47:51.907,1.37701,1.37711,1.00,2.62
2015.08.11 08:47:52.260,1.37701,1.37711,1.00,1.37
2015.08.11 08:47:52.767,1.37702,1.37713,1.00,2.62
2015.08.11 08:47:53.299,1.37701,1.37713,1.87,3.37
2015.08.11 08:47:53.501,1.37702,1.37713,1.00,2.62
2015.08.11 08:47:54.006,1.37701,1.37712,1.50,1.50
2015.08.11 08:47:55.207,1.37701,1.37711,1.87,1.37
2015.08.11 08:47:55.512,1.37711,1.37716,1.54,2.25
2015.08.11 08:47:55.563,1.37711,1.37716,1.00,2.25
2015.08.11 08:47:56.467,1.37707,1.37716,1.50,2.25
2015.08.11 08:47:56.974,1.37705,1.37715,1.50,1.87
2015.08.11 08:47:58.026,1.37706,1.37714,1.00,1.00
2015.08.11 08:47:58.535,1.37705,1.37716,2.62,2.25
2015.08.11 08:47:59.060,1.37706,1.37715,1.00,1.50
2015.08.11 08:47:59.772,1.37706,1.37716,1.00,2.25
2015.08.11 08:47:59.874,1.37705,1.37716,2.62,1.00
2015.08.11 08:48:00.390,1.37705,1.37717,6.00,1.50
2015.08.11 08:48:00.441,1.37707,1.37717,1.00,1.50
2015.08.11 08:48:00.542,1.37707,1.37717,1.00,1.50
2015.08.11 08:48:01.381,1.37705,1.37715,7.50,2.25
2015.08.11 08:48:01.437,1.37705,1.37713,1.87,1.87
2015.08.11 08:48:01.489,1.37705,1.37713,1.00,1.37
2015.08.11 08:48:01.590,1.37702,1.37712,1.00,1.37
2015.08.11 08:48:02.097,1.37701,1.37713,4.87,3.00
2015.08.11 08:48:02.736,1.37703,1.37713,1.50,3.37
2015.08.11 08:48:05.311,1.37702,1.37709,4.12,1.87
2015.08.11 08:48:05.413,1.377,1.37709,3.75,2.62
2015.08.11 08:48:05.515,1.37699,1.37707,1.12,1.37
2015.08.11 08:48:06.500,1.37697,1.37708,1.87,1.37
2015.08.11 08:48:08.138,1.37697,1.37706,1.87,1.37
2015.08.11 08:48:08.442,1.37691,1.37699,4.50,1.00
2015.08.11 08:48:08.493,1.37691,1.37699,1.00,1.00
2015.08.11 08:48:08.594,1.37689,1.377,2.25,1.10
2015.08.11 08:48:08.645,1.37691,1.37701,4.50,1.12
2015.08.11 08:48:09.350,1.37694,1.37704,5.25,1.87
2015.08.11 08:48:09.857,1.37696,1.37704,1.00,1.00
2015.08.11 08:48:10.748,1.37696,1.37703,1.37,1.00
2015.08.11 08:48:11.262,1.37696,1.37703,1.12,1.00
2015.08.11 08:48:11.667,1.37696,1.37703,1.37,1.00
2015.08.11 08:48:12.228,1.377,1.37707,2.62,1.50
2015.08.11 08:48:12.674,1.37702,1.37709,1.00,1.00
2015.08.11 08:48:13.084,1.37703,1.37711,1.00,1.50
2015.08.11 08:48:13.293,1.37703,1.37711,1.37,1.37
2015.08.11 08:48:13.776,1.37705,1.37712,1.87,1.12
2015.08.11 08:48:13.984,1.37705,1.37714,1.37,1.87
2015.08.11 08:48:14.086,1.37705,1.37712,1.87,1.00
2015.08.11 08:48:14.439,1.37705,1.37714,1.37,1.87
2015.08.11 08:48:14.744,1.37705,1.37712,1.37,1.00
2015.08.11 08:48:15.391,1.37705,1.37711,1.37,1.00
2015.08.11 08:48:15.695,1.37705,1.37713,1.37,1.00
2015.08.11 08:48:16.926,1.37705,1.37713,1.87,1.00
2015.08.11 08:48:17.380,1.37705,1.3771,1.37,1.50
2015.08.11 08:48:17.431,1.37703,1.37708,1.00,1.00
2015.08.11 08:48:17.481,1.377,1.37703,2.62,1.50
2015.08.11 08:48:18.522,1.37692,1.377,1.87,4.87
2015.08.11 08:48:18.577,1.37689,1.37699,2.62,1.00
2015.08.11 08:48:19.086,1.37689,1.37699,4.12,1.50
2015.08.11 08:48:19.188,1.37689,1.37696,2.25,3.75
2015.08.11 08:48:19.733,1.3769,1.37697,1.37,4.12
2015.08.11 08:48:20.036,1.37688,1.37696,1.00,1.37
2015.08.11 08:48:20.087,1.37685,1.37694,2.25,1.37
2015.08.11 08:48:20.391,1.37684,1.37693,1.87,4.12
2015.08.11 08:48:20.442,1.37684,1.37693,1.87,1.00
2015.08.11 08:48:20.941,1.37686,1.37695,1.50,1.00
2015.08.11 08:48:21.255,1.37686,1.37695,1.87,1.00
2015.08.11 08:48:22.455,1.3769,1.37695,1.00,1.00
2015.08.11 08:48:22.759,1.37695,1.37701,1.37,1.00
2015.08.11 08:48:22.810,1.37695,1.37704,1.50,1.00
2015.08.11 08:48:23.744,1.37695,1.37704,3.75,1.00
2015.08.11 08:48:23.846,1.37695,1.37705,3.37,1.00
2015.08.11 08:48:24.271,1.37695,1.37703,1.12,1.12
2015.08.11 08:48:24.627,1.37694,1.37701,1.00,1.00
2015.08.11 08:48:25.310,1.37697,1.37703,1.00,1.00
2015.08.11 08:48:25.827,1.37697,1.37704,1.00,1.00
2015.08.11 08:48:27.164,1.37697,1.37704,1.00,1.37
2015.08.11 08:48:27.715,1.37696,1.37704,1.00,1.00
2015.08.11 08:48:28.361,1.37696,1.37703,1.00,1.00
2015.08.11 08:48:28.888,1.37695,1.37703,8.25,1.00
2015.08.11 08:48:29.395,1.37695,1.37703,10.50,1.00
2015.08.11 08:48:29.496,1.37698,1.37706,1.37,1.00
2015.08.11 08:48:30.422,1.37699,1.37707,1.00,1.12
2015.08.11 08:48:30.474,1.37703,1.37708,1.00,1.00
2015.08.11 08:48:30.779,1.377,1.37709,1.50,1.50
2015.08.11 08:48:31.033,1.37702,1.37708,1.00,1.00
2015.08.11 08:48:31.631,1.37702,1.37709,1.00,1.00
2015.08.11 08:48:31.734,1.37701,1.37712,4.87,1.12
2015.08.11 08:48:31.886,1.37704,1.37713,1.87,1.87
2015.08.11 08:48:32.205,1.37707,1.37713,1.00,1.00
2015.08.11 08:48:32.955,1.37701,1.37712,5.62,1.50
2015.08.11 08:48:33.107,1.37701,1.3771,5.62,1.00
2015.08.11 08:48:33.209,1.37702,1.37712,1.00,2.70
2015.08.11 08:48:33.602,1.37701,1.37711,6.00,1.37
2015.08.11 08:48:33.704,1.37703,1.37711,1.12,1.87
2015.08.11 08:48:35.226,1.37704,1.37711,1.00,1.00
2015.08.11 08:48:36.692,1.37705,1.37711,1.00,1.00
2015.08.11 08:48:37.239,1.37705,1.37712,1.00,1.12
2015.08.11 08:48:37.825,1.37704,1.37712,1.00,1.12
2015.08.11 08:48:37.876,1.37709,1.37715,1.00,1.87
2015.08.11 08:48:38.079,1.37708,1.37716,1.50,1.00
2015.08.11 08:48:38.441,1.37707,1.37713,1.37,1.00
2015.08.11 08:48:39.223,1.37712,1.37716,1.00,1.00
2015.08.11 08:48:39.274,1.37712,1.37718,1.00,1.12
2015.08.11 08:48:39.376,1.37713,1.3772,1.12,1.12
2015.08.11 08:48:40.584,1.37713,1.37721,1.87,1.00
2015.08.11 08:48:41.208,1.37713,1.37721,2.25,1.00
2015.08.11 08:48:41.409,1.37713,1.37722,3.37,1.00
2015.08.11 08:48:42.627,1.37713,1.37721,3.00,1.00
2015.08.11 08:48:43.136,1.37714,1.37721,4.12,1.00
2015.08.11 08:48:43.641,1.37715,1.37722,4.12,1.00
2015.08.11 08:48:45.924,1.37716,1.37722,1.12,1.00
2015.08.11 08:48:46.126,1.37719,1.37727,1.00,1.75
2015.08.11 08:48:46.228,1.37719,1.37726,1.12,1.00
2015.08.11 08:48:46.734,1.3772,1.37726,1.12,1.00
2015.08.11 08:48:47.674,1.3772,1.37726,2.62,1.00
2015.08.11 08:48:47.728,1.37721,1.37731,1.50,1.87
2015.08.11 08:48:47.831,1.37721,1.3773,1.87,1.00
2015.08.11 08:48:49.226,1.37721,1.37729,1.87,1.00
2015.08.11 08:48:49.737,1.37721,1.3773,1.87,1.12
2015.08.11 08:48:50.041,1.37718,1.37726,1.50,1.50
2015.08.11 08:48:50.754,1.37721,1.37729,3.75,1.00
2015.08.11 08:48:51.264,1.37722,1.3773,1.00,2.25
2015.08.11 08:48:52.941,1.37724,1.37729,1.00,1.12
2015.08.11 08:48:53.487,1.37724,1.3773,1.00,1.00
2015.08.11 08:48:54.754,1.37723,1.37731,1.87,2.25
2015.08.11 08:48:55.272,1.37723,1.3773,1.87,1.00
2015.08.11 08:48:55.909,1.37723,1.37731,1.87,2.62
2015.08.11 08:48:56.511,1.37723,1.3773,1.87,1.00
2015.08.11 08:48:57.317,1.37724,1.37731,1.00,1.12
2015.08.11 08:48:57.883,1.37724,1.3773,1.00,1.00
2015.08.11 08:48:58.424,1.37724,1.37731,1.00,1.87
2015.08.11 08:48:58.951,1.37724,1.3773,1.00,1.00
2015.08.11 08:48:59.932,1.37723,1.3773,1.12,1.00
2015.08.11 08:49:00.453,1.37722,1.37731,1.50,1.87
2015.08.11 08:49:00.957,1.37722,1.3773,1.50,1.37
2015.08.11 08:49:02.582,1.37722,1.3773,1.00,1.00
2015.08.11 08:49:03.741,1.37722,1.37731,1.00,1.87
2015.08.11 08:49:04.484,1.37722,1.3773,1.00,1.00
2015.08.11 08:49:04.944,1.37721,1.3773,1.87,2.25
2015.08.11 08:49:05.917,1.37718,1.3772,6.75,1.37
2015.08.11 08:49:05.968,1.3771,1.37719,1.00,1.50
2015.08.11 08:49:06.171,1.37711,1.37719,1.50,1.00
2015.08.11 08:49:06.751,1.37711,1.3772,1.50,1.37
2015.08.11 08:49:07.318,1.3771,1.37719,2.25,1.87
2015.08.11 08:49:07.575,1.37706,1.37715,1.12,1.50
2015.08.11 08:49:07.676,1.37706,1.37714,1.00,1.37
2015.08.11 08:49:07.828,1.37704,1.37711,1.00,1.37
2015.08.11 08:49:08.083,1.37701,1.37711,1.00,1.47
2015.08.11 08:49:08.644,1.37704,1.37711,1.00,1.50
2015.08.11 08:49:08.950,1.37711,1.37719,1.00,1.37
2015.08.11 08:49:09.002,1.37711,1.37719,1.00,1.00
2015.08.11 08:49:09.903,1.37711,1.37719,1.37,1.00
2015.08.11 08:49:10.106,1.37711,1.37719,1.12,1.00
2015.08.11 08:49:10.883,1.37711,1.3772,1.37,1.50
2015.08.11 08:49:11.440,1.37712,1.37719,1.00,1.00
2015.08.11 08:49:12.152,1.37713,1.37719,1.00,1.00
2015.08.11 08:49:12.204,1.37718,1.37721,1.00,1.00
2015.08.11 08:49:12.358,1.37719,1.37724,1.00,1.37
2015.08.11 08:49:12.409,1.37716,1.37723,1.00,1.50
2015.08.11 08:49:13.032,1.37716,1.3772,1.00,1.12
2015.08.11 08:49:13.087,1.37711,1.3772,1.00,1.50
2015.08.11 08:49:14.799,1.37711,1.37721,1.87,1.87
2015.08.11 08:49:16.199,1.37712,1.37721,1.37,1.12
2015.08.11 08:49:16.354,1.37716,1.37721,1.00,1.12
2015.08.11 08:49:16.657,1.37722,1.37728,1.00,1.50
2015.08.11 08:49:18.474,1.37721,1.37728,1.50,1.00
2015.08.11 08:49:18.981,1.37721,1.37729,1.00,1.50
2015.08.11 08:49:19.934,1.3772,1.37729,1.00,1.50
2015.08.11 08:49:22.000,1.3772,1.37729,2.25,1.50
2015.08.11 08:49:23.493,1.3772,1.37729,3.00,1.50
2015.08.11 08:49:24.041,1.3772,1.37729,2.25,1.50
2015.08.11 08:49:25.793,1.37721,1.37729,1.00,1.50
2015.08.11 08:49:25.895,1.37721,1.3773,2.62,1.00
2015.08.11 08:49:26.854,1.37721,1.37729,2.25,1.12
2015.08.11 08:49:27.398,1.37721,1.37729,2.25,1.37
2015.08.11 08:49:27.653,1.3772,1.37724,1.00,1.37
2015.08.11 08:49:27.758,1.37717,1.37721,1.00,1.95
2015.08.11 08:49:27.861,1.37711,1.37718,1.75,1.50
2015.08.11 08:49:28.294,1.3771,1.37715,1.00,1.00
2015.08.11 08:49:28.346,1.37707,1.37715,1.00,1.00
2015.08.11 08:49:29.154,1.37707,1.37715,1.00,1.37
2015.08.11 08:49:30.248,1.3771,1.37718,1.50,3.37
2015.08.11 08:49:31.192,1.37709,1.37718,3.37,1.00
2015.08.11 08:49:31.710,1.37709,1.37719,3.00,1.87
2015.08.11 08:49:32.245,1.3771,1.37718,1.00,1.00
2015.08.11 08:49:32.795,1.37708,1.37717,1.37,1.00
2015.08.11 08:49:33.392,1.37707,1.37716,2.25,1.57
2015.08.11 08:49:33.444,1.37703,1.37712,1.00,4.50
2015.08.11 08:49:33.698,1.37704,1.37712,1.60,4.12
2015.08.11 08:49:33.749,1.37705,1.37712,1.60,1.00
2015.08.11 08:49:33.851,1.37705,1.37715,2.10,2.25
2015.08.11 08:49:34.207,1.37706,1.37714,2.10,1.00
2015.08.11 08:49:34.759,1.37705,1.37714,3.00,1.00
2015.08.11 08:49:35.308,1.37707,1.37714,1.00,1.12
2015.08.11 08:49:36.011,1.37706,1.37713,1.00,1.00
2015.08.11 08:49:36.555,1.37705,1.37713,1.12,1.12
2015.08.11 08:49:39.685,1.37704,1.37711,2.25,1.00
2015.08.11 08:49:40.192,1.37702,1.3771,1.87,1.00
2015.08.11 08:49:41.661,1.377,1.3771,3.15,1.87
2015.08.11 08:49:42.168,1.377,1.37709,1.37,1.00
2015.08.11 08:49:43.040,1.37699,1.37708,2.10,1.37
2015.08.11 08:49:43.549,1.37699,1.37708,1.35,1.37
2015.08.11 08:49:44.478,1.37697,1.37701,1.50,1.00
2015.08.11 08:49:44.732,1.37694,1.37701,1.87,1.00
2015.08.11 08:49:44.935,1.37691,1.37699,1.20,1.00
2015.08.11 08:49:44.986,1.37695,1.37699,1.00,1.00
2015.08.11 08:49:45.492,1.37694,1.37699,1.00,1.12
2015.08.11 08:49:46.028,1.37691,1.37699,1.12,1.12
2015.08.11 08:49:47.818,1.37691,1.37701,1.37,7.12
2015.08.11 08:49:48.365,1.37691,1.377,1.12,1.87
2015.08.11 08:49:50.068,1.37691,1.377,1.37,1.00
2015.08.11 08:49:50.552,1.37691,1.377,1.37,1.00
2015.08.11 08:49:50.755,1.37695,1.37702,1.00,1.87
2015.08.11 08:49:51.290,1.37695,1.37701,1.37,1.00
2015.08.11 08:49:51.795,1.37695,1.37702,1.50,1.00
2015.08.11 08:49:53.327,1.37695,1.37701,1.50,1.50
2015.08.11 08:49:53.865,1.37691,1.37701,3.37,1.50
2015.08.11 08:49:54.736,1.37692,1.37701,1.37,1.00
2015.08.11 08:49:56.386,1.37692,1.37701,1.37,1.00
2015.08.11 08:49:57.077,1.37692,1.37701,1.87,1.00
2015.08.11 08:49:57.777,1.37691,1.37701,1.87,1.12
2015.08.11 08:49:58.183,1.37691,1.37698,4.87,1.00
2015.08.11 08:49:58.285,1.37691,1.377,1.50,2.25
2015.08.11 08:49:59.074,1.37692,1.377,3.75,1.00
2015.08.11 08:49:59.522,1.37696,1.37701,1.00,1.00
2015.08.11 08:50:00.292,1.37696,1.37702,1.00,1.00
2015.08.11 08:50:00.761,1.37699,1.37706,1.75,1.00
2015.08.11 08:50:00.816,1.377,1.37709,3.37,1.00
2015.08.11 08:50:02.403,1.37701,1.37707,1.12,1.00
2015.08.11 08:50:02.868,1.37701,1.37709,1.12,1.00
2015.08.11 08:50:02.919,1.37701,1.37709,4.50,1.00
2015.08.11 08:50:03.815,1.37701,1.37708,4.50,1.00
2015.08.11 08:50:05.007,1.37702,1.37709,1.00,1.00
2015.08.11 08:50:06.071,1.37707,1.37709,1.37,1.00
2015.08.11 08:50:06.123,1.37707,1.37713,4.87,1.00
2015.08.11 08:50:07.521,1.37708,1.37714,1.37,1.00
2015.08.11 08:50:07.825,1.37707,1.37711,3.75,1.00
2015.08.11 08:50:07.876,1.37705,1.37711,1.00,1.00
2015.08.11 08:50:08.230,1.37703,1.37707,1.37,1.00
2015.08.11 08:50:08.850,1.37703,1.37707,1.00,1.00
2015.08.11 08:50:08.901,1.37701,1.37711,1.75,1.12
2015.08.11 08:50:09.053,1.37703,1.37707,1.00,1.00
2015.08.11 08:50:09.257,1.37703,1.3771,1.37,1.00
2015.08.11 08:50:09.561,1.37704,1.37713,1.00,1.00
2015.08.11 08:50:10.252,1.37705,1.37712,1.50,1.00
2015.08.11 08:50:10.762,1.37705,1.37714,1.00,1.37
2015.08.11 08:50:11.770,1.37709,1.37715,1.00,1.50
2015.08.11 08:50:12.295,1.37709,1.37715,1.00,1.50
2015.08.11 08:50:13.580,1.37709,1.37716,1.00,1.87
2015.08.11 08:50:15.771,1.37707,1.37715,1.00,1.37
2015.08.11 08:50:16.842,1.37707,1.37715,1.00,1.37
2015.08.11 08:50:17.246,1.37709,1.37715,1.00,1.87
2015.08.11 08:50:19.040,1.37711,1.37717,1.00,2.25
2015.08.11 08:50:19.092,1.37711,1.37717,1.00,1.50
2015.08.11 08:50:19.599,1.37711,1.37717,1.00,1.37
2015.08.11 08:50:20.230,1.37711,1.37717,1.00,1.37
2015.08.11 08:50:20.690,1.37707,1.37716,1.37,3.00
2015.08.11 08:50:20.741,1.37705,1.37715,1.00,1.12
2015.08.11 08:50:21.248,1.37704,1.37715,2.25,1.87
2015.08.11 08:50:22.740,1.37704,1.37714,3.00,1.00
2015.08.11 08:50:22.993,1.37716,1.37724,1.00,2.25
2015.08.11 08:50:23.095,1.37716,1.37724,1.00,1.12
2015.08.11 08:50:23.689,1.37727,1.3773,1.00,8.25
2015.08.11 08:50:23.740,1.37727,1.37733,1.00,1.00
2015.08.11 08:50:23.893,1.37726,1.37737,1.00,5.62
2015.08.11 08:50:23.994,1.37726,1.37735,1.00,4.12
2015.08.11 08:50:24.045,1.37724,1.37735,1.00,4.12
2015.08.11 08:50:24.899,1.37725,1.37735,1.00,5.62
2015.08.11 08:50:25.456,1.37726,1.37733,1.00,1.00
2015.08.11 08:50:26.699,1.37728,1.37735,1.50,1.75
2015.08.11 08:50:27.002,1.37733,1.37739,1.00,2.62
2015.08.11 08:50:27.256,1.37733,1.3774,1.00,1.95
2015.08.11 08:50:28.059,1.37733,1.37739,1.00,1.37
2015.08.11 08:50:28.469,1.3773,1.37738,1.00,1.37
2015.08.11 08:50:28.772,1.37726,1.3773,1.00,1.00
2015.08.11 08:50:28.822,1.37723,1.37729,1.12,1.00
2015.08.11 08:50:28.873,1.37723,1.37729,1.00,1.37
2015.08.11 08:50:29.374,1.37721,1.37727,1.00,1.00
2015.08.11 08:50:29.577,1.37722,1.3773,1.00,1.50
2015.08.11 08:50:29.830,1.37725,1.3773,1.00,1.50
2015.08.11 08:50:30.033,1.37726,1.37733,1.00,1.00
2015.08.11 08:50:31.025,1.37725,1.37734,1.50,4.12
2015.08.11 08:50:31.085,1.3773,1.37735,1.00,1.12
2015.08.11 08:50:31.598,1.3773,1.37734,1.00,1.00
2015.08.11 08:50:32.409,1.3773,1.37734,1.00,1.37
2015.08.11 08:50:32.914,1.37724,1.37733,1.67,1.37
2015.08.11 08:50:33.782,1.37725,1.37731,1.00,1.37
2015.08.11 08:50:34.137,1.37726,1.37731,1.00,4.12
2015.08.11 08:50:34.442,1.37727,1.37732,1.00,1.87
2015.08.11 08:50:34.977,1.37726,1.3773,1.00,1.37
2015.08.11 08:50:35.504,1.37726,1.37733,1.00,6.00
2015.08.11 08:50:35.657,1.37731,1.37735,1.00,1.57
2015.08.11 08:50:36.174,1.3773,1.37733,1.50,3.75
2015.08.11 08:50:36.697,1.3773,1.37731,1.50,1.00
2015.08.11 08:50:37.736,1.3773,1.37731,1.00,1.12
2015.08.11 08:50:38.319,1.37729,1.37731,1.50,1.37
2015.08.11 08:50:39.320,1.37729,1.37731,1.00,1.12
2015.08.11 08:50:39.472,1.37729,1.37731,1.50,1.00
2015.08.11 08:50:39.574,1.3773,1.37733,1.00,1.00
2015.08.11 08:50:39.777,1.3773,1.37735,1.00,1.12
2015.08.11 08:50:39.878,1.37731,1.37737,1.00,1.12
2015.08.11 08:50:40.081,1.37733,1.37737,1.00,1.00
2015.08.11 08:50:40.909,1.37733,1.37737,1.00,1.37
2015.08.11 08:50:40.960,1.37729,1.37735,1.00,2.25
2015.08.11 08:50:41.011,1.37729,1.37734,1.00,1.37
2015.08.11 08:50:41.163,1.37727,1.3773,1.00,1.12
2015.08.11 08:50:41.214,1.37727,1.3773,1.00,1.50
2015.08.11 08:50:42.487,1.37726,1.37731,1.50,2.25
2015.08.11 08:50:42.538,1.37723,1.37733,2.25,1.00
2015.08.11 08:50:43.288,1.37729,1.37733,1.00,1.00
2015.08.11 08:50:43.793,1.37729,1.37734,1.00,1.00
2015.08.11 08:50:46.414,1.37731,1.37734,1.37,1.00
2015.08.11 08:50:46.465,1.37731,1.37736,1.87,1.00
2015.08.11 08:50:46.516,1.37735,1.37737,1.37,1.50
2015.08.11 08:50:46.567,1.37735,1.37738,1.37,1.65
2015.08.11 08:50:47.193,1.37736,1.37738,1.00,1.00
2015.08.11 08:50:47.700,1.37736,1.37738,1.00,1.00
2015.08.11 08:50:48.203,1.37735,1.37738,1.00,1.00
2015.08.11 08:50:48.738,1.37733,1.37737,1.00,1.37
2015.08.11 08:50:48.789,1.3773,1.37734,1.50,1.12
2015.08.11 08:50:48.890,1.37727,1.37729,3.00,1.00
2015.08.11 08:50:48.992,1.37722,1.37728,1.12,1.00
2015.08.11 08:50:49.144,1.37721,1.37725,1.75,1.00
2015.08.11 08:50:49.245,1.37717,1.37725,1.37,1.00
2015.08.11 08:50:49.784,1.37717,1.37726,1.12,1.00
2015.08.11 08:50:49.936,1.37719,1.37726,1.00,1.50
2015.08.11 08:50:50.037,1.37717,1.37726,1.12,1.50
2015.08.11 08:50:50.543,1.37717,1.37728,1.87,1.87
2015.08.11 08:50:51.077,1.37717,1.37727,1.50,1.12
2015.08.11 08:50:53.222,1.37717,1.37726,1.50,1.00
2015.08.11 08:50:53.274,1.37719,1.37726,1.00,1.00
2015.08.11 08:50:54.261,1.37718,1.37723,1.12,4.12
2015.08.11 08:50:54.313,1.37713,1.3772,1.37,1.00
2015.08.11 08:50:54.734,1.37711,1.37722,1.75,1.12
2015.08.11 08:50:55.564,1.37711,1.37721,1.00,1.00
2015.08.11 08:50:55.766,1.3771,1.37721,2.62,2.62
2015.08.11 08:50:56.070,1.37711,1.37721,1.12,3.37
2015.08.11 08:50:56.172,1.37711,1.37721,1.00,3.00
2015.08.11 08:50:56.273,1.3771,1.3772,1.37,1.37
2015.08.11 08:50:56.324,1.37709,1.37719,1.00,1.00
2015.08.11 08:50:57.102,1.37709,1.37719,1.37,1.00
2015.08.11 08:50:57.397,1.37708,1.37718,1.12,1.00
2015.08.11 08:50:57.447,1.37708,1.37714,1.12,1.00
2015.08.11 08:50:57.498,1.37705,1.37714,3.64,1.00
2015.08.11 08:50:57.549,1.37705,1.37717,3.64,2.25
2015.08.11 08:50:57.802,1.37706,1.37718,5.62,1.12
2015.08.11 08:50:58.816,1.37708,1.37718,1.37,1.00
2015.08.11 08:50:59.166,1.37708,1.37718,3.00,1.00
2015.08.11 08:50:59.830,1.37709,1.37718,1.12,1.00
2015.08.11 08:50:59.931,1.3771,1.37718,1.37,1.00
2015.08.11 08:51:00.185,1.37711,1.37721,1.37,1.12
2015.08.11 08:51:00.438,1.37713,1.37723,1.00,2.25
2015.08.11 08:51:01.175,1.37712,1.37722,1.37,1.00
2015.08.11 08:51:01.331,1.37712,1.37722,1.37,1.00
2015.08.11 08:51:01.533,1.37713,1.37724,2.62,3.00
2015.08.11 08:51:02.622,1.37714,1.37722,1.37,1.00
2015.08.11 08:51:03.127,1.37717,1.37724,1.87,1.50
2015.08.11 08:51:03.178,1.37717,1.37724,2.25,1.50
2015.08.11 08:51:03.331,1.37716,1.37724,1.50,1.00
2015.08.11 08:51:04.373,1.37712,1.37723,1.12,4.12
2015.08.11 08:51:05.033,1.37712,1.37723,1.50,4.12
2015.08.11 08:51:05.798,1.37713,1.37724,1.87,4.87
2015.08.11 08:51:05.849,1.37715,1.37724,1.37,1.50
2015.08.11 08:51:06.355,1.37715,1.37725,3.37,1.50
2015.08.11 08:51:06.459,1.37718,1.37724,1.00,1.00
2015.08.11 08:51:07.095,1.37716,1.37724,1.87,1.00
2015.08.11 08:51:07.247,1.37716,1.37724,1.87,1.00
2015.08.11 08:51:08.151,1.37717,1.37722,1.37,1.00
2015.08.11 08:51:08.202,1.37714,1.37722,1.50,1.00
2015.08.11 08:51:08.735,1.37712,1.37723,2.25,1.12
2015.08.11 08:51:09.597,1.37712,1.37723,1.50,1.87
2015.08.11 08:51:10.269,1.37713,1.37719,1.00,1.00
2015.08.11 08:51:10.783,1.37712,1.3772,1.00,3.00
2015.08.11 08:51:11.306,1.3771,1.3772,4.39,1.00
2015.08.11 08:51:11.984,1.3771,1.3772,5.14,1.00
2015.08.11 08:51:12.489,1.37711,1.37719,1.50,1.00
2015.08.11 08:51:13.337,1.37711,1.37719,1.75,1.00
2015.08.11 08:51:13.640,1.37711,1.37715,1.12,1.00
2015.08.11 08:51:14.226,1.3771,1.37715,1.76,1.00
2015.08.11 08:51:14.327,1.3771,1.37719,1.76,1.87
2015.08.11 08:51:14.861,1.3771,1.37719,3.26,1.37
2015.08.11 08:51:14.912,1.3771,1.37719,3.00,1.50
2015.08.11 08:51:14.963,1.37712,1.37719,1.00,1.50
2015.08.11 08:51:15.468,1.37711,1.37719,2.25,1.50
2015.08.11 08:51:15.772,1.37709,1.37716,1.10,1.50
2015.08.11 08:51:16.735,1.37709,1.37714,1.10,3.75
2015.08.11 08:51:16.989,1.37705,1.37715,1.02,1.00
2015.08.11 08:51:17.192,1.37707,1.37717,2.72,1.00
2015.08.11 08:51:17.395,1.3771,1.3772,1.12,3.00
2015.08.11 08:51:17.907,1.37711,1.37719,1.12,1.12
2015.08.11 08:51:18.008,1.37712,1.37724,1.12,4.87
2015.08.11 08:51:18.161,1.37713,1.37723,1.37,1.50
2015.08.11 08:51:18.622,1.37712,1.37724,2.25,4.50
2015.08.11 08:51:19.423,1.37713,1.37723,1.12,4.12
2015.08.11 08:51:20.147,1.37712,1.3772,1.00,1.00
2015.08.11 08:51:20.249,1.3771,1.3772,1.00,4.87
2015.08.11 08:51:20.781,1.37709,1.37716,1.13,1.50
2015.08.11 08:51:21.119,1.37715,1.37719,1.37,1.50
2015.08.11 08:51:21.221,1.37717,1.37725,1.50,2.02
2015.08.11 08:51:21.323,1.37719,1.37727,1.00,1.50
2015.08.11 08:51:21.424,1.37718,1.37726,1.12,4.50
2015.08.11 08:51:21.628,1.37715,1.37725,1.12,4.87
2015.08.11 08:51:22.120,1.3771,1.37721,3.00,4.12
2015.08.11 08:51:23.163,1.37709,1.37718,2.25,4.12
2015.08.11 08:51:23.701,1.37706,1.37715,1.37,1.00
2015.08.11 08:51:24.471,1.37705,1.37715,2.62,1.00
2015.08.11 08:51:25.109,1.37707,1.37715,3.00,1.00
2015.08.11 08:51:25.210,1.37711,1.37719,1.50,1.12
2015.08.11 08:51:25.261,1.37712,1.37721,1.50,3.75
2015.08.11 08:51:25.312,1.37712,1.37723,2.25,1.50
2015.08.11 08:51:25.767,1.37709,1.37718,4.12,1.37
2015.08.11 08:51:25.818,1.37708,1.37717,1.87,1.00
2015.08.11 08:51:25.869,1.37708,1.37717,1.00,4.12
2015.08.11 08:51:26.337,1.3771,1.37717,4.87,3.75
2015.08.11 08:51:26.388,1.37714,1.37723,1.00,1.50
2015.08.11 08:51:26.439,1.37715,1.37723,2.25,1.12
2015.08.11 08:51:26.490,1.37715,1.37727,3.75,4.87
2015.08.11 08:51:26.542,1.3772,1.37727,1.00,1.12
2015.08.11 08:51:26.694,1.3772,1.37728,1.00,1.00
2015.08.11 08:51:26.745,1.37718,1.37728,1.12,1.00
2015.08.11 08:51:26.847,1.37717,1.37727,1.37,1.37
2015.08.11 08:51:26.898,1.37716,1.37726,1.87,1.00
2015.08.11 08:51:26.949,1.37716,1.37726,1.12,4.50
2015.08.11 08:51:27.001,1.37714,1.37726,1.50,4.50
2015.08.11 08:51:28.091,1.37714,1.37722,1.00,1.00
2015.08.11 08:51:28.396,1.37708,1.37714,4.12,1.00
2015.08.11 08:51:29.997,1.37709,1.37715,1.50,1.00
2015.08.11 08:51:30.302,1.37708,1.37712,1.57,1.00
2015.08.11 08:51:30.872,1.37707,1.37713,1.37,1.00
2015.08.11 08:51:31.390,1.37707,1.37712,1.37,1.00
2015.08.11 08:51:32.230,1.37706,1.37711,3.00,1.00
2015.08.11 08:51:32.282,1.37709,1.37718,3.37,7.12
2015.08.11 08:51:32.588,1.37711,1.37717,5.25,1.00
2015.08.11 08:51:33.583,1.37712,1.37718,1.12,1.00
2015.08.11 08:51:34.320,1.37712,1.37717,1.12,1.00
2015.08.11 08:51:35.298,1.37712,1.37718,1.12,1.00
2015.08.11 08:51:35.805,1.37712,1.37717,1.12,1.00
2015.08.11 08:51:36.660,1.37712,1.37718,1.50,1.00
2015.08.11 08:51:37.280,1.37712,1.37716,1.00,1.00
2015.08.11 08:51:38.364,1.37711,1.37716,1.00,1.00
2015.08.11 08:51:38.994,1.3771,1.37716,1.87,1.00
2015.08.11 08:51:40.361,1.3771,1.37716,1.75,1.00
2015.08.11 08:51:40.871,1.3771,1.37717,2.25,1.00
2015.08.11 08:51:41.923,1.3771,1.37716,1.37,1.00
2015.08.11 08:51:42.320,1.3771,1.37714,1.00,1.00
2015.08.11 08:51:42.625,1.37705,1.37709,1.37,1.00
2015.08.11 08:51:43.255,1.37703,1.37707,1.12,1.00
2015.08.11 08:51:43.307,1.37703,1.37708,1.00,1.00
2015.08.11 08:51:43.827,1.37704,1.37708,1.00,1.00
2015.08.11 08:51:44.181,1.37704,1.3771,1.00,1.00
2015.08.11 08:51:45.919,1.37702,1.3771,2.25,1.50
2015.08.11 08:51:46.161,1.37702,1.37708,1.50,1.00
2015.08.11 08:51:46.709,1.37701,1.37709,1.37,1.00
2015.08.11 08:51:47.226,1.37703,1.3771,1.00,1.00
2015.08.11 08:51:48.348,1.37702,1.3771,1.87,1.50
2015.08.11 08:51:49.371,1.37701,1.3771,1.12,3.75
2015.08.11 08:51:49.960,1.377,1.37709,3.00,1.00
2015.08.11 08:51:50.366,1.37699,1.37711,5.85,8.62
2015.08.11 08:51:50.569,1.37704,1.37711,1.50,1.00
2015.08.11 08:51:50.670,1.37705,1.37711,1.37,1.00
2015.08.11 08:51:51.806,1.37703,1.37711,5.62,1.00
2015.08.11 08:51:51.857,1.37703,1.3771,2.25,1.00
2015.08.11 08:51:51.908,1.37703,1.3771,2.62,1.00
2015.08.11 08:51:52.434,1.37703,1.37711,1.87,1.00
2015.08.11 08:51:53.375,1.37704,1.3771,1.37,1.00
2015.08.11 08:51:53.916,1.37704,1.3771,1.00,1.00
2015.08.11 08:51:54.422,1.37704,1.37711,1.12,1.00
2015.08.11 08:51:55.112,1.37704,1.3771,1.12,1.00
2015.08.11 08:51:55.518,1.37704,1.37714,1.37,1.37
2015.08.11 08:51:56.559,1.37706,1.37714,1.00,1.87
2015.08.11 08:51:57.146,1.37705,1.37714,1.00,1.87
2015.08.11 08:51:57.595,1.37709,1.37714,1.00,1.00
2015.08.11 08:51:57.696,1.37705,1.37714,1.87,1.00
2015.08.11 08:51:58.172,1.37704,1.37714,2.25,1.37
2015.08.11 08:51:58.323,1.37704,1.37714,2.62,1.00
2015.08.11 08:51:58.526,1.37711,1.37718,1.00,1.00
2015.08.11 08:51:58.628,1.37711,1.3772,1.00,1.00
2015.08.11 08:51:58.729,1.37709,1.37719,3.37,1.00
2015.08.11 08:51:59.376,1.37711,1.37722,1.87,1.00
2015.08.11 08:51:59.529,1.37712,1.37722,1.37,1.00
2015.08.11 08:51:59.731,1.37717,1.37726,1.00,1.00
2015.08.11 08:51:59.834,1.37716,1.37728,2.25,2.25
2015.08.11 08:51:59.885,1.37716,1.37726,1.50,1.00
2015.08.11 08:52:00.626,1.37717,1.3773,4.12,4.87
2015.08.11 08:52:00.953,1.37716,1.37728,5.25,1.37
2015.08.11 08:52:01.441,1.37717,1.37727,1.37,1.50
2015.08.11 08:52:02.565,1.37719,1.37727,3.45,1.50
2015.08.11 08:52:02.617,1.37724,1.37729,1.12,1.00
2015.08.11 08:52:03.123,1.37723,1.37729,1.75,1.00
2015.08.11 08:52:04.562,1.37724,1.37729,1.12,1.00
2015.08.11 08:52:04.715,1.37725,1.37733,3.00,1.00
2015.08.11 08:52:04.766,1.37725,1.37733,2.62,1.12
2015.08.11 08:52:05.376,1.37722,1.37733,1.50,1.50
2015.08.11 08:52:05.882,1.37721,1.37733,1.50,1.50
2015.08.11 08:52:07.485,1.37722,1.3773,1.00,1.00
2015.08.11 08:52:10.655,1.3772,1.37732,6.37,1.12
2015.08.11 08:52:11.008,1.3772,1.3773,2.25,1.00
2015.08.11 08:52:16.347,1.37721,1.3773,1.37,1.00
2015.08.11 08:52:17.749,1.37721,1.3773,1.00,1.00
2015.08.11 08:52:19.263,1.37719,1.37728,1.50,1.00
2015.08.11 08:52:19.769,1.37717,1.37727,2.25,1.00
2015.08.11 08:52:20.175,1.37716,1.37727,2.25,1.00
2015.08.11 08:52:20.277,1.3772,1.37727,1.50,1.00
2015.08.11 08:52:20.819,1.37726,1.37731,3.75,1.50
2015.08.11 08:52:20.871,1.37726,1.37735,3.00,1.00
2015.08.11 08:52:21.242,1.37726,1.37735,1.87,1.00
2015.08.11 08:52:22.395,1.37726,1.37733,1.37,1.00
2015.08.11 08:52:22.857,1.37724,1.37732,1.87,1.87
2015.08.11 08:52:22.913,1.37724,1.3773,1.50,1.00
2015.08.11 08:52:23.808,1.3772,1.37726,3.00,1.00
2015.08.11 08:52:23.860,1.37716,1.37726,1.87,2.25
2015.08.11 08:52:23.914,1.37716,1.37722,1.50,1.00
2015.08.11 08:52:24.319,1.37714,1.3772,1.37,1.00
2015.08.11 08:52:24.780,1.37714,1.37718,1.37,1.00
2015.08.11 08:52:25.277,1.37713,1.3772,1.00,2.25
2015.08.11 08:52:25.328,1.37715,1.37721,1.00,1.37
2015.08.11 08:52:25.530,1.37717,1.37724,1.00,1.00
2015.08.11 08:52:25.632,1.37717,1.37726,4.12,2.25
2015.08.11 08:52:25.935,1.37716,1.37722,1.47,1.00
2015.08.11 08:52:26.516,1.37722,1.37723,1.00,4.12
2015.08.11 08:52:26.567,1.37722,1.3773,1.00,1.00
2015.08.11 08:52:26.618,1.37727,1.3773,1.00,1.00
2015.08.11 08:52:26.921,1.37728,1.3773,1.00,1.00
2015.08.11 08:52:27.124,1.37731,1.37734,1.00,1.50
2015.08.11 08:52:27.225,1.37729,1.3773,1.50,1.00
2015.08.11 08:52:28.389,1.37729,1.37731,1.50,1.00
2015.08.11 08:52:28.942,1.37729,1.3773,1.00,1.00
2015.08.11 08:52:29.367,1.37729,1.37733,1.00,1.87
2015.08.11 08:52:29.469,1.37729,1.3773,1.00,1.00
2015.08.11 08:52:29.958,1.37733,1.37735,1.12,1.00
2015.08.11 08:52:30.008,1.37735,1.3774,1.50,1.00
2015.08.11 08:52:30.161,1.37739,1.37745,1.00,1.50
2015.08.11 08:52:31.763,1.37739,1.37743,1.00,1.00
2015.08.11 08:52:33.070,1.37739,1.37744,1.50,1.00
2015.08.11 08:52:33.377,1.37739,1.37742,1.00,1.00
2015.08.11 08:52:34.097,1.37739,1.37744,1.00,1.00
2015.08.11 08:52:34.588,1.37735,1.37739,2.62,1.00
2015.08.11 08:52:35.099,1.37734,1.37739,1.00,2.25
2015.08.11 08:52:36.184,1.37735,1.37739,1.00,1.37
2015.08.11 08:52:37.372,1.37735,1.3774,1.00,2.25
2015.08.11 08:52:38.627,1.37735,1.3774,1.00,1.87
2015.08.11 08:52:39.591,1.37738,1.3774,1.00,1.00
2015.08.11 08:52:39.643,1.37738,1.37744,1.00,1.00
2015.08.11 08:52:40.170,1.37738,1.37745,1.50,1.12
2015.08.11 08:52:40.434,1.37738,1.37745,1.87,1.00
2015.08.11 08:52:41.021,1.37739,1.37746,1.87,1.00
2015.08.11 08:52:41.692,1.37739,1.37745,1.37,1.00
2015.08.11 08:52:42.792,1.37739,1.37746,2.62,1.00
2015.08.11 08:52:43.305,1.37739,1.37745,1.37,1.00
2015.08.11 08:52:43.846,1.37739,1.37746,1.37,1.00
2015.08.11 08:52:44.396,1.37739,1.37745,1.87,1.00
2015.08.11 08:52:44.953,1.37739,1.37745,1.50,1.12
2015.08.11 08:52:45.496,1.37739,1.37745,1.37,1.50
2015.08.11 08:52:46.009,1.37742,1.37745,1.00,1.00
2015.08.11 08:52:47.505,1.37742,1.37746,1.00,1.00
2015.08.11 08:52:48.012,1.37742,1.37746,1.37,1.00
2015.08.11 08:52:48.615,1.37741,1.37745,1.87,1.00
2015.08.11 08:52:49.234,1.37741,1.37746,1.87,1.00
2015.08.11 08:52:49.537,1.37741,1.37746,3.37,1.00
2015.08.11 08:52:49.842,1.37748,1.37753,1.50,4.50
2015.08.11 08:52:49.994,1.3775,1.37753,1.00,1.50
2015.08.11 08:52:50.966,1.37751,1.37754,1.00,2.25
2015.08.11 08:52:51.033,1.37751,1.37759,1.00,2.85
2015.08.11 08:52:51.310,1.3775,1.37759,1.37,3.22
2015.08.11 08:52:51.513,1.37751,1.37757,1.12,1.00
2015.08.11 08:52:51.616,1.37751,1.37753,1.00,1.00
2015.08.11 08:52:51.718,1.37745,1.3775,1.00,1.00
2015.08.11 08:52:51.769,1.37743,1.3775,1.00,4.50
2015.08.11 08:52:52.269,1.3774,1.37744,1.12,1.50
2015.08.11 08:52:52.320,1.37737,1.37744,1.00,1.87
2015.08.11 08:52:53.035,1.37737,1.37745,1.00,1.50
2015.08.11 08:52:53.136,1.37737,1.3774,1.00,1.00
2015.08.11 08:52:53.613,1.37733,1.37741,4.50,6.37
2015.08.11 08:52:53.666,1.3773,1.37741,1.37,7.50
2015.08.11 08:52:53.717,1.37733,1.37741,1.00,4.50
2015.08.11 08:52:53.820,1.37735,1.3774,1.00,1.00
2015.08.11 08:52:54.074,1.37736,1.37743,1.00,1.00
2015.08.11 08:52:55.106,1.37736,1.37745,1.00,1.87
2015.08.11 08:52:55.410,1.37734,1.37737,1.00,1.37
2015.08.11 08:52:55.562,1.37731,1.37737,1.12,1.37
2015.08.11 08:52:56.710,1.3773,1.37737,1.00,1.37
2015.08.11 08:52:57.187,1.37729,1.37737,1.50,5.62
2015.08.11 08:52:57.983,1.37728,1.37737,1.00,5.25
2015.08.11 08:52:58.439,1.3773,1.37736,1.00,1.37
2015.08.11 08:52:58.944,1.37731,1.37736,1.00,1.12
2015.08.11 08:52:59.489,1.37733,1.37739,1.00,2.25
2015.08.11 08:53:00.001,1.37733,1.37738,1.00,1.50
2015.08.11 08:53:00.892,1.37733,1.37738,1.00,1.00
2015.08.11 08:53:01.424,1.37732,1.37738,1.00,1.35
2015.08.11 08:53:01.727,1.37733,1.37738,1.00,2.62
2015.08.11 08:53:03.098,1.37735,1.3774,1.00,1.75
2015.08.11 08:53:04.554,1.37736,1.37741,1.00,1.50
2015.08.11 08:53:04.659,1.37735,1.37742,1.37,1.87
2015.08.11 08:53:04.761,1.37735,1.37745,1.50,4.50
2015.08.11 08:53:04.863,1.37737,1.37746,1.37,1.12
2015.08.11 08:53:04.965,1.37739,1.37748,1.37,2.62
2015.08.11 08:53:05.748,1.37738,1.37745,1.00,2.25
2015.08.11 08:53:06.059,1.37737,1.37743,1.00,1.87
2015.08.11 08:53:06.211,1.37734,1.37743,1.00,1.87
2015.08.11 08:53:06.313,1.37734,1.3774,1.12,1.00
2015.08.11 08:53:06.414,1.37732,1.37743,4.12,1.12
2015.08.11 08:53:07.154,1.37732,1.37744,4.12,2.40
2015.08.11 08:53:07.357,1.37733,1.37745,1.12,4.27
2015.08.11 08:53:07.509,1.37737,1.37745,1.00,3.07
2015.08.11 08:53:07.764,1.37742,1.3775,1.00,1.72
2015.08.11 08:53:08.017,1.37742,1.37748,1.00,1.00
2015.08.11 08:53:08.559,1.37742,1.37747,1.00,1.00
2015.08.11 08:53:08.863,1.37743,1.3775,1.12,1.87
2015.08.11 08:53:09.015,1.37745,1.37753,1.00,4.50
2015.08.11 08:53:09.384,1.37746,1.37754,1.00,1.12
2015.08.11 08:53:09.979,1.37746,1.37755,1.87,1.37
2015.08.11 08:53:10.182,1.37746,1.37755,1.50,1.50
2015.08.11 08:53:10.722,1.37745,1.37755,1.87,2.25
2015.08.11 08:53:11.410,1.37746,1.37754,1.12,1.00
2015.08.11 08:53:12.230,1.37746,1.37754,1.12,1.87
2015.08.11 08:53:13.020,1.37745,1.37752,1.37,1.12
2015.08.11 08:53:13.071,1.37745,1.37751,1.00,1.00
2015.08.11 08:53:13.323,1.37746,1.37749,1.00,1.00
2015.08.11 08:53:13.425,1.37746,1.37751,1.00,1.50
2015.08.11 08:53:13.732,1.37744,1.37751,1.00,1.00
2015.08.11 08:53:15.076,1.37745,1.37752,1.00,1.00
2015.08.11 08:53:15.127,1.37747,1.37753,1.00,1.12
2015.08.11 08:53:17.607,1.37747,1.37752,1.00,1.00
2015.08.11 08:53:17.911,1.37745,1.37752,1.12,1.50
2015.08.11 08:53:18.740,1.37745,1.37752,1.37,1.87
2015.08.11 08:53:19.128,1.37745,1.37752,1.12,1.87
2015.08.11 08:53:20.039,1.37745,1.37752,1.37,1.00
2015.08.11 08:53:21.048,1.37744,1.37752,1.00,2.47
2015.08.11 08:53:21.099,1.37744,1.3775,1.00,4.87
2015.08.11 08:53:21.150,1.37742,1.37748,1.12,1.00
2015.08.11 08:53:21.777,1.37741,1.37749,1.87,1.00
2015.08.11 08:53:21.828,1.37742,1.37749,1.37,1.00
2015.08.11 08:53:22.084,1.37742,1.37749,1.50,1.00
2015.08.11 08:53:22.597,1.3774,1.37748,1.37,1.00
2015.08.11 08:53:23.875,1.3774,1.37748,1.50,1.00
2015.08.11 08:53:25.061,1.3774,1.37748,1.87,1.00
2015.08.11 08:53:25.587,1.37738,1.37748,1.50,1.37
2015.08.11 08:53:26.093,1.37736,1.37747,3.00,2.25
2015.08.11 08:53:27.131,1.3774,1.37748,1.00,2.25
2015.08.11 08:53:27.333,1.37737,1.37748,1.00,1.50
2015.08.11 08:53:28.563,1.37738,1.37747,3.00,1.00
2015.08.11 08:53:28.614,1.37741,1.37749,1.50,3.75
2015.08.11 08:53:28.665,1.37741,1.37751,1.87,1.00
2015.08.11 08:53:28.716,1.37745,1.37753,1.00,4.87
2015.08.11 08:53:28.869,1.37747,1.37755,1.00,1.50
2015.08.11 08:53:28.971,1.37747,1.37757,1.00,1.87
2015.08.11 08:53:29.275,1.37745,1.37757,1.87,4.50
2015.08.11 08:53:29.928,1.37743,1.37755,4.12,6.37
2015.08.11 08:53:29.979,1.37742,1.37755,2.25,6.37
2015.08.11 08:53:31.336,1.37741,1.37754,7.12,1.87
2015.08.11 08:53:31.843,1.37744,1.37754,1.12,1.87
2015.08.11 08:53:32.408,1.37744,1.37754,1.12,1.50
2015.08.11 08:53:33.321,1.37743,1.37754,1.37,1.50
2015.08.11 08:53:34.166,1.37743,1.37754,1.37,1.50
2015.08.11 08:53:34.774,1.37744,1.37753,1.12,1.75
2015.08.11 08:53:35.078,1.37744,1.37753,1.00,1.00
2015.08.11 08:53:35.586,1.37745,1.37755,1.00,1.50
2015.08.11 08:53:36.231,1.37744,1.37755,1.87,1.50
2015.08.11 08:53:36.993,1.37743,1.37755,2.25,1.50
2015.08.11 08:53:38.033,1.37744,1.37755,1.50,2.25
2015.08.11 08:53:40.500,1.37744,1.37756,4.12,6.00
2015.08.11 08:53:40.805,1.37755,1.37763,1.00,2.25
2015.08.11 08:53:42.009,1.37753,1.37763,1.87,1.37
2015.08.11 08:53:42.446,1.37753,1.37763,1.87,1.37
2015.08.11 08:53:43.218,1.37752,1.37763,1.87,1.87
2015.08.11 08:53:43.852,1.37753,1.37762,1.00,1.50
2015.08.11 08:53:44.932,1.37754,1.37763,1.00,1.87
2015.08.11 08:53:45.471,1.37753,1.37763,1.37,1.37
2015.08.11 08:53:46.794,1.37756,1.37763,1.00,1.37
2015.08.11 08:53:50.582,1.37755,1.37759,1.00,1.12
2015.08.11 08:53:50.734,1.37754,1.37758,1.00,1.37
2015.08.11 08:53:51.252,1.37754,1.37759,1.00,1.50
2015.08.11 08:53:52.669,1.37755,1.3776,1.00,1.87
2015.08.11 08:53:53.191,1.37755,1.37761,1.00,1.50
2015.08.11 08:53:54.639,1.37754,1.37761,1.00,2.05
2015.08.11 08:53:54.741,1.37752,1.37761,1.50,4.72
2015.08.11 08:53:55.636,1.37751,1.37758,1.00,1.00
2015.08.11 08:53:56.153,1.37751,1.37755,1.00,1.00
2015.08.11 08:53:56.407,1.37747,1.37752,1.00,1.00
2015.08.11 08:53:56.459,1.37747,1.37754,1.00,1.20
2015.08.11 08:53:56.510,1.3775,1.37755,1.00,3.37
2015.08.11 08:53:57.046,1.37752,1.37756,1.00,2.25
2015.08.11 08:53:57.148,1.37752,1.37757,1.00,1.87
2015.08.11 08:53:57.363,1.37752,1.37757,1.00,3.00
2015.08.11 08:53:57.667,1.37754,1.37757,1.00,1.12
2015.08.11 08:53:58.420,1.37755,1.37759,1.00,1.37
2015.08.11 08:53:58.926,1.37754,1.37759,1.00,1.87
2015.08.11 08:53:59.505,1.37755,1.37759,1.00,1.50
2015.08.11 08:54:00.137,1.37755,1.37761,1.00,2.62
2015.08.11 08:54:00.677,1.37755,1.37762,1.00,1.50
2015.08.11 08:54:01.328,1.37757,1.37765,1.00,1.50
2015.08.11 08:54:01.732,1.37759,1.37765,1.00,2.25
2015.08.11 08:54:02.046,1.3776,1.37763,1.00,1.00
2015.08.11 08:54:02.648,1.37757,1.37765,1.12,1.50
2015.08.11 08:54:02.700,1.37757,1.37766,1.37,1.50
2015.08.11 08:54:03.206,1.37758,1.37765,1.12,1.00
2015.08.11 08:54:04.604,1.37758,1.37765,1.37,2.25
2015.08.11 08:54:04.655,1.37757,1.37765,1.00,1.12
2015.08.11 08:54:04.949,1.37757,1.37765,1.00,1.50
2015.08.11 08:54:05.462,1.37758,1.37765,1.00,2.62
2015.08.11 08:54:07.269,1.37758,1.37763,1.00,1.37
2015.08.11 08:54:07.983,1.37753,1.3776,1.00,2.25
2015.08.11 08:54:08.034,1.37751,1.37759,1.00,1.00
2015.08.11 08:54:08.538,1.37751,1.3776,1.00,1.50
2015.08.11 08:54:08.741,1.37753,1.3776,1.00,1.00
2015.08.11 08:54:09.378,1.37755,1.37759,1.00,1.00
2015.08.11 08:54:09.682,1.37755,1.37762,1.00,1.12
2015.08.11 08:54:09.834,1.37754,1.3776,1.00,1.00
2015.08.11 08:54:11.136,1.37754,1.37763,1.00,1.50
2015.08.11 08:54:11.339,1.37755,1.37764,1.37,2.25
2015.08.11 08:54:11.844,1.37755,1.37763,1.87,1.00
2015.08.11 08:54:13.380,1.37755,1.37764,1.37,1.12
2015.08.11 08:54:14.178,1.37755,1.37764,1.87,1.37
2015.08.11 08:54:14.683,1.37755,1.37764,1.00,1.87
2015.08.11 08:54:15.189,1.37754,1.37763,1.12,1.12
2015.08.11 08:54:16.330,1.37755,1.37764,1.00,3.00
2015.08.11 08:54:16.667,1.37757,1.37765,1.12,1.12
2015.08.11 08:54:16.718,1.37757,1.37765,3.00,1.00
2015.08.11 08:54:16.769,1.3776,1.37767,1.37,1.00
2015.08.11 08:54:16.820,1.3776,1.37769,1.50,1.00
2015.08.11 08:54:17.483,1.37762,1.37772,1.00,1.75
2015.08.11 08:54:17.697,1.37763,1.37772,1.50,1.12
2015.08.11 08:54:18.394,1.37762,1.37772,1.12,1.12
2015.08.11 08:54:18.888,1.37762,1.37775,4.50,2.62
2015.08.11 08:54:19.403,1.37765,1.37773,1.00,1.00
2015.08.11 08:54:21.164,1.37766,1.37775,1.00,1.87
2015.08.11 08:54:21.964,1.37765,1.37775,1.12,1.87
2015.08.11 08:54:22.518,1.37766,1.37775,1.00,1.87
2015.08.11 08:54:23.096,1.37766,1.37774,1.00,1.00
2015.08.11 08:54:23.947,1.37766,1.37773,1.00,1.12
2015.08.11 08:54:24.471,1.37765,1.37773,1.12,1.12
2015.08.11 08:54:25.022,1.37764,1.37773,1.87,1.00
2015.08.11 08:54:25.806,1.37765,1.37773,1.12,1.00
2015.08.11 08:54:26.342,1.37766,1.37773,1.00,1.00
2015.08.11 08:54:27.117,1.37765,1.37772,2.25,1.00
2015.08.11 08:54:27.602,1.37765,1.37767,1.00,1.00
2015.08.11 08:54:27.653,1.37759,1.37768,1.50,4.87
2015.08.11 08:54:27.755,1.37759,1.37764,1.00,1.50
2015.08.11 08:54:27.856,1.37756,1.37764,1.00,1.50
2015.08.11 08:54:28.058,1.37754,1.37764,1.87,1.50
2015.08.11 08:54:28.638,1.37756,1.37765,1.00,4.12
2015.08.11 08:54:29.552,1.37754,1.37761,1.50,1.37
2015.08.11 08:54:29.604,1.37752,1.3776,1.12,2.62
2015.08.11 08:54:29.756,1.37752,1.3776,1.37,2.25
2015.08.11 08:54:30.060,1.37766,1.3777,1.00,3.00
2015.08.11 08:54:30.263,1.37765,1.37773,1.50,1.00
2015.08.11 08:54:30.892,1.37765,1.37774,1.00,1.00
2015.08.11 08:54:31.400,1.37765,1.37775,2.25,1.50
2015.08.11 08:54:31.681,1.37767,1.37774,1.00,1.12
2015.08.11 08:54:32.286,1.37766,1.37773,1.00,3.75
2015.08.11 08:54:32.338,1.37762,1.37773,1.87,4.87
2015.08.11 08:54:32.844,1.37763,1.37772,1.50,1.87
2015.08.11 08:54:33.698,1.37764,1.37772,1.12,1.12
2015.08.11 08:54:34.208,1.37765,1.37771,1.00,1.00
2015.08.11 08:54:34.710,1.37764,1.37771,1.00,1.50
2015.08.11 08:54:35.411,1.37761,1.37771,2.62,1.00
2015.08.11 08:54:35.924,1.37764,1.37772,1.12,1.87
2015.08.11 08:54:36.449,1.37763,1.37772,1.00,1.37
2015.08.11 08:54:37.183,1.37763,1.37773,1.50,1.87
2015.08.11 08:54:37.503,1.37765,1.37773,1.00,1.87
2015.08.11 08:54:37.806,1.37762,1.37772,1.87,1.12
2015.08.11 08:54:38.059,1.37766,1.37775,1.00,1.50
2015.08.11 08:54:38.520,1.37768,1.37775,1.00,1.50
2015.08.11 08:54:38.622,1.37768,1.37778,1.00,2.25
2015.08.11 08:54:38.774,1.37768,1.37779,4.87,1.37
2015.08.11 08:54:39.696,1.37769,1.37778,1.50,1.12
2015.08.11 08:54:40.254,1.37769,1.37778,1.37,1.87
2015.08.11 08:54:41.484,1.37768,1.37778,1.12,1.12
2015.08.11 08:54:41.535,1.37767,1.37775,1.12,1.00
2015.08.11 08:54:41.586,1.37769,1.37779,1.00,1.69
2015.08.11 08:54:41.738,1.37771,1.37779,1.00,1.00
2015.08.11 08:54:42.257,1.37772,1.37779,1.00,1.00
2015.08.11 08:54:43.331,1.37772,1.37782,1.00,2.25
2015.08.11 08:54:43.849,1.37772,1.37782,1.00,3.60
2015.08.11 08:54:44.347,1.37772,1.37779,1.00,1.12
2015.08.11 08:54:44.449,1.3777,1.37779,1.00,1.12
2015.08.11 08:54:44.960,1.37771,1.37777,1.00,1.50
2015.08.11 08:54:45.112,1.37771,1.37775,1.00,3.00
2015.08.11 08:54:45.764,1.37771,1.37775,1.00,1.50
2015.08.11 08:54:46.292,1.37771,1.37778,1.00,5.06
2015.08.11 08:54:46.797,1.37771,1.37776,1.00,5.25
2015.08.11 08:54:47.337,1.3777,1.37774,1.00,1.00
2015.08.11 08:54:47.760,1.37768,1.37776,1.00,4.50
2015.08.11 08:54:48.316,1.3777,1.37774,1.00,1.37
2015.08.11 08:54:48.923,1.3777,1.37775,1.00,1.50
2015.08.11 08:54:48.974,1.37768,1.37774,1.00,2.25
2015.08.11 08:54:49.075,1.37768,1.37774,1.00,2.62
2015.08.11 08:54:49.955,1.37768,1.37773,1.00,1.50
2015.08.11 08:54:50.473,1.37768,1.37772,1.00,1.00
2015.08.11 08:54:51.079,1.37768,1.37774,1.00,2.25
2015.08.11 08:54:51.898,1.37768,1.37773,1.00,1.50
2015.08.11 08:54:51.958,1.37766,1.3777,1.12,1.12
2015.08.11 08:54:52.009,1.37763,1.3777,1.87,1.60
2015.08.11 08:54:52.212,1.37759,1.37768,1.57,1.37
2015.08.11 08:54:52.717,1.37758,1.37768,2.25,1.50
2015.08.11 08:54:53.629,1.37761,1.37769,1.37,4.87
2015.08.11 08:54:54.289,1.37761,1.3777,1.12,1.87
2015.08.11 08:54:55.103,1.37764,1.37773,1.12,1.75
2015.08.11 08:54:55.155,1.37766,1.37774,1.00,1.75
2015.08.11 08:54:55.257,1.3777,1.37775,1.00,2.25
2015.08.11 08:54:55.308,1.3777,1.37775,1.00,1.00
2015.08.11 08:54:55.614,1.3777,1.37777,1.00,1.00
2015.08.11 08:54:56.540,1.37771,1.37776,1.00,2.62
2015.08.11 08:54:56.602,1.37766,1.37774,1.00,4.12
2015.08.11 08:54:56.659,1.37765,1.37774,1.00,1.50
2015.08.11 08:54:56.760,1.37766,1.37772,1.00,1.12
2015.08.11 08:54:57.821,1.37766,1.37773,1.00,1.87
2015.08.11 08:54:58.177,1.37765,1.37769,1.00,1.00
2015.08.11 08:54:58.683,1.37765,1.37768,1.00,1.00
2015.08.11 08:54:59.231,1.37764,1.37769,1.00,1.50
2015.08.11 08:54:59.757,1.37765,1.37768,1.00,1.00
2015.08.11 08:55:00.262,1.37764,1.37768,1.00,1.00
2015.08.11 08:55:00.800,1.37763,1.37768,1.00,1.00
2015.08.11 08:55:01.777,1.37761,1.37768,1.00,1.00
2015.08.11 08:55:02.359,1.37762,1.37768,1.00,1.37
2015.08.11 08:55:02.964,1.37762,1.37767,1.00,1.37
2015.08.11 08:55:03.470,1.37761,1.37765,1.00,1.12
2015.08.11 08:55:04.157,1.3776,1.37768,1.00,1.87
2015.08.11 08:55:04.410,1.37757,1.37768,1.87,1.12
2015.08.11 08:55:04.945,1.37757,1.37766,1.00,1.12
2015.08.11 08:55:06.010,1.37758,1.37766,1.87,1.30
2015.08.11 08:55:06.415,1.37758,1.37766,1.12,2.47
2015.08.11 08:55:06.927,1.37757,1.37763,1.50,1.30
2015.08.11 08:55:07.705,1.37755,1.37764,3.00,2.47
2015.08.11 08:55:08.208,1.37755,1.37763,2.62,1.30
2015.08.11 08:55:08.900,1.37755,1.37764,3.37,2.47
2015.08.11 08:55:09.405,1.37755,1.37764,2.62,2.47
2015.08.11 08:55:10.238,1.37755,1.37763,1.87,1.30
2015.08.11 08:55:11.176,1.37755,1.37765,1.12,3.60
2015.08.11 08:55:11.700,1.37755,1.37763,3.37,1.30
2015.08.11 08:55:12.206,1.37756,1.37764,1.00,1.30
2015.08.11 08:55:13.046,1.37756,1.37764,1.00,1.72
2015.08.11 08:55:13.619,1.37756,1.37764,1.00,1.72
2015.08.11 08:55:14.040,1.37756,1.37763,1.00,1.30
2015.08.11 08:55:14.923,1.37756,1.37761,1.00,1.00
2015.08.11 08:55:15.449,1.37756,1.3776,1.00,1.12
2015.08.11 08:55:15.652,1.37753,1.3776,1.50,1.12
2015.08.11 08:55:18.698,1.37753,1.3776,1.37,1.00
2015.08.11 08:55:18.851,1.37753,1.37763,1.87,1.12
2015.08.11 08:55:19.054,1.37756,1.37765,1.87,4.72
2015.08.11 08:55:21.900,1.37755,1.37759,1.50,1.12
2015.08.11 08:55:21.952,1.3775,1.37758,4.95,3.60
2015.08.11 08:55:22.003,1.3775,1.37757,1.00,2.10
2015.08.11 08:55:22.508,1.37751,1.3776,4.50,1.35
2015.08.11 08:55:23.244,1.37752,1.37757,1.87,2.10
2015.08.11 08:55:23.396,1.37751,1.3776,1.00,2.25
2015.08.11 08:55:23.649,1.37755,1.37763,1.00,2.10
2015.08.11 08:55:23.750,1.37752,1.37762,1.87,2.10
2015.08.11 08:55:24.573,1.37753,1.37761,1.12,2.47
2015.08.11 08:55:24.936,1.37753,1.37761,1.37,2.10
2015.08.11 08:55:25.037,1.37753,1.37761,1.12,2.10
2015.08.11 08:55:25.544,1.37752,1.3776,1.00,1.37
2015.08.11 08:55:26.332,1.37752,1.3776,1.00,1.87
2015.08.11 08:55:26.837,1.37752,1.3776,1.00,2.47
2015.08.11 08:55:27.140,1.37752,1.3776,1.00,3.22
2015.08.11 08:55:27.966,1.3775,1.37755,1.12,2.10
2015.08.11 08:55:28.471,1.37749,1.37757,1.50,2.10
2015.08.11 08:55:28.976,1.37748,1.37755,3.37,2.10
2015.08.11 08:55:29.513,1.37753,1.37758,1.37,1.00
2015.08.11 08:55:29.666,1.37753,1.37762,2.25,3.22
2015.08.11 08:55:30.172,1.37755,1.37761,1.00,2.10
2015.08.11 08:55:31.460,1.37755,1.37759,1.00,2.10
2015.08.11 08:55:31.615,1.37754,1.37758,1.37,2.10
2015.08.11 08:55:32.122,1.37752,1.37759,2.62,2.10
2015.08.11 08:55:33.715,1.37754,1.37759,1.37,2.10
2015.08.11 08:55:33.766,1.37754,1.3776,1.37,1.35
2015.08.11 08:55:34.019,1.37756,1.37759,1.00,2.10
2015.08.11 08:55:34.623,1.37755,1.37758,1.87,2.10
2015.08.11 08:55:35.175,1.37755,1.37759,1.37,2.10
2015.08.11 08:55:35.696,1.37755,1.37759,1.87,2.10
2015.08.11 08:55:37.094,1.37755,1.37759,1.12,2.10
2015.08.11 08:55:37.410,1.37755,1.3776,1.87,2.85
2015.08.11 08:55:38.090,1.37755,1.37759,2.62,2.10
2015.08.11 08:55:38.640,1.37755,1.37759,1.12,2.10
2015.08.11 08:55:39.092,1.37755,1.3776,2.62,2.85
2015.08.11 08:55:39.632,1.37757,1.37761,1.00,1.35
2015.08.11 08:55:39.733,1.37757,1.3776,1.00,2.10
2015.08.11 08:55:40.251,1.37757,1.3776,1.00,1.00
2015.08.11 08:55:40.984,1.37757,1.37761,1.00,2.85
2015.08.11 08:55:41.502,1.37757,1.3776,1.00,1.00
2015.08.11 08:55:43.052,1.37757,1.3776,1.00,2.85
2015.08.11 08:55:43.561,1.37755,1.37759,2.62,2.10
2015.08.11 08:55:44.619,1.37755,1.3776,2.62,1.00
2015.08.11 08:55:44.722,1.37755,1.37765,3.00,1.87
2015.08.11 08:55:45.229,1.37755,1.37766,2.62,2.25
2015.08.11 08:55:45.633,1.3776,1.37765,1.00,1.00
2015.08.11 08:55:45.785,1.37758,1.37766,1.12,1.37
2015.08.11 08:55:46.313,1.37758,1.37767,5.25,1.37
2015.08.11 08:55:48.814,1.37758,1.37767,1.37,1.37
2015.08.11 08:55:50.092,1.37758,1.37767,1.37,1.12
2015.08.11 08:55:56.406,1.37759,1.37769,1.00,1.87
2015.08.11 08:55:56.507,1.37758,1.37769,1.87,1.37
2015.08.11 08:55:58.966,1.37758,1.3777,2.25,4.50
2015.08.11 08:55:59.475,1.37758,1.3777,1.75,4.50
2015.08.11 08:55:59.779,1.37761,1.37769,1.00,1.12
2015.08.11 08:56:00.380,1.3776,1.37769,1.50,1.50
2015.08.11 08:56:00.686,1.3776,1.37765,1.00,1.37
2015.08.11 08:56:00.838,1.37755,1.37764,1.12,1.87
2015.08.11 08:56:01.228,1.37756,1.37766,1.50,4.50
2015.08.11 08:56:01.279,1.37757,1.37767,1.00,1.87
2015.08.11 08:56:01.822,1.37757,1.37767,4.50,1.50
2015.08.11 08:56:02.125,1.37762,1.3777,1.00,3.00
2015.08.11 08:56:02.176,1.37762,1.3777,1.00,3.00
2015.08.11 08:56:02.479,1.37764,1.37772,1.00,3.00
2015.08.11 08:56:03.237,1.37764,1.37771,1.00,1.37
2015.08.11 08:56:03.745,1.37763,1.37771,1.00,1.50
2015.08.11 08:56:04.626,1.37763,1.37771,1.00,1.87
2015.08.11 08:56:05.204,1.37763,1.37771,1.00,1.50
2015.08.11 08:56:07.493,1.37762,1.3777,1.12,1.87
2015.08.11 08:56:07.797,1.3776,1.37769,1.50,1.37
2015.08.11 08:56:08.310,1.3776,1.37767,1.00,1.12
2015.08.11 08:56:08.367,1.37757,1.37767,1.12,1.37
2015.08.11 08:56:08.873,1.37758,1.37767,1.00,1.00
2015.08.11 08:56:09.410,1.37759,1.37768,1.12,1.37
2015.08.11 08:56:09.865,1.37762,1.3777,1.00,5.25
2015.08.11 08:56:10.428,1.37762,1.37769,1.00,1.37
2015.08.11 08:56:10.934,1.37761,1.37769,1.00,1.37
2015.08.11 08:56:11.774,1.37762,1.3777,1.00,1.87
2015.08.11 08:56:12.316,1.37762,1.37769,1.12,1.00
2015.08.11 08:56:12.639,1.37762,1.37772,1.50,1.37
2015.08.11 08:56:13.093,1.37765,1.37773,1.00,2.62
2015.08.11 08:56:13.565,1.37762,1.37773,1.37,1.87
2015.08.11 08:56:14.079,1.37761,1.37773,1.50,1.87
2015.08.11 08:56:16.856,1.37761,1.37771,1.37,1.00
2015.08.11 08:56:17.394,1.37761,1.37771,1.37,2.62
2015.08.11 08:56:17.647,1.3776,1.37769,1.12,2.10
2015.08.11 08:56:17.951,1.37753,1.3776,1.00,3.00
2015.08.11 08:56:18.002,1.37751,1.37759,1.00,1.00
2015.08.11 08:56:19.388,1.37751,1.3776,1.37,2.62
2015.08.11 08:56:19.692,1.37754,1.37761,1.00,1.87
2015.08.11 08:56:20.593,1.37753,1.37762,1.87,1.37
2015.08.11 08:56:21.098,1.37753,1.37762,1.87,1.12
2015.08.11 08:56:21.620,1.37753,1.37761,1.12,1.12
2015.08.11 08:56:22.214,1.37754,1.37761,1.00,1.12
2015.08.11 08:56:22.569,1.37756,1.37762,1.00,1.00
2015.08.11 08:56:22.672,1.37755,1.37765,2.62,1.50
2015.08.11 08:56:23.980,1.37756,1.37765,1.12,1.37
2015.08.11 08:56:24.133,1.37756,1.37766,1.00,1.50
2015.08.11 08:56:24.185,1.37756,1.37766,1.00,1.50
2015.08.11 08:56:25.230,1.37755,1.37765,1.87,1.00
2015.08.11 08:56:25.737,1.37754,1.37765,2.62,1.50
2015.08.11 08:56:29.629,1.37755,1.37765,1.00,1.50
2015.08.11 08:56:29.937,1.37754,1.37764,3.00,1.00
2015.08.11 08:56:30.443,1.37754,1.37764,3.00,1.12
2015.08.11 08:56:32.736,1.37754,1.37764,3.75,1.37
2015.08.11 08:56:33.250,1.37755,1.37765,1.37,1.37
2015.08.11 08:56:35.508,1.37756,1.37765,1.00,1.12
2015.08.11 08:56:36.300,1.37756,1.37763,1.00,1.00
2015.08.11 08:56:36.614,1.37756,1.37761,1.00,1.00
2015.08.11 08:56:37.120,1.37756,1.3776,1.00,1.00
2015.08.11 08:56:37.656,1.37756,1.37761,1.00,1.00
2015.08.11 08:56:38.602,1.37756,1.3776,1.00,1.00
2015.08.11 08:56:39.107,1.37754,1.3776,1.37,1.00
2015.08.11 08:56:39.811,1.37754,1.37761,1.37,1.00
2015.08.11 08:56:40.485,1.37754,1.37762,1.37,1.50
2015.08.11 08:56:41.467,1.37754,1.37762,1.12,1.87
2015.08.11 08:56:42.122,1.3775,1.37753,1.12,1.12
2015.08.11 08:56:42.172,1.37747,1.37754,1.00,1.37
2015.08.11 08:56:42.729,1.37747,1.37754,1.00,1.12
2015.08.11 08:56:43.183,1.37747,1.3775,1.00,1.00
2015.08.11 08:56:43.286,1.37745,1.37748,1.87,1.00
2015.08.11 08:56:43.823,1.37742,1.3775,4.50,1.00
2015.08.11 08:56:44.340,1.37742,1.37749,3.75,1.00
2015.08.11 08:56:44.712,1.37742,1.3775,3.00,1.00
2015.08.11 08:56:45.899,1.37742,1.3775,3.00,1.00
2015.08.11 08:56:45.950,1.37746,1.37749,1.00,1.00
2015.08.11 08:56:46.296,1.37746,1.37751,1.00,1.12
2015.08.11 08:56:46.709,1.37746,1.37749,1.00,1.00
2015.08.11 08:56:50.078,1.37744,1.37749,1.87,1.00
2015.08.11 08:56:50.947,1.37744,1.37749,1.00,1.00
2015.08.11 08:56:52.766,1.37744,1.3775,1.00,1.50
2015.08.11 08:56:52.969,1.37742,1.3775,1.87,2.25
2015.08.11 08:56:53.481,1.37742,1.3775,1.87,1.50
2015.08.11 08:56:54.788,1.37744,1.3775,1.00,1.50
2015.08.11 08:56:55.142,1.37742,1.37752,4.87,1.50
2015.08.11 08:56:55.243,1.37742,1.3775,4.87,1.50
2015.08.11 08:56:55.991,1.37742,1.3775,5.25,1.00
2015.08.11 08:56:56.647,1.37743,1.37751,1.50,1.50
2015.08.11 08:56:57.202,1.37743,1.37751,2.25,1.50
2015.08.11 08:56:58.284,1.37742,1.3775,1.37,1.00
2015.08.11 08:56:58.803,1.37742,1.3775,1.50,1.00
2015.08.11 08:56:58.905,1.37742,1.3775,1.50,1.00
2015.08.11 08:56:59.208,1.37742,1.3775,1.50,1.50
2015.08.11 08:56:59.411,1.37742,1.3775,1.50,1.00
2015.08.11 08:57:00.253,1.37742,1.3775,3.00,1.00
2015.08.11 08:57:00.756,1.37742,1.3775,3.00,1.50
2015.08.11 08:57:02.064,1.37742,1.3775,3.00,1.00
2015.08.11 08:57:02.815,1.37743,1.3775,1.00,1.00
2015.08.11 08:57:05.455,1.37741,1.3775,3.37,1.50
2015.08.11 08:57:05.976,1.37741,1.3775,2.25,1.00
2015.08.11 08:57:06.310,1.37741,1.3775,2.62,1.00
2015.08.11 08:57:07.264,1.37743,1.3775,1.50,2.25
2015.08.11 08:57:08.232,1.37743,1.3775,1.37,2.25
2015.08.11 08:57:11.428,1.37739,1.37748,1.50,3.37
2015.08.11 08:57:11.482,1.37739,1.37748,1.12,3.75
2015.08.11 08:57:11.991,1.3774,1.37748,1.00,3.75
2015.08.11 08:57:12.299,1.3774,1.37745,1.00,1.00
2015.08.11 08:57:12.887,1.3774,1.37745,1.50,2.62
2015.08.11 08:57:12.939,1.37738,1.37745,1.00,1.37
2015.08.11 08:57:13.144,1.3774,1.37745,1.00,2.62
2015.08.11 08:57:13.246,1.37738,1.37745,1.12,2.62
2015.08.11 08:57:13.549,1.3774,1.37748,1.12,1.50
2015.08.11 08:57:13.651,1.3774,1.37748,1.50,1.00
2015.08.11 08:57:14.305,1.37744,1.37749,1.00,1.00
2015.08.11 08:57:14.358,1.37741,1.37748,1.00,1.00
2015.08.11 08:57:14.713,1.37745,1.37749,1.00,1.00
2015.08.11 08:57:14.915,1.37746,1.37751,1.00,1.00
2015.08.11 08:57:14.966,1.37746,1.37755,1.50,6.37
2015.08.11 08:57:15.068,1.37748,1.37757,1.00,1.00
2015.08.11 08:57:15.621,1.37748,1.37758,1.00,1.00
2015.08.11 08:57:15.672,1.3775,1.37758,1.00,1.00
2015.08.11 08:57:15.773,1.37748,1.37758,1.00,1.00
2015.08.11 08:57:16.228,1.37748,1.37758,1.50,1.37
2015.08.11 08:57:17.182,1.37748,1.37758,1.37,1.00
2015.08.11 08:57:17.866,1.37749,1.37759,1.12,1.12
2015.08.11 08:57:18.069,1.37751,1.3776,1.37,2.62
2015.08.11 08:57:18.372,1.37756,1.3776,1.00,1.00
2015.08.11 08:57:18.865,1.37759,1.37766,1.00,6.00
2015.08.11 08:57:18.967,1.37758,1.3776,1.00,1.00
2015.08.11 08:57:19.018,1.37754,1.3776,1.00,1.00
2015.08.11 08:57:19.069,1.37752,1.3776,1.00,1.87
2015.08.11 08:57:19.170,1.37751,1.3776,1.50,4.87
2015.08.11 08:57:19.676,1.3775,1.37757,1.00,1.00
2015.08.11 08:57:20.293,1.37749,1.37757,1.12,1.00
2015.08.11 08:57:20.597,1.37747,1.37755,1.87,1.00
2015.08.11 08:57:20.850,1.37746,1.37757,1.37,1.50
2015.08.11 08:57:21.702,1.37747,1.37757,2.62,1.00
2015.08.11 08:57:24.383,1.37746,1.37756,2.25,1.00
2015.08.11 08:57:24.889,1.37745,1.37755,1.87,1.12
2015.08.11 08:57:25.093,1.37745,1.37756,1.50,1.50
2015.08.11 08:57:26.405,1.37745,1.37754,1.37,1.00
2015.08.11 08:57:26.929,1.37745,1.37754,1.00,1.00
2015.08.11 08:57:27.612,1.37745,1.37754,1.37,1.00
2015.08.11 08:57:31.108,1.37744,1.37754,2.25,1.37
2015.08.11 08:57:32.761,1.37744,1.37754,1.50,1.87
2015.08.11 08:57:33.114,1.37744,1.37753,1.50,1.50
2015.08.11 08:57:35.132,1.37743,1.37753,1.87,1.00
2015.08.11 08:57:35.637,1.37745,1.37755,1.87,1.37
2015.08.11 08:57:36.693,1.37745,1.37755,2.25,1.12
2015.08.11 08:57:37.348,1.37745,1.37755,2.25,1.00
2015.08.11 08:57:38.051,1.37745,1.37755,2.25,1.37
2015.08.11 08:57:38.102,1.37746,1.37756,2.25,1.12
2015.08.11 08:57:38.254,1.37746,1.37756,1.87,1.00
2015.08.11 08:57:38.609,1.37745,1.37756,1.50,4.87
2015.08.11 08:57:39.114,1.37744,1.37754,1.00,1.00
2015.08.11 08:57:39.661,1.37745,1.37754,1.12,1.00
2015.08.11 08:57:40.117,1.37746,1.37756,1.50,1.12
2015.08.11 08:57:41.035,1.37746,1.37758,2.25,6.37
2015.08.11 08:57:41.542,1.37748,1.37757,1.50,1.12
2015.08.11 08:57:41.845,1.37747,1.37756,1.37,1.37
2015.08.11 08:57:42.525,1.37755,1.37759,1.12,2.62
2015.08.11 08:57:42.577,1.37757,1.37762,1.00,1.50
2015.08.11 08:57:43.086,1.37758,1.37762,1.00,1.00
2015.08.11 08:57:43.642,1.37757,1.37762,1.00,1.00
2015.08.11 08:57:44.509,1.37755,1.37762,1.00,1.00
2015.08.11 08:57:44.812,1.37758,1.37762,1.00,1.00
2015.08.11 08:57:45.321,1.37762,1.37764,1.00,8.25
2015.08.11 08:57:45.827,1.37766,1.37768,1.00,8.25
2015.08.11 08:57:45.878,1.37767,1.37773,1.00,4.87
2015.08.11 08:57:46.181,1.37767,1.37773,1.37,1.50
2015.08.11 08:57:46.485,1.37768,1.37775,1.37,1.00
2015.08.11 08:57:46.586,1.37769,1.37775,1.37,1.00
2015.08.11 08:57:47.099,1.37767,1.37775,2.62,1.00
2015.08.11 08:57:47.150,1.37769,1.37775,1.00,1.50
2015.08.11 08:57:47.302,1.37767,1.37775,1.87,1.50
2015.08.11 08:57:47.354,1.37767,1.37772,1.87,1.00
2015.08.11 08:57:47.455,1.37767,1.37775,1.87,1.00
2015.08.11 08:57:48.816,1.37767,1.37775,1.00,4.12
2015.08.11 08:57:49.120,1.37769,1.37776,1.00,1.87
2015.08.11 08:57:49.424,1.37771,1.37776,1.00,1.00
2015.08.11 08:57:50.231,1.37769,1.37778,1.37,1.00
2015.08.11 08:57:50.593,1.37769,1.37778,1.50,1.00
2015.08.11 08:57:50.644,1.37769,1.3778,2.62,2.25
2015.08.11 08:57:50.948,1.37773,1.37784,2.25,6.00
2015.08.11 08:57:51.495,1.37772,1.37781,1.50,1.00
2015.08.11 08:57:52.002,1.37772,1.3778,1.00,1.00
2015.08.11 08:57:52.797,1.37774,1.37782,1.37,4.12
2015.08.11 08:57:52.849,1.37774,1.37782,2.25,1.00
2015.08.11 08:57:53.204,1.37774,1.37784,2.25,1.00
2015.08.11 08:57:53.256,1.37774,1.37784,1.87,1.00
2015.08.11 08:57:54.096,1.37774,1.37783,2.25,1.00
2015.08.11 08:57:54.603,1.37774,1.37783,2.25,1.00
2015.08.11 08:57:55.120,1.37774,1.37783,2.25,1.00
2015.08.11 08:57:55.764,1.37783,1.37785,1.00,1.00
2015.08.11 08:57:55.815,1.37784,1.37789,1.00,6.37
2015.08.11 08:57:56.067,1.37779,1.37788,1.00,4.12
2015.08.11 08:57:56.572,1.37775,1.37783,1.50,1.00
2015.08.11 08:57:57.229,1.37775,1.37783,1.50,1.00
2015.08.11 08:57:57.737,1.37775,1.37784,1.50,4.12
2015.08.11 08:57:58.314,1.37775,1.37784,2.25,4.12
2015.08.11 08:57:58.988,1.37775,1.37785,2.25,4.87
2015.08.11 08:57:59.522,1.37777,1.37785,1.37,4.87
2015.08.11 08:58:01.153,1.37777,1.37783,1.37,4.12
2015.08.11 08:58:01.204,1.37772,1.37781,2.25,1.00
2015.08.11 08:58:01.255,1.37774,1.37783,1.12,1.00
2015.08.11 08:58:01.862,1.37773,1.37785,1.87,5.25
2015.08.11 08:58:02.588,1.37774,1.37785,1.00,5.25
2015.08.11 08:58:03.107,1.37773,1.37784,1.12,1.37
2015.08.11 08:58:03.664,1.37773,1.37785,2.62,4.50
2015.08.11 08:58:04.151,1.37776,1.37787,1.00,5.25
2015.08.11 08:58:04.354,1.37777,1.37787,1.00,1.87
2015.08.11 08:58:04.859,1.37777,1.37787,1.37,1.50
2015.08.11 08:58:06.100,1.37777,1.37787,1.37,1.00
2015.08.11 08:58:06.783,1.37778,1.37787,1.75,1.00
2015.08.11 08:58:06.987,1.37779,1.37788,1.00,1.00
2015.08.11 08:58:07.590,1.37778,1.37788,2.25,1.12
2015.08.11 08:58:08.225,1.37778,1.37786,1.37,1.00
2015.08.11 08:58:08.429,1.37773,1.37781,1.10,1.87
2015.08.11 08:58:08.480,1.37771,1.3778,1.00,6.37
2015.08.11 08:58:08.531,1.37768,1.37779,3.75,1.50
2015.08.11 08:58:09.087,1.37773,1.37779,1.37,1.50
2015.08.11 08:58:09.139,1.37775,1.37785,3.00,1.00
2015.08.11 08:58:09.643,1.37775,1.37784,1.00,1.50
2015.08.11 08:58:10.148,1.37775,1.37786,1.00,1.50
2015.08.11 08:58:10.678,1.37774,1.37786,1.12,1.50
2015.08.11 08:58:11.203,1.37774,1.37784,1.75,1.00
2015.08.11 08:58:11.710,1.37774,1.37785,1.75,4.87
2015.08.11 08:58:12.839,1.37774,1.37784,1.87,1.00
2015.08.11 08:58:13.755,1.37774,1.37785,1.87,1.50
2015.08.11 08:58:13.856,1.37774,1.37785,1.87,1.50
2015.08.11 08:58:14.363,1.37773,1.37783,2.25,1.00
2015.08.11 08:58:14.516,1.37772,1.37782,1.87,1.50
2015.08.11 08:58:14.618,1.37771,1.3778,1.12,1.00
2015.08.11 08:58:14.923,1.37771,1.37778,1.12,1.00
2015.08.11 08:58:15.721,1.3777,1.3778,1.37,3.00
2015.08.11 08:58:16.027,1.3777,1.3778,1.75,1.50
2015.08.11 08:58:16.533,1.3777,1.3778,2.25,1.00
2015.08.11 08:58:16.584,1.3777,1.37782,3.00,1.87
2015.08.11 08:58:18.583,1.3777,1.37782,3.75,1.87
2015.08.11 08:58:19.096,1.37771,1.37783,2.62,1.37
2015.08.11 08:58:19.622,1.37772,1.37783,1.12,1.37
2015.08.11 08:58:19.953,1.37772,1.37783,1.37,1.12
2015.08.11 08:58:22.315,1.37773,1.3778,1.87,1.00
2015.08.11 08:58:22.372,1.37775,1.37784,1.00,1.12
2015.08.11 08:58:24.168,1.37773,1.37783,1.50,3.75
2015.08.11 08:58:24.769,1.37771,1.37781,2.25,1.00
2015.08.11 08:58:25.818,1.37771,1.37781,2.25,1.00
2015.08.11 08:58:26.378,1.37771,1.37781,2.25,1.00
2015.08.11 08:58:26.480,1.37771,1.37781,2.25,1.00
2015.08.11 08:58:26.582,1.37771,1.37781,2.25,1.00
2015.08.11 08:58:26.835,1.37769,1.37779,5.25,1.00
2015.08.11 08:58:27.374,1.37773,1.37782,1.00,4.12
2015.08.11 08:58:29.529,1.37772,1.37782,1.50,1.00
2015.08.11 08:58:30.091,1.37772,1.37782,1.75,1.00
2015.08.11 08:58:30.892,1.37773,1.37782,1.50,1.00
2015.08.11 08:58:31.399,1.37773,1.37783,1.50,1.00
2015.08.11 08:58:33.969,1.37773,1.37783,1.50,1.12
2015.08.11 08:58:34.494,1.37773,1.37782,1.50,1.00
2015.08.11 08:58:35.913,1.37778,1.37789,1.75,1.31
2015.08.11 08:58:37.422,1.3778,1.3779,1.00,1.00
2015.08.11 08:58:38.277,1.3778,1.37791,1.50,1.50
2015.08.11 08:58:38.429,1.37782,1.37792,1.12,3.00
2015.08.11 08:58:38.868,1.37782,1.37792,1.12,2.25
2015.08.11 08:58:38.970,1.37786,1.37791,1.50,1.00
2015.08.11 08:58:39.476,1.37787,1.37792,1.50,1.00
2015.08.11 08:58:40.202,1.37786,1.37788,1.12,4.50
2015.08.11 08:58:40.254,1.37774,1.37785,1.47,1.50
2015.08.11 08:58:40.767,1.37773,1.37783,1.87,1.00
2015.08.11 08:58:41.829,1.37774,1.37783,2.25,1.00
2015.08.11 08:58:41.930,1.37774,1.37783,2.25,1.00
2015.08.11 08:58:42.239,1.37775,1.37785,3.00,1.00
2015.08.11 08:58:42.744,1.37775,1.37785,2.25,1.50
2015.08.11 08:58:43.347,1.37775,1.37784,1.50,1.00
2015.08.11 08:58:46.006,1.37775,1.37784,1.50,1.00
2015.08.11 08:58:48.393,1.37775,1.37785,3.00,1.00
2015.08.11 08:58:49.475,1.37775,1.37785,1.12,6.75
2015.08.11 08:58:49.797,1.37779,1.37782,1.00,1.00
2015.08.11 08:58:50.304,1.37779,1.37784,1.00,1.37
2015.08.11 08:58:51.073,1.37778,1.37784,1.00,1.12
2015.08.11 08:58:52.412,1.37778,1.37784,1.00,1.37
2015.08.11 08:58:52.993,1.37779,1.37784,1.00,1.37
2015.08.11 08:58:54.750,1.37774,1.37785,2.25,2.25
2015.08.11 08:58:54.801,1.37774,1.37785,2.62,2.25
2015.08.11 08:58:55.235,1.37774,1.37785,2.62,2.62
2015.08.11 08:58:56.098,1.37774,1.37784,1.50,1.50
2015.08.11 08:58:56.630,1.37774,1.37784,1.37,4.12
2015.08.11 08:58:56.681,1.37774,1.37783,1.37,1.37
2015.08.11 08:58:57.951,1.37774,1.37782,1.12,1.00
2015.08.11 08:58:58.390,1.37779,1.37782,1.00,1.00
2015.08.11 08:58:59.815,1.37778,1.37782,1.00,1.00
2015.08.11 08:59:00.345,1.37779,1.37782,1.00,1.00
2015.08.11 08:59:00.853,1.37779,1.37783,1.00,1.12
2015.08.11 08:59:01.361,1.37778,1.37783,1.00,1.12
2015.08.11 08:59:02.518,1.37778,1.37783,1.00,1.37
2015.08.11 08:59:03.026,1.37779,1.37782,1.00,1.00
2015.08.11 08:59:04.523,1.37779,1.37782,1.00,1.37
2015.08.11 08:59:05.066,1.37778,1.37782,1.00,1.37
2015.08.11 08:59:05.554,1.37773,1.37782,1.37,1.37
2015.08.11 08:59:05.757,1.37772,1.37781,2.25,1.00
2015.08.11 08:59:06.263,1.37773,1.3778,1.00,1.00
2015.08.11 08:59:10.984,1.3777,1.3778,2.25,1.00
2015.08.11 08:59:11.836,1.37771,1.3778,1.00,4.87
2015.08.11 08:59:13.443,1.37769,1.37776,1.00,1.00
2015.08.11 08:59:13.748,1.37767,1.37775,1.00,4.12
2015.08.11 08:59:14.781,1.37765,1.3777,1.00,1.00
2015.08.11 08:59:14.836,1.37762,1.3777,1.00,1.00
2015.08.11 08:59:15.219,1.37761,1.37767,1.87,3.75
2015.08.11 08:59:15.371,1.37757,1.37764,1.00,1.37
2015.08.11 08:59:15.422,1.37754,1.37764,1.72,4.50
2015.08.11 08:59:16.035,1.37751,1.37763,1.50,1.87
2015.08.11 08:59:16.542,1.37752,1.37761,1.37,1.00
2015.08.11 08:59:16.795,1.37752,1.37761,1.12,1.00
2015.08.11 08:59:17.503,1.37751,1.37761,1.37,1.12
2015.08.11 08:59:19.283,1.37752,1.37762,1.00,1.00
2015.08.11 08:59:19.385,1.37749,1.37762,1.50,5.62
2015.08.11 08:59:19.916,1.3775,1.37761,1.00,4.12
2015.08.11 08:59:20.219,1.37751,1.37761,1.37,4.12
2015.08.11 08:59:21.024,1.3775,1.3776,3.00,1.00
2015.08.11 08:59:21.329,1.3775,1.3776,1.87,4.12
2015.08.11 08:59:21.632,1.37749,1.37756,1.75,1.00
2015.08.11 08:59:22.276,1.37748,1.37758,1.75,3.75
2015.08.11 08:59:22.327,1.37748,1.3776,2.62,4.50
2015.08.11 08:59:24.020,1.37749,1.37759,1.37,1.37
2015.08.11 08:59:26.218,1.37749,1.3776,1.37,4.87
2015.08.11 08:59:26.725,1.37749,1.37759,3.75,1.00
2015.08.11 08:59:26.930,1.37754,1.37759,1.12,1.00
2015.08.11 08:59:26.981,1.37754,1.37761,1.12,1.00
2015.08.11 08:59:27.033,1.37756,1.37761,1.50,1.00
2015.08.11 08:59:27.490,1.37756,1.37763,1.75,3.75
2015.08.11 08:59:27.543,1.37757,1.37767,1.37,4.12
2015.08.11 08:59:27.697,1.37757,1.37767,1.87,1.00
2015.08.11 08:59:28.406,1.37758,1.37768,1.87,1.00
2015.08.11 08:59:28.967,1.37759,1.37769,2.25,1.00
2015.08.11 08:59:29.069,1.3776,1.37769,1.37,1.00
2015.08.11 08:59:29.373,1.37758,1.37767,1.37,1.00
2015.08.11 08:59:29.676,1.37758,1.37767,1.37,4.12
2015.08.11 08:59:30.082,1.37757,1.37761,1.12,7.49
2015.08.11 08:59:30.628,1.37752,1.37755,1.37,7.87
2015.08.11 08:59:30.933,1.37749,1.37752,1.50,7.49
2015.08.11 08:59:31.389,1.37748,1.37751,1.00,4.12
2015.08.11 08:59:32.072,1.37747,1.37751,1.00,4.12
2015.08.11 08:59:32.277,1.37747,1.37751,1.37,1.00
2015.08.11 08:59:32.790,1.37747,1.3775,1.12,1.00
2015.08.11 08:59:33.093,1.37747,1.37752,1.00,1.00
2015.08.11 08:59:33.628,1.37755,1.37764,1.12,1.37
2015.08.11 08:59:33.683,1.37755,1.37764,1.87,1.00
2015.08.11 08:59:34.189,1.37755,1.37764,1.12,4.12
2015.08.11 08:59:34.493,1.37755,1.37764,1.50,4.12
2015.08.11 08:59:35.128,1.37758,1.37766,1.37,1.00
2015.08.11 08:59:35.635,1.37758,1.37765,1.37,1.00
2015.08.11 08:59:35.837,1.37757,1.37765,1.87,1.00
2015.08.11 08:59:37.067,1.37762,1.37767,3.75,3.75
2015.08.11 08:59:37.118,1.37763,1.3777,1.37,1.00
2015.08.11 08:59:37.659,1.37765,1.3777,1.00,1.00
2015.08.11 08:59:38.536,1.37765,1.3777,1.00,1.37
2015.08.11 08:59:39.163,1.37765,1.3777,1.00,1.37
2015.08.11 08:59:39.711,1.37765,1.37771,1.00,1.87
2015.08.11 08:59:40.393,1.37762,1.3777,4.87,1.12
2015.08.11 08:59:40.917,1.37764,1.3777,1.00,1.37
2015.08.11 08:59:41.468,1.37762,1.3777,4.12,1.87
2015.08.11 08:59:41.955,1.37762,1.3777,1.00,1.37
2015.08.11 08:59:42.006,1.3776,1.3777,1.50,2.62
2015.08.11 08:59:42.528,1.3776,1.3777,1.00,2.62
2015.08.11 08:59:43.778,1.37759,1.37768,4.12,1.37
2015.08.11 08:59:43.829,1.37757,1.37768,4.12,1.37
2015.08.11 08:59:43.981,1.37757,1.37765,4.12,1.00
2015.08.11 08:59:44.098,1.37757,1.37767,4.12,1.12
2015.08.11 08:59:44.502,1.37757,1.37767,1.50,1.12
2015.08.11 08:59:45.339,1.37753,1.37763,1.00,4.12
2015.08.11 08:59:45.844,1.37754,1.37761,1.00,1.00
2015.08.11 08:59:46.562,1.37753,1.37755,1.00,1.00
2015.08.11 08:59:46.715,1.37755,1.3776,1.50,1.12
2015.08.11 08:59:46.920,1.37748,1.37762,4.87,4.12
2015.08.11 08:59:46.971,1.37752,1.37762,1.00,4.12
2015.08.11 08:59:47.123,1.37748,1.37762,4.50,4.12
2015.08.11 08:59:48.348,1.3775,1.3776,1.37,1.00
2015.08.11 08:59:48.703,1.37757,1.37759,2.50,4.12
2015.08.11 08:59:48.856,1.37758,1.37763,1.00,4.87
2015.08.11 08:59:49.109,1.37757,1.3776,2.25,3.75
2015.08.11 08:59:49.591,1.37751,1.3776,1.37,4.87
2015.08.11 08:59:50.142,1.37751,1.3776,1.00,4.12
2015.08.11 08:59:50.193,1.37754,1.3776,1.00,1.37
2015.08.11 08:59:50.941,1.37753,1.37755,1.00,1.37
2015.08.11 08:59:50.993,1.37749,1.37754,1.00,1.00
2015.08.11 08:59:51.096,1.37748,1.37752,1.00,3.75
2015.08.11 08:59:51.603,1.37749,1.37753,1.00,4.12
2015.08.11 08:59:52.156,1.37758,1.37762,7.74,1.00
2015.08.11 08:59:52.211,1.3776,1.37763,4.12,1.50
2015.08.11 08:59:52.414,1.37759,1.3776,3.75,1.00
2015.08.11 08:59:52.466,1.37759,1.3776,4.12,1.00
2015.08.11 08:59:52.517,1.37759,1.37761,3.37,1.00
2015.08.11 08:59:53.043,1.37758,1.3776,1.00,1.00
2015.08.11 08:59:53.565,1.3777,1.37771,1.00,1.50
2015.08.11 08:59:53.619,1.37777,1.37779,1.37,3.75
2015.08.11 08:59:53.670,1.3777,1.37774,8.25,1.00
2015.08.11 08:59:53.772,1.37773,1.37775,1.00,1.50
2015.08.11 08:59:53.823,1.3777,1.37771,1.00,1.00
2015.08.11 08:59:53.874,1.37765,1.3777,1.50,1.00
2015.08.11 08:59:54.077,1.37764,1.37767,4.12,1.00
2015.08.11 08:59:54.128,1.37762,1.37767,4.12,1.00
2015.08.11 08:59:54.922,1.37762,1.37768,4.12,1.50
2015.08.11 08:59:54.973,1.37762,1.37765,7.75,1.00
2015.08.11 08:59:55.075,1.37761,1.37764,1.00,1.00
2015.08.11 08:59:55.125,1.37759,1.37762,4.12,1.00
2015.08.11 08:59:55.227,1.37756,1.3776,1.00,2.25
2015.08.11 08:59:55.329,1.37746,1.37759,1.05,1.00
2015.08.11 08:59:55.381,1.37746,1.37755,1.05,1.00
2015.08.11 08:59:55.482,1.37748,1.37763,1.42,1.87
2015.08.11 08:59:55.533,1.37748,1.37763,1.42,1.50
2015.08.11 08:59:56.196,1.3775,1.37764,1.20,1.00
2015.08.11 08:59:56.771,1.37751,1.37764,1.00,1.00
2015.08.11 08:59:56.822,1.37758,1.37765,1.00,1.12
2015.08.11 08:59:56.924,1.3775,1.37767,1.00,1.87
2015.08.11 08:59:56.975,1.3775,1.37767,2.25,1.00
2015.08.11 08:59:57.506,1.3775,1.37766,1.50,1.00
2015.08.11 08:59:57.972,1.37749,1.37764,1.00,1.00
2015.08.11 08:59:58.400,1.37744,1.37765,2.10,1.00
2015.08.11 08:59:59.457,1.37749,1.37765,1.00,1.00
2015.08.11 08:59:59.508,1.37745,1.37765,1.00,1.00
