2015.08.20 04:00:02.695,1.38,1.38008,2.47,1.12
2015.08.20 04:00:03.200,1.38,1.38008,1.30,1.87
2015.08.20 04:00:03.726,1.37999,1.38008,3.52,1.87
2015.08.20 04:00:04.377,1.37999,1.38008,1.80,1.12
2015.08.20 04:00:04.682,1.37999,1.38008,2.92,1.87
2015.08.20 04:00:08.512,1.37999,1.38008,2.10,1.37
2015.08.20 04:00:09.387,1.37999,1.38008,2.70,1.37
2015.08.20 04:00:09.590,1.38,1.38009,1.57,1.00
2015.08.20 04:00:10.387,1.38005,1.3801,2.36,1.00
2015.08.20 04:00:10.438,1.38005,1.38014,2.59,1.50
2015.08.20 04:00:10.591,1.38007,1.38014,1.37,1.12
2015.08.20 04:00:11.726,1.38008,1.38015,1.37,1.12
2015.08.20 04:00:12.263,1.38008,1.38015,1.37,1.37
2015.08.20 04:00:12.974,1.38008,1.38015,1.37,1.12
2015.08.20 04:00:13.998,1.38008,1.38015,1.87,1.37
2015.08.20 04:00:14.533,1.38008,1.38016,1.50,1.37
2015.08.20 04:00:15.160,1.38008,1.38016,1.50,1.37
2015.08.20 04:00:15.789,1.38008,1.38016,1.50,1.37
2015.08.20 04:00:16.295,1.38008,1.38016,1.50,1.37
2015.08.20 04:00:16.800,1.38008,1.38016,1.50,1.37
2015.08.20 04:00:18.354,1.38008,1.38016,1.00,1.37
2015.08.20 04:00:18.866,1.38008,1.38016,1.37,1.50
2015.08.20 04:00:19.397,1.38007,1.38016,1.37,1.50
2015.08.20 04:00:19.917,1.38007,1.38014,1.50,1.00
2015.08.20 04:00:21.849,1.38007,1.38017,1.50,1.75
2015.08.20 04:00:22.644,1.38007,1.38016,1.50,1.00
2015.08.20 04:00:23.146,1.38007,1.38017,1.50,1.75
2015.08.20 04:00:24.055,1.38008,1.38017,1.80,1.37
2015.08.20 04:00:24.561,1.38008,1.38017,1.50,1.50
2015.08.20 04:00:25.744,1.38007,1.38017,2.25,1.50
2015.08.20 04:00:26.341,1.38007,1.38017,2.25,1.50
2015.08.20 04:00:26.850,1.38008,1.38017,1.37,1.37
2015.08.20 04:00:29.215,1.38008,1.38017,1.87,1.37
2015.08.20 04:00:29.792,1.38009,1.38017,1.50,1.37
2015.08.20 04:00:30.500,1.38009,1.38017,1.50,1.37
2015.08.20 04:00:31.024,1.38009,1.38017,1.50,1.37
2015.08.20 04:00:31.578,1.38009,1.38017,1.50,1.37
2015.08.20 04:00:32.816,1.38009,1.38017,1.50,1.37
2015.08.20 04:00:34.225,1.38008,1.38017,1.12,1.75
2015.08.20 04:00:34.704,1.38005,1.38013,2.40,1.00
2015.08.20 04:00:35.243,1.38006,1.38012,1.00,1.00
2015.08.20 04:00:36.821,1.38007,1.38012,1.12,1.00
2015.08.20 04:00:37.396,1.38007,1.38013,1.12,1.00
2015.08.20 04:00:43.914,1.38008,1.38013,1.12,1.00
2015.08.20 04:00:44.218,1.3801,1.38018,1.37,1.37
2015.08.20 04:00:44.800,1.3801,1.38018,1.57,1.37
2015.08.20 04:00:45.314,1.3801,1.38018,1.37,1.37
2015.08.20 04:00:45.830,1.3801,1.38018,1.37,1.37
2015.08.20 04:00:46.793,1.3801,1.38019,1.37,2.25
2015.08.20 04:00:47.248,1.38012,1.38018,1.37,1.37
2015.08.20 04:00:47.450,1.38011,1.38017,1.87,1.00
2015.08.20 04:00:47.981,1.3801,1.38018,3.60,1.00
2015.08.20 04:00:48.822,1.38008,1.38018,1.50,1.75
2015.08.20 04:00:52.156,1.38009,1.38018,1.05,1.75
2015.08.20 04:00:52.774,1.38009,1.38018,1.05,1.75
2015.08.20 04:00:53.312,1.38009,1.38018,1.05,1.75
2015.08.20 04:00:53.853,1.38009,1.38015,1.05,1.12
2015.08.20 04:00:54.356,1.38009,1.38014,1.05,1.00
2015.08.20 04:00:55.056,1.38009,1.38015,1.05,1.12
2015.08.20 04:00:55.587,1.38009,1.38015,1.05,1.37
2015.08.20 04:00:56.100,1.38009,1.38015,1.05,1.50
2015.08.20 04:00:56.635,1.38009,1.38014,1.05,1.00
2015.08.20 04:00:58.600,1.38007,1.38014,2.25,1.50
2015.08.20 04:00:58.853,1.38007,1.38014,1.80,1.50
2015.08.20 04:00:59.593,1.38006,1.38013,1.80,1.00
2015.08.20 04:01:00.096,1.38005,1.38013,1.50,1.50
2015.08.20 04:01:00.248,1.38005,1.38014,1.50,1.50
2015.08.20 04:01:01.361,1.38005,1.38014,1.80,2.25
2015.08.20 04:01:01.667,1.38005,1.38013,1.12,1.50
2015.08.20 04:01:06.770,1.38005,1.38014,1.57,1.50
2015.08.20 04:01:07.075,1.38009,1.38014,1.00,2.25
2015.08.20 04:01:11.161,1.38007,1.38014,1.12,1.50
2015.08.20 04:01:12.230,1.38007,1.38015,1.12,3.37
2015.08.20 04:01:12.773,1.38005,1.38014,2.62,1.50
2015.08.20 04:01:13.754,1.38005,1.38014,1.87,1.12
2015.08.20 04:01:14.707,1.38005,1.38015,1.87,1.50
2015.08.20 04:01:15.212,1.38005,1.38015,3.49,1.00
2015.08.20 04:01:17.125,1.38006,1.38016,1.30,1.50
2015.08.20 04:01:19.516,1.38005,1.38016,4.39,1.50
2015.08.20 04:01:20.800,1.38008,1.38016,1.37,1.50
2015.08.20 04:01:21.351,1.38008,1.38016,1.37,1.50
2015.08.20 04:01:22.123,1.38008,1.38016,1.00,1.37
2015.08.20 04:01:25.590,1.38008,1.38017,1.00,1.50
2015.08.20 04:01:26.724,1.38008,1.38018,1.00,2.25
2015.08.20 04:01:30.187,1.38007,1.38017,1.10,2.62
2015.08.20 04:01:30.737,1.38006,1.38017,2.25,2.62
2015.08.20 04:01:31.901,1.38006,1.38017,2.47,2.62
2015.08.20 04:01:32.540,1.38006,1.38017,2.47,1.87
2015.08.20 04:01:33.275,1.38006,1.38017,1.80,1.37
2015.08.20 04:01:33.877,1.38006,1.38017,1.80,1.37
2015.08.20 04:01:34.765,1.38006,1.38017,1.80,1.37
2015.08.20 04:01:35.075,1.38009,1.38018,1.37,3.00
2015.08.20 04:01:36.053,1.38009,1.38018,1.37,2.25
2015.08.20 04:01:36.569,1.38009,1.38018,1.37,2.25
2015.08.20 04:01:37.418,1.38009,1.38018,1.37,2.25
2015.08.20 04:01:38.124,1.38009,1.38018,1.37,2.25
2015.08.20 04:01:38.669,1.38009,1.38018,1.37,2.25
2015.08.20 04:01:39.174,1.38009,1.38018,1.37,2.25
2015.08.20 04:01:39.710,1.38009,1.38018,1.37,2.25
2015.08.20 04:01:40.698,1.38009,1.38018,1.37,1.87
2015.08.20 04:01:40.799,1.3801,1.38019,1.30,2.25
2015.08.20 04:01:41.314,1.3801,1.38019,1.72,1.37
2015.08.20 04:01:43.119,1.3801,1.38019,1.72,1.12
2015.08.20 04:01:43.621,1.38011,1.38019,1.37,1.12
2015.08.20 04:01:56.111,1.3801,1.38018,2.10,1.00
2015.08.20 04:02:01.217,1.38011,1.38018,3.22,1.00
2015.08.20 04:02:01.369,1.38012,1.3802,1.72,1.87
2015.08.20 04:02:01.912,1.38012,1.3802,1.72,1.50
2015.08.20 04:02:02.089,1.38012,1.3802,1.72,1.87
2015.08.20 04:02:02.760,1.38011,1.38019,1.42,1.00
2015.08.20 04:02:03.163,1.38012,1.38019,1.37,1.00
2015.08.20 04:02:03.467,1.38014,1.3802,1.37,1.87
2015.08.20 04:02:03.518,1.38014,1.3802,1.12,1.12
2015.08.20 04:02:03.922,1.38012,1.3802,1.50,1.87
2015.08.20 04:02:04.568,1.38011,1.3802,2.25,2.62
2015.08.20 04:02:12.920,1.38011,1.3802,2.32,1.12
2015.08.20 04:02:13.510,1.38011,1.38019,1.75,1.00
2015.08.20 04:02:16.605,1.38011,1.38019,1.50,1.00
2015.08.20 04:02:19.116,1.38011,1.38019,1.50,1.00
2015.08.20 04:02:19.621,1.38013,1.38021,1.87,1.37
2015.08.20 04:02:20.148,1.38013,1.38021,2.62,1.50
2015.08.20 04:02:20.678,1.38013,1.3802,1.87,1.00
2015.08.20 04:02:21.238,1.38013,1.3802,1.87,1.00
2015.08.20 04:02:22.227,1.38013,1.38021,1.87,1.50
2015.08.20 04:02:23.097,1.38013,1.38022,2.62,2.62
2015.08.20 04:02:23.655,1.38013,1.38022,2.62,2.62
2015.08.20 04:02:24.499,1.38021,1.38032,3.60,1.50
2015.08.20 04:02:24.886,1.38021,1.3803,1.50,1.00
2015.08.20 04:02:25.395,1.38021,1.38032,1.12,3.00
2015.08.20 04:02:27.158,1.38021,1.38032,1.37,1.50
2015.08.20 04:02:27.744,1.38024,1.38033,1.12,1.50
2015.08.20 04:02:28.305,1.38024,1.38034,1.12,1.87
2015.08.20 04:02:28.955,1.38024,1.38033,1.12,1.00
2015.08.20 04:02:29.359,1.38024,1.38033,1.37,1.37
2015.08.20 04:02:29.956,1.38024,1.38033,1.37,1.12
2015.08.20 04:02:30.463,1.38024,1.38033,1.37,1.37
2015.08.20 04:02:33.921,1.38023,1.38033,1.37,1.12
2015.08.20 04:02:34.332,1.38023,1.38033,1.00,1.00
2015.08.20 04:02:34.996,1.38023,1.38034,1.00,1.12
2015.08.20 04:02:35.726,1.38023,1.38033,1.50,1.00
2015.08.20 04:02:36.932,1.38023,1.38034,1.50,1.12
2015.08.20 04:02:37.627,1.38023,1.38033,1.00,1.00
2015.08.20 04:02:38.158,1.38024,1.38034,1.80,1.12
2015.08.20 04:02:38.260,1.38024,1.38035,1.87,1.50
2015.08.20 04:02:38.773,1.38025,1.38036,1.72,1.50
2015.08.20 04:02:38.875,1.38025,1.38036,2.47,1.50
2015.08.20 04:02:39.422,1.38025,1.38036,2.47,1.00
2015.08.20 04:02:41.377,1.3803,1.38037,1.37,1.00
2015.08.20 04:02:41.681,1.38029,1.38035,1.37,1.50
2015.08.20 04:02:42.196,1.38029,1.38035,1.37,1.12
2015.08.20 04:02:42.704,1.38029,1.38035,1.37,1.12
2015.08.20 04:02:43.683,1.38029,1.38036,1.37,1.50
2015.08.20 04:02:44.302,1.38029,1.38035,1.37,1.12
2015.08.20 04:02:44.454,1.38029,1.38035,1.37,1.12
2015.08.20 04:02:44.556,1.38029,1.38035,1.37,1.12
2015.08.20 04:02:45.757,1.38029,1.38035,1.87,1.12
2015.08.20 04:02:47.512,1.38029,1.38036,2.25,1.50
2015.08.20 04:02:48.483,1.38029,1.38035,1.87,1.12
2015.08.20 04:02:49.653,1.38029,1.38036,1.87,1.50
2015.08.20 04:02:50.232,1.38029,1.38036,1.87,1.12
2015.08.20 04:02:50.751,1.38029,1.38035,1.87,1.12
2015.08.20 04:02:51.024,1.38029,1.38041,1.87,4.87
2015.08.20 04:02:51.787,1.38029,1.38041,1.87,4.87
2015.08.20 04:02:52.338,1.38029,1.38039,1.87,1.37
2015.08.20 04:02:53.591,1.38029,1.38039,1.87,2.62
2015.08.20 04:02:54.214,1.38029,1.38039,1.87,2.62
2015.08.20 04:02:54.658,1.38029,1.38039,1.87,1.87
2015.08.20 04:02:55.173,1.38029,1.38039,1.87,1.87
2015.08.20 04:02:55.927,1.38029,1.38039,1.37,1.87
2015.08.20 04:02:56.441,1.38029,1.38039,1.37,1.87
2015.08.20 04:02:57.458,1.3803,1.38039,1.37,1.37
2015.08.20 04:02:57.982,1.3803,1.38039,1.37,1.37
2015.08.20 04:02:59.174,1.38028,1.38039,2.02,2.25
2015.08.20 04:02:59.850,1.38028,1.38039,2.02,2.62
2015.08.20 04:03:01.057,1.38028,1.38038,2.40,1.50
2015.08.20 04:03:01.567,1.38028,1.38038,1.50,2.25
2015.08.20 04:03:02.102,1.38028,1.38038,1.50,2.25
2015.08.20 04:03:03.308,1.38027,1.38037,2.77,1.87
2015.08.20 04:03:03.712,1.38026,1.38035,2.40,1.12
2015.08.20 04:03:03.915,1.38026,1.38036,2.85,1.12
2015.08.20 04:03:04.430,1.3803,1.38038,1.00,1.50
2015.08.20 04:03:04.490,1.3803,1.3804,1.00,1.95
2015.08.20 04:03:04.950,1.3803,1.3804,1.37,1.47
2015.08.20 04:03:06.352,1.3803,1.3804,1.37,3.07
2015.08.20 04:03:08.188,1.3803,1.3804,1.37,2.92
2015.08.20 04:03:11.411,1.3803,1.3804,1.37,2.92
2015.08.20 04:03:12.785,1.3803,1.38039,1.37,1.12
2015.08.20 04:03:20.453,1.3803,1.3804,1.37,2.10
2015.08.20 04:03:21.160,1.3803,1.38038,1.37,1.00
2015.08.20 04:03:21.692,1.38029,1.38039,4.87,1.35
2015.08.20 04:03:21.854,1.38029,1.38039,4.87,1.37
2015.08.20 04:03:23.143,1.38028,1.38039,2.85,1.72
2015.08.20 04:03:23.648,1.38027,1.38036,1.72,1.12
2015.08.20 04:03:24.882,1.38027,1.38037,1.37,1.37
2015.08.20 04:03:25.142,1.38027,1.38037,1.05,1.37
2015.08.20 04:03:25.652,1.38026,1.38037,2.02,1.12
2015.08.20 04:03:26.172,1.38026,1.38035,2.32,1.00
2015.08.20 04:03:27.887,1.38026,1.38035,1.50,1.37
2015.08.20 04:03:34.014,1.38026,1.38035,1.90,1.50
2015.08.20 04:03:35.436,1.38027,1.38035,1.00,1.87
2015.08.20 04:03:35.942,1.38026,1.38033,1.05,1.00
2015.08.20 04:03:36.446,1.38025,1.38034,2.32,3.22
2015.08.20 04:03:37.944,1.38025,1.38034,1.57,1.87
2015.08.20 04:03:40.359,1.38022,1.38032,1.87,1.50
2015.08.20 04:03:40.410,1.38022,1.3803,1.72,1.00
2015.08.20 04:03:40.714,1.38022,1.38032,2.40,1.87
2015.08.20 04:03:42.353,1.38024,1.38034,1.65,2.25
2015.08.20 04:03:42.858,1.38025,1.38034,1.00,2.25
2015.08.20 04:03:48.422,1.38024,1.38034,1.20,1.37
2015.08.20 04:03:50.370,1.38022,1.38033,1.57,1.37
2015.08.20 04:03:51.325,1.38022,1.38033,2.02,1.50
2015.08.20 04:03:51.846,1.38022,1.38033,2.47,1.50
2015.08.20 04:03:54.714,1.38024,1.38035,1.50,2.40
2015.08.20 04:03:54.765,1.38024,1.38035,1.00,2.40
2015.08.20 04:03:55.480,1.38025,1.38035,1.00,2.25
2015.08.20 04:03:55.531,1.38025,1.38034,1.00,1.35
2015.08.20 04:03:56.032,1.38024,1.38033,1.00,1.60
2015.08.20 04:03:57.543,1.38024,1.38033,1.00,1.00
2015.08.20 04:04:00.630,1.38023,1.38033,1.20,1.87
2015.08.20 04:04:00.832,1.38022,1.38032,1.00,1.50
2015.08.20 04:04:01.893,1.38021,1.3803,1.50,1.87
2015.08.20 04:04:02.431,1.38021,1.3803,1.80,1.12
2015.08.20 04:04:05.747,1.38021,1.38031,1.37,1.12
2015.08.20 04:04:06.299,1.38022,1.38032,1.37,1.37
2015.08.20 04:04:06.805,1.38022,1.38032,1.57,1.00
2015.08.20 04:04:07.941,1.38024,1.38033,1.37,1.37
2015.08.20 04:04:08.486,1.38024,1.38032,1.12,1.00
2015.08.20 04:04:09.738,1.38024,1.38033,1.87,1.37
2015.08.20 04:04:10.064,1.38022,1.38032,3.22,1.00
2015.08.20 04:04:10.166,1.38022,1.38032,3.22,1.00
2015.08.20 04:04:10.673,1.38022,1.38033,2.02,1.87
2015.08.20 04:04:11.369,1.38022,1.38032,2.77,1.00
2015.08.20 04:04:12.393,1.38022,1.38033,2.77,1.12
2015.08.20 04:04:12.907,1.38022,1.38033,2.02,1.12
2015.08.20 04:04:16.125,1.38022,1.38032,1.57,1.00
2015.08.20 04:04:18.046,1.38022,1.38032,1.20,1.87
2015.08.20 04:04:21.132,1.38022,1.38031,1.57,1.00
2015.08.20 04:04:21.898,1.38022,1.38031,1.57,1.00
2015.08.20 04:04:23.043,1.38022,1.38032,1.57,1.87
2015.08.20 04:04:24.176,1.38022,1.38031,1.57,1.00
2015.08.20 04:04:24.227,1.38022,1.38031,1.27,1.00
2015.08.20 04:04:24.751,1.38022,1.38032,1.65,1.87
2015.08.20 04:04:24.802,1.38022,1.38032,1.57,1.87
2015.08.20 04:04:25.374,1.38022,1.38031,1.57,1.00
2015.08.20 04:04:26.114,1.38022,1.38032,1.57,1.50
2015.08.20 04:04:26.722,1.38022,1.38032,1.57,1.50
2015.08.20 04:04:27.649,1.38022,1.38032,1.57,1.50
2015.08.20 04:04:28.708,1.38022,1.38032,1.57,1.50
2015.08.20 04:04:29.438,1.38022,1.38032,1.57,1.87
2015.08.20 04:04:29.939,1.38022,1.38032,1.57,1.50
2015.08.20 04:04:32.396,1.38022,1.38032,2.02,1.87
2015.08.20 04:04:33.189,1.38022,1.38031,2.02,1.00
2015.08.20 04:04:33.752,1.38022,1.38032,2.02,1.87
2015.08.20 04:04:34.385,1.38022,1.38031,2.02,1.00
2015.08.20 04:04:34.901,1.38022,1.38032,2.02,1.87
2015.08.20 04:04:35.790,1.38022,1.38031,2.02,1.00
2015.08.20 04:04:36.591,1.38022,1.38032,1.57,1.87
2015.08.20 04:04:37.477,1.38022,1.38031,1.57,1.00
2015.08.20 04:04:38.066,1.38022,1.38032,2.40,1.87
2015.08.20 04:04:38.819,1.38022,1.38031,1.65,1.00
2015.08.20 04:04:40.211,1.38021,1.38032,5.25,1.87
2015.08.20 04:04:40.814,1.38021,1.38031,5.25,1.00
2015.08.20 04:04:41.322,1.38021,1.38032,4.50,1.87
2015.08.20 04:04:41.823,1.38022,1.38031,1.65,1.00
2015.08.20 04:04:42.732,1.38022,1.38031,3.00,1.50
2015.08.20 04:04:45.465,1.3802,1.38031,3.86,1.37
2015.08.20 04:04:45.768,1.38019,1.3803,1.27,3.00
2015.08.20 04:04:46.672,1.3802,1.38029,1.00,1.50
2015.08.20 04:04:47.561,1.38018,1.38029,3.30,1.87
2015.08.20 04:04:52.863,1.38018,1.38027,1.37,1.12
2015.08.20 04:04:54.487,1.38018,1.38027,1.00,1.00
2015.08.20 04:04:55.057,1.38019,1.38027,1.00,1.00
2015.08.20 04:04:58.871,1.38018,1.38027,1.00,1.00
2015.08.20 04:05:00.096,1.38018,1.38028,1.00,2.25
2015.08.20 04:05:05.306,1.38018,1.38027,1.12,1.12
2015.08.20 04:05:09.698,1.38016,1.38027,2.40,1.75
2015.08.20 04:05:11.182,1.38016,1.38026,2.40,1.37
2015.08.20 04:05:20.990,1.38016,1.38028,2.40,3.00
2015.08.20 04:05:24.728,1.38016,1.38027,2.02,1.50
2015.08.20 04:05:24.804,1.38016,1.38027,2.02,1.50
2015.08.20 04:05:26.354,1.38016,1.38027,2.40,1.50
2015.08.20 04:05:26.939,1.38016,1.38027,2.40,1.12
2015.08.20 04:05:28.338,1.38016,1.38027,2.40,1.50
2015.08.20 04:05:28.945,1.38016,1.38027,2.40,1.12
2015.08.20 04:05:30.315,1.38016,1.38027,2.40,1.50
2015.08.20 04:05:31.130,1.38016,1.38027,2.40,1.50
2015.08.20 04:05:32.351,1.38016,1.38027,2.40,1.50
2015.08.20 04:05:34.734,1.38016,1.38027,2.40,1.50
2015.08.20 04:05:36.337,1.38016,1.38027,1.65,1.87
2015.08.20 04:05:38.663,1.38016,1.38026,2.40,1.12
2015.08.20 04:05:40.500,1.38017,1.38025,1.00,1.00
2015.08.20 04:05:41.048,1.38017,1.38026,1.00,2.62
2015.08.20 04:05:41.352,1.38012,1.38017,1.65,1.12
2015.08.20 04:05:41.858,1.38012,1.38018,1.50,1.37
2015.08.20 04:05:42.348,1.38012,1.38018,1.60,1.37
2015.08.20 04:05:42.871,1.38011,1.38018,2.47,1.12
2015.08.20 04:05:44.369,1.38011,1.3802,2.47,1.37
2015.08.20 04:05:44.979,1.38011,1.3802,2.47,1.37
2015.08.20 04:05:45.515,1.38014,1.3802,1.30,1.37
2015.08.20 04:05:46.234,1.38013,1.3802,1.97,1.37
2015.08.20 04:05:47.767,1.38014,1.3802,1.30,1.37
2015.08.20 04:05:48.392,1.38013,1.3802,1.97,1.37
2015.08.20 04:05:49.098,1.38013,1.3802,1.97,1.37
2015.08.20 04:05:49.630,1.38014,1.3802,1.30,1.50
2015.08.20 04:05:50.209,1.38013,1.3802,1.97,1.50
2015.08.20 04:05:50.710,1.38014,1.3802,1.30,1.50
2015.08.20 04:05:51.940,1.38013,1.3802,1.97,1.50
2015.08.20 04:05:52.497,1.38014,1.3802,1.30,1.37
2015.08.20 04:05:54.577,1.38013,1.3802,1.97,1.37
2015.08.20 04:05:57.203,1.38011,1.38019,3.22,1.37
2015.08.20 04:05:58.752,1.38011,1.38019,2.47,1.37
2015.08.20 04:05:59.709,1.38011,1.38019,2.47,1.37
2015.08.20 04:06:00.260,1.38011,1.38019,1.97,1.37
2015.08.20 04:06:00.875,1.3801,1.38019,3.22,1.50
2015.08.20 04:06:01.612,1.38011,1.38017,1.97,1.37
2015.08.20 04:06:02.918,1.38011,1.38017,1.97,1.37
2015.08.20 04:06:03.423,1.38011,1.38017,1.97,1.37
2015.08.20 04:06:04.050,1.38011,1.38019,1.97,1.37
2015.08.20 04:06:04.253,1.38011,1.38019,2.10,1.37
2015.08.20 04:06:04.777,1.38012,1.38017,1.00,1.37
2015.08.20 04:06:05.492,1.38012,1.38017,1.60,1.00
2015.08.20 04:06:05.543,1.38012,1.38021,2.47,2.32
2015.08.20 04:06:05.747,1.38017,1.38021,1.00,1.37
2015.08.20 04:06:06.212,1.38017,1.38022,1.50,1.00
2015.08.20 04:06:06.264,1.38018,1.38026,1.00,1.50
2015.08.20 04:06:06.770,1.38017,1.38026,1.12,1.00
2015.08.20 04:06:07.345,1.38018,1.38026,1.00,1.00
2015.08.20 04:06:07.961,1.38018,1.38027,1.00,2.25
2015.08.20 04:06:08.113,1.38019,1.38027,1.00,1.12
2015.08.20 04:06:08.615,1.38019,1.38028,1.37,2.62
2015.08.20 04:06:09.932,1.38018,1.38028,1.47,2.62
2015.08.20 04:06:14.470,1.38013,1.38024,1.50,1.87
2015.08.20 04:06:14.977,1.38014,1.38024,1.20,1.00
2015.08.20 04:06:17.327,1.38016,1.38024,1.00,1.00
2015.08.20 04:06:18.876,1.38015,1.38024,1.00,1.87
2015.08.20 04:06:19.028,1.38015,1.38024,1.12,1.50
2015.08.20 04:06:24.145,1.38017,1.38024,1.00,1.00
2015.08.20 04:06:24.448,1.38017,1.38027,1.00,1.87
2015.08.20 04:06:24.980,1.38017,1.38027,1.37,1.50
2015.08.20 04:06:25.786,1.38017,1.38028,1.00,4.42
2015.08.20 04:06:28.857,1.38016,1.38026,1.50,1.50
2015.08.20 04:06:29.665,1.38018,1.38026,1.00,1.50
2015.08.20 04:06:29.716,1.38018,1.38026,1.37,1.00
2015.08.20 04:06:30.349,1.38018,1.38029,1.47,1.75
2015.08.20 04:06:31.162,1.38018,1.38029,1.76,1.37
2015.08.20 04:06:31.820,1.38018,1.38029,1.95,1.37
2015.08.20 04:06:33.231,1.38018,1.38029,1.57,1.87
2015.08.20 04:06:35.352,1.38018,1.38029,1.95,1.87
2015.08.20 04:06:37.086,1.3802,1.38029,1.25,1.50
2015.08.20 04:06:43.041,1.38019,1.38029,1.87,1.37
2015.08.20 04:06:54.878,1.38019,1.38029,1.12,1.50
2015.08.20 04:07:04.607,1.38023,1.38032,1.00,1.50
2015.08.20 04:07:04.709,1.38026,1.38032,1.00,1.50
2015.08.20 04:07:04.812,1.38023,1.38032,1.50,1.50
2015.08.20 04:07:05.376,1.38023,1.38031,1.50,1.00
2015.08.20 04:07:06.176,1.38023,1.38032,1.50,1.00
2015.08.20 04:07:06.706,1.38023,1.38031,2.62,1.00
2015.08.20 04:07:07.307,1.38023,1.38032,1.37,1.00
2015.08.20 04:07:07.967,1.38023,1.38031,1.37,1.00
2015.08.20 04:07:08.500,1.38022,1.38032,2.62,1.00
2015.08.20 04:07:08.718,1.38022,1.38032,2.62,1.00
2015.08.20 04:07:09.257,1.38022,1.38031,1.37,1.00
2015.08.20 04:07:09.891,1.38022,1.38032,1.37,1.00
2015.08.20 04:07:10.396,1.38021,1.38031,1.50,1.37
2015.08.20 04:07:10.497,1.3802,1.38029,1.87,1.37
2015.08.20 04:07:11.003,1.3802,1.38028,1.00,1.50
2015.08.20 04:07:11.733,1.38017,1.38026,1.37,1.37
2015.08.20 04:07:14.099,1.38016,1.38027,1.50,2.25
2015.08.20 04:07:15.884,1.38016,1.38027,1.87,2.25
2015.08.20 04:07:16.471,1.38016,1.38026,1.87,1.00
2015.08.20 04:07:19.340,1.38016,1.38026,2.47,1.12
2015.08.20 04:07:25.202,1.38016,1.38026,1.50,2.25
2015.08.20 04:07:25.934,1.38016,1.38026,1.50,1.87
2015.08.20 04:07:26.514,1.38016,1.38026,1.50,2.25
2015.08.20 04:07:28.119,1.38016,1.38026,1.50,1.87
2015.08.20 04:07:28.658,1.38016,1.38026,1.50,1.87
2015.08.20 04:07:29.444,1.38016,1.38026,1.50,1.87
2015.08.20 04:07:30.120,1.38016,1.38026,1.50,1.87
2015.08.20 04:07:31.429,1.38016,1.38026,1.50,1.87
2015.08.20 04:07:32.180,1.38016,1.38026,1.50,1.50
2015.08.20 04:07:32.694,1.38016,1.38026,1.50,1.37
2015.08.20 04:07:33.338,1.38016,1.38026,1.50,1.50
2015.08.20 04:07:38.002,1.38015,1.38026,1.57,2.25
2015.08.20 04:07:38.552,1.38014,1.38026,3.45,2.62
2015.08.20 04:07:39.791,1.38015,1.38026,1.57,2.25
2015.08.20 04:07:40.189,1.38015,1.38026,1.95,2.62
2015.08.20 04:07:40.711,1.38015,1.38026,1.95,2.25
2015.08.20 04:07:41.249,1.38016,1.38026,1.37,2.62
2015.08.20 04:07:42.062,1.38016,1.38026,1.37,2.62
2015.08.20 04:07:43.635,1.38016,1.38026,1.12,2.25
2015.08.20 04:07:44.619,1.38016,1.38026,1.37,2.62
2015.08.20 04:07:47.362,1.38016,1.38026,1.12,2.25
2015.08.20 04:07:47.989,1.38016,1.38025,1.37,1.37
2015.08.20 04:07:49.294,1.38016,1.38025,1.50,1.37
2015.08.20 04:07:49.838,1.38016,1.38025,1.50,1.37
2015.08.20 04:07:50.691,1.38016,1.38025,1.50,1.37
2015.08.20 04:07:51.870,1.38024,1.3803,1.00,1.50
2015.08.20 04:07:51.923,1.38024,1.38032,1.00,1.50
2015.08.20 04:07:52.176,1.38021,1.38033,2.32,1.87
2015.08.20 04:07:52.430,1.3802,1.3803,1.00,1.37
2015.08.20 04:07:52.482,1.38019,1.38027,1.27,1.00
2015.08.20 04:07:52.584,1.38017,1.38027,2.55,1.12
2015.08.20 04:07:53.092,1.38016,1.38025,1.50,1.00
2015.08.20 04:07:53.147,1.38014,1.38025,1.00,1.12
2015.08.20 04:07:53.400,1.38013,1.38025,3.30,1.12
2015.08.20 04:07:53.719,1.38014,1.38025,2.55,1.50
2015.08.20 04:07:54.590,1.38014,1.38025,2.77,1.50
2015.08.20 04:07:54.808,1.38014,1.38025,2.77,1.50
2015.08.20 04:07:55.367,1.38014,1.38025,2.17,1.50
2015.08.20 04:07:55.915,1.38014,1.38025,2.17,1.50
2015.08.20 04:07:57.119,1.38014,1.38025,2.17,1.50
2015.08.20 04:07:57.720,1.38014,1.38025,1.50,1.50
2015.08.20 04:07:58.422,1.38014,1.38025,1.50,1.50
2015.08.20 04:07:58.940,1.38014,1.38025,1.50,1.50
2015.08.20 04:08:02.273,1.38016,1.38025,1.12,1.50
2015.08.20 04:08:02.902,1.38016,1.38025,1.37,1.50
2015.08.20 04:08:04.606,1.38022,1.38032,1.00,1.75
2015.08.20 04:08:08.021,1.38024,1.38033,1.37,3.37
2015.08.20 04:08:08.569,1.38024,1.38033,1.12,1.50
2015.08.20 04:08:10.075,1.38024,1.38033,1.37,1.87
2015.08.20 04:08:10.139,1.38024,1.38033,1.12,1.50
2015.08.20 04:08:10.644,1.38022,1.3803,1.00,1.00
2015.08.20 04:08:10.846,1.3802,1.38032,3.22,1.50
2015.08.20 04:08:11.529,1.38023,1.38033,1.00,3.00
2015.08.20 04:08:12.075,1.38023,1.38033,1.50,1.87
2015.08.20 04:08:12.402,1.38022,1.38033,3.15,2.25
2015.08.20 04:08:12.553,1.38022,1.38033,1.00,1.87
2015.08.20 04:08:13.176,1.38021,1.38032,1.00,1.37
2015.08.20 04:08:13.692,1.38021,1.38032,1.00,1.37
2015.08.20 04:08:14.199,1.38021,1.38032,1.12,1.87
2015.08.20 04:08:17.636,1.3802,1.38031,1.12,1.12
2015.08.20 04:08:18.288,1.38021,1.38031,1.00,1.12
2015.08.20 04:08:18.876,1.38021,1.38031,1.00,1.37
2015.08.20 04:08:22.545,1.38019,1.38027,1.00,1.37
2015.08.20 04:08:22.646,1.38017,1.38027,1.50,1.87
2015.08.20 04:08:32.532,1.38017,1.38025,1.00,1.37
2015.08.20 04:08:36.295,1.38016,1.38025,1.12,1.37
2015.08.20 04:08:36.799,1.38017,1.38025,1.00,1.37
2015.08.20 04:08:37.311,1.38016,1.38025,1.12,1.37
2015.08.20 04:08:38.355,1.38017,1.38025,1.00,1.37
2015.08.20 04:08:41.231,1.38016,1.38025,1.00,1.37
2015.08.20 04:08:41.835,1.38017,1.38025,1.00,1.37
2015.08.20 04:08:42.848,1.38016,1.38025,1.12,1.37
2015.08.20 04:08:43.442,1.38017,1.38025,1.00,1.37
2015.08.20 04:08:44.496,1.38016,1.38025,1.12,1.37
2015.08.20 04:08:45.160,1.38017,1.38025,1.00,1.37
2015.08.20 04:08:45.663,1.38016,1.38025,1.12,1.37
2015.08.20 04:08:46.586,1.38017,1.38025,1.00,1.37
2015.08.20 04:08:47.992,1.38016,1.38025,1.00,1.37
2015.08.20 04:08:48.711,1.38017,1.38026,1.00,1.65
2015.08.20 04:08:49.531,1.38017,1.38027,1.50,3.00
2015.08.20 04:08:50.198,1.38017,1.38027,1.12,2.62
2015.08.20 04:08:53.516,1.38017,1.38026,1.00,1.57
2015.08.20 04:08:55.118,1.38017,1.38026,1.00,1.95
2015.08.20 04:08:55.657,1.38016,1.38026,1.12,1.95
2015.08.20 04:08:56.206,1.38017,1.38026,1.00,1.95
2015.08.20 04:08:58.422,1.38017,1.38026,1.00,1.95
2015.08.20 04:09:04.333,1.38016,1.38026,1.37,1.87
2015.08.20 04:09:08.421,1.38017,1.38026,1.12,1.37
2015.08.20 04:09:09.453,1.38016,1.38026,2.47,1.37
2015.08.20 04:09:10.117,1.38016,1.38026,2.10,1.37
2015.08.20 04:09:17.162,1.38016,1.38026,1.75,1.00
2015.08.20 04:09:17.466,1.38019,1.38028,1.97,1.95
2015.08.20 04:09:17.948,1.38026,1.38029,1.00,1.50
2015.08.20 04:09:18.269,1.38025,1.38033,1.20,1.35
2015.08.20 04:09:18.371,1.38022,1.38032,1.87,2.25
2015.08.20 04:09:18.473,1.38025,1.38033,1.00,2.02
2015.08.20 04:09:19.396,1.38026,1.38034,1.00,1.72
2015.08.20 04:09:19.448,1.38024,1.38034,1.00,1.72
2015.08.20 04:09:19.751,1.38024,1.38034,1.37,1.72
2015.08.20 04:09:20.256,1.38024,1.38034,1.37,1.37
2015.08.20 04:09:20.767,1.38024,1.38034,1.37,1.37
2015.08.20 04:09:21.653,1.38024,1.38034,1.37,1.37
2015.08.20 04:09:22.158,1.38024,1.38034,1.37,1.37
2015.08.20 04:09:22.662,1.38024,1.38034,1.37,1.37
2015.08.20 04:09:23.164,1.38024,1.38034,1.50,1.72
2015.08.20 04:09:23.666,1.38024,1.38032,1.12,1.37
2015.08.20 04:09:24.084,1.38024,1.38034,1.87,2.10
2015.08.20 04:09:24.982,1.38025,1.38034,1.37,1.37
2015.08.20 04:09:25.039,1.38025,1.38032,1.37,1.00
2015.08.20 04:09:25.640,1.38025,1.38031,1.37,1.00
2015.08.20 04:09:26.886,1.38025,1.38031,1.37,1.00
2015.08.20 04:09:27.438,1.38025,1.38031,1.37,1.00
2015.08.20 04:09:28.525,1.38025,1.38032,1.37,1.00
2015.08.20 04:09:29.759,1.38025,1.38031,1.37,1.00
2015.08.20 04:09:30.287,1.38023,1.38032,2.25,1.00
2015.08.20 04:09:30.933,1.38023,1.38031,2.62,1.00
2015.08.20 04:09:31.968,1.38023,1.38032,1.87,1.00
2015.08.20 04:09:32.527,1.38023,1.38031,2.62,1.00
2015.08.20 04:09:33.447,1.38023,1.38032,1.87,1.00
2015.08.20 04:09:33.984,1.38023,1.38031,2.62,1.00
2015.08.20 04:09:34.505,1.38023,1.38032,1.87,1.00
2015.08.20 04:09:35.347,1.38023,1.38034,1.87,1.87
2015.08.20 04:09:35.869,1.38024,1.38034,1.12,1.12
2015.08.20 04:09:36.458,1.38024,1.38034,1.37,1.12
2015.08.20 04:09:36.973,1.38024,1.38034,1.37,1.12
2015.08.20 04:09:38.420,1.38032,1.38034,1.00,1.00
2015.08.20 04:09:38.623,1.38032,1.38039,1.50,1.30
2015.08.20 04:09:39.090,1.38034,1.3804,1.00,2.10
2015.08.20 04:09:39.192,1.38032,1.3804,1.00,2.10
2015.08.20 04:09:39.677,1.38034,1.3804,1.00,1.37
2015.08.20 04:09:40.821,1.38034,1.3804,1.00,1.37
2015.08.20 04:09:41.327,1.38034,1.3804,1.00,1.37
2015.08.20 04:09:42.127,1.38034,1.3804,1.00,1.37
2015.08.20 04:09:42.698,1.38034,1.3804,1.00,1.37
2015.08.20 04:09:43.458,1.38034,1.3804,1.00,1.72
2015.08.20 04:09:44.233,1.38034,1.3804,1.00,1.72
2015.08.20 04:09:45.680,1.38033,1.3804,1.12,1.72
2015.08.20 04:09:45.781,1.3803,1.38039,2.25,2.10
2015.08.20 04:09:45.883,1.38028,1.38038,2.70,1.50
2015.08.20 04:09:46.861,1.38028,1.38038,2.32,1.50
2015.08.20 04:09:47.115,1.38032,1.38039,1.00,1.12
2015.08.20 04:09:47.319,1.38032,1.38039,1.00,1.12
2015.08.20 04:09:48.508,1.38032,1.38039,1.00,2.05
2015.08.20 04:09:49.048,1.38032,1.38038,1.00,1.12
2015.08.20 04:09:49.572,1.38031,1.3804,1.50,1.00
2015.08.20 04:09:49.774,1.38031,1.38039,1.00,1.72
2015.08.20 04:09:50.319,1.38029,1.38037,1.72,1.37
2015.08.20 04:09:50.844,1.38029,1.38037,1.00,1.00
2015.08.20 04:09:51.370,1.38029,1.38038,1.00,1.87
2015.08.20 04:09:52.423,1.38029,1.38038,1.12,1.87
2015.08.20 04:09:53.045,1.38029,1.38037,1.37,1.12
2015.08.20 04:09:54.355,1.3803,1.38037,1.12,1.00
2015.08.20 04:09:54.928,1.3803,1.38037,1.07,1.37
2015.08.20 04:09:55.434,1.38029,1.38037,2.25,1.37
2015.08.20 04:09:56.368,1.38029,1.38037,2.62,1.12
2015.08.20 04:09:56.772,1.38031,1.38037,3.00,1.00
2015.08.20 04:09:57.319,1.38031,1.38038,3.00,1.00
2015.08.20 04:09:58.149,1.38031,1.3804,3.00,2.05
2015.08.20 04:09:58.675,1.38031,1.3804,3.00,2.47
2015.08.20 04:09:59.402,1.38031,1.3804,3.00,2.47
2015.08.20 04:10:00.252,1.38031,1.38039,4.12,1.37
2015.08.20 04:10:00.971,1.38031,1.38039,2.62,1.37
2015.08.20 04:10:01.853,1.38028,1.38037,1.95,1.12
2015.08.20 04:10:02.155,1.38027,1.38037,1.65,1.87
2015.08.20 04:10:02.486,1.38027,1.38036,1.20,1.37
2015.08.20 04:10:05.860,1.38027,1.38036,1.00,1.50
2015.08.20 04:10:06.551,1.38025,1.38036,4.05,1.37
2015.08.20 04:10:07.367,1.38025,1.38036,5.62,1.87
2015.08.20 04:10:15.353,1.38025,1.38035,1.20,1.37
2015.08.20 04:10:15.681,1.38025,1.38032,1.10,1.00
2015.08.20 04:10:19.552,1.38024,1.38033,1.95,1.00
2015.08.20 04:10:27.320,1.38024,1.38034,2.32,1.12
2015.08.20 04:10:30.374,1.38024,1.38034,2.70,1.50
2015.08.20 04:10:30.775,1.38024,1.38034,2.32,1.12
2015.08.20 04:10:36.184,1.38024,1.38034,2.70,1.37
2015.08.20 04:10:36.387,1.38022,1.38033,2.32,2.62
2015.08.20 04:10:36.893,1.38023,1.38032,1.37,1.12
2015.08.20 04:10:37.617,1.38023,1.38032,1.50,1.00
2015.08.20 04:10:38.326,1.38023,1.38033,1.37,1.12
2015.08.20 04:10:39.022,1.38023,1.38032,1.37,1.00
2015.08.20 04:10:39.645,1.38023,1.38033,1.37,1.12
2015.08.20 04:10:40.255,1.38023,1.38032,1.50,1.00
2015.08.20 04:10:40.839,1.38023,1.38033,1.37,1.12
2015.08.20 04:10:41.683,1.38023,1.38032,1.37,1.00
2015.08.20 04:10:42.547,1.38023,1.38033,1.50,1.12
2015.08.20 04:10:43.059,1.38023,1.38032,1.50,1.00
2015.08.20 04:10:44.557,1.38023,1.38033,1.50,1.12
2015.08.20 04:10:45.461,1.38023,1.38032,1.50,1.00
2015.08.20 04:10:47.245,1.38023,1.38034,2.55,2.25
2015.08.20 04:10:47.508,1.38023,1.38032,2.17,1.00
2015.08.20 04:10:48.107,1.38023,1.38033,2.17,1.00
2015.08.20 04:10:48.713,1.38023,1.38033,1.42,1.12
2015.08.20 04:10:49.259,1.38023,1.3803,1.50,1.00
2015.08.20 04:10:49.313,1.38023,1.3803,1.50,1.00
2015.08.20 04:10:49.568,1.3802,1.38032,1.57,4.50
2015.08.20 04:10:49.874,1.3802,1.38029,1.12,1.50
2015.08.20 04:10:50.808,1.3802,1.38029,1.37,1.50
2015.08.20 04:10:51.110,1.38018,1.38028,1.20,2.62
2015.08.20 04:10:51.618,1.38017,1.38022,1.00,1.00
2015.08.20 04:10:51.974,1.38016,1.38024,1.30,1.00
2015.08.20 04:10:52.729,1.38017,1.38024,1.00,1.87
2015.08.20 04:10:52.943,1.38017,1.38022,1.00,1.00
2015.08.20 04:10:53.268,1.38017,1.3802,1.00,1.00
2015.08.20 04:10:54.246,1.38016,1.3802,1.35,1.00
2015.08.20 04:10:54.795,1.38017,1.3802,1.00,1.00
2015.08.20 04:10:55.325,1.38017,1.38021,1.00,1.00
2015.08.20 04:10:56.590,1.38017,1.38023,1.00,1.50
2015.08.20 04:10:57.146,1.38017,1.38021,1.00,1.00
2015.08.20 04:10:58.127,1.38017,1.3802,1.00,1.00
2015.08.20 04:10:58.676,1.38017,1.38019,1.00,1.00
2015.08.20 04:10:59.354,1.38016,1.38017,1.35,1.00
2015.08.20 04:11:00.331,1.38012,1.38017,1.37,1.00
2015.08.20 04:11:01.334,1.3801,1.38017,2.10,1.00
2015.08.20 04:11:01.986,1.38011,1.38013,1.30,1.00
2015.08.20 04:11:02.037,1.3801,1.38012,1.72,1.00
2015.08.20 04:11:02.502,1.38005,1.38011,1.12,1.00
2015.08.20 04:11:02.553,1.38007,1.38011,1.00,1.00
2015.08.20 04:11:02.856,1.38004,1.38011,2.62,1.00
2015.08.20 04:11:03.109,1.38004,1.3801,1.50,1.87
2015.08.20 04:11:03.734,1.38001,1.3801,1.72,1.00
2015.08.20 04:11:04.260,1.38002,1.38009,1.20,1.00
2015.08.20 04:11:04.766,1.38002,1.38009,1.95,1.00
2015.08.20 04:11:10.799,1.38002,1.38009,2.17,1.00
2015.08.20 04:11:28.089,1.38002,1.38009,1.65,1.00
2015.08.20 04:11:33.114,1.38002,1.38009,2.25,1.00
2015.08.20 04:11:33.657,1.38002,1.38009,2.25,1.00
2015.08.20 04:11:34.179,1.38002,1.38009,1.52,1.37
2015.08.20 04:11:34.925,1.38002,1.38009,1.65,1.00
2015.08.20 04:11:35.471,1.38002,1.38009,1.52,1.37
2015.08.20 04:11:36.013,1.38002,1.38009,1.52,1.00
2015.08.20 04:11:40.556,1.38002,1.38009,1.12,1.37
2015.08.20 04:11:44.473,1.38003,1.38009,1.00,1.37
2015.08.20 04:11:46.298,1.38003,1.3801,1.00,2.62
2015.08.20 04:11:49.204,1.38001,1.38009,2.10,1.87
2015.08.20 04:11:49.306,1.38001,1.38009,1.27,2.25
2015.08.20 04:11:49.904,1.38,1.38007,1.42,1.87
2015.08.20 04:11:50.329,1.38,1.38007,1.35,1.37
2015.08.20 04:11:50.730,1.38001,1.38008,1.60,1.37
2015.08.20 04:11:50.781,1.38001,1.38008,1.95,1.00
2015.08.20 04:11:51.990,1.38001,1.38008,1.95,1.12
2015.08.20 04:11:55.470,1.38001,1.38008,1.72,1.00
2015.08.20 04:11:59.095,1.38002,1.38007,1.00,1.00
2015.08.20 04:12:00.573,1.38,1.38007,2.40,1.12
2015.08.20 04:12:01.079,1.38,1.38007,1.30,1.12
2015.08.20 04:12:01.625,1.37999,1.38007,2.47,1.37
2015.08.20 04:12:02.109,1.38001,1.3801,1.37,1.12
2015.08.20 04:12:02.616,1.38001,1.3801,2.47,1.00
2015.08.20 04:12:03.138,1.38004,1.38013,1.00,1.37
2015.08.20 04:12:04.450,1.38004,1.38014,1.37,1.50
2015.08.20 04:12:04.551,1.38004,1.38014,1.00,1.37
2015.08.20 04:12:05.056,1.38003,1.38015,1.87,3.00
2015.08.20 04:12:08.796,1.38005,1.38015,1.00,3.00
2015.08.20 04:12:10.084,1.38003,1.38014,1.00,1.12
2015.08.20 04:12:11.174,1.38003,1.38014,1.57,1.37
2015.08.20 04:12:12.385,1.38003,1.38015,2.02,3.37
2015.08.20 04:12:15.202,1.38003,1.38015,2.02,2.62
2015.08.20 04:12:15.405,1.38004,1.38015,1.37,2.25
2015.08.20 04:12:16.151,1.38004,1.38015,1.12,1.87
2015.08.20 04:12:16.202,1.38003,1.38015,2.77,1.87
2015.08.20 04:12:16.303,1.38004,1.38016,2.62,1.50
2015.08.20 04:12:16.405,1.38005,1.38017,1.50,1.87
2015.08.20 04:12:16.607,1.38003,1.38015,2.40,2.25
2015.08.20 04:12:18.073,1.38003,1.38015,1.87,2.62
2015.08.20 04:12:18.477,1.38009,1.38017,1.00,2.25
2015.08.20 04:12:18.731,1.38012,1.38021,1.50,1.00
2015.08.20 04:12:19.439,1.38012,1.38023,1.95,1.87
2015.08.20 04:12:19.493,1.38012,1.38022,2.32,1.00
2015.08.20 04:12:20.043,1.38012,1.38023,2.32,1.50
2015.08.20 04:12:20.434,1.38012,1.38023,2.70,1.75
2015.08.20 04:12:21.489,1.38011,1.38022,1.50,1.87
2015.08.20 04:12:25.528,1.38011,1.38021,1.75,1.37
2015.08.20 04:12:27.441,1.38015,1.38023,1.30,2.25
2015.08.20 04:12:27.492,1.38015,1.38024,1.50,1.50
2015.08.20 04:12:27.543,1.38015,1.38024,1.87,1.37
2015.08.20 04:12:27.966,1.38019,1.38029,1.37,2.62
2015.08.20 04:12:28.118,1.38019,1.3803,2.62,1.37
2015.08.20 04:12:28.631,1.38019,1.3803,2.62,1.00
2015.08.20 04:12:34.960,1.3802,1.38031,1.50,1.00
2015.08.20 04:12:35.970,1.38021,1.38031,1.00,1.12
2015.08.20 04:12:37.756,1.3802,1.38032,1.87,2.25
2015.08.20 04:12:40.167,1.3802,1.38032,1.87,3.00
2015.08.20 04:12:41.492,1.3802,1.38032,1.87,3.00
2015.08.20 04:12:47.275,1.3802,1.38031,1.87,1.87
2015.08.20 04:13:01.524,1.3802,1.38031,1.00,3.00
2015.08.20 04:13:10.659,1.3802,1.38031,1.12,3.00
2015.08.20 04:13:18.171,1.3802,1.38031,1.50,3.00
2015.08.20 04:13:20.435,1.38021,1.38031,1.67,1.95
2015.08.20 04:13:21.116,1.38021,1.38031,1.35,1.57
2015.08.20 04:13:21.167,1.38021,1.38031,1.30,1.57
2015.08.20 04:13:21.701,1.3802,1.38031,2.17,1.57
2015.08.20 04:13:22.238,1.38021,1.38031,1.30,1.57
2015.08.20 04:13:22.791,1.3802,1.38031,2.92,1.57
2015.08.20 04:13:23.597,1.38021,1.38031,1.30,1.57
2015.08.20 04:13:24.642,1.3802,1.38031,2.17,1.57
2015.08.20 04:13:25.234,1.38021,1.38031,1.35,1.57
2015.08.20 04:13:25.748,1.38021,1.38031,1.50,1.20
2015.08.20 04:13:27.303,1.38021,1.38031,1.50,1.47
2015.08.20 04:13:29.484,1.38021,1.3803,1.50,1.00
2015.08.20 04:13:30.017,1.38021,1.3803,1.50,1.00
2015.08.20 04:13:33.017,1.38021,1.3803,1.30,1.00
2015.08.20 04:13:33.519,1.38022,1.3803,1.00,1.00
2015.08.20 04:13:34.159,1.38021,1.3803,1.35,1.50
2015.08.20 04:13:35.117,1.38022,1.3803,1.00,1.50
2015.08.20 04:13:36.827,1.38021,1.3803,1.35,1.50
2015.08.20 04:13:38.024,1.38022,1.3803,1.00,1.50
2015.08.20 04:13:38.732,1.38021,1.3803,1.35,1.50
2015.08.20 04:13:39.371,1.38022,1.3803,1.00,1.50
2015.08.20 04:13:43.356,1.38021,1.3803,1.35,1.50
2015.08.20 04:13:44.699,1.3802,1.3803,1.42,1.50
2015.08.20 04:13:47.196,1.38021,1.3803,1.30,1.65
2015.08.20 04:13:47.702,1.3802,1.3803,1.35,2.02
2015.08.20 04:13:48.560,1.38021,1.3803,1.30,2.02
2015.08.20 04:13:49.109,1.3802,1.3803,1.35,2.02
2015.08.20 04:13:49.661,1.38021,1.3803,1.30,2.02
2015.08.20 04:13:50.212,1.3802,1.3803,1.67,2.02
2015.08.20 04:13:51.029,1.3802,1.3803,1.67,2.02
2015.08.20 04:13:51.638,1.3802,1.3803,1.35,2.02
2015.08.20 04:13:55.033,1.38021,1.3803,1.00,2.02
2015.08.20 04:13:55.535,1.3802,1.3803,1.35,2.02
2015.08.20 04:13:55.701,1.38019,1.3803,3.75,2.40
2015.08.20 04:13:56.302,1.38019,1.3803,2.25,2.40
2015.08.20 04:13:57.255,1.38019,1.38029,2.25,1.00
2015.08.20 04:13:57.787,1.38019,1.3803,2.25,2.40
2015.08.20 04:13:58.473,1.38019,1.38029,2.25,1.00
2015.08.20 04:13:59.023,1.38019,1.3803,2.25,2.77
2015.08.20 04:13:59.803,1.38019,1.38029,2.25,1.00
2015.08.20 04:14:01.246,1.38019,1.3803,2.25,2.40
2015.08.20 04:14:01.773,1.38019,1.38029,2.25,1.00
2015.08.20 04:14:02.912,1.3802,1.3803,1.35,3.15
2015.08.20 04:14:04.660,1.38021,1.38029,1.00,1.37
2015.08.20 04:14:05.195,1.3802,1.38029,2.10,1.37
2015.08.20 04:14:05.850,1.3802,1.38029,2.10,1.37
2015.08.20 04:14:06.359,1.3802,1.38029,2.10,1.37
2015.08.20 04:14:07.007,1.3802,1.38029,2.10,1.37
2015.08.20 04:14:07.326,1.3802,1.3803,2.10,1.27
2015.08.20 04:14:07.831,1.38022,1.3803,1.30,1.37
2015.08.20 04:14:09.761,1.38022,1.3803,1.35,1.37
2015.08.20 04:14:11.631,1.38021,1.38029,3.07,1.12
2015.08.20 04:14:12.150,1.38021,1.38031,3.30,1.50
2015.08.20 04:14:22.340,1.38023,1.38031,2.47,1.37
2015.08.20 04:14:22.396,1.38023,1.38031,2.47,1.00
2015.08.20 04:14:22.916,1.38022,1.38032,1.37,1.00
2015.08.20 04:14:22.967,1.38022,1.38032,1.27,1.87
2015.08.20 04:14:23.502,1.3802,1.3803,3.00,1.00
2015.08.20 04:14:24.293,1.38021,1.3803,1.60,1.37
2015.08.20 04:14:32.725,1.38022,1.38029,1.35,1.37
2015.08.20 04:14:33.731,1.38021,1.38029,1.35,1.37
2015.08.20 04:14:34.328,1.38022,1.38029,1.00,1.37
2015.08.20 04:14:35.323,1.38021,1.38029,1.35,1.37
2015.08.20 04:14:35.984,1.38022,1.38029,1.00,1.37
2015.08.20 04:14:38.959,1.38021,1.38029,1.35,1.37
2015.08.20 04:14:39.603,1.38022,1.38029,1.00,1.37
2015.08.20 04:14:40.272,1.38021,1.38029,1.35,1.37
2015.08.20 04:14:40.776,1.38022,1.38029,1.00,1.37
2015.08.20 04:14:53.463,1.38021,1.38031,1.35,3.07
2015.08.20 04:14:54.006,1.38022,1.3803,1.35,1.87
2015.08.20 04:14:54.360,1.38021,1.3803,1.60,1.87
2015.08.20 04:14:54.904,1.38021,1.3803,1.72,1.50
2015.08.20 04:14:56.788,1.38022,1.38029,1.00,1.37
2015.08.20 04:14:58.144,1.38022,1.38029,1.35,1.37
2015.08.20 04:14:58.697,1.38021,1.38031,1.35,4.20
2015.08.20 04:14:59.203,1.38022,1.38031,1.00,4.20
2015.08.20 04:14:59.843,1.38018,1.38028,4.87,1.50
2015.08.20 04:15:00.452,1.38023,1.3803,1.45,1.00
2015.08.20 04:15:00.553,1.38019,1.38029,2.10,1.00
2015.08.20 04:15:00.756,1.38018,1.38027,3.67,1.00
2015.08.20 04:15:01.257,1.38019,1.38027,1.30,1.00
2015.08.20 04:15:01.559,1.38018,1.38027,6.22,1.37
2015.08.20 04:15:06.987,1.38019,1.38027,1.97,1.37
2015.08.20 04:15:07.538,1.38022,1.38027,1.00,1.37
2015.08.20 04:15:08.490,1.38021,1.38027,1.35,1.37
2015.08.20 04:15:09.387,1.38022,1.38027,1.00,1.37
2015.08.20 04:15:09.923,1.38021,1.38027,1.35,1.37
2015.08.20 04:15:10.811,1.38022,1.38027,1.00,1.37
2015.08.20 04:15:12.532,1.38021,1.38027,1.35,1.37
2015.08.20 04:15:13.397,1.38022,1.38027,1.00,1.37
2015.08.20 04:15:14.305,1.38021,1.38027,1.60,1.37
2015.08.20 04:15:15.172,1.38022,1.38027,1.35,1.37
2015.08.20 04:15:20.768,1.38018,1.38027,2.74,1.37
2015.08.20 04:15:21.374,1.38018,1.38027,3.97,1.37
2015.08.20 04:15:22.856,1.38018,1.38027,2.47,1.37
2015.08.20 04:15:23.008,1.38017,1.38027,2.47,1.37
2015.08.20 04:15:23.514,1.38017,1.38027,1.00,1.87
2015.08.20 04:15:27.007,1.38016,1.38025,2.25,1.00
2015.08.20 04:15:27.109,1.38017,1.38025,1.00,1.87
2015.08.20 04:15:27.619,1.38014,1.38025,2.10,3.37
2015.08.20 04:15:27.924,1.38017,1.38025,1.00,1.87
2015.08.20 04:15:29.698,1.38017,1.38025,1.00,1.87
2015.08.20 04:15:31.812,1.38019,1.38025,1.37,1.00
2015.08.20 04:15:31.914,1.38019,1.38029,2.47,2.25
2015.08.20 04:15:32.421,1.38021,1.38029,1.00,1.00
2015.08.20 04:15:32.574,1.38024,1.38029,1.00,1.00
2015.08.20 04:15:32.726,1.38024,1.38034,1.00,1.12
2015.08.20 04:15:33.243,1.38024,1.38034,1.00,1.00
2015.08.20 04:15:33.869,1.38025,1.38034,1.00,1.00
2015.08.20 04:15:41.933,1.38025,1.38034,1.37,1.12
2015.08.20 04:15:42.857,1.38025,1.38034,1.12,1.12
2015.08.20 04:15:52.719,1.38025,1.38035,2.25,1.37
2015.08.20 04:15:53.708,1.38025,1.38035,2.25,1.37
2015.08.20 04:15:54.357,1.38025,1.38035,2.25,1.87
2015.08.20 04:15:54.509,1.38026,1.38035,1.12,1.87
2015.08.20 04:15:55.015,1.38024,1.38033,1.67,1.37
2015.08.20 04:15:55.967,1.38025,1.38033,1.00,1.37
2015.08.20 04:15:56.486,1.38024,1.38035,1.67,2.62
2015.08.20 04:15:57.033,1.38024,1.38035,1.67,2.62
2015.08.20 04:15:57.871,1.38024,1.38035,1.67,2.62
2015.08.20 04:15:58.391,1.38024,1.38035,1.35,2.62
2015.08.20 04:16:00.437,1.38026,1.38033,1.00,1.00
2015.08.20 04:16:01.627,1.38026,1.38034,1.00,1.00
2015.08.20 04:16:01.941,1.38025,1.38035,1.67,1.87
2015.08.20 04:16:02.497,1.38023,1.38035,3.79,1.87
2015.08.20 04:16:03.124,1.38025,1.38034,1.00,1.37
2015.08.20 04:16:03.797,1.38024,1.38034,1.35,1.37
2015.08.20 04:16:04.513,1.38024,1.38034,1.67,1.37
2015.08.20 04:16:05.061,1.38025,1.38034,1.12,1.37
2015.08.20 04:16:06.103,1.38023,1.38034,1.97,1.37
2015.08.20 04:16:06.456,1.38023,1.38033,1.00,1.12
2015.08.20 04:16:07.317,1.38022,1.38032,1.72,1.20
2015.08.20 04:16:07.621,1.38021,1.38028,1.30,3.07
2015.08.20 04:16:08.127,1.38019,1.38027,2.47,1.50
2015.08.20 04:16:08.699,1.38021,1.38027,1.30,1.12
2015.08.20 04:16:09.514,1.38019,1.38027,2.47,1.50
2015.08.20 04:16:09.846,1.38018,1.38026,3.97,1.37
2015.08.20 04:16:10.396,1.38018,1.38026,2.47,1.12
2015.08.20 04:16:10.900,1.38018,1.38026,2.47,1.37
2015.08.20 04:16:11.416,1.38019,1.38026,2.47,1.37
2015.08.20 04:16:11.468,1.38021,1.38028,1.60,1.20
2015.08.20 04:16:12.104,1.38023,1.38033,2.47,3.45
2015.08.20 04:16:12.155,1.38024,1.38035,2.10,1.85
2015.08.20 04:16:12.307,1.38024,1.38036,2.47,1.37
2015.08.20 04:16:12.610,1.38026,1.38036,1.00,2.25
2015.08.20 04:16:13.493,1.38032,1.38039,1.00,1.12
2015.08.20 04:16:13.848,1.38029,1.38038,1.00,1.50
2015.08.20 04:16:14.101,1.38027,1.38038,1.50,1.87
2015.08.20 04:16:14.850,1.38027,1.38037,1.87,1.37
2015.08.20 04:16:19.547,1.38027,1.38036,1.50,1.00
2015.08.20 04:16:19.734,1.38027,1.38037,1.87,1.75
2015.08.20 04:16:19.983,1.38027,1.38036,1.50,1.00
2015.08.20 04:16:21.867,1.38027,1.38035,1.00,1.00
2015.08.20 04:16:21.918,1.38026,1.38035,1.50,1.87
2015.08.20 04:16:22.430,1.38026,1.38034,1.00,1.12
2015.08.20 04:16:24.477,1.38026,1.38035,1.37,1.00
2015.08.20 04:16:25.020,1.38026,1.38034,1.37,1.00
2015.08.20 04:16:27.253,1.38026,1.38035,1.37,1.00
2015.08.20 04:16:28.587,1.38025,1.38035,2.10,1.37
2015.08.20 04:16:28.841,1.38025,1.38033,1.12,1.37
2015.08.20 04:16:29.823,1.38025,1.38032,1.60,1.00
2015.08.20 04:16:29.874,1.38026,1.38035,1.30,1.50
2015.08.20 04:16:29.976,1.38025,1.38035,2.10,1.37
2015.08.20 04:16:30.178,1.38023,1.38034,4.05,1.50
2015.08.20 04:16:30.482,1.38023,1.38032,2.25,1.00
2015.08.20 04:16:30.685,1.38025,1.38035,1.35,1.95
2015.08.20 04:16:30.989,1.38024,1.38035,1.20,1.87
2015.08.20 04:16:31.506,1.38023,1.38032,1.12,1.00
2015.08.20 04:16:33.346,1.38023,1.38032,1.12,1.37
2015.08.20 04:16:43.807,1.38023,1.38032,1.72,1.37
2015.08.20 04:16:44.309,1.38023,1.38032,2.47,1.37
2015.08.20 04:16:47.316,1.38023,1.3803,1.72,1.12
2015.08.20 04:16:47.825,1.38022,1.38031,1.00,2.25
2015.08.20 04:16:48.330,1.38022,1.3803,1.30,1.12
2015.08.20 04:16:48.988,1.38023,1.3803,1.35,1.87
2015.08.20 04:16:54.096,1.38023,1.3803,1.30,1.87
2015.08.20 04:16:57.475,1.38022,1.3803,1.30,1.87
2015.08.20 04:16:58.017,1.38021,1.3803,1.50,1.87
2015.08.20 04:16:58.667,1.38022,1.38031,1.35,2.25
2015.08.20 04:16:59.725,1.38023,1.3803,1.30,1.87
2015.08.20 04:17:00.271,1.38021,1.38031,2.17,3.00
2015.08.20 04:17:02.036,1.38022,1.3803,1.35,1.87
2015.08.20 04:17:03.038,1.3802,1.38029,1.35,1.37
2015.08.20 04:17:03.590,1.38021,1.38029,1.30,1.87
2015.08.20 04:17:03.691,1.3802,1.38026,1.30,1.00
2015.08.20 04:17:03.894,1.38016,1.38025,1.12,1.12
2015.08.20 04:17:04.684,1.38016,1.38024,1.12,1.12
2015.08.20 04:17:04.848,1.38017,1.38025,1.87,1.37
2015.08.20 04:17:05.001,1.38018,1.38026,1.37,1.00
2015.08.20 04:17:05.052,1.38018,1.38028,1.37,1.20
2015.08.20 04:17:05.560,1.38018,1.38029,1.12,1.27
2015.08.20 04:17:06.237,1.38016,1.38027,3.37,1.00
2015.08.20 04:17:06.744,1.38016,1.38028,3.75,1.87
2015.08.20 04:17:06.847,1.38016,1.38028,1.27,3.00
2015.08.20 04:17:07.487,1.38015,1.38024,2.10,1.37
2015.08.20 04:17:07.904,1.38015,1.38024,2.10,1.37
2015.08.20 04:17:08.410,1.38015,1.38024,2.47,1.37
2015.08.20 04:17:09.842,1.38015,1.38024,1.72,1.12
2015.08.20 04:17:10.360,1.38016,1.38024,1.30,1.37
2015.08.20 04:17:12.431,1.38015,1.38024,1.97,1.12
2015.08.20 04:17:12.948,1.38015,1.38023,1.35,1.50
2015.08.20 04:17:14.149,1.38014,1.38023,1.72,1.87
2015.08.20 04:17:14.687,1.38013,1.38021,2.47,1.00
2015.08.20 04:17:15.193,1.38013,1.38022,2.47,1.12
2015.08.20 04:17:16.473,1.38013,1.38022,1.72,1.37
2015.08.20 04:17:16.982,1.38014,1.38023,1.72,1.37
2015.08.20 04:17:18.492,1.38015,1.38024,2.47,1.00
2015.08.20 04:17:18.543,1.38015,1.38024,3.22,1.00
2015.08.20 04:17:18.948,1.38016,1.38025,1.35,2.25
2015.08.20 04:17:19.150,1.38014,1.38025,1.80,1.00
2015.08.20 04:17:19.775,1.38013,1.38025,4.42,2.62
2015.08.20 04:17:20.040,1.38015,1.38024,1.30,1.37
2015.08.20 04:17:20.448,1.38014,1.38024,1.12,1.12
2015.08.20 04:17:22.075,1.38014,1.38024,1.12,1.12
2015.08.20 04:17:22.404,1.38015,1.38024,1.60,1.12
2015.08.20 04:17:23.823,1.38016,1.38025,1.60,2.25
2015.08.20 04:17:24.329,1.38017,1.38025,1.30,1.37
2015.08.20 04:17:26.238,1.38016,1.38025,1.97,1.37
2015.08.20 04:17:26.289,1.38018,1.38026,1.72,1.12
2015.08.20 04:17:26.390,1.38019,1.38028,1.37,1.95
2015.08.20 04:17:26.492,1.38016,1.38024,1.80,1.00
2015.08.20 04:17:26.897,1.38013,1.38024,1.60,1.10
2015.08.20 04:17:27.100,1.38013,1.38023,1.60,1.20
2015.08.20 04:17:27.712,1.38012,1.38021,2.10,1.00
2015.08.20 04:17:27.766,1.38012,1.38022,1.35,1.57
2015.08.20 04:17:28.069,1.38013,1.38023,1.60,1.57
2015.08.20 04:17:28.120,1.38013,1.38023,1.60,1.20
2015.08.20 04:17:28.627,1.38015,1.38023,1.30,1.00
2015.08.20 04:17:29.307,1.38014,1.38025,1.30,2.62
2015.08.20 04:17:29.670,1.38013,1.3802,1.47,1.37
2015.08.20 04:17:29.823,1.38011,1.3802,2.47,1.37
2015.08.20 04:17:29.874,1.38011,1.3802,1.72,1.50
2015.08.20 04:17:30.599,1.38012,1.38019,1.30,1.12
2015.08.20 04:17:31.057,1.38012,1.38022,4.12,1.00
2015.08.20 04:17:31.592,1.38014,1.38024,1.72,1.50
2015.08.20 04:17:31.895,1.38013,1.38016,1.00,1.00
2015.08.20 04:17:32.047,1.38009,1.38016,1.97,1.00
2015.08.20 04:17:32.482,1.3801,1.38016,2.47,1.00
2015.08.20 04:17:32.535,1.38012,1.3802,1.60,1.27
2015.08.20 04:17:32.636,1.38012,1.38022,2.92,1.50
2015.08.20 04:17:32.687,1.38014,1.38023,1.60,1.57
2015.08.20 04:17:32.991,1.38011,1.38021,1.12,1.50
2015.08.20 04:17:33.294,1.38009,1.38017,1.50,1.00
2015.08.20 04:17:33.921,1.38011,1.38021,1.42,1.37
2015.08.20 04:17:34.277,1.3801,1.38018,1.05,1.00
2015.08.20 04:17:34.803,1.38009,1.38018,2.10,1.00
2015.08.20 04:17:36.120,1.38009,1.38018,2.47,1.12
2015.08.20 04:17:36.639,1.38009,1.38018,1.97,1.12
2015.08.20 04:17:37.198,1.38011,1.38018,1.30,1.12
2015.08.20 04:17:38.014,1.3801,1.38018,1.35,1.12
2015.08.20 04:17:38.538,1.38009,1.38018,1.97,1.37
2015.08.20 04:17:39.208,1.38009,1.38019,2.47,2.25
2015.08.20 04:17:39.410,1.38009,1.38019,2.10,2.25
2015.08.20 04:17:39.874,1.38009,1.38019,2.10,1.87
2015.08.20 04:17:41.143,1.38012,1.38017,1.30,1.00
2015.08.20 04:17:55.156,1.38012,1.38018,1.30,1.00
2015.08.20 04:17:55.409,1.38013,1.3802,1.30,1.12
2015.08.20 04:17:55.983,1.38013,1.38021,1.30,3.37
2015.08.20 04:17:56.613,1.38011,1.3802,1.80,1.12
2015.08.20 04:17:57.416,1.38013,1.38021,1.30,2.25
2015.08.20 04:17:57.929,1.38012,1.3802,1.60,1.12
2015.08.20 04:17:58.495,1.38012,1.38021,1.60,2.25
2015.08.20 04:17:59.020,1.38012,1.3802,1.60,1.12
2015.08.20 04:17:59.571,1.38011,1.38021,2.85,1.87
2015.08.20 04:18:00.227,1.38011,1.3802,2.85,1.12
2015.08.20 04:18:01.191,1.38011,1.38021,2.85,1.87
2015.08.20 04:18:02.959,1.38011,1.3802,2.85,1.12
2015.08.20 04:18:03.162,1.38012,1.3802,3.37,1.12
2015.08.20 04:18:03.365,1.38012,1.38023,3.30,2.62
2015.08.20 04:18:03.896,1.38014,1.38024,1.35,2.25
2015.08.20 04:18:04.753,1.38014,1.38024,2.10,1.37
2015.08.20 04:18:12.184,1.38015,1.3802,1.30,1.12
2015.08.20 04:18:14.354,1.38013,1.38021,3.00,1.12
2015.08.20 04:18:14.899,1.38013,1.3802,3.00,1.12
2015.08.20 04:18:15.490,1.38013,1.38021,3.00,1.12
2015.08.20 04:18:16.006,1.38013,1.3802,3.00,1.12
2015.08.20 04:18:18.733,1.38014,1.3802,1.30,1.12
2015.08.20 04:18:19.423,1.38013,1.38021,1.72,2.25
2015.08.20 04:18:19.474,1.38013,1.3802,1.30,1.50
2015.08.20 04:18:19.677,1.3801,1.38021,4.05,4.50
2015.08.20 04:18:20.211,1.3801,1.3802,4.42,1.50
2015.08.20 04:18:20.363,1.3801,1.38019,3.67,2.25
2015.08.20 04:18:20.666,1.3801,1.38015,2.47,1.12
2015.08.20 04:18:21.713,1.3801,1.38016,1.60,1.12
2015.08.20 04:18:22.214,1.38009,1.38015,2.17,1.12
2015.08.20 04:18:22.719,1.38009,1.38016,2.17,1.87
2015.08.20 04:18:23.605,1.38009,1.38015,2.17,1.12
2015.08.20 04:18:24.134,1.38009,1.38016,2.17,1.12
2015.08.20 04:18:28.126,1.38012,1.38017,1.30,1.12
2015.08.20 04:18:44.068,1.3801,1.38017,3.97,1.00
2015.08.20 04:18:44.672,1.3801,1.38017,1.97,1.12
2015.08.20 04:18:45.177,1.38011,1.38017,1.30,1.00
2015.08.20 04:18:45.781,1.38012,1.38017,1.30,1.00
2015.08.20 04:18:46.531,1.38011,1.38017,1.97,1.00
2015.08.20 04:18:51.356,1.38012,1.38018,1.30,1.37
2015.08.20 04:18:51.508,1.38012,1.3802,1.00,1.00
2015.08.20 04:18:51.872,1.38012,1.38022,1.87,2.25
2015.08.20 04:18:52.183,1.38012,1.38017,1.12,1.00
2015.08.20 04:18:52.704,1.38009,1.38017,3.22,1.00
2015.08.20 04:18:53.408,1.38009,1.38017,2.47,1.00
2015.08.20 04:18:54.378,1.38011,1.38017,1.30,1.12
2015.08.20 04:18:54.889,1.38009,1.38017,2.85,1.12
2015.08.20 04:18:55.842,1.38011,1.38017,1.30,1.12
2015.08.20 04:18:56.433,1.38011,1.38015,1.30,1.00
2015.08.20 04:18:56.938,1.38008,1.38016,2.47,1.00
2015.08.20 04:18:57.474,1.38009,1.38016,2.10,1.00
2015.08.20 04:18:57.995,1.38012,1.38016,1.30,1.00
2015.08.20 04:18:59.660,1.38009,1.38016,1.97,1.37
2015.08.20 04:19:00.165,1.38009,1.38016,1.97,1.12
2015.08.20 04:19:01.101,1.38008,1.38016,2.85,1.00
2015.08.20 04:19:02.179,1.38008,1.38014,1.72,1.00
2015.08.20 04:19:02.592,1.38007,1.38014,1.12,1.75
2015.08.20 04:19:02.694,1.38003,1.38009,3.07,1.12
2015.08.20 04:19:02.846,1.38003,1.38009,1.12,1.12
2015.08.20 04:19:03.352,1.38002,1.38009,1.00,1.12
2015.08.20 04:19:04.080,1.38002,1.38009,1.00,1.37
2015.08.20 04:19:04.482,1.38,1.38008,1.00,1.37
2015.08.20 04:19:04.686,1.37998,1.38008,2.85,1.37
2015.08.20 04:19:05.016,1.38,1.38008,1.00,1.37
2015.08.20 04:19:05.537,1.38,1.38008,1.12,1.12
2015.08.20 04:19:06.069,1.38,1.38008,1.00,1.37
2015.08.20 04:19:06.579,1.37999,1.38008,1.00,1.37
2015.08.20 04:19:07.090,1.37999,1.38008,1.35,1.12
2015.08.20 04:19:07.618,1.37999,1.38007,1.12,1.12
2015.08.20 04:19:08.547,1.38001,1.38007,1.00,1.12
2015.08.20 04:19:13.910,1.38001,1.38007,1.00,1.37
2015.08.20 04:19:14.390,1.38003,1.38006,1.00,1.12
2015.08.20 04:19:14.492,1.38001,1.38008,1.00,1.37
2015.08.20 04:19:15.313,1.38002,1.38007,1.00,1.00
2015.08.20 04:19:19.014,1.38002,1.38009,1.00,1.12
2015.08.20 04:19:19.166,1.38002,1.38009,1.00,1.37
2015.08.20 04:19:20.328,1.38002,1.38008,1.00,1.00
2015.08.20 04:19:20.833,1.38002,1.38009,1.50,1.00
2015.08.20 04:19:21.348,1.38003,1.38008,1.00,1.00
2015.08.20 04:19:22.228,1.38003,1.38009,1.12,1.00
2015.08.20 04:19:22.330,1.38003,1.38012,1.12,1.95
2015.08.20 04:19:22.381,1.38003,1.38013,1.37,2.70
2015.08.20 04:19:22.887,1.38006,1.38013,1.12,1.50
2015.08.20 04:19:23.567,1.38005,1.38013,1.87,1.12
2015.08.20 04:19:24.597,1.38005,1.38013,1.37,1.12
2015.08.20 04:19:26.359,1.38005,1.38013,1.12,1.00
2015.08.20 04:19:30.876,1.38006,1.38012,1.00,1.00
2015.08.20 04:19:31.028,1.38006,1.38015,1.50,1.87
2015.08.20 04:19:31.079,1.38008,1.38015,1.00,1.50
2015.08.20 04:19:32.022,1.38008,1.38014,1.00,1.00
2015.08.20 04:19:32.533,1.38008,1.38016,1.00,4.57
2015.08.20 04:19:33.071,1.38008,1.38014,1.00,1.00
2015.08.20 04:19:39.200,1.38007,1.38016,1.37,1.95
2015.08.20 04:19:39.727,1.38007,1.38016,1.37,1.87
2015.08.20 04:19:40.058,1.38008,1.38015,1.37,1.12
2015.08.20 04:19:40.109,1.38008,1.38015,1.37,1.12
2015.08.20 04:19:40.623,1.38007,1.38015,1.87,1.12
2015.08.20 04:19:41.177,1.38007,1.38016,1.37,1.87
2015.08.20 04:19:42.129,1.38007,1.38015,1.37,1.12
2015.08.20 04:19:42.689,1.38006,1.38016,3.75,1.87
2015.08.20 04:19:43.279,1.38008,1.38016,1.37,1.87
2015.08.20 04:19:43.911,1.38008,1.38015,1.37,1.12
2015.08.20 04:19:45.835,1.38008,1.38016,1.37,1.87
2015.08.20 04:19:46.416,1.38008,1.38015,1.37,1.12
2015.08.20 04:19:48.021,1.38008,1.38016,1.37,1.87
2015.08.20 04:19:49.467,1.38008,1.38015,1.37,1.12
2015.08.20 04:19:49.518,1.38008,1.38015,1.50,1.12
2015.08.20 04:19:49.671,1.38012,1.3802,1.37,1.57
2015.08.20 04:19:49.722,1.38012,1.3802,1.00,1.10
2015.08.20 04:19:50.230,1.38013,1.3802,1.00,1.12
2015.08.20 04:19:50.900,1.38012,1.3802,1.87,1.12
2015.08.20 04:19:51.443,1.38012,1.38021,1.87,1.12
2015.08.20 04:19:52.457,1.38012,1.3802,1.87,1.12
2015.08.20 04:19:53.102,1.38012,1.38021,1.37,1.12
2015.08.20 04:19:53.643,1.38012,1.3802,1.87,1.12
2015.08.20 04:19:54.942,1.38012,1.38021,1.87,1.12
2015.08.20 04:19:55.785,1.38012,1.3802,1.37,1.12
2015.08.20 04:19:56.298,1.3801,1.3802,2.32,1.12
2015.08.20 04:19:56.802,1.3801,1.3802,1.50,3.00
2015.08.20 04:19:57.257,1.3801,1.3802,1.00,3.37
2015.08.20 04:20:00.171,1.38009,1.38015,1.50,1.50
2015.08.20 04:20:00.222,1.38006,1.38015,1.95,1.87
2015.08.20 04:20:00.373,1.38004,1.38015,2.62,1.87
2015.08.20 04:20:00.880,1.38004,1.38014,1.87,1.12
2015.08.20 04:20:01.134,1.38005,1.38014,1.00,1.00
2015.08.20 04:20:01.235,1.38005,1.38014,1.00,1.37
2015.08.20 04:20:02.469,1.38004,1.3801,1.37,1.87
2015.08.20 04:20:02.531,1.38,1.38009,1.50,1.00
2015.08.20 04:20:03.078,1.38,1.3801,1.37,3.37
2015.08.20 04:20:03.586,1.38,1.38009,1.37,1.00
2015.08.20 04:20:04.255,1.38001,1.3801,1.87,2.62
2015.08.20 04:20:04.306,1.38001,1.38012,3.37,1.12
2015.08.20 04:20:04.408,1.38003,1.38014,1.37,3.00
2015.08.20 04:20:05.483,1.38003,1.38013,1.50,1.00
2015.08.20 04:20:05.892,1.38003,1.38012,2.25,1.00
2015.08.20 04:20:06.410,1.38003,1.38013,2.25,1.12
2015.08.20 04:20:07.084,1.38003,1.38014,1.87,2.25
2015.08.20 04:20:07.772,1.38003,1.38014,1.87,2.25
2015.08.20 04:20:07.823,1.38001,1.38011,1.50,1.50
2015.08.20 04:20:08.127,1.38,1.38005,1.00,1.12
2015.08.20 04:20:08.178,1.37998,1.38005,1.00,1.12
2015.08.20 04:20:08.683,1.37999,1.38006,1.12,1.50
2015.08.20 04:20:09.335,1.37999,1.38005,1.12,1.12
2015.08.20 04:20:09.740,1.37996,1.38005,1.00,1.87
2015.08.20 04:20:10.245,1.37994,1.38004,1.37,1.87
2015.08.20 04:20:11.073,1.37994,1.38004,1.00,1.87
2015.08.20 04:20:11.124,1.37994,1.38,1.00,1.12
2015.08.20 04:20:11.529,1.37994,1.38004,1.35,1.00
2015.08.20 04:20:12.080,1.37995,1.38004,1.00,1.00
2015.08.20 04:20:13.023,1.37995,1.38005,1.37,2.62
2015.08.20 04:20:13.572,1.37995,1.38005,1.87,1.87
2015.08.20 04:20:19.868,1.37996,1.38006,1.37,1.00
2015.08.20 04:20:22.136,1.37996,1.38007,1.50,1.37
2015.08.20 04:20:26.514,1.37995,1.38008,2.25,3.45
2015.08.20 04:20:32.903,1.37996,1.38005,1.37,1.12
2015.08.20 04:20:35.607,1.37996,1.38006,1.37,1.12
2015.08.20 04:20:36.162,1.37996,1.38005,1.37,1.12
2015.08.20 04:20:36.923,1.37995,1.38006,2.32,1.12
2015.08.20 04:20:37.947,1.37995,1.38005,3.07,1.12
2015.08.20 04:20:38.458,1.37995,1.38006,2.32,1.12
2015.08.20 04:20:38.977,1.37995,1.38005,3.07,1.12
2015.08.20 04:20:41.959,1.37995,1.38006,2.32,1.12
2015.08.20 04:20:42.808,1.37995,1.38005,3.07,1.12
2015.08.20 04:20:43.754,1.37996,1.38008,1.50,1.50
2015.08.20 04:20:44.565,1.37998,1.38008,3.22,1.00
2015.08.20 04:20:45.025,1.38001,1.38012,2.66,1.00
2015.08.20 04:20:45.328,1.38001,1.38012,1.72,1.00
2015.08.20 04:20:45.430,1.38,1.3801,3.60,1.00
2015.08.20 04:20:45.482,1.38,1.3801,3.75,1.00
2015.08.20 04:20:49.398,1.38,1.3801,1.87,1.37
2015.08.20 04:20:50.508,1.38,1.38011,1.87,1.87
2015.08.20 04:20:51.192,1.38,1.38009,1.37,1.37
2015.08.20 04:20:54.585,1.38,1.38009,1.12,1.37
2015.08.20 04:20:56.085,1.38,1.38009,1.00,1.37
2015.08.20 04:20:56.590,1.37999,1.38009,1.50,1.37
2015.08.20 04:21:07.202,1.37999,1.38007,1.00,1.50
2015.08.20 04:21:17.349,1.37997,1.38006,1.37,1.12
2015.08.20 04:21:19.030,1.37996,1.38006,1.37,1.37
2015.08.20 04:21:19.551,1.37996,1.38006,1.37,1.00
2015.08.20 04:21:20.093,1.37997,1.38007,1.12,2.25
2015.08.20 04:21:20.624,1.37996,1.38006,1.37,1.37
2015.08.20 04:21:21.186,1.37997,1.38005,1.37,1.12
2015.08.20 04:21:21.720,1.37997,1.38006,1.37,1.50
2015.08.20 04:21:22.968,1.37996,1.38005,1.87,1.12
2015.08.20 04:21:23.501,1.37996,1.38006,1.87,1.50
2015.08.20 04:21:24.004,1.37997,1.38005,1.37,1.12
2015.08.20 04:21:25.068,1.37997,1.38007,1.37,1.12
2015.08.20 04:21:44.860,1.37998,1.38008,1.37,1.57
2015.08.20 04:21:45.467,1.37998,1.38008,1.37,1.57
2015.08.20 04:21:46.010,1.38,1.38009,1.12,3.00
2015.08.20 04:21:46.061,1.38,1.38009,1.87,1.50
2015.08.20 04:21:46.450,1.38005,1.3801,1.00,1.10
2015.08.20 04:21:46.552,1.38,1.38011,2.62,1.00
2015.08.20 04:21:46.704,1.38,1.38009,2.62,1.00
2015.08.20 04:21:47.421,1.38,1.38009,1.00,1.00
2015.08.20 04:21:48.374,1.38001,1.38009,1.00,1.00
2015.08.20 04:21:49.081,1.38,1.38009,1.50,1.00
2015.08.20 04:21:49.702,1.38001,1.38009,1.00,1.00
2015.08.20 04:21:50.984,1.38,1.38009,1.50,1.00
2015.08.20 04:21:51.584,1.38,1.38009,1.87,1.37
2015.08.20 04:21:52.419,1.38001,1.38009,1.00,1.37
2015.08.20 04:21:53.157,1.38001,1.38008,1.00,1.37
2015.08.20 04:21:53.208,1.37999,1.38008,1.12,1.37
2015.08.20 04:21:54.882,1.37997,1.38008,1.87,2.62
2015.08.20 04:21:54.933,1.37997,1.38005,1.87,1.12
2015.08.20 04:21:55.457,1.37997,1.38006,1.50,1.57
2015.08.20 04:21:55.761,1.37997,1.38006,2.62,1.57
2015.08.20 04:21:56.307,1.37998,1.38005,1.00,1.12
2015.08.20 04:21:56.890,1.37997,1.38005,1.00,1.12
2015.08.20 04:21:57.400,1.37997,1.38005,1.37,2.25
2015.08.20 04:21:57.919,1.37997,1.38006,1.87,1.57
2015.08.20 04:21:58.466,1.37997,1.38005,1.87,1.12
2015.08.20 04:21:59.284,1.37997,1.38005,2.62,1.12
2015.08.20 04:21:59.486,1.37997,1.38008,3.75,2.02
2015.08.20 04:21:59.639,1.37998,1.38008,1.00,1.87
2015.08.20 04:21:59.690,1.37998,1.38005,1.00,1.12
2015.08.20 04:22:00.265,1.37997,1.38006,2.32,1.12
2015.08.20 04:22:00.796,1.37997,1.38005,1.95,1.12
2015.08.20 04:22:01.399,1.37997,1.38006,1.95,1.12
2015.08.20 04:22:02.130,1.37997,1.38006,1.95,3.37
2015.08.20 04:22:02.434,1.37997,1.38005,1.00,1.50
2015.08.20 04:22:03.246,1.37997,1.38005,1.00,1.50
2015.08.20 04:22:04.304,1.37996,1.38005,1.12,1.50
2015.08.20 04:22:04.896,1.37997,1.38005,1.00,1.50
2015.08.20 04:22:05.581,1.37996,1.38005,1.12,1.50
2015.08.20 04:22:06.114,1.37997,1.38005,1.00,1.50
2015.08.20 04:22:07.978,1.37997,1.38006,1.00,3.90
2015.08.20 04:22:08.730,1.37996,1.38005,1.12,1.50
2015.08.20 04:22:09.257,1.37997,1.38005,1.00,1.50
2015.08.20 04:22:09.762,1.37996,1.38005,1.12,1.50
2015.08.20 04:22:10.461,1.37997,1.38006,1.00,3.37
2015.08.20 04:22:12.144,1.37997,1.38006,1.12,3.37
2015.08.20 04:22:13.181,1.37998,1.38006,1.00,2.25
2015.08.20 04:22:13.384,1.37999,1.38009,2.62,1.82
2015.08.20 04:22:13.486,1.38,1.3801,3.22,1.95
2015.08.20 04:22:13.898,1.38003,1.3801,1.00,1.87
2015.08.20 04:22:14.000,1.38003,1.38013,1.00,1.50
2015.08.20 04:22:14.253,1.38002,1.3801,1.87,1.12
2015.08.20 04:22:14.658,1.38002,1.38013,2.85,1.12
2015.08.20 04:22:15.606,1.38002,1.38013,2.85,1.12
2015.08.20 04:22:16.509,1.38002,1.38013,2.85,1.12
2015.08.20 04:22:16.611,1.38002,1.38013,3.22,1.50
2015.08.20 04:22:19.563,1.38002,1.38012,1.87,1.00
2015.08.20 04:22:19.614,1.38003,1.38012,1.00,1.37
2015.08.20 04:22:19.715,1.38003,1.3801,1.00,1.50
2015.08.20 04:22:20.142,1.38,1.3801,1.00,1.87
2015.08.20 04:22:20.827,1.38,1.3801,1.00,3.75
2015.08.20 04:22:21.363,1.37999,1.3801,2.40,1.87
2015.08.20 04:22:23.628,1.38,1.3801,1.00,3.75
2015.08.20 04:22:24.587,1.37999,1.3801,2.40,2.25
2015.08.20 04:22:26.692,1.37999,1.3801,2.40,4.12
2015.08.20 04:22:27.923,1.38,1.3801,1.00,4.12
2015.08.20 04:22:28.498,1.37999,1.3801,2.40,4.12
2015.08.20 04:22:32.538,1.38002,1.3801,1.00,1.75
2015.08.20 04:22:32.596,1.38005,1.3801,1.37,1.12
2015.08.20 04:22:32.647,1.38005,1.38013,1.87,1.00
2015.08.20 04:22:32.748,1.38006,1.38014,1.50,1.00
2015.08.20 04:22:33.203,1.38003,1.38013,2.25,1.00
2015.08.20 04:22:33.406,1.38002,1.38011,1.75,1.12
2015.08.20 04:22:34.312,1.38005,1.3801,1.00,1.12
2015.08.20 04:22:34.810,1.38005,1.38014,1.00,2.25
2015.08.20 04:22:35.063,1.38004,1.38015,1.37,6.15
2015.08.20 04:22:36.300,1.38004,1.38012,1.00,1.12
2015.08.20 04:22:37.367,1.38004,1.38012,1.00,1.37
2015.08.20 04:22:42.833,1.38004,1.38012,1.12,1.12
2015.08.20 04:22:47.985,1.38004,1.38014,1.37,1.12
2015.08.20 04:22:49.736,1.38005,1.38015,2.62,2.25
2015.08.20 04:22:52.510,1.38006,1.38016,1.87,1.50
2015.08.20 04:22:52.568,1.38007,1.38015,1.12,1.12
2015.08.20 04:22:52.770,1.38009,1.38017,1.00,1.00
2015.08.20 04:22:54.529,1.3801,1.38017,1.00,1.00
2015.08.20 04:22:55.050,1.3801,1.38018,1.50,1.50
2015.08.20 04:22:55.715,1.38013,1.3802,1.00,1.65
2015.08.20 04:22:59.910,1.38013,1.3802,1.37,1.87
2015.08.20 04:23:02.560,1.38013,1.3802,1.12,2.25
2015.08.20 04:23:04.912,1.38014,1.3802,1.12,2.62
2015.08.20 04:23:05.216,1.38016,1.38025,1.00,6.00
2015.08.20 04:23:05.318,1.38018,1.38025,1.00,1.12
2015.08.20 04:23:05.672,1.3802,1.38027,1.00,2.70
2015.08.20 04:23:06.903,1.3802,1.38027,1.00,2.70
2015.08.20 04:23:07.420,1.3802,1.38027,1.00,1.95
2015.08.20 04:23:09.931,1.3802,1.38025,1.87,1.12
2015.08.20 04:23:10.334,1.38022,1.38028,1.12,1.00
2015.08.20 04:23:10.983,1.38022,1.38029,1.12,1.00
2015.08.20 04:23:11.225,1.38022,1.38029,2.62,1.50
2015.08.20 04:23:11.529,1.38025,1.38031,1.87,1.00
2015.08.20 04:23:12.034,1.38025,1.38031,1.50,1.00
2015.08.20 04:23:12.604,1.38028,1.38031,1.00,1.00
2015.08.20 04:23:12.908,1.38026,1.38031,1.00,1.00
2015.08.20 04:23:13.745,1.38026,1.38032,1.00,1.50
2015.08.20 04:23:14.255,1.38026,1.38031,1.00,1.00
2015.08.20 04:23:15.014,1.38026,1.3803,1.00,1.12
2015.08.20 04:23:15.524,1.38026,1.38031,1.00,2.02
2015.08.20 04:23:16.029,1.38026,1.3803,1.00,1.12
2015.08.20 04:23:16.954,1.38026,1.38031,1.00,2.02
2015.08.20 04:23:17.471,1.38026,1.3803,1.00,1.12
2015.08.20 04:23:18.591,1.38026,1.38031,1.00,1.27
2015.08.20 04:23:19.103,1.38026,1.3803,1.00,1.12
2015.08.20 04:23:20.060,1.38026,1.3803,1.00,1.50
2015.08.20 04:23:20.162,1.38024,1.38029,1.00,1.50
2015.08.20 04:23:20.213,1.38021,1.38026,1.00,1.12
2015.08.20 04:23:20.718,1.38021,1.38025,1.00,1.12
2015.08.20 04:23:21.279,1.3802,1.38025,1.50,1.12
2015.08.20 04:23:21.796,1.38021,1.38026,1.00,1.12
2015.08.20 04:23:22.313,1.3802,1.38025,1.50,1.12
2015.08.20 04:23:22.717,1.38022,1.38026,1.00,1.12
2015.08.20 04:23:23.185,1.38025,1.38027,1.00,1.12
2015.08.20 04:23:23.236,1.38026,1.3803,1.00,2.62
2015.08.20 04:23:23.490,1.38023,1.3803,1.00,1.50
2015.08.20 04:23:24.005,1.3802,1.38029,3.00,2.25
2015.08.20 04:23:24.521,1.3802,1.38029,1.37,3.75
2015.08.20 04:23:25.628,1.38026,1.3803,1.00,1.00
2015.08.20 04:23:25.780,1.38024,1.3803,1.50,1.00
2015.08.20 04:23:26.287,1.38023,1.38029,1.00,1.00
2015.08.20 04:23:26.388,1.3802,1.3803,1.00,5.25
2015.08.20 04:23:26.796,1.3802,1.38029,1.12,2.25
2015.08.20 04:23:27.100,1.38023,1.38029,1.37,1.00
2015.08.20 04:23:27.694,1.38025,1.38029,1.00,1.00
2015.08.20 04:23:27.753,1.38022,1.38031,1.37,3.75
2015.08.20 04:23:28.502,1.38022,1.3803,1.00,3.00
2015.08.20 04:23:29.555,1.38022,1.3803,1.37,2.62
2015.08.20 04:23:38.229,1.38019,1.3803,1.37,4.12
2015.08.20 04:23:38.331,1.38018,1.38025,1.50,1.12
2015.08.20 04:23:38.584,1.38015,1.38025,1.87,1.20
2015.08.20 04:23:39.513,1.38015,1.38025,2.62,1.20
2015.08.20 04:23:40.079,1.38015,1.38026,2.62,3.00
2015.08.20 04:23:40.742,1.38015,1.38025,1.87,1.65
2015.08.20 04:23:41.365,1.38015,1.38025,1.37,2.77
2015.08.20 04:23:42.120,1.38015,1.38024,1.87,1.37
2015.08.20 04:23:45.028,1.38015,1.38024,1.12,1.75
2015.08.20 04:23:45.533,1.38015,1.38023,1.12,1.37
2015.08.20 04:23:46.082,1.38014,1.38024,1.50,1.42
2015.08.20 04:23:46.704,1.38013,1.38015,1.00,1.12
2015.08.20 04:23:46.755,1.38006,1.3801,1.47,1.00
2015.08.20 04:23:46.806,1.38006,1.38009,1.10,1.12
2015.08.20 04:23:46.907,1.38007,1.38009,1.00,1.12
2015.08.20 04:23:47.009,1.38007,1.38009,1.00,1.00
2015.08.20 04:23:47.110,1.38002,1.38009,1.37,1.00
2015.08.20 04:23:47.211,1.38,1.38005,2.85,1.12
2015.08.20 04:23:47.262,1.38001,1.38005,1.00,1.12
2015.08.20 04:23:47.313,1.38,1.3801,3.22,1.50
2015.08.20 04:23:47.420,1.38001,1.3801,1.12,1.12
2015.08.20 04:23:48.352,1.38,1.3801,1.12,2.40
2015.08.20 04:23:48.706,1.38002,1.38011,1.00,2.32
2015.08.20 04:23:49.010,1.37999,1.38005,1.50,1.12
2015.08.20 04:23:49.668,1.37998,1.38005,1.72,1.12
2015.08.20 04:23:50.231,1.37997,1.38005,2.47,1.12
2015.08.20 04:23:50.534,1.38,1.38005,1.00,1.12
2015.08.20 04:23:50.636,1.38,1.38009,1.72,1.20
2015.08.20 04:23:51.496,1.37999,1.3801,2.10,2.25
2015.08.20 04:23:52.022,1.38,1.38009,1.67,1.50
2015.08.20 04:23:52.752,1.38,1.38009,1.67,1.50
2015.08.20 04:23:53.091,1.38,1.38009,1.67,1.12
2015.08.20 04:23:53.142,1.38002,1.38011,1.37,3.45
2015.08.20 04:23:53.496,1.38001,1.3801,1.37,1.12
2015.08.20 04:23:53.598,1.38001,1.3801,1.37,1.12
2015.08.20 04:23:53.912,1.38001,1.3801,1.37,1.12
2015.08.20 04:23:55.022,1.38001,1.3801,1.50,1.12
2015.08.20 04:23:55.325,1.38,1.3801,4.35,1.12
2015.08.20 04:23:55.830,1.38002,1.38011,1.37,3.37
2015.08.20 04:23:56.364,1.38001,1.3801,2.62,1.12
2015.08.20 04:23:56.905,1.38001,1.3801,2.25,1.12
2015.08.20 04:23:57.411,1.38003,1.3801,2.47,1.12
2015.08.20 04:23:58.027,1.38003,1.38011,1.72,1.87
2015.08.20 04:23:58.606,1.38003,1.3801,1.72,1.12
2015.08.20 04:23:59.224,1.38002,1.38011,3.00,1.87
2015.08.20 04:23:59.772,1.38003,1.3801,1.30,1.12
2015.08.20 04:24:00.075,1.38003,1.3801,1.35,1.12
2015.08.20 04:24:00.949,1.38003,1.38011,1.35,1.87
2015.08.20 04:24:01.497,1.38004,1.3801,1.30,1.12
2015.08.20 04:24:02.261,1.38004,1.38011,1.30,2.25
2015.08.20 04:24:02.977,1.38005,1.38011,1.30,2.25
2015.08.20 04:24:03.537,1.38005,1.3801,1.30,1.12
2015.08.20 04:24:04.116,1.38005,1.38011,1.30,2.25
2015.08.20 04:24:04.871,1.38003,1.3801,4.72,1.12
2015.08.20 04:24:05.527,1.38004,1.38011,1.67,1.12
2015.08.20 04:24:06.031,1.38003,1.3801,3.00,1.12
2015.08.20 04:24:06.543,1.38002,1.3801,1.87,1.50
2015.08.20 04:24:06.644,1.38002,1.38011,2.17,2.62
2015.08.20 04:24:07.211,1.38003,1.3801,1.70,1.12
2015.08.20 04:24:07.313,1.38002,1.3801,2.77,1.12
2015.08.20 04:24:07.666,1.38002,1.3801,4.12,1.12
2015.08.20 04:24:08.568,1.38005,1.3801,1.72,1.12
2015.08.20 04:24:09.090,1.38005,1.38011,1.72,1.12
2015.08.20 04:24:09.829,1.38005,1.3801,1.99,1.12
2015.08.20 04:24:10.446,1.38005,1.38011,1.37,1.12
2015.08.20 04:24:11.340,1.38007,1.38015,1.00,1.00
2015.08.20 04:24:11.951,1.38007,1.38015,1.12,3.00
2015.08.20 04:24:12.497,1.38007,1.38015,1.12,3.00
2015.08.20 04:24:13.254,1.38007,1.38015,1.12,3.37
2015.08.20 04:24:13.845,1.38007,1.38015,1.37,3.00
2015.08.20 04:24:14.355,1.38007,1.38015,1.97,1.12
2015.08.20 04:24:15.081,1.38007,1.38014,1.67,1.87
2015.08.20 04:24:15.388,1.38007,1.38011,1.00,1.00
2015.08.20 04:24:16.521,1.38006,1.38011,1.00,1.00
2015.08.20 04:24:17.316,1.38007,1.38011,1.35,1.00
2015.08.20 04:24:19.153,1.38007,1.38011,1.72,1.00
2015.08.20 04:24:19.878,1.38006,1.38011,1.00,1.00
2015.08.20 04:24:20.380,1.38004,1.38011,3.00,1.00
2015.08.20 04:24:22.098,1.38006,1.3801,1.37,1.12
2015.08.20 04:24:22.622,1.38006,1.38011,1.37,1.87
2015.08.20 04:24:22.672,1.38006,1.38011,1.37,1.87
2015.08.20 04:24:23.203,1.38005,1.3801,1.65,1.12
2015.08.20 04:24:24.592,1.38005,1.38011,1.65,1.87
2015.08.20 04:24:24.859,1.38005,1.3801,1.65,1.12
2015.08.20 04:24:25.366,1.38005,1.38011,1.50,1.00
2015.08.20 04:24:25.796,1.38004,1.38011,2.02,1.00
2015.08.20 04:24:26.196,1.38004,1.38008,1.65,1.12
2015.08.20 04:24:26.746,1.38004,1.38008,1.37,1.12
2015.08.20 04:24:29.488,1.38004,1.38008,1.30,1.12
2015.08.20 04:24:30.018,1.38003,1.38008,2.10,1.12
2015.08.20 04:24:30.451,1.38003,1.38007,2.10,1.12
2015.08.20 04:24:31.246,1.38004,1.38007,1.37,1.12
2015.08.20 04:24:31.860,1.38004,1.38007,1.12,1.12
2015.08.20 04:24:33.027,1.38004,1.38007,1.37,1.12
2015.08.20 04:24:33.839,1.38004,1.38007,1.12,1.12
2015.08.20 04:24:34.374,1.38004,1.38007,1.37,1.12
2015.08.20 04:24:34.966,1.38004,1.38007,1.12,1.12
2015.08.20 04:24:36.744,1.38004,1.38007,1.72,1.12
2015.08.20 04:24:37.442,1.38004,1.38007,1.72,1.12
2015.08.20 04:24:37.993,1.38003,1.38007,2.10,1.12
2015.08.20 04:24:38.540,1.38003,1.38007,2.10,1.12
2015.08.20 04:24:39.053,1.38003,1.38007,2.10,1.12
2015.08.20 04:24:39.593,1.38003,1.38007,2.47,1.12
2015.08.20 04:24:40.219,1.38003,1.38006,2.47,1.12
2015.08.20 04:24:41.554,1.38003,1.38007,2.10,1.12
2015.08.20 04:24:42.094,1.38004,1.38007,1.30,1.12
2015.08.20 04:24:44.061,1.38003,1.38007,2.10,1.12
2015.08.20 04:24:45.412,1.38003,1.38007,2.47,1.12
2015.08.20 04:24:46.018,1.38004,1.38007,1.05,1.12
2015.08.20 04:24:47.627,1.38004,1.38007,1.05,1.12
2015.08.20 04:24:48.323,1.38004,1.38008,1.42,1.12
2015.08.20 04:24:48.608,1.38004,1.38009,1.42,1.12
2015.08.20 04:24:49.169,1.38004,1.3801,1.42,1.12
2015.08.20 04:24:50.403,1.38004,1.3801,2.07,1.12
2015.08.20 04:24:50.707,1.38005,1.38011,1.80,1.12
2015.08.20 04:24:50.809,1.38006,1.38013,2.17,1.12
2015.08.20 04:24:51.114,1.38009,1.38014,1.20,1.12
2015.08.20 04:24:51.841,1.38008,1.38014,1.00,1.12
2015.08.20 04:24:52.094,1.38007,1.38012,1.37,1.00
2015.08.20 04:24:52.636,1.38007,1.38012,1.87,1.00
2015.08.20 04:24:53.152,1.38008,1.38012,1.00,1.00
2015.08.20 04:24:53.749,1.38007,1.38013,2.17,1.00
2015.08.20 04:24:54.290,1.38008,1.38012,1.72,1.00
2015.08.20 04:24:55.962,1.38008,1.38013,1.67,1.00
2015.08.20 04:24:56.886,1.38007,1.38014,2.62,1.12
2015.08.20 04:24:56.937,1.38007,1.38011,2.62,1.12
2015.08.20 04:24:57.341,1.38007,1.38011,2.62,1.12
2015.08.20 04:25:01.036,1.38008,1.38011,1.67,1.12
2015.08.20 04:25:01.534,1.38008,1.38012,1.67,1.12
2015.08.20 04:25:02.044,1.38007,1.38011,1.95,1.12
2015.08.20 04:25:02.886,1.38007,1.38012,1.95,1.12
2015.08.20 04:25:03.538,1.38007,1.38011,1.95,1.12
2015.08.20 04:25:04.059,1.38007,1.38012,1.95,1.12
2015.08.20 04:25:04.661,1.38007,1.38011,1.65,1.12
2015.08.20 04:25:05.187,1.38007,1.38012,1.95,1.12
2015.08.20 04:25:05.741,1.38007,1.38011,1.95,1.12
2015.08.20 04:25:07.649,1.38007,1.38013,1.65,1.12
2015.08.20 04:25:08.182,1.38007,1.38013,1.65,1.12
2015.08.20 04:25:08.684,1.38007,1.38013,1.95,1.12
2015.08.20 04:25:10.399,1.38007,1.38013,1.95,1.12
2015.08.20 04:25:14.939,1.38007,1.38013,2.02,1.12
2015.08.20 04:25:15.474,1.38008,1.38013,1.37,1.12
2015.08.20 04:25:17.618,1.38008,1.38013,1.37,1.12
2015.08.20 04:25:18.052,1.38009,1.38015,1.47,1.00
2015.08.20 04:25:18.448,1.3801,1.38017,1.39,1.12
2015.08.20 04:25:19.243,1.38011,1.38016,1.67,1.12
2015.08.20 04:25:20.308,1.38012,1.38016,1.10,1.12
2015.08.20 04:25:20.410,1.38012,1.38018,1.10,1.12
2015.08.20 04:25:22.014,1.38011,1.38018,1.10,1.12
2015.08.20 04:25:22.625,1.3801,1.38018,2.17,1.12
2015.08.20 04:25:23.397,1.3801,1.38017,2.17,1.12
2015.08.20 04:25:23.898,1.38011,1.38017,1.10,1.12
2015.08.20 04:25:24.592,1.3801,1.38017,2.17,1.12
2015.08.20 04:25:26.147,1.3801,1.38015,2.17,1.12
2015.08.20 04:25:26.706,1.38011,1.38015,1.10,1.12
2015.08.20 04:25:27.333,1.38012,1.38015,1.00,1.12
2015.08.20 04:25:28.014,1.38011,1.38015,1.10,1.12
2015.08.20 04:25:28.399,1.38012,1.38017,1.57,1.12
2015.08.20 04:25:30.547,1.38012,1.38018,2.10,1.12
2015.08.20 04:25:32.239,1.38012,1.38017,1.82,1.12
2015.08.20 04:25:33.010,1.38011,1.38015,1.12,1.12
2015.08.20 04:25:33.608,1.38011,1.38016,1.12,1.87
2015.08.20 04:25:34.134,1.38011,1.38015,1.37,1.12
2015.08.20 04:25:34.768,1.3801,1.38015,2.10,1.12
2015.08.20 04:25:35.286,1.38008,1.38014,2.25,1.12
2015.08.20 04:25:35.896,1.3801,1.38014,1.00,1.12
2015.08.20 04:25:38.158,1.38008,1.38013,1.87,1.12
2015.08.20 04:25:43.275,1.38009,1.38014,1.57,1.12
2015.08.20 04:25:43.578,1.38012,1.38015,1.37,2.24
2015.08.20 04:25:43.781,1.38012,1.38016,1.72,2.25
2015.08.20 04:25:44.320,1.38012,1.38016,1.47,2.24
2015.08.20 04:25:44.967,1.38012,1.38016,1.57,2.24
2015.08.20 04:25:46.069,1.38012,1.38016,2.17,2.25
2015.08.20 04:25:47.470,1.38012,1.38016,2.17,2.24
2015.08.20 04:25:50.137,1.38012,1.38016,2.17,1.12
2015.08.20 04:25:50.662,1.38012,1.38016,2.17,1.12
2015.08.20 04:25:51.490,1.38012,1.38016,1.57,1.12
2015.08.20 04:25:53.528,1.38012,1.38016,1.42,1.12
2015.08.20 04:25:54.047,1.38012,1.38016,1.42,1.12
2015.08.20 04:25:55.340,1.38011,1.38016,2.55,2.25
2015.08.20 04:25:55.852,1.38011,1.38016,2.92,2.24
2015.08.20 04:25:56.402,1.38011,1.38016,2.92,1.12
2015.08.20 04:25:57.168,1.38011,1.38016,2.92,1.12
2015.08.20 04:25:58.644,1.38011,1.38016,2.92,2.25
2015.08.20 04:25:59.145,1.38011,1.38016,2.92,2.24
2015.08.20 04:26:00.640,1.38011,1.38016,2.92,2.25
2015.08.20 04:26:01.144,1.38011,1.38016,3.30,1.12
2015.08.20 04:26:02.412,1.38011,1.38016,3.30,1.12
2015.08.20 04:26:02.935,1.38011,1.38016,3.30,1.12
2015.08.20 04:26:04.751,1.38011,1.38016,3.30,1.12
2015.08.20 04:26:05.302,1.38011,1.38016,3.30,1.12
2015.08.20 04:26:05.805,1.38011,1.38016,2.70,1.12
2015.08.20 04:26:06.483,1.38011,1.38016,1.20,1.12
2015.08.20 04:26:07.317,1.38011,1.38016,1.95,1.12
2015.08.20 04:26:08.170,1.38011,1.38016,1.95,1.12
2015.08.20 04:26:10.079,1.38011,1.38016,1.95,1.12
2015.08.20 04:26:10.618,1.38011,1.38015,1.95,1.12
2015.08.20 04:26:11.704,1.38013,1.38016,1.37,1.12
2015.08.20 04:26:12.744,1.38011,1.38015,1.50,1.12
2015.08.20 04:26:13.478,1.38011,1.38016,1.50,2.25
2015.08.20 04:26:14.007,1.38011,1.38015,1.50,1.12
2015.08.20 04:26:14.327,1.38011,1.38015,1.37,1.12
2015.08.20 04:26:18.464,1.38011,1.38016,1.50,1.12
2015.08.20 04:26:19.821,1.38011,1.38017,1.50,1.12
2015.08.20 04:26:20.326,1.38009,1.38016,3.00,1.12
2015.08.20 04:26:20.952,1.38009,1.38017,3.00,1.12
2015.08.20 04:26:21.517,1.3801,1.38017,1.20,1.12
2015.08.20 04:26:22.044,1.38011,1.38017,1.00,1.12
2015.08.20 04:26:22.627,1.38009,1.38015,3.00,1.12
2015.08.20 04:26:26.858,1.38009,1.38014,3.00,1.12
2015.08.20 04:26:31.289,1.38009,1.38014,1.75,1.12
2015.08.20 04:26:33.951,1.38008,1.38015,3.15,2.25
2015.08.20 04:26:34.453,1.38008,1.38013,2.02,1.12
2015.08.20 04:26:34.657,1.38006,1.38013,1.65,1.12
2015.08.20 04:26:34.758,1.38005,1.38011,4.87,1.12
2015.08.20 04:26:35.281,1.38005,1.38011,3.37,1.12
2015.08.20 04:26:36.060,1.38005,1.38011,4.87,1.12
2015.08.20 04:26:38.795,1.38005,1.38011,4.50,1.12
2015.08.20 04:26:40.814,1.38005,1.3801,2.62,1.12
2015.08.20 04:26:44.023,1.38005,1.38011,2.62,2.25
2015.08.20 04:26:45.021,1.38005,1.3801,2.62,1.12
2015.08.20 04:26:46.743,1.38006,1.38011,1.50,1.12
2015.08.20 04:26:47.287,1.38006,1.38012,1.50,1.12
2015.08.20 04:26:47.904,1.38006,1.38011,1.75,1.12
2015.08.20 04:26:48.107,1.38007,1.38011,1.00,1.00
2015.08.20 04:26:48.644,1.38004,1.3801,1.75,1.00
2015.08.20 04:26:49.858,1.38004,1.38011,1.75,1.00
2015.08.20 04:26:50.407,1.38004,1.3801,1.75,1.00
2015.08.20 04:26:51.047,1.38004,1.3801,1.75,1.00
2015.08.20 04:26:51.813,1.38004,1.3801,1.75,1.00
2015.08.20 04:26:52.486,1.38004,1.3801,1.75,1.00
2015.08.20 04:26:55.926,1.38005,1.38011,1.75,1.87
2015.08.20 04:26:56.468,1.38007,1.3801,1.00,1.12
2015.08.20 04:26:57.430,1.38007,1.38011,1.00,1.87
2015.08.20 04:26:57.996,1.38007,1.3801,1.00,1.12
2015.08.20 04:26:58.509,1.38005,1.3801,1.75,1.12
2015.08.20 04:26:59.030,1.38006,1.3801,2.25,1.12
2015.08.20 04:27:00.147,1.38006,1.38011,2.62,1.12
2015.08.20 04:27:00.752,1.38006,1.3801,1.87,1.12
2015.08.20 04:27:01.463,1.38006,1.38011,1.50,1.12
2015.08.20 04:27:02.145,1.38006,1.3801,1.87,1.12
2015.08.20 04:27:02.672,1.38006,1.3801,1.87,1.12
2015.08.20 04:27:03.067,1.38006,1.3801,1.87,1.12
2015.08.20 04:27:03.658,1.38006,1.38011,1.87,1.12
2015.08.20 04:27:04.164,1.38006,1.3801,1.87,1.12
2015.08.20 04:27:05.098,1.38007,1.38011,1.12,1.12
2015.08.20 04:27:05.761,1.38007,1.3801,1.12,1.12
2015.08.20 04:27:06.659,1.38007,1.38013,2.25,1.12
2015.08.20 04:27:06.710,1.38008,1.38013,1.37,1.12
2015.08.20 04:27:07.031,1.38009,1.38013,1.37,1.12
2015.08.20 04:27:08.065,1.3801,1.38014,1.37,1.00
2015.08.20 04:27:08.814,1.3801,1.38015,1.37,1.12
2015.08.20 04:27:09.287,1.38009,1.38015,1.12,2.25
2015.08.20 04:27:11.471,1.38007,1.38016,1.87,1.87
2015.08.20 04:27:11.608,1.38007,1.38013,1.87,1.12
2015.08.20 04:27:12.156,1.38007,1.38014,1.87,1.12
2015.08.20 04:27:13.898,1.38007,1.38014,1.87,1.12
2015.08.20 04:27:14.428,1.38007,1.38013,1.87,1.12
2015.08.20 04:27:18.452,1.38007,1.38014,1.87,1.12
2015.08.20 04:27:19.731,1.38007,1.38012,1.87,1.12
2015.08.20 04:27:19.832,1.38007,1.38014,2.62,1.12
2015.08.20 04:27:20.035,1.38008,1.38014,1.37,1.12
2015.08.20 04:27:20.818,1.38008,1.38014,1.50,1.12
2015.08.20 04:27:21.348,1.38008,1.38014,1.37,1.12
2015.08.20 04:27:21.876,1.38008,1.38014,1.37,1.12
2015.08.20 04:27:23.032,1.38008,1.38015,1.75,2.25
2015.08.20 04:27:23.083,1.38008,1.38015,1.37,2.25
2015.08.20 04:27:24.932,1.38008,1.38014,1.37,1.12
2015.08.20 04:27:25.824,1.38008,1.38014,1.00,1.12
2015.08.20 04:27:25.926,1.38007,1.38011,1.12,1.12
2015.08.20 04:27:26.535,1.38006,1.38011,2.25,1.12
2015.08.20 04:27:27.055,1.38006,1.3801,2.25,1.12
2015.08.20 04:27:28.918,1.38006,1.38011,1.87,1.12
2015.08.20 04:27:29.720,1.38006,1.3801,2.25,1.12
2015.08.20 04:27:30.277,1.38006,1.38011,1.87,1.12
2015.08.20 04:27:30.823,1.38006,1.3801,1.87,1.12
2015.08.20 04:27:31.523,1.38006,1.3801,1.87,1.12
2015.08.20 04:27:34.334,1.38006,1.38011,2.62,1.12
2015.08.20 04:27:35.738,1.38006,1.3801,2.62,1.12
2015.08.20 04:27:36.281,1.38006,1.38011,1.87,1.12
2015.08.20 04:27:37.340,1.38007,1.3801,1.12,1.12
2015.08.20 04:27:38.362,1.38007,1.38011,1.12,1.12
2015.08.20 04:27:38.897,1.38007,1.3801,1.12,1.12
2015.08.20 04:27:39.453,1.38006,1.3801,2.25,1.12
2015.08.20 04:27:40.109,1.38006,1.3801,2.25,1.12
2015.08.20 04:27:40.650,1.38006,1.3801,2.25,1.12
2015.08.20 04:27:41.593,1.38006,1.38011,1.87,1.12
2015.08.20 04:27:42.221,1.38006,1.3801,2.25,1.12
2015.08.20 04:27:43.366,1.38006,1.38011,2.25,1.12
2015.08.20 04:27:43.913,1.38006,1.3801,1.12,1.12
2015.08.20 04:27:44.872,1.38006,1.38011,1.12,1.12
2015.08.20 04:27:45.466,1.38006,1.3801,1.00,1.12
2015.08.20 04:27:45.993,1.38006,1.38011,1.12,1.12
2015.08.20 04:27:46.520,1.38006,1.3801,1.12,1.12
2015.08.20 04:27:47.802,1.38006,1.38011,1.12,1.12
2015.08.20 04:27:48.884,1.38006,1.3801,1.12,1.12
2015.08.20 04:27:49.880,1.38006,1.38011,1.50,1.12
2015.08.20 04:27:50.384,1.38006,1.3801,1.50,1.12
2015.08.20 04:27:50.984,1.38006,1.38011,1.50,1.12
2015.08.20 04:27:51.520,1.38006,1.3801,1.50,1.12
2015.08.20 04:27:52.057,1.38006,1.3801,1.50,1.12
2015.08.20 04:27:52.589,1.38006,1.3801,1.50,1.12
2015.08.20 04:27:53.528,1.38006,1.38011,1.37,1.12
2015.08.20 04:27:54.181,1.38006,1.3801,1.50,1.12
2015.08.20 04:27:54.689,1.38006,1.38011,1.50,1.12
2015.08.20 04:27:55.195,1.38006,1.3801,1.12,1.12
2015.08.20 04:27:55.799,1.38006,1.38011,1.00,1.12
2015.08.20 04:27:56.896,1.38006,1.3801,1.50,1.12
2015.08.20 04:27:57.444,1.38006,1.38011,1.00,1.12
2015.08.20 04:27:57.999,1.38006,1.3801,1.50,1.12
2015.08.20 04:27:58.895,1.38006,1.38011,1.50,1.12
2015.08.20 04:27:59.425,1.38006,1.3801,1.50,1.12
2015.08.20 04:27:59.982,1.38006,1.38011,1.50,1.12
2015.08.20 04:28:00.930,1.38006,1.3801,1.50,1.12
2015.08.20 04:28:01.710,1.38006,1.38011,1.50,1.12
2015.08.20 04:28:02.418,1.38006,1.3801,1.50,1.12
2015.08.20 04:28:03.083,1.38006,1.38011,1.50,1.12
2015.08.20 04:28:03.656,1.38006,1.3801,1.50,1.12
2015.08.20 04:28:04.418,1.38006,1.38011,1.00,1.12
2015.08.20 04:28:05.403,1.38006,1.3801,1.12,1.12
2015.08.20 04:28:08.582,1.38006,1.38011,1.12,1.12
2015.08.20 04:28:09.090,1.38006,1.3801,1.87,1.12
2015.08.20 04:28:09.596,1.38006,1.3801,1.87,1.12
2015.08.20 04:28:10.113,1.38006,1.3801,1.87,1.12
2015.08.20 04:28:10.645,1.38005,1.3801,2.25,1.12
2015.08.20 04:28:11.158,1.38005,1.38011,1.75,1.12
2015.08.20 04:28:11.694,1.38005,1.3801,5.25,1.12
2015.08.20 04:28:12.217,1.38005,1.3801,4.50,1.12
2015.08.20 04:28:13.584,1.38006,1.38011,1.50,1.12
2015.08.20 04:28:14.153,1.38006,1.3801,3.00,1.12
2015.08.20 04:28:14.254,1.38006,1.38011,3.00,1.12
2015.08.20 04:28:16.697,1.38006,1.38011,3.37,1.12
2015.08.20 04:28:17.534,1.38006,1.38011,3.37,1.12
2015.08.20 04:28:18.396,1.38006,1.3801,1.37,1.12
2015.08.20 04:28:21.470,1.38006,1.38011,1.37,1.12
2015.08.20 04:28:23.036,1.38006,1.3801,1.50,1.12
2015.08.20 04:28:23.634,1.38006,1.38011,1.50,1.12
2015.08.20 04:28:24.218,1.38006,1.38011,1.50,1.12
2015.08.20 04:28:25.673,1.38006,1.38011,1.50,1.12
2015.08.20 04:28:26.278,1.38006,1.38011,1.50,1.12
2015.08.20 04:28:27.342,1.38006,1.38011,1.50,1.12
2015.08.20 04:28:28.171,1.38006,1.38011,1.50,1.12
2015.08.20 04:28:28.539,1.38006,1.3801,2.25,1.12
2015.08.20 04:28:29.162,1.38006,1.3801,2.25,1.12
2015.08.20 04:28:30.801,1.38006,1.38011,1.87,1.12
2015.08.20 04:28:32.544,1.38006,1.38011,1.50,1.12
2015.08.20 04:28:33.992,1.38006,1.38011,1.37,1.12
2015.08.20 04:28:34.097,1.38006,1.38011,1.75,1.12
2015.08.20 04:28:34.726,1.38006,1.3801,1.50,1.12
2015.08.20 04:28:35.303,1.38006,1.38011,1.75,1.12
2015.08.20 04:28:35.879,1.38006,1.38011,1.75,1.12
2015.08.20 04:28:38.121,1.38006,1.38011,2.25,1.12
2015.08.20 04:28:38.615,1.38006,1.38011,2.25,1.12
2015.08.20 04:28:39.091,1.38006,1.3801,1.87,1.12
2015.08.20 04:28:39.936,1.38006,1.38011,1.12,1.12
2015.08.20 04:28:40.499,1.38006,1.3801,1.00,1.12
2015.08.20 04:28:41.005,1.38006,1.3801,1.37,1.12
2015.08.20 04:28:41.722,1.38006,1.38011,1.12,1.12
2015.08.20 04:28:42.228,1.38006,1.3801,1.12,1.12
2015.08.20 04:28:42.462,1.38006,1.38011,1.50,1.12
2015.08.20 04:28:43.256,1.38006,1.38011,1.50,1.12
2015.08.20 04:28:43.763,1.38006,1.38011,1.37,1.12
2015.08.20 04:28:44.434,1.38006,1.3801,1.37,1.12
2015.08.20 04:28:49.240,1.38006,1.38011,1.50,1.12
2015.08.20 04:28:49.761,1.38006,1.3801,1.50,1.12
2015.08.20 04:28:50.294,1.38005,1.38008,1.37,1.12
2015.08.20 04:28:50.839,1.38001,1.38006,1.00,1.12
2015.08.20 04:28:50.890,1.38,1.38002,1.00,1.12
2015.08.20 04:28:50.992,1.37993,1.37998,1.12,1.12
2015.08.20 04:28:51.500,1.3799,1.37992,1.37,1.12
2015.08.20 04:28:51.602,1.3799,1.37995,1.00,1.12
2015.08.20 04:28:51.703,1.37988,1.37996,1.35,1.12
2015.08.20 04:28:52.068,1.37989,1.37996,1.50,1.12
2015.08.20 04:28:52.523,1.37991,1.37996,1.37,2.25
2015.08.20 04:28:53.055,1.37991,1.37995,1.37,1.12
2015.08.20 04:28:53.824,1.37991,1.37995,1.37,1.12
2015.08.20 04:28:54.478,1.37991,1.37996,1.37,2.25
2015.08.20 04:28:54.983,1.3799,1.37995,1.87,1.12
2015.08.20 04:28:56.017,1.3799,1.37996,2.25,1.12
2015.08.20 04:28:56.548,1.3799,1.37995,1.87,1.12
2015.08.20 04:28:57.055,1.3799,1.37996,1.87,1.12
2015.08.20 04:28:57.286,1.37993,1.38,1.12,2.25
2015.08.20 04:28:57.850,1.37992,1.38,1.50,1.12
2015.08.20 04:28:58.804,1.37993,1.38001,1.37,2.25
2015.08.20 04:28:59.508,1.37993,1.38,1.37,1.12
2015.08.20 04:29:00.028,1.37993,1.38,1.37,1.12
2015.08.20 04:29:01.107,1.37993,1.38001,1.37,1.12
2015.08.20 04:29:01.626,1.37993,1.38,1.37,1.12
2015.08.20 04:29:02.261,1.37993,1.38001,1.37,1.12
2015.08.20 04:29:02.767,1.37993,1.38,1.37,1.12
2015.08.20 04:29:04.492,1.37993,1.38001,1.37,1.87
2015.08.20 04:29:04.836,1.37992,1.38001,3.00,2.25
2015.08.20 04:29:05.341,1.37992,1.38,1.50,1.12
2015.08.20 04:29:08.814,1.37988,1.37996,1.12,1.00
2015.08.20 04:29:09.017,1.37986,1.37996,1.50,3.37
2015.08.20 04:29:09.378,1.37987,1.37996,1.60,1.87
2015.08.20 04:29:09.430,1.37987,1.37996,2.10,1.12
2015.08.20 04:29:09.533,1.37987,1.37996,3.22,1.12
2015.08.20 04:29:09.702,1.37987,1.37998,2.85,1.87
2015.08.20 04:29:10.239,1.37989,1.37998,1.50,1.50
2015.08.20 04:29:14.450,1.3799,1.38,1.87,2.25
2015.08.20 04:29:18.361,1.3799,1.38,2.25,1.12
2015.08.20 04:29:18.883,1.3799,1.38001,2.62,3.75
2015.08.20 04:29:19.388,1.3799,1.38,3.37,1.12
2015.08.20 04:29:20.550,1.3799,1.38001,1.87,3.00
2015.08.20 04:29:21.154,1.37992,1.38,1.87,1.12
2015.08.20 04:29:21.472,1.37992,1.38,2.62,1.12
2015.08.20 04:29:22.219,1.37992,1.38001,1.87,2.25
2015.08.20 04:29:22.873,1.37992,1.38,2.62,1.12
2015.08.20 04:29:23.486,1.37992,1.38001,1.37,1.12
2015.08.20 04:29:24.399,1.37994,1.38,1.87,1.12
2015.08.20 04:29:24.500,1.37994,1.38003,1.87,1.12
2015.08.20 04:29:25.066,1.37995,1.38004,1.50,1.00
2015.08.20 04:29:26.379,1.37992,1.38,2.85,1.12
2015.08.20 04:29:26.582,1.37995,1.38003,1.00,1.00
2015.08.20 04:29:26.683,1.37995,1.38006,1.67,3.37
2015.08.20 04:29:28.013,1.37995,1.38005,2.32,1.12
2015.08.20 04:29:28.544,1.37995,1.38005,1.50,1.12
2015.08.20 04:29:29.049,1.37995,1.38006,1.00,4.12
2015.08.20 04:29:30.436,1.37994,1.38005,1.37,1.50
2015.08.20 04:29:30.841,1.37996,1.38005,1.00,1.50
2015.08.20 04:29:30.943,1.37995,1.38005,1.37,1.12
2015.08.20 04:29:31.882,1.37994,1.38004,1.50,1.00
2015.08.20 04:29:31.933,1.37994,1.38004,1.12,1.00
2015.08.20 04:29:32.755,1.37993,1.38004,1.50,1.37
2015.08.20 04:29:32.806,1.37993,1.38004,1.50,1.37
2015.08.20 04:29:41.202,1.37992,1.38001,4.87,1.12
2015.08.20 04:29:41.252,1.37992,1.38001,3.75,2.62
2015.08.20 04:29:41.455,1.37992,1.38004,4.72,1.12
2015.08.20 04:29:41.556,1.37995,1.38005,2.47,1.12
2015.08.20 04:29:42.047,1.38001,1.38008,1.20,1.00
2015.08.20 04:29:42.098,1.38001,1.38009,1.12,1.12
2015.08.20 04:29:42.200,1.38,1.38007,1.05,1.12
2015.08.20 04:29:42.301,1.38001,1.38009,1.10,2.62
2015.08.20 04:29:42.352,1.38001,1.38007,1.10,1.00
2015.08.20 04:29:42.403,1.37996,1.38007,2.02,1.87
2015.08.20 04:29:42.505,1.37999,1.38005,1.00,1.00
2015.08.20 04:29:43.024,1.37995,1.38005,1.87,2.25
2015.08.20 04:29:43.786,1.37996,1.38005,1.65,2.62
2015.08.20 04:29:44.353,1.37997,1.38005,1.27,3.37
2015.08.20 04:29:44.758,1.37998,1.38005,1.00,1.37
2015.08.20 04:29:45.419,1.37997,1.38005,1.37,2.25
2015.08.20 04:29:45.470,1.37997,1.38005,1.00,2.25
2015.08.20 04:29:48.511,1.37997,1.38005,1.45,2.25
2015.08.20 04:29:49.017,1.37997,1.38005,1.42,1.50
2015.08.20 04:29:50.246,1.37997,1.38005,1.00,1.87
2015.08.20 04:29:50.297,1.38002,1.38005,1.00,1.12
2015.08.20 04:29:50.449,1.38002,1.3801,1.00,1.00
2015.08.20 04:29:50.954,1.38,1.3801,2.25,2.25
2015.08.20 04:29:51.055,1.38,1.3801,1.87,2.25
2015.08.20 04:29:51.604,1.38001,1.3801,1.00,1.50
2015.08.20 04:29:52.455,1.38,1.38011,1.50,3.75
2015.08.20 04:29:52.758,1.38001,1.3801,1.12,1.87
2015.08.20 04:29:53.664,1.37998,1.38005,1.75,1.12
2015.08.20 04:29:53.986,1.38001,1.38009,1.00,2.25
2015.08.20 04:29:54.087,1.38,1.38006,1.00,1.50
2015.08.20 04:29:54.340,1.37998,1.38008,1.72,1.50
2015.08.20 04:29:55.486,1.37997,1.38008,2.62,1.87
2015.08.20 04:29:55.989,1.37998,1.38008,1.00,1.87
2015.08.20 04:29:56.293,1.37997,1.38005,2.62,1.50
2015.08.20 04:29:56.795,1.37998,1.38005,1.00,1.50
2015.08.20 04:29:57.444,1.37998,1.38005,1.20,1.50
2015.08.20 04:29:57.997,1.37997,1.38005,1.00,1.50
2015.08.20 04:29:58.511,1.37998,1.38006,1.00,1.50
2015.08.20 04:29:59.128,1.37998,1.38005,1.00,1.12
2015.08.20 04:29:59.235,1.37998,1.38008,1.12,2.25
2015.08.20 04:29:59.388,1.37997,1.38009,3.22,1.12
2015.08.20 04:29:59.927,1.37999,1.3801,1.50,1.12
2015.08.20 04:30:00.817,1.37998,1.38009,2.85,1.50
2015.08.20 04:30:01.128,1.37999,1.38005,1.35,1.12
2015.08.20 04:30:01.180,1.37999,1.3801,2.10,2.25
2015.08.20 04:30:01.685,1.38,1.3801,2.25,1.87
2015.08.20 04:30:02.304,1.38001,1.3801,2.05,1.12
2015.08.20 04:30:02.358,1.38001,1.38014,2.85,2.25
2015.08.20 04:30:02.713,1.38003,1.38014,1.35,1.87
2015.08.20 04:30:03.370,1.38003,1.38014,2.85,1.00
2015.08.20 04:30:04.396,1.38005,1.38014,1.00,1.12
2015.08.20 04:30:04.613,1.38004,1.38014,1.75,1.37
2015.08.20 04:30:08.223,1.38003,1.38014,2.25,1.87
2015.08.20 04:30:08.526,1.38003,1.38014,2.10,1.87
2015.08.20 04:30:09.880,1.38003,1.38013,1.50,1.12
2015.08.20 04:30:11.114,1.38002,1.38012,2.10,1.37
2015.08.20 04:30:11.215,1.38002,1.38012,2.10,1.37
2015.08.20 04:30:11.648,1.38003,1.38012,2.10,1.37
2015.08.20 04:30:12.311,1.38003,1.38013,1.72,1.00
2015.08.20 04:30:12.717,1.38003,1.38014,3.22,1.00
2015.08.20 04:30:13.265,1.38003,1.38015,1.72,3.37
2015.08.20 04:30:13.792,1.38003,1.38014,1.72,1.00
2015.08.20 04:30:14.913,1.38003,1.38014,1.35,1.50
2015.08.20 04:30:15.064,1.38006,1.38014,1.12,1.50
2015.08.20 04:30:15.368,1.38011,1.38019,1.00,1.50
2015.08.20 04:30:15.902,1.38011,1.38019,1.00,1.12
2015.08.20 04:30:17.059,1.38012,1.38021,1.00,3.37
2015.08.20 04:30:17.414,1.38012,1.38021,1.00,1.50
2015.08.20 04:30:18.242,1.38012,1.3802,1.00,1.00
2015.08.20 04:30:18.749,1.3801,1.38019,1.61,1.37
2015.08.20 04:30:19.255,1.38011,1.38019,1.00,2.62
2015.08.20 04:30:19.775,1.38008,1.38018,2.25,2.25
2015.08.20 04:30:19.951,1.38008,1.38018,2.25,2.25
2015.08.20 04:30:21.710,1.38008,1.38017,1.00,1.87
2015.08.20 04:30:22.240,1.38008,1.38016,1.00,1.50
2015.08.20 04:30:22.544,1.38008,1.38014,1.00,1.37
2015.08.20 04:30:23.461,1.38008,1.38014,1.00,1.37
2015.08.20 04:30:24.092,1.38007,1.38014,1.00,1.37
2015.08.20 04:30:24.597,1.38008,1.38014,1.00,1.37
2015.08.20 04:30:25.786,1.38008,1.38012,1.00,1.37
2015.08.20 04:30:26.653,1.38007,1.38011,1.00,1.37
2015.08.20 04:30:27.787,1.38007,1.38011,1.00,1.37
2015.08.20 04:30:28.323,1.38007,1.38011,1.00,1.12
2015.08.20 04:30:28.853,1.38008,1.38011,1.00,1.12
2015.08.20 04:30:29.360,1.38007,1.38011,1.00,1.12
2015.08.20 04:30:29.920,1.38008,1.38011,1.00,1.12
2015.08.20 04:30:30.437,1.38007,1.38013,1.00,1.87
2015.08.20 04:30:30.795,1.38008,1.38013,1.00,1.00
2015.08.20 04:30:34.780,1.38007,1.38015,1.00,1.87
2015.08.20 04:30:35.577,1.38008,1.38015,1.00,1.87
2015.08.20 04:30:37.088,1.38007,1.38015,1.00,1.87
2015.08.20 04:30:37.591,1.38008,1.38015,1.00,1.87
2015.08.20 04:30:38.102,1.38007,1.38015,1.00,1.87
2015.08.20 04:30:38.579,1.38008,1.38013,1.00,1.37
2015.08.20 04:30:39.113,1.38007,1.38013,1.00,1.37
2015.08.20 04:30:39.664,1.38008,1.38013,1.00,1.37
2015.08.20 04:30:40.988,1.38008,1.38015,1.00,5.62
2015.08.20 04:30:41.503,1.38008,1.38014,1.00,1.00
2015.08.20 04:30:42.764,1.38008,1.38015,1.00,3.75
2015.08.20 04:30:43.270,1.38007,1.38015,1.00,3.75
2015.08.20 04:30:43.426,1.38008,1.38016,1.37,2.62
2015.08.20 04:30:43.629,1.3801,1.38018,1.00,1.12
2015.08.20 04:30:43.731,1.38011,1.38021,1.00,1.87
2015.08.20 04:30:43.832,1.38014,1.38021,1.00,1.37
2015.08.20 04:30:44.376,1.38012,1.38021,1.50,1.00
2015.08.20 04:30:44.902,1.38012,1.38022,1.50,1.12
2015.08.20 04:30:46.899,1.38012,1.3802,1.50,1.00
2015.08.20 04:30:47.517,1.38012,1.38021,1.50,1.37
2015.08.20 04:30:51.722,1.38012,1.38023,2.25,2.62
2015.08.20 04:30:52.949,1.38012,1.38022,1.37,1.12
2015.08.20 04:30:53.459,1.38012,1.38022,1.37,1.12
2015.08.20 04:30:55.151,1.38012,1.38023,1.87,1.37
2015.08.20 04:30:55.456,1.38013,1.38024,3.00,1.72
2015.08.20 04:30:56.308,1.38021,1.38025,1.37,2.25
2015.08.20 04:30:56.892,1.38021,1.38027,1.37,1.87
2015.08.20 04:30:57.046,1.38021,1.38027,1.37,1.00
2015.08.20 04:30:57.250,1.38024,1.38033,1.00,1.37
2015.08.20 04:30:57.505,1.38025,1.38034,1.00,2.10
2015.08.20 04:30:58.211,1.38025,1.38034,1.00,1.37
2015.08.20 04:30:58.414,1.38023,1.38034,1.12,1.87
2015.08.20 04:30:59.535,1.38023,1.38031,1.00,1.12
2015.08.20 04:31:00.231,1.38022,1.38031,1.37,1.12
2015.08.20 04:31:00.333,1.38021,1.38027,1.00,1.12
2015.08.20 04:31:00.435,1.38018,1.38026,1.87,1.37
2015.08.20 04:31:01.065,1.38016,1.38023,1.00,1.00
2015.08.20 04:31:02.075,1.38016,1.38023,1.00,1.37
2015.08.20 04:31:03.255,1.38014,1.38023,1.12,1.87
2015.08.20 04:31:06.375,1.38014,1.38023,1.00,3.00
2015.08.20 04:31:06.780,1.3801,1.38017,3.00,1.00
2015.08.20 04:31:07.161,1.38007,1.38016,1.12,2.62
2015.08.20 04:31:07.212,1.38005,1.38015,3.00,3.37
2015.08.20 04:31:07.794,1.38005,1.38015,2.25,3.75
2015.08.20 04:31:08.884,1.38005,1.38014,1.12,1.12
2015.08.20 04:31:11.476,1.38004,1.38014,2.62,1.87
2015.08.20 04:31:11.991,1.38004,1.38013,3.00,1.00
2015.08.20 04:31:12.816,1.38004,1.38014,2.25,1.12
2015.08.20 04:31:12.918,1.38006,1.38014,1.12,1.37
2015.08.20 04:31:13.430,1.38007,1.38017,1.72,1.00
2015.08.20 04:31:13.531,1.38009,1.38019,1.50,1.50
2015.08.20 04:31:14.037,1.38008,1.38019,1.65,3.00
2015.08.20 04:31:15.242,1.38009,1.38018,1.87,1.50
2015.08.20 04:31:15.755,1.38009,1.38019,1.37,3.37
2015.08.20 04:31:19.248,1.38012,1.38019,1.00,1.50
2015.08.20 04:31:19.587,1.38012,1.38019,1.12,1.50
2015.08.20 04:31:20.092,1.38012,1.38019,1.37,1.00
2015.08.20 04:31:20.597,1.38012,1.38019,1.37,1.12
2015.08.20 04:31:21.453,1.38012,1.38019,1.00,1.50
2015.08.20 04:31:21.757,1.38012,1.38019,1.37,1.50
2015.08.20 04:31:21.858,1.38011,1.3802,1.50,1.50
2015.08.20 04:31:22.162,1.38012,1.38019,1.37,1.00
2015.08.20 04:31:22.945,1.38012,1.38019,1.87,1.87
2015.08.20 04:31:23.198,1.38012,1.38021,1.00,1.00
2015.08.20 04:31:23.400,1.38011,1.38023,2.62,1.50
2015.08.20 04:31:23.553,1.38012,1.38023,2.47,1.50
2015.08.20 04:31:24.072,1.38012,1.38023,1.12,2.25
2015.08.20 04:31:24.642,1.38011,1.38022,1.50,1.37
2015.08.20 04:31:25.156,1.38012,1.38022,1.50,2.25
2015.08.20 04:31:25.661,1.3801,1.38022,3.00,2.25
2015.08.20 04:31:25.863,1.38011,1.38021,1.37,1.12
2015.08.20 04:31:26.165,1.38011,1.38021,1.87,1.00
2015.08.20 04:31:26.915,1.38012,1.38023,1.37,2.25
2015.08.20 04:31:27.424,1.38012,1.38022,2.25,1.87
2015.08.20 04:31:27.577,1.38012,1.38022,3.00,1.12
2015.08.20 04:31:28.094,1.38012,1.38024,2.25,1.87
2015.08.20 04:31:28.699,1.3801,1.3802,2.62,1.00
2015.08.20 04:31:28.750,1.3801,1.38018,1.57,1.00
2015.08.20 04:31:29.105,1.38008,1.38018,2.32,1.87
2015.08.20 04:31:29.623,1.38008,1.38018,2.32,1.87
2015.08.20 04:31:30.327,1.38008,1.38016,1.87,1.00
2015.08.20 04:31:31.103,1.38008,1.38016,1.00,1.00
2015.08.20 04:31:31.696,1.38008,1.38016,1.87,1.00
2015.08.20 04:31:32.311,1.38009,1.38017,1.00,1.87
2015.08.20 04:31:32.571,1.38007,1.38017,1.27,2.62
2015.08.20 04:31:33.076,1.38008,1.38015,1.00,1.37
2015.08.20 04:31:33.873,1.38007,1.38015,1.12,1.37
2015.08.20 04:31:35.408,1.38008,1.38015,1.00,1.37
2015.08.20 04:31:36.840,1.38007,1.38015,1.12,1.37
2015.08.20 04:31:37.346,1.38008,1.38015,1.00,1.37
2015.08.20 04:31:39.639,1.38007,1.38015,1.12,3.00
2015.08.20 04:31:40.140,1.38008,1.38015,1.00,1.37
2015.08.20 04:31:41.231,1.38007,1.38015,1.12,1.37
2015.08.20 04:31:41.931,1.38008,1.38015,1.00,3.00
2015.08.20 04:31:43.738,1.38007,1.38015,1.12,1.87
2015.08.20 04:31:44.307,1.38008,1.38015,1.00,1.87
2015.08.20 04:31:45.656,1.38007,1.38015,1.12,2.62
2015.08.20 04:31:46.320,1.38008,1.38015,1.00,2.62
2015.08.20 04:31:46.864,1.38007,1.38015,1.12,1.87
2015.08.20 04:31:47.993,1.38008,1.38014,1.00,1.00
2015.08.20 04:31:50.649,1.38008,1.38015,1.12,2.25
2015.08.20 04:31:51.159,1.38008,1.38017,1.87,3.00
2015.08.20 04:31:51.210,1.38008,1.38017,1.37,1.50
2015.08.20 04:31:51.726,1.38008,1.38018,1.57,1.87
2015.08.20 04:31:52.477,1.38008,1.38017,1.57,1.37
2015.08.20 04:31:52.730,1.38011,1.38018,1.00,1.00
2015.08.20 04:31:53.034,1.38013,1.3802,1.37,3.75
2015.08.20 04:31:54.346,1.38012,1.3802,2.77,2.62
2015.08.20 04:31:55.103,1.38012,1.3802,2.77,2.25
2015.08.20 04:31:56.851,1.38012,1.3802,2.77,2.62
2015.08.20 04:31:57.409,1.38012,1.3802,1.27,2.25
2015.08.20 04:31:58.504,1.38012,1.3802,1.37,3.00
2015.08.20 04:32:01.240,1.38012,1.3802,1.37,2.25
2015.08.20 04:32:07.130,1.38012,1.3802,1.47,1.87
2015.08.20 04:32:10.727,1.38011,1.38021,2.32,3.00
2015.08.20 04:32:11.255,1.38011,1.3802,2.32,1.00
2015.08.20 04:32:14.175,1.38012,1.3802,1.20,1.00
2015.08.20 04:32:25.883,1.38012,1.3802,1.37,2.62
2015.08.20 04:32:26.511,1.38011,1.3802,1.37,1.87
2015.08.20 04:32:27.187,1.38011,1.3802,1.12,1.87
2015.08.20 04:32:27.289,1.38011,1.3802,1.50,2.62
2015.08.20 04:32:27.667,1.38011,1.38019,1.50,2.25
2015.08.20 04:32:27.719,1.38008,1.38013,1.00,1.50
2015.08.20 04:32:28.226,1.38008,1.38011,1.00,1.12
2015.08.20 04:32:29.029,1.38008,1.3801,1.00,1.00
2015.08.20 04:32:29.598,1.38007,1.3801,1.00,1.00
2015.08.20 04:32:30.261,1.38007,1.3801,1.00,1.00
2015.08.20 04:32:30.977,1.38007,1.3801,1.00,1.12
2015.08.20 04:32:31.981,1.38007,1.3801,1.00,1.12
2015.08.20 04:32:32.483,1.38007,1.3801,1.00,1.12
2015.08.20 04:32:33.158,1.38007,1.3801,1.00,1.12
2015.08.20 04:32:33.259,1.38006,1.38009,1.00,1.50
2015.08.20 04:32:33.769,1.38006,1.38009,1.00,1.87
2015.08.20 04:32:35.508,1.38006,1.38008,1.00,1.00
2015.08.20 04:32:36.022,1.38006,1.38009,1.00,1.87
2015.08.20 04:32:36.523,1.38005,1.38008,1.00,1.00
2015.08.20 04:32:37.471,1.38005,1.38008,1.00,1.00
2015.08.20 04:32:37.573,1.38004,1.38009,1.12,1.87
2015.08.20 04:32:38.050,1.38005,1.38008,1.00,1.00
2015.08.20 04:32:38.561,1.38005,1.38009,1.00,1.87
2015.08.20 04:32:39.106,1.38005,1.38008,1.00,1.00
2015.08.20 04:32:39.862,1.38005,1.38009,1.00,1.87
2015.08.20 04:32:40.369,1.38005,1.38008,1.00,1.00
2015.08.20 04:32:41.402,1.38006,1.38009,1.00,1.50
2015.08.20 04:32:41.970,1.38005,1.38009,1.00,1.50
2015.08.20 04:32:42.556,1.38004,1.38009,1.12,1.87
2015.08.20 04:32:43.010,1.37998,1.38007,1.45,1.12
2015.08.20 04:32:43.914,1.37997,1.38006,1.95,1.50
2015.08.20 04:32:44.472,1.37997,1.38005,1.85,1.12
2015.08.20 04:32:44.733,1.37997,1.38005,1.47,1.12
2015.08.20 04:32:57.748,1.38002,1.38005,1.12,1.00
2015.08.20 04:32:59.602,1.38003,1.38006,2.12,1.87
2015.08.20 04:33:00.105,1.38002,1.38005,1.87,1.00
2015.08.20 04:33:01.627,1.38003,1.38006,2.12,1.87
2015.08.20 04:33:02.170,1.38005,1.38007,1.00,1.12
2015.08.20 04:33:03.649,1.38003,1.38007,2.12,1.37
2015.08.20 04:33:04.230,1.38003,1.38007,2.12,1.37
2015.08.20 04:33:04.509,1.38006,1.38007,1.00,1.00
2015.08.20 04:33:04.662,1.38001,1.38008,1.57,1.00
2015.08.20 04:33:04.713,1.38001,1.3801,1.20,1.37
2015.08.20 04:33:04.865,1.38001,1.38011,1.87,1.00
2015.08.20 04:33:07.664,1.38003,1.3801,1.45,1.00
2015.08.20 04:33:11.026,1.38003,1.3801,1.12,1.00
2015.08.20 04:33:11.547,1.38003,1.3801,1.45,1.00
2015.08.20 04:33:12.288,1.38001,1.3801,1.57,1.87
2015.08.20 04:33:12.592,1.38,1.38008,1.50,1.00
2015.08.20 04:33:12.953,1.38,1.3801,1.82,2.62
2015.08.20 04:33:13.256,1.38002,1.38012,2.62,1.87
2015.08.20 04:33:13.605,1.38002,1.3801,1.87,1.37
2015.08.20 04:33:14.550,1.38,1.38009,1.82,2.62
2015.08.20 04:33:14.752,1.38001,1.38008,1.00,1.50
2015.08.20 04:33:15.259,1.38,1.3801,1.82,2.25
2015.08.20 04:33:15.512,1.38001,1.38011,1.45,1.12
2015.08.20 04:33:16.210,1.38001,1.3801,1.45,1.00
2015.08.20 04:33:16.876,1.38001,1.3801,1.82,1.12
2015.08.20 04:33:17.382,1.38003,1.38011,1.12,1.00
2015.08.20 04:33:18.037,1.38001,1.38007,1.20,1.12
2015.08.20 04:33:18.190,1.37999,1.38007,1.12,1.00
2015.08.20 04:33:18.343,1.38001,1.38009,1.00,1.50
2015.08.20 04:33:18.394,1.38003,1.3801,1.00,3.30
2015.08.20 04:33:19.275,1.38003,1.38011,1.37,1.00
2015.08.20 04:33:20.174,1.38003,1.38012,1.47,1.50
2015.08.20 04:33:20.709,1.38003,1.38012,1.57,1.50
2015.08.20 04:33:21.368,1.38003,1.38012,1.57,1.50
2015.08.20 04:33:22.132,1.38003,1.38012,1.57,1.50
2015.08.20 04:33:22.669,1.38002,1.38011,1.20,1.00
2015.08.20 04:33:23.187,1.38003,1.38011,1.10,1.50
2015.08.20 04:33:24.783,1.38001,1.38011,2.62,1.00
2015.08.20 04:33:25.298,1.38003,1.38012,1.47,3.00
2015.08.20 04:33:25.630,1.38003,1.38012,1.47,1.50
2015.08.20 04:33:27.052,1.38003,1.38013,1.05,3.37
2015.08.20 04:33:27.614,1.38003,1.38012,2.32,1.50
2015.08.20 04:33:28.117,1.38003,1.38013,2.70,3.37
2015.08.20 04:33:28.862,1.38002,1.38013,3.07,3.37
2015.08.20 04:33:29.469,1.38002,1.38013,3.07,3.37
2015.08.20 04:33:29.975,1.38002,1.3801,2.70,1.50
2015.08.20 04:33:30.502,1.38002,1.38011,2.70,1.00
2015.08.20 04:33:31.041,1.38003,1.38012,1.57,1.50
2015.08.20 04:33:31.351,1.38005,1.38013,1.37,1.50
2015.08.20 04:33:31.403,1.38005,1.38015,2.25,4.12
2015.08.20 04:33:31.556,1.38006,1.38015,1.10,1.12
2015.08.20 04:33:32.167,1.38006,1.38016,1.50,2.62
2015.08.20 04:33:32.435,1.38006,1.38016,2.25,3.00
2015.08.20 04:33:33.013,1.38006,1.38015,2.25,1.00
2015.08.20 04:33:33.662,1.38006,1.38015,2.25,1.00
2015.08.20 04:33:33.764,1.38006,1.38015,1.87,1.50
2015.08.20 04:33:33.967,1.38005,1.38013,1.00,1.00
2015.08.20 04:33:34.321,1.38005,1.38013,1.00,2.62
2015.08.20 04:33:35.693,1.38004,1.38013,1.00,2.62
2015.08.20 04:33:36.217,1.38005,1.38013,1.00,3.37
2015.08.20 04:33:37.010,1.38004,1.38013,1.00,2.62
2015.08.20 04:33:37.557,1.38005,1.38013,1.00,3.37
2015.08.20 04:33:38.235,1.38004,1.38013,1.00,2.62
2015.08.20 04:33:39.518,1.38005,1.38013,1.00,3.37
2015.08.20 04:33:40.037,1.38004,1.38013,1.00,2.62
2015.08.20 04:33:40.559,1.38005,1.38013,1.00,3.37
2015.08.20 04:33:41.070,1.38004,1.38013,1.00,2.62
2015.08.20 04:33:41.591,1.38005,1.38013,1.00,3.37
2015.08.20 04:33:42.443,1.38004,1.38013,1.00,2.62
2015.08.20 04:33:42.946,1.38005,1.38013,1.00,3.37
2015.08.20 04:33:44.025,1.38005,1.38013,1.00,3.37
2015.08.20 04:33:45.497,1.38004,1.38013,1.00,2.62
2015.08.20 04:33:46.020,1.38005,1.38013,1.00,3.37
2015.08.20 04:33:47.019,1.38004,1.38012,1.00,1.37
2015.08.20 04:33:47.777,1.38005,1.38012,1.00,1.37
2015.08.20 04:33:48.348,1.38004,1.38012,1.00,1.37
2015.08.20 04:33:48.861,1.38005,1.38012,1.00,1.37
2015.08.20 04:33:50.089,1.38004,1.38012,1.00,1.37
2015.08.20 04:33:50.617,1.38005,1.38012,1.00,1.37
2015.08.20 04:33:51.140,1.38004,1.38012,1.00,1.37
2015.08.20 04:33:51.930,1.38005,1.38012,1.00,1.37
2015.08.20 04:33:52.493,1.38004,1.38012,1.00,1.37
2015.08.20 04:33:52.830,1.38005,1.38014,1.37,1.00
2015.08.20 04:33:53.458,1.38006,1.38015,1.45,1.12
2015.08.20 04:34:00.432,1.38006,1.38015,1.82,1.37
2015.08.20 04:34:00.937,1.38006,1.38016,1.50,2.62
2015.08.20 04:34:03.551,1.38005,1.38015,2.25,2.25
2015.08.20 04:34:04.489,1.38005,1.38014,1.20,1.37
2015.08.20 04:34:08.751,1.38005,1.38014,1.47,1.12
2015.08.20 04:34:09.354,1.38005,1.38014,1.20,1.87
2015.08.20 04:34:10.388,1.38004,1.38013,1.27,1.87
2015.08.20 04:34:10.837,1.38004,1.38012,1.20,1.37
2015.08.20 04:34:11.890,1.38003,1.38012,2.25,2.25
2015.08.20 04:34:12.418,1.38004,1.38012,1.20,1.50
2015.08.20 04:34:13.355,1.38003,1.38013,3.37,1.87
2015.08.20 04:34:13.456,1.38003,1.38013,2.62,1.00
2015.08.20 04:34:13.815,1.38003,1.38013,2.62,1.00
2015.08.20 04:34:14.320,1.38003,1.38013,3.37,1.87
2015.08.20 04:34:14.822,1.38003,1.38012,3.37,1.00
2015.08.20 04:34:16.129,1.38003,1.38011,1.75,1.00
2015.08.20 04:34:16.638,1.38001,1.3801,2.02,1.12
2015.08.20 04:34:17.807,1.38001,1.3801,2.02,2.62
2015.08.20 04:34:18.318,1.38001,1.3801,2.32,1.50
2015.08.20 04:34:18.987,1.38001,1.38011,1.85,2.25
2015.08.20 04:34:19.680,1.38002,1.3801,1.50,1.00
2015.08.20 04:34:21.569,1.38002,1.3801,1.00,1.50
2015.08.20 04:34:22.144,1.38,1.38011,3.82,3.00
2015.08.20 04:34:22.397,1.38003,1.38011,1.00,3.37
2015.08.20 04:34:22.903,1.38002,1.3801,1.87,1.00
2015.08.20 04:34:23.359,1.38002,1.3801,1.65,1.50
2015.08.20 04:34:23.461,1.38002,1.3801,1.65,1.00
2015.08.20 04:34:23.974,1.38002,1.38011,1.65,2.62
2015.08.20 04:34:24.478,1.38002,1.3801,1.65,1.00
2015.08.20 04:34:26.376,1.38,1.3801,3.90,1.87
2015.08.20 04:34:28.068,1.38,1.3801,3.90,2.62
2015.08.20 04:34:28.608,1.38001,1.3801,1.27,3.37
2015.08.20 04:34:29.384,1.38,1.3801,3.75,3.37
2015.08.20 04:34:30.028,1.38,1.38008,1.20,1.50
2015.08.20 04:34:30.588,1.38001,1.38007,1.00,1.87
2015.08.20 04:34:31.301,1.38001,1.38007,1.00,1.87
2015.08.20 04:34:31.504,1.38001,1.38007,1.00,1.37
2015.08.20 04:34:32.076,1.38,1.38005,1.00,1.00
2015.08.20 04:34:32.732,1.38,1.38006,1.00,1.12
2015.08.20 04:34:34.489,1.38001,1.38008,1.00,1.87
2015.08.20 04:34:35.095,1.38,1.38007,1.00,1.00
2015.08.20 04:34:35.602,1.38001,1.38008,1.00,1.00
2015.08.20 04:34:36.107,1.38,1.38008,1.00,1.12
2015.08.20 04:34:36.652,1.38001,1.38008,1.00,1.12
2015.08.20 04:34:37.280,1.38001,1.38009,1.37,1.87
2015.08.20 04:34:37.535,1.38003,1.38011,1.50,1.00
2015.08.20 04:34:37.586,1.38003,1.38011,1.50,1.00
2015.08.20 04:34:38.304,1.38004,1.38011,1.37,1.00
2015.08.20 04:34:38.930,1.38004,1.38012,1.65,1.50
2015.08.20 04:34:39.468,1.38004,1.38011,3.15,1.00
2015.08.20 04:34:39.670,1.38004,1.38013,2.40,1.00
2015.08.20 04:34:40.521,1.38004,1.38014,1.50,1.12
2015.08.20 04:34:41.041,1.38004,1.38014,1.87,1.37
2015.08.20 04:34:41.968,1.38004,1.38014,1.50,1.12
2015.08.20 04:34:42.677,1.38004,1.38014,1.87,1.37
2015.08.20 04:34:43.200,1.38004,1.38014,1.50,1.50
2015.08.20 04:34:43.764,1.38004,1.38014,2.77,1.50
2015.08.20 04:34:44.476,1.38004,1.38014,2.02,1.50
2015.08.20 04:34:45.034,1.38004,1.38014,2.77,1.50
2015.08.20 04:34:45.586,1.38004,1.38014,1.50,1.50
2015.08.20 04:34:46.097,1.38004,1.38014,1.87,1.50
2015.08.20 04:34:47.028,1.38004,1.38014,1.50,1.50
2015.08.20 04:34:47.534,1.38004,1.38014,1.50,1.12
2015.08.20 04:34:47.636,1.38004,1.38014,2.40,1.12
2015.08.20 04:34:47.939,1.38005,1.38016,3.22,1.37
2015.08.20 04:34:48.455,1.38005,1.38015,1.65,1.37
2015.08.20 04:34:48.961,1.38004,1.38013,2.40,1.00
2015.08.20 04:34:50.969,1.38004,1.38013,2.77,1.12
2015.08.20 04:34:53.848,1.38004,1.38013,2.40,1.00
2015.08.20 04:34:56.832,1.38004,1.38015,2.40,1.50
2015.08.20 04:34:57.340,1.38004,1.38013,2.77,1.12
2015.08.20 04:35:01.197,1.38005,1.38013,1.20,1.12
2015.08.20 04:35:02.584,1.38005,1.38013,1.65,1.12
2015.08.20 04:35:05.829,1.38005,1.38015,1.65,1.50
2015.08.20 04:35:06.335,1.38005,1.38015,1.65,1.50
2015.08.20 04:35:07.256,1.38005,1.38014,1.27,1.00
2015.08.20 04:35:08.080,1.38005,1.38013,1.20,1.00
2015.08.20 04:35:09.154,1.38005,1.38014,1.20,1.87
2015.08.20 04:35:09.500,1.38003,1.38012,1.20,1.67
2015.08.20 04:35:09.703,1.38001,1.38011,2.62,1.12
2015.08.20 04:35:10.587,1.38002,1.38012,1.20,1.87
2015.08.20 04:35:10.638,1.38001,1.38012,1.50,2.25
2015.08.20 04:35:11.158,1.38003,1.38012,1.35,1.00
2015.08.20 04:35:11.668,1.38002,1.38012,1.87,1.00
2015.08.20 04:35:13.056,1.38001,1.38012,2.25,2.85
2015.08.20 04:35:13.573,1.38004,1.38012,1.00,1.50
2015.08.20 04:35:17.149,1.38,1.38012,3.37,4.72
2015.08.20 04:35:17.452,1.37999,1.3801,3.00,3.37
2015.08.20 04:35:21.239,1.37998,1.38009,2.10,1.37
2015.08.20 04:35:21.744,1.37998,1.38009,1.75,1.75
2015.08.20 04:35:22.287,1.37998,1.38009,1.75,1.75
2015.08.20 04:35:24.822,1.37999,1.38009,1.75,1.12
2015.08.20 04:35:25.350,1.38,1.38007,1.50,1.00
2015.08.20 04:35:25.855,1.37998,1.38007,1.35,1.00
2015.08.20 04:35:27.067,1.37998,1.38007,1.35,1.00
2015.08.20 04:35:27.603,1.37998,1.38008,1.35,1.00
2015.08.20 04:35:28.632,1.37998,1.38008,1.35,1.00
2015.08.20 04:35:29.286,1.37998,1.38008,1.35,1.00
2015.08.20 04:35:29.946,1.37998,1.38008,1.35,1.00
2015.08.20 04:35:30.986,1.37998,1.38008,1.35,1.00
2015.08.20 04:35:31.607,1.37997,1.38008,2.02,1.00
2015.08.20 04:35:32.458,1.37997,1.38008,1.95,1.00
2015.08.20 04:35:33.595,1.37997,1.38008,1.95,1.00
2015.08.20 04:35:34.100,1.37998,1.38008,1.12,1.00
2015.08.20 04:35:34.673,1.37998,1.38008,1.37,1.00
2015.08.20 04:35:35.465,1.37997,1.38008,2.02,1.00
2015.08.20 04:35:36.007,1.37997,1.38008,2.02,1.00
2015.08.20 04:35:36.556,1.37997,1.38008,2.02,1.00
2015.08.20 04:35:37.885,1.37997,1.38008,2.02,1.00
2015.08.20 04:35:38.398,1.37997,1.38008,2.02,1.00
2015.08.20 04:35:39.478,1.37997,1.38008,2.02,1.00
2015.08.20 04:35:40.171,1.37997,1.38008,2.02,1.00
2015.08.20 04:35:40.919,1.37997,1.38009,3.07,1.37
2015.08.20 04:35:41.437,1.37998,1.38009,1.20,1.87
2015.08.20 04:35:42.168,1.37998,1.38007,1.12,1.00
2015.08.20 04:35:42.681,1.37997,1.38007,1.95,1.00
2015.08.20 04:35:43.187,1.37997,1.38007,1.95,1.00
2015.08.20 04:35:44.159,1.37997,1.38007,1.95,1.50
2015.08.20 04:35:44.667,1.37997,1.38007,1.95,1.50
2015.08.20 04:35:45.950,1.37997,1.38007,1.95,1.00
2015.08.20 04:35:46.488,1.37997,1.38007,2.25,1.00
2015.08.20 04:35:47.244,1.37997,1.38007,2.25,1.00
2015.08.20 04:35:47.991,1.37997,1.38007,2.25,1.00
2015.08.20 04:35:49.259,1.37997,1.38007,2.25,1.00
2015.08.20 04:35:49.808,1.37997,1.38007,2.25,1.00
2015.08.20 04:35:51.114,1.37997,1.38007,2.62,1.00
2015.08.20 04:35:51.668,1.37997,1.38007,2.25,1.00
2015.08.20 04:35:52.504,1.37997,1.38007,2.25,1.00
2015.08.20 04:35:53.022,1.37997,1.38007,2.25,1.00
2015.08.20 04:35:54.430,1.37997,1.38007,2.62,1.00
2015.08.20 04:35:54.975,1.37997,1.38007,2.62,1.00
2015.08.20 04:35:55.556,1.3801,1.38013,1.12,1.82
2015.08.20 04:35:55.861,1.38019,1.38023,1.00,1.00
2015.08.20 04:35:55.962,1.38017,1.38026,1.50,1.12
2015.08.20 04:35:56.215,1.38019,1.38028,1.00,1.00
2015.08.20 04:35:56.266,1.38017,1.38025,1.50,1.00
2015.08.20 04:35:56.368,1.38017,1.38028,1.12,3.00
2015.08.20 04:35:56.834,1.38018,1.38025,1.00,1.00
2015.08.20 04:35:57.343,1.38019,1.38025,1.00,1.00
2015.08.20 04:36:00.588,1.38018,1.38025,1.00,1.00
2015.08.20 04:36:01.119,1.38019,1.38025,1.00,1.00
2015.08.20 04:36:01.632,1.38015,1.38025,1.87,1.12
2015.08.20 04:36:02.173,1.38015,1.38025,1.87,1.12
2015.08.20 04:36:03.180,1.38015,1.38025,1.87,1.12
2015.08.20 04:36:03.989,1.38015,1.38025,1.87,1.12
2015.08.20 04:36:04.530,1.38015,1.38024,1.87,1.12
2015.08.20 04:36:05.241,1.38015,1.38024,1.87,1.12
2015.08.20 04:36:05.745,1.38015,1.38024,1.87,1.12
2015.08.20 04:36:06.257,1.38017,1.38025,1.75,1.00
2015.08.20 04:36:06.359,1.38017,1.38025,1.37,1.00
2015.08.20 04:36:06.465,1.38019,1.38027,1.37,1.37
2015.08.20 04:36:06.617,1.38019,1.38029,1.50,1.12
2015.08.20 04:36:06.668,1.38019,1.38029,1.12,1.12
2015.08.20 04:36:07.127,1.38033,1.38035,1.00,1.87
2015.08.20 04:36:07.229,1.38034,1.38037,1.00,1.00
2015.08.20 04:36:07.532,1.38033,1.38036,1.00,1.00
2015.08.20 04:36:07.633,1.38036,1.38038,1.00,1.00
2015.08.20 04:36:08.355,1.38035,1.38042,1.12,2.10
2015.08.20 04:36:09.030,1.38035,1.38041,1.00,1.72
2015.08.20 04:36:09.344,1.38035,1.38038,1.00,1.00
2015.08.20 04:36:10.281,1.38032,1.38039,1.37,1.00
2015.08.20 04:36:10.567,1.38035,1.3804,1.00,1.12
2015.08.20 04:36:11.113,1.38035,1.38041,1.00,2.25
2015.08.20 04:36:11.768,1.38032,1.38039,1.00,1.60
2015.08.20 04:36:12.275,1.38031,1.3804,1.00,2.47
2015.08.20 04:36:13.464,1.38031,1.3804,1.37,2.85
2015.08.20 04:36:13.999,1.38031,1.38039,1.12,1.30
2015.08.20 04:36:14.308,1.38034,1.3804,1.00,2.47
2015.08.20 04:36:14.848,1.38032,1.38038,1.00,1.60
2015.08.20 04:36:15.264,1.3803,1.38032,1.87,1.00
2015.08.20 04:36:15.366,1.38031,1.38038,1.00,1.00
2015.08.20 04:36:16.221,1.38031,1.38039,1.87,1.35
2015.08.20 04:36:19.612,1.38031,1.3804,1.00,2.85
2015.08.20 04:36:20.121,1.3803,1.38038,1.00,1.00
2015.08.20 04:36:21.054,1.38031,1.38038,1.00,1.35
2015.08.20 04:36:23.900,1.38031,1.38038,1.00,1.37
2015.08.20 04:36:24.437,1.3803,1.38038,1.87,1.72
2015.08.20 04:36:25.445,1.3803,1.38038,1.12,1.50
2015.08.20 04:36:26.006,1.38031,1.38038,1.00,1.37
2015.08.20 04:36:26.549,1.38031,1.38036,1.00,1.37
2015.08.20 04:36:27.298,1.38031,1.38036,1.00,1.00
2015.08.20 04:36:27.811,1.3803,1.38035,1.87,1.37
2015.08.20 04:36:28.468,1.3803,1.38035,1.87,1.37
2015.08.20 04:36:29.738,1.3803,1.38037,1.37,1.87
2015.08.20 04:36:30.377,1.3803,1.38037,1.37,1.87
2015.08.20 04:36:31.647,1.3803,1.38037,1.37,1.87
2015.08.20 04:36:32.202,1.3803,1.38037,1.37,1.87
2015.08.20 04:36:32.925,1.3803,1.38037,1.87,1.87
2015.08.20 04:36:33.936,1.3803,1.38037,1.12,1.87
2015.08.20 04:36:34.831,1.3803,1.38037,1.87,1.87
2015.08.20 04:36:35.203,1.3803,1.38037,1.37,1.87
2015.08.20 04:36:36.096,1.3803,1.38037,1.37,1.87
2015.08.20 04:36:37.066,1.3803,1.38037,1.87,1.87
2015.08.20 04:36:37.791,1.3803,1.38037,1.37,1.37
2015.08.20 04:36:38.857,1.38031,1.38037,1.37,1.37
2015.08.20 04:36:39.387,1.38031,1.38037,1.37,1.37
2015.08.20 04:36:41.075,1.38031,1.38037,1.12,1.87
2015.08.20 04:36:41.596,1.38031,1.38037,1.12,1.87
2015.08.20 04:36:42.517,1.3803,1.38037,1.37,1.87
2015.08.20 04:36:43.782,1.3803,1.38037,1.12,1.87
2015.08.20 04:36:44.290,1.38029,1.38037,1.37,1.87
2015.08.20 04:36:46.048,1.38029,1.38037,1.37,1.87
2015.08.20 04:36:46.565,1.38029,1.38037,1.37,1.87
2015.08.20 04:36:47.735,1.38029,1.38037,1.37,1.37
2015.08.20 04:36:48.297,1.38029,1.38037,1.37,1.37
2015.08.20 04:36:49.075,1.38029,1.38037,1.37,1.37
2015.08.20 04:36:50.009,1.38029,1.38037,1.37,1.37
2015.08.20 04:36:50.549,1.38029,1.38037,1.37,1.37
2015.08.20 04:36:51.130,1.38029,1.38037,1.37,1.37
2015.08.20 04:36:51.574,1.38029,1.38037,1.37,1.00
2015.08.20 04:36:52.930,1.3803,1.38038,1.37,1.87
2015.08.20 04:36:53.284,1.38033,1.3804,1.12,1.00
2015.08.20 04:36:53.335,1.38033,1.3804,1.37,1.00
2015.08.20 04:36:53.922,1.38036,1.38041,1.12,1.00
2015.08.20 04:36:54.177,1.38037,1.38043,1.00,1.50
2015.08.20 04:36:54.781,1.38037,1.38044,1.00,1.00
2015.08.20 04:36:54.832,1.38037,1.38044,1.37,1.00
2015.08.20 04:36:55.347,1.38039,1.38043,1.00,1.00
2015.08.20 04:36:56.575,1.38039,1.38046,1.00,1.37
2015.08.20 04:36:57.093,1.38039,1.38046,1.00,1.37
2015.08.20 04:36:57.546,1.3804,1.38046,1.37,1.37
2015.08.20 04:36:58.192,1.38042,1.38047,1.12,1.37
2015.08.20 04:36:58.903,1.38041,1.38049,1.00,2.85
2015.08.20 04:36:59.757,1.38039,1.38048,1.12,1.97
2015.08.20 04:37:00.304,1.38039,1.38048,1.50,2.62
2015.08.20 04:37:00.812,1.38039,1.38048,1.50,2.62
2015.08.20 04:37:01.347,1.38039,1.38044,1.37,1.50
2015.08.20 04:37:01.887,1.38037,1.38039,1.37,1.00
2015.08.20 04:37:01.989,1.38035,1.38038,1.65,1.00
2015.08.20 04:37:02.141,1.38033,1.38036,1.57,1.00
2015.08.20 04:37:02.343,1.38032,1.38036,1.87,1.00
2015.08.20 04:37:02.857,1.38032,1.38035,1.12,1.00
2015.08.20 04:37:03.588,1.38033,1.38036,1.12,1.00
2015.08.20 04:37:04.126,1.38033,1.38036,2.47,1.00
2015.08.20 04:37:06.549,1.38033,1.38036,4.12,1.50
2015.08.20 04:37:07.758,1.38033,1.38036,2.25,1.00
2015.08.20 04:37:08.269,1.38033,1.38036,3.15,1.00
2015.08.20 04:37:08.819,1.38035,1.38036,1.00,1.00
2015.08.20 04:37:09.770,1.38034,1.38036,1.12,1.00
2015.08.20 04:37:10.277,1.38035,1.38036,1.00,1.50
2015.08.20 04:37:11.022,1.38035,1.38038,1.12,1.00
2015.08.20 04:37:11.124,1.38035,1.38041,1.65,1.50
2015.08.20 04:37:11.845,1.38037,1.3804,1.00,1.00
2015.08.20 04:37:12.390,1.38035,1.38041,1.72,1.12
2015.08.20 04:37:12.896,1.38035,1.3804,1.57,1.00
2015.08.20 04:37:14.515,1.38035,1.3804,1.37,1.50
2015.08.20 04:37:18.195,1.38035,1.3804,1.00,1.50
2015.08.20 04:37:18.498,1.38033,1.38037,1.87,1.12
2015.08.20 04:37:19.039,1.38033,1.38037,1.87,1.12
2015.08.20 04:37:20.551,1.38033,1.38037,1.50,1.00
2015.08.20 04:37:24.032,1.38033,1.38037,1.65,1.12
2015.08.20 04:37:25.642,1.38031,1.38038,3.45,1.37
2015.08.20 04:37:26.196,1.38032,1.38038,2.40,1.12
2015.08.20 04:37:27.001,1.38032,1.38038,2.40,1.37
2015.08.20 04:37:28.608,1.38032,1.38037,2.40,1.00
2015.08.20 04:37:29.744,1.38032,1.38039,3.15,1.50
2015.08.20 04:37:30.765,1.38032,1.38039,3.07,1.50
2015.08.20 04:37:31.270,1.38035,1.38039,1.00,1.00
2015.08.20 04:37:32.484,1.38033,1.38039,1.12,1.50
2015.08.20 04:37:33.531,1.38033,1.38039,1.37,1.00
2015.08.20 04:37:37.676,1.38033,1.3804,1.87,1.50
2015.08.20 04:37:38.179,1.38033,1.38039,1.87,1.00
2015.08.20 04:37:38.809,1.38033,1.3804,1.87,1.50
2015.08.20 04:37:39.465,1.38033,1.38042,1.87,1.37
2015.08.20 04:37:39.997,1.38033,1.38042,1.87,1.37
2015.08.20 04:37:40.598,1.38033,1.38043,2.25,2.47
2015.08.20 04:37:41.404,1.38033,1.38043,2.25,2.47
2015.08.20 04:37:42.212,1.38033,1.38043,2.25,2.47
2015.08.20 04:37:43.293,1.38033,1.38038,1.37,1.00
2015.08.20 04:37:43.347,1.38031,1.38038,1.12,1.12
2015.08.20 04:37:47.768,1.38031,1.38038,1.87,1.00
2015.08.20 04:37:48.761,1.38031,1.38038,1.87,1.00
2015.08.20 04:37:49.291,1.38031,1.38039,1.00,1.12
2015.08.20 04:37:49.825,1.38031,1.38038,1.50,1.00
2015.08.20 04:37:50.782,1.38031,1.38039,1.00,1.12
2015.08.20 04:37:52.087,1.38031,1.38038,1.50,1.00
2015.08.20 04:37:52.801,1.38031,1.38033,1.00,1.00
2015.08.20 04:37:53.316,1.38026,1.3803,1.87,1.12
2015.08.20 04:37:53.367,1.38026,1.3803,1.12,1.12
2015.08.20 04:37:53.872,1.38025,1.38031,1.92,1.12
2015.08.20 04:37:54.397,1.38025,1.38031,3.15,1.37
2015.08.20 04:37:56.019,1.38025,1.38031,3.52,1.12
2015.08.20 04:37:56.855,1.38025,1.38031,3.15,1.37
2015.08.20 04:37:57.865,1.38025,1.38031,3.15,1.12
2015.08.20 04:37:59.061,1.38025,1.38031,3.52,1.37
2015.08.20 04:38:00.066,1.38025,1.38031,3.52,1.12
2015.08.20 04:38:00.584,1.38025,1.38031,1.92,1.37
2015.08.20 04:38:01.159,1.38025,1.38031,3.15,1.12
2015.08.20 04:38:01.850,1.38025,1.38031,3.15,1.37
2015.08.20 04:38:02.518,1.38026,1.38032,1.80,1.37
2015.08.20 04:38:02.569,1.38027,1.38032,1.42,1.00
2015.08.20 04:38:02.620,1.38028,1.38036,1.37,1.00
2015.08.20 04:38:03.670,1.38027,1.38037,1.87,1.12
2015.08.20 04:38:05.275,1.38027,1.38038,1.50,2.62
2015.08.20 04:38:05.326,1.38027,1.38038,1.50,1.87
2015.08.20 04:38:05.781,1.38027,1.38038,1.50,2.47
2015.08.20 04:38:06.850,1.38027,1.38038,1.50,2.85
2015.08.20 04:38:07.373,1.38027,1.38037,1.50,1.00
2015.08.20 04:38:07.701,1.38027,1.38035,1.50,1.00
2015.08.20 04:38:08.216,1.38027,1.38037,1.37,1.37
2015.08.20 04:38:09.040,1.38027,1.38035,1.37,1.00
2015.08.20 04:38:10.781,1.38029,1.38038,2.70,1.00
2015.08.20 04:38:10.832,1.38029,1.38036,2.70,1.00
2015.08.20 04:38:11.592,1.38029,1.38036,2.70,1.00
2015.08.20 04:38:11.945,1.38029,1.38033,1.00,1.00
2015.08.20 04:38:12.791,1.38028,1.38033,1.12,1.00
2015.08.20 04:38:13.342,1.38029,1.38033,1.00,1.00
2015.08.20 04:38:14.757,1.38028,1.38033,1.00,1.00
2015.08.20 04:38:15.572,1.38029,1.38033,1.00,1.00
2015.08.20 04:38:16.080,1.38029,1.38034,1.00,1.50
2015.08.20 04:38:16.782,1.38028,1.38034,1.00,1.12
2015.08.20 04:38:17.836,1.38029,1.38034,1.00,1.87
2015.08.20 04:38:20.187,1.38029,1.38036,1.60,2.25
2015.08.20 04:38:20.695,1.38028,1.38036,1.80,1.00
2015.08.20 04:38:21.152,1.38029,1.38034,1.12,1.00
2015.08.20 04:38:21.795,1.38027,1.38033,1.50,1.00
2015.08.20 04:38:22.481,1.38027,1.38034,1.37,1.00
2015.08.20 04:38:22.534,1.38027,1.38036,1.37,1.30
2015.08.20 04:38:25.998,1.38027,1.38037,1.37,1.87
2015.08.20 04:38:26.524,1.38027,1.38037,1.37,2.47
2015.08.20 04:38:27.389,1.38027,1.38037,1.37,1.87
2015.08.20 04:38:28.094,1.38027,1.38037,1.37,1.87
2015.08.20 04:38:31.170,1.38027,1.38037,1.50,1.87
2015.08.20 04:38:32.049,1.38027,1.38037,1.50,1.87
2015.08.20 04:38:33.674,1.38027,1.38037,1.50,1.87
2015.08.20 04:38:34.434,1.38027,1.38037,1.37,1.87
2015.08.20 04:38:37.321,1.38026,1.38037,2.77,1.87
2015.08.20 04:38:38.025,1.38026,1.38037,3.15,1.87
2015.08.20 04:38:38.567,1.38026,1.38037,2.77,1.87
2015.08.20 04:38:39.208,1.38026,1.38037,3.15,1.87
2015.08.20 04:38:39.775,1.38026,1.38037,2.77,1.87
2015.08.20 04:38:40.684,1.38026,1.38037,3.15,1.87
2015.08.20 04:38:41.336,1.38026,1.38037,2.77,1.87
2015.08.20 04:38:42.427,1.38026,1.38036,2.02,2.47
2015.08.20 04:38:42.942,1.38026,1.38032,1.00,1.97
2015.08.20 04:38:43.444,1.38026,1.38031,1.00,1.30
2015.08.20 04:38:44.759,1.38026,1.38032,1.00,1.97
2015.08.20 04:38:46.057,1.38026,1.38031,1.00,1.30
2015.08.20 04:38:47.038,1.38029,1.38032,1.00,1.37
2015.08.20 04:38:47.140,1.38031,1.38034,1.12,1.00
2015.08.20 04:38:47.241,1.38031,1.38036,1.12,1.00
2015.08.20 04:38:47.342,1.38031,1.38036,2.25,1.00
2015.08.20 04:38:47.646,1.38033,1.38041,1.37,1.00
2015.08.20 04:38:48.813,1.38033,1.38041,1.50,1.00
2015.08.20 04:38:49.314,1.38034,1.38041,1.37,1.00
2015.08.20 04:38:53.007,1.38038,1.38047,1.37,1.75
2015.08.20 04:38:53.669,1.38038,1.38046,1.37,1.00
2015.08.20 04:38:54.186,1.38038,1.38048,1.50,1.50
2015.08.20 04:38:54.709,1.38038,1.38048,1.50,1.50
2015.08.20 04:38:55.247,1.38038,1.38048,1.50,1.50
2015.08.20 04:38:55.750,1.38038,1.38048,1.50,1.50
2015.08.20 04:38:56.145,1.38038,1.38046,1.50,1.37
2015.08.20 04:38:56.555,1.38038,1.38047,1.50,1.72
2015.08.20 04:38:56.764,1.38038,1.38047,1.50,1.87
2015.08.20 04:38:56.966,1.38038,1.38047,1.50,1.87
2015.08.20 04:38:57.506,1.38038,1.38044,1.12,1.00
2015.08.20 04:38:58.676,1.38038,1.38043,1.12,1.00
2015.08.20 04:38:59.178,1.38037,1.38044,1.37,2.47
2015.08.20 04:38:59.684,1.38038,1.38045,1.37,1.12
2015.08.20 04:39:00.356,1.38038,1.38048,1.37,3.37
2015.08.20 04:39:00.559,1.38038,1.38047,1.37,1.50
2015.08.20 04:39:01.068,1.38039,1.38047,1.12,1.50
2015.08.20 04:39:01.654,1.38039,1.38047,1.37,1.50
2015.08.20 04:39:02.412,1.38039,1.38047,1.37,1.50
2015.08.20 04:39:02.914,1.38039,1.38047,1.37,1.50
2015.08.20 04:39:03.441,1.38039,1.38048,1.37,1.87
2015.08.20 04:39:04.613,1.38039,1.38048,1.37,1.87
2015.08.20 04:39:05.232,1.38038,1.38048,2.25,2.62
2015.08.20 04:39:05.734,1.38038,1.38048,2.25,2.62
2015.08.20 04:39:07.171,1.38039,1.38049,2.62,2.47
2015.08.20 04:39:07.767,1.38039,1.38049,3.75,1.72
2015.08.20 04:39:09.206,1.38041,1.38049,1.37,2.47
2015.08.20 04:39:09.866,1.38041,1.38049,1.37,2.47
2015.08.20 04:39:10.383,1.38041,1.38049,1.12,2.85
2015.08.20 04:39:13.902,1.38041,1.38049,1.12,1.72
2015.08.20 04:39:14.430,1.38039,1.38049,3.75,2.10
2015.08.20 04:39:15.095,1.38039,1.38049,3.75,2.10
2015.08.20 04:39:15.344,1.38044,1.38049,1.00,2.10
2015.08.20 04:39:16.297,1.3804,1.38049,1.57,2.47
2015.08.20 04:39:16.818,1.3804,1.38049,1.20,2.47
2015.08.20 04:39:17.319,1.38039,1.38049,4.50,2.47
2015.08.20 04:39:18.445,1.38039,1.38049,4.87,2.47
2015.08.20 04:39:18.946,1.38041,1.38049,1.00,2.47
2015.08.20 04:39:19.464,1.38039,1.38049,2.77,2.47
2015.08.20 04:39:20.127,1.38041,1.38049,1.00,3.22
2015.08.20 04:39:20.641,1.38038,1.38045,1.50,3.00
2015.08.20 04:39:20.692,1.38036,1.38043,1.12,1.00
2015.08.20 04:39:21.494,1.38036,1.38043,1.37,1.50
2015.08.20 04:39:22.889,1.38036,1.38042,1.37,1.00
2015.08.20 04:39:23.406,1.38036,1.38043,1.37,1.00
2015.08.20 04:39:24.404,1.38036,1.38042,1.37,1.00
2015.08.20 04:39:25.083,1.38036,1.38043,1.37,1.12
2015.08.20 04:39:26.282,1.38036,1.38044,1.37,1.30
2015.08.20 04:39:26.334,1.38036,1.38044,1.37,2.85
2015.08.20 04:39:26.892,1.38036,1.38044,1.37,2.25
2015.08.20 04:39:27.317,1.38036,1.38044,1.12,2.10
2015.08.20 04:39:27.622,1.38036,1.38041,1.12,1.00
2015.08.20 04:39:29.209,1.38034,1.38042,1.57,1.00
2015.08.20 04:39:29.812,1.38034,1.38041,2.02,1.00
2015.08.20 04:39:31.064,1.38034,1.38042,1.57,1.00
2015.08.20 04:39:31.596,1.38034,1.38041,2.02,1.00
2015.08.20 04:39:32.055,1.38033,1.38042,2.62,1.12
2015.08.20 04:39:32.488,1.38036,1.38044,1.50,1.50
2015.08.20 04:39:32.589,1.38036,1.38044,1.50,1.97
2015.08.20 04:39:32.640,1.38036,1.38044,1.50,2.10
2015.08.20 04:39:33.146,1.38036,1.38041,1.12,1.00
2015.08.20 04:39:33.807,1.38036,1.38042,1.12,1.00
2015.08.20 04:39:34.527,1.38036,1.38041,1.12,1.00
2015.08.20 04:39:35.686,1.38036,1.38042,1.12,1.00
2015.08.20 04:39:36.187,1.38036,1.38041,1.12,1.00
2015.08.20 04:39:36.897,1.38036,1.38042,1.12,1.00
2015.08.20 04:39:37.424,1.38034,1.38041,2.40,1.00
2015.08.20 04:39:38.531,1.38034,1.38041,2.02,1.00
2015.08.20 04:39:38.582,1.38034,1.38041,2.02,2.10
2015.08.20 04:39:39.446,1.38033,1.38039,1.00,1.12
2015.08.20 04:39:39.987,1.3803,1.38039,2.47,1.12
2015.08.20 04:39:40.292,1.38032,1.38041,1.05,1.37
2015.08.20 04:39:40.444,1.38032,1.38041,1.42,1.00
2015.08.20 04:39:40.721,1.38032,1.3804,1.00,1.37
2015.08.20 04:39:41.284,1.38031,1.38042,1.67,1.12
2015.08.20 04:39:41.638,1.38032,1.38042,1.50,2.05
2015.08.20 04:39:41.843,1.38032,1.38041,1.50,1.12
2015.08.20 04:39:42.197,1.38035,1.38042,1.00,1.00
2015.08.20 04:39:42.965,1.38035,1.38041,3.00,1.00
2015.08.20 04:39:43.016,1.38036,1.38043,1.00,1.00
2015.08.20 04:39:43.279,1.38036,1.38041,1.50,1.00
2015.08.20 04:39:43.887,1.38036,1.38041,1.87,1.00
2015.08.20 04:39:45.952,1.38036,1.38042,1.37,1.00
2015.08.20 04:39:46.488,1.38036,1.38041,1.87,1.00
2015.08.20 04:39:47.774,1.38036,1.38042,1.37,1.00
2015.08.20 04:39:48.327,1.38036,1.38041,1.87,1.00
2015.08.20 04:39:50.338,1.38036,1.38042,1.37,1.00
2015.08.20 04:39:50.872,1.38036,1.38041,1.87,1.00
2015.08.20 04:39:53.115,1.38035,1.38042,1.50,1.00
2015.08.20 04:39:53.617,1.38036,1.38041,1.00,1.00
2015.08.20 04:39:54.158,1.38035,1.38042,2.25,1.00
2015.08.20 04:39:55.130,1.38036,1.38041,1.12,1.00
2015.08.20 04:39:56.653,1.38035,1.38042,1.87,1.00
2015.08.20 04:39:57.170,1.38036,1.38041,1.12,1.00
2015.08.20 04:39:57.829,1.38035,1.38042,1.87,1.00
2015.08.20 04:39:58.333,1.38036,1.38041,1.37,1.00
2015.08.20 04:39:58.907,1.38036,1.38041,1.37,1.00
2015.08.20 04:39:59.408,1.38035,1.38042,3.00,1.00
2015.08.20 04:39:59.991,1.38035,1.38042,3.00,1.00
2015.08.20 04:40:00.544,1.38036,1.38041,1.87,1.00
2015.08.20 04:40:02.369,1.38036,1.38042,1.12,1.35
2015.08.20 04:40:03.007,1.38036,1.38041,1.87,1.00
2015.08.20 04:40:03.555,1.38036,1.38042,1.12,1.35
2015.08.20 04:40:04.644,1.38036,1.38041,1.87,1.00
2015.08.20 04:40:06.585,1.38036,1.38042,1.12,1.00
2015.08.20 04:40:07.223,1.38036,1.38041,1.87,1.00
2015.08.20 04:40:07.891,1.38036,1.38042,1.12,1.00
2015.08.20 04:40:08.530,1.38036,1.38041,1.87,1.00
2015.08.20 04:40:09.919,1.38036,1.38042,1.12,1.00
2015.08.20 04:40:10.481,1.38036,1.38041,1.87,1.00
2015.08.20 04:40:11.109,1.38036,1.38042,1.12,1.00
2015.08.20 04:40:11.960,1.38036,1.38041,1.12,1.00
2015.08.20 04:40:14.757,1.38035,1.38042,1.87,1.00
2015.08.20 04:40:15.562,1.38036,1.38041,1.12,1.00
2015.08.20 04:40:16.548,1.38036,1.38041,1.37,1.00
2015.08.20 04:40:16.750,1.38035,1.38045,5.25,2.10
2015.08.20 04:40:17.158,1.38036,1.38043,1.87,1.30
2015.08.20 04:40:17.361,1.38036,1.38044,1.50,1.30
2015.08.20 04:40:17.874,1.38036,1.38045,1.87,1.97
2015.08.20 04:40:18.583,1.38036,1.38044,1.50,1.30
2015.08.20 04:40:19.162,1.38036,1.38046,1.87,2.85
2015.08.20 04:40:19.702,1.38036,1.38045,3.75,1.37
2015.08.20 04:40:20.291,1.38036,1.38045,4.12,1.37
2015.08.20 04:40:21.592,1.38036,1.38045,1.50,1.37
2015.08.20 04:40:22.419,1.38036,1.38045,1.87,1.37
2015.08.20 04:40:23.127,1.38036,1.38044,1.50,1.30
2015.08.20 04:40:23.686,1.38036,1.38045,1.87,1.97
2015.08.20 04:40:24.800,1.38036,1.38044,3.00,1.30
2015.08.20 04:40:25.404,1.38036,1.38045,3.37,1.97
2015.08.20 04:40:26.674,1.38038,1.38044,1.00,1.30
2015.08.20 04:40:27.281,1.38038,1.38045,1.00,1.97
2015.08.20 04:40:28.218,1.38038,1.38044,1.00,1.30
2015.08.20 04:40:29.122,1.38035,1.38043,1.47,1.12
2015.08.20 04:40:29.185,1.38035,1.38043,1.00,1.50
2015.08.20 04:40:31.417,1.38034,1.38043,1.50,1.00
2015.08.20 04:40:39.741,1.38034,1.38044,3.15,2.47
2015.08.20 04:40:40.045,1.38037,1.38044,1.37,1.37
2015.08.20 04:40:40.147,1.38037,1.38046,1.72,2.62
2015.08.20 04:40:41.021,1.38037,1.38046,2.10,3.22
2015.08.20 04:40:44.036,1.38038,1.38046,1.37,2.47
2015.08.20 04:40:44.361,1.38038,1.38047,1.67,1.37
2015.08.20 04:40:44.864,1.38038,1.38047,1.35,1.37
2015.08.20 04:40:45.564,1.38039,1.38047,1.30,1.37
2015.08.20 04:40:45.672,1.38038,1.38047,1.35,1.37
2015.08.20 04:40:46.252,1.38038,1.38047,2.05,1.37
2015.08.20 04:40:46.947,1.38038,1.38047,1.35,1.37
2015.08.20 04:40:47.477,1.38039,1.38047,1.00,1.37
2015.08.20 04:40:47.982,1.38039,1.38047,1.67,1.37
2015.08.20 04:40:48.598,1.38039,1.38047,1.67,1.37
2015.08.20 04:40:49.491,1.38038,1.38047,1.97,1.37
2015.08.20 04:40:49.997,1.38038,1.38047,1.97,1.37
2015.08.20 04:40:50.516,1.38038,1.38047,2.07,1.37
2015.08.20 04:40:53.036,1.38038,1.38047,1.35,1.37
2015.08.20 04:40:53.900,1.38039,1.38047,1.05,1.37
2015.08.20 04:40:55.845,1.38037,1.38045,2.25,1.00
2015.08.20 04:40:58.778,1.38038,1.38045,1.00,1.00
2015.08.20 04:40:58.930,1.38036,1.38045,1.57,1.97
2015.08.20 04:40:59.132,1.38032,1.38042,1.57,1.12
2015.08.20 04:40:59.386,1.38031,1.38041,1.00,1.75
2015.08.20 04:40:59.689,1.38035,1.38039,1.35,1.00
2015.08.20 04:41:00.163,1.38042,1.38046,1.00,1.20
2015.08.20 04:41:00.504,1.38046,1.38047,1.00,1.00
2015.08.20 04:41:00.556,1.38046,1.38049,1.00,1.12
2015.08.20 04:41:01.061,1.38046,1.3805,1.00,2.25
2015.08.20 04:41:02.310,1.38047,1.3805,1.00,2.47
2015.08.20 04:41:03.712,1.38046,1.38047,1.00,1.00
2015.08.20 04:41:03.763,1.38045,1.38047,1.00,1.00
2015.08.20 04:41:04.283,1.38044,1.38049,1.87,1.37
2015.08.20 04:41:04.787,1.38045,1.38049,1.50,1.37
2015.08.20 04:41:05.736,1.38045,1.38049,1.50,1.37
2015.08.20 04:41:06.282,1.38045,1.38049,1.50,1.37
2015.08.20 04:41:06.800,1.38045,1.38049,1.50,1.37
2015.08.20 04:41:07.969,1.38044,1.38049,1.50,1.37
2015.08.20 04:41:08.863,1.38045,1.38049,1.00,1.37
2015.08.20 04:41:10.432,1.38044,1.38049,1.50,1.37
2015.08.20 04:41:10.945,1.38044,1.38049,1.50,1.37
2015.08.20 04:41:11.736,1.38045,1.38049,1.00,1.37
2015.08.20 04:41:12.301,1.38045,1.38049,1.00,1.37
2015.08.20 04:41:12.840,1.38044,1.38049,1.50,1.37
2015.08.20 04:41:13.430,1.38045,1.38049,1.00,1.37
2015.08.20 04:41:14.052,1.38044,1.38049,1.50,1.37
2015.08.20 04:41:14.558,1.38045,1.38049,1.00,1.37
2015.08.20 04:41:15.748,1.38044,1.38049,1.50,1.37
2015.08.20 04:41:16.402,1.38045,1.38048,1.00,1.00
2015.08.20 04:41:16.915,1.38044,1.38047,1.50,1.00
2015.08.20 04:41:17.465,1.38045,1.38047,1.00,1.00
2015.08.20 04:41:18.123,1.38045,1.38048,1.00,1.00
2015.08.20 04:41:18.327,1.38043,1.38047,1.00,1.00
2015.08.20 04:41:18.681,1.38041,1.38049,1.00,3.22
2015.08.20 04:41:18.985,1.38043,1.38049,1.00,3.22
2015.08.20 04:41:20.452,1.38043,1.38049,1.00,1.37
2015.08.20 04:41:20.965,1.38042,1.38049,1.12,1.97
2015.08.20 04:41:21.473,1.38041,1.38048,1.00,2.10
2015.08.20 04:41:21.985,1.38038,1.38047,2.17,1.12
2015.08.20 04:41:22.493,1.38038,1.38046,1.27,1.00
2015.08.20 04:41:23.000,1.38038,1.38048,1.27,1.37
2015.08.20 04:41:24.554,1.38038,1.38047,1.87,1.37
2015.08.20 04:41:25.137,1.38038,1.38047,1.87,1.37
2015.08.20 04:41:26.169,1.38038,1.38047,1.87,1.37
2015.08.20 04:41:26.761,1.38038,1.38046,1.47,1.30
2015.08.20 04:41:27.184,1.38038,1.38047,1.37,4.35
2015.08.20 04:41:27.691,1.38038,1.38045,1.00,3.60
2015.08.20 04:41:28.233,1.38037,1.38042,1.27,1.00
2015.08.20 04:41:28.966,1.38037,1.38042,1.57,1.00
2015.08.20 04:41:29.576,1.38037,1.38042,1.57,1.00
2015.08.20 04:41:30.441,1.38036,1.38043,4.80,1.00
2015.08.20 04:41:30.492,1.38037,1.38044,1.20,1.00
2015.08.20 04:41:32.669,1.38035,1.38042,1.50,1.00
2015.08.20 04:41:33.179,1.38033,1.38042,1.65,1.00
2015.08.20 04:41:34.195,1.38033,1.38042,1.37,1.50
2015.08.20 04:41:34.649,1.38033,1.38042,1.37,1.37
2015.08.20 04:41:36.504,1.38032,1.38041,1.47,1.12
2015.08.20 04:41:38.596,1.38032,1.38041,1.95,1.12
2015.08.20 04:41:38.698,1.38031,1.38041,2.70,2.62
2015.08.20 04:41:39.001,1.3803,1.38037,1.00,1.00
2015.08.20 04:41:39.154,1.38028,1.38039,3.75,1.00
2015.08.20 04:41:39.694,1.3803,1.38039,1.50,1.00
2015.08.20 04:41:41.610,1.3803,1.38039,2.25,1.72
2015.08.20 04:41:42.143,1.3803,1.38039,1.87,2.10
2015.08.20 04:41:42.721,1.3803,1.38039,1.87,2.10
2015.08.20 04:41:43.371,1.3803,1.38037,1.00,1.00
2015.08.20 04:41:43.850,1.38028,1.38036,1.50,1.00
2015.08.20 04:41:44.103,1.38028,1.38038,1.50,1.50
2015.08.20 04:41:44.704,1.38028,1.38037,1.50,1.00
2015.08.20 04:41:46.861,1.38027,1.38037,3.07,1.87
2015.08.20 04:41:47.063,1.38028,1.38035,1.00,1.12
2015.08.20 04:41:51.147,1.38027,1.38035,1.50,1.12
2015.08.20 04:41:51.553,1.38028,1.38038,2.85,1.00
2015.08.20 04:41:52.182,1.3803,1.3804,2.77,1.50
2015.08.20 04:41:52.903,1.3803,1.3804,4.05,1.50
2015.08.20 04:41:54.289,1.3803,1.38037,2.10,1.00
2015.08.20 04:41:54.503,1.3803,1.38038,1.50,1.00
2015.08.20 04:41:55.030,1.3803,1.38039,1.50,1.35
2015.08.20 04:41:55.563,1.3803,1.38038,1.12,1.35
2015.08.20 04:41:56.064,1.3803,1.38038,1.12,1.67
2015.08.20 04:41:56.792,1.3803,1.38039,1.37,2.05
2015.08.20 04:41:57.300,1.3803,1.38038,1.12,1.35
2015.08.20 04:41:58.225,1.38029,1.38038,2.55,1.67
2015.08.20 04:41:58.938,1.3803,1.38038,1.12,1.00
2015.08.20 04:42:00.575,1.3803,1.38038,1.37,1.50
2015.08.20 04:42:00.727,1.38029,1.38038,1.12,2.10
2015.08.20 04:42:01.595,1.38029,1.38036,1.00,1.12
2015.08.20 04:42:02.150,1.38032,1.38036,1.12,1.00
2015.08.20 04:42:02.204,1.38032,1.38039,1.12,1.87
2015.08.20 04:42:03.937,1.38032,1.3804,1.00,2.85
2015.08.20 04:42:04.502,1.38032,1.3804,1.00,1.72
2015.08.20 04:42:04.809,1.38032,1.3804,1.00,2.85
2015.08.20 04:42:05.351,1.38032,1.38038,1.00,1.12
2015.08.20 04:42:06.404,1.38032,1.38038,1.00,1.37
2015.08.20 04:42:06.997,1.38032,1.38038,1.00,1.12
2015.08.20 04:42:09.187,1.38032,1.38038,1.00,1.37
2015.08.20 04:42:10.731,1.38032,1.38038,1.00,1.12
2015.08.20 04:42:11.305,1.38032,1.38038,1.12,1.37
2015.08.20 04:42:12.019,1.38032,1.38037,1.37,1.12
2015.08.20 04:42:13.239,1.38032,1.38038,1.87,1.12
2015.08.20 04:42:13.774,1.38032,1.38038,1.87,1.37
2015.08.20 04:42:14.317,1.38032,1.38037,1.87,1.12
2015.08.20 04:42:17.231,1.38032,1.38037,1.87,1.12
2015.08.20 04:42:22.326,1.38032,1.38037,1.87,1.12
2015.08.20 04:42:25.618,1.38032,1.38038,1.87,1.12
2015.08.20 04:42:26.262,1.38032,1.3804,1.37,1.37
2015.08.20 04:42:27.141,1.38032,1.3804,1.87,1.12
2015.08.20 04:42:27.811,1.38032,1.3804,2.62,1.37
2015.08.20 04:42:28.559,1.38032,1.3804,2.25,1.12
2015.08.20 04:42:29.437,1.38032,1.3804,2.62,1.37
2015.08.20 04:42:31.368,1.38032,1.3804,2.25,1.12
2015.08.20 04:42:32.257,1.38032,1.38041,2.25,2.62
2015.08.20 04:42:32.862,1.38032,1.38041,2.62,2.62
2015.08.20 04:42:33.405,1.38032,1.38041,1.50,2.62
2015.08.20 04:42:33.960,1.38032,1.38041,2.62,2.62
2015.08.20 04:42:35.500,1.38032,1.38041,2.25,2.62
2015.08.20 04:42:36.055,1.38032,1.38041,2.62,1.87
2015.08.20 04:42:36.572,1.38032,1.38041,2.25,1.87
2015.08.20 04:42:37.295,1.38032,1.38041,2.62,1.87
2015.08.20 04:42:38.259,1.38032,1.38041,2.25,1.87
2015.08.20 04:42:38.807,1.38032,1.38041,2.62,1.87
2015.08.20 04:42:39.513,1.38032,1.38041,2.62,1.87
2015.08.20 04:42:40.805,1.38033,1.38041,1.37,1.87
2015.08.20 04:42:41.374,1.38032,1.38041,2.62,1.87
2015.08.20 04:42:42.135,1.38033,1.38041,1.37,1.87
2015.08.20 04:42:42.832,1.38032,1.38041,2.25,1.87
2015.08.20 04:42:43.345,1.38032,1.38041,2.62,1.87
2015.08.20 04:42:44.255,1.38036,1.38043,1.12,3.00
2015.08.20 04:42:44.357,1.38037,1.38045,2.55,1.50
2015.08.20 04:42:44.458,1.38043,1.38045,1.00,1.12
2015.08.20 04:42:44.908,1.38041,1.38045,1.57,1.12
2015.08.20 04:42:45.464,1.38041,1.38046,1.10,1.12
2015.08.20 04:42:46.013,1.38041,1.38045,1.57,1.00
2015.08.20 04:42:46.750,1.38041,1.38045,2.32,1.00
2015.08.20 04:42:47.268,1.38043,1.38046,1.42,1.00
2015.08.20 04:42:50.315,1.38043,1.38046,2.47,1.00
2015.08.20 04:42:50.823,1.38042,1.38045,1.50,1.00
2015.08.20 04:42:51.345,1.38041,1.38046,1.10,1.12
2015.08.20 04:42:57.184,1.3804,1.38045,4.20,1.00
2015.08.20 04:42:58.037,1.3804,1.38045,1.20,1.00
2015.08.20 04:42:58.574,1.3804,1.38045,3.00,1.00
2015.08.20 04:43:01.199,1.3804,1.38046,3.60,1.12
2015.08.20 04:43:01.732,1.3804,1.38045,2.10,1.00
2015.08.20 04:43:02.530,1.38041,1.38046,1.20,1.12
2015.08.20 04:43:03.072,1.38039,1.38046,3.90,1.50
2015.08.20 04:43:03.713,1.3804,1.38045,1.20,1.00
2015.08.20 04:43:03.919,1.38036,1.38044,4.20,1.00
2015.08.20 04:43:04.021,1.38036,1.38043,1.65,1.37
2015.08.20 04:43:04.530,1.38034,1.38041,3.90,1.00
2015.08.20 04:43:05.265,1.38033,1.3804,2.70,1.50
2015.08.20 04:43:05.316,1.38034,1.38041,1.00,1.37
2015.08.20 04:43:05.820,1.38033,1.38039,2.40,1.12
2015.08.20 04:43:06.894,1.38033,1.38039,1.27,1.00
2015.08.20 04:43:11.904,1.38032,1.3804,2.85,1.37
2015.08.20 04:43:11.955,1.38032,1.3804,3.00,2.25
2015.08.20 04:43:26.088,1.38032,1.38039,2.55,1.00
2015.08.20 04:43:26.404,1.38032,1.38039,1.27,1.00
2015.08.20 04:43:26.817,1.38032,1.38039,2.17,1.12
2015.08.20 04:43:27.748,1.38032,1.38039,3.52,1.12
2015.08.20 04:43:28.294,1.38034,1.3804,3.60,1.50
2015.08.20 04:43:28.920,1.38034,1.38042,3.30,1.37
2015.08.20 04:43:29.513,1.38034,1.3804,1.05,1.00
2015.08.20 04:43:30.234,1.38034,1.3804,4.27,1.00
2015.08.20 04:43:30.739,1.38033,1.3804,1.50,2.25
2015.08.20 04:43:31.050,1.38033,1.38037,1.50,1.00
2015.08.20 04:43:31.590,1.38033,1.38037,2.25,1.00
2015.08.20 04:43:32.149,1.38033,1.38037,1.50,1.00
2015.08.20 04:43:32.689,1.38033,1.38038,1.00,1.00
2015.08.20 04:43:33.459,1.38033,1.38039,1.20,1.12
2015.08.20 04:43:36.680,1.38033,1.38039,3.30,1.12
2015.08.20 04:43:37.301,1.38036,1.38039,1.00,1.12
2015.08.20 04:43:37.509,1.38034,1.38039,1.20,1.12
2015.08.20 04:43:41.362,1.38031,1.38039,1.00,2.25
2015.08.20 04:43:42.856,1.38029,1.38039,1.65,1.87
2015.08.20 04:43:44.343,1.38033,1.38038,1.00,1.37
2015.08.20 04:43:44.904,1.3803,1.38036,1.27,1.00
2015.08.20 04:43:46.758,1.38029,1.38036,2.40,1.00
2015.08.20 04:43:47.280,1.3803,1.38037,2.02,1.00
2015.08.20 04:43:47.786,1.38029,1.38037,2.02,1.00
2015.08.20 04:43:48.409,1.3803,1.38037,1.27,1.00
2015.08.20 04:43:51.675,1.38029,1.38036,1.57,1.00
2015.08.20 04:43:52.219,1.38028,1.38035,1.95,1.12
2015.08.20 04:43:52.903,1.38028,1.38036,1.57,1.87
2015.08.20 04:43:53.976,1.38028,1.38036,1.57,1.50
2015.08.20 04:43:54.482,1.38028,1.38035,1.72,1.12
2015.08.20 04:43:55.877,1.38028,1.38035,1.72,1.12
2015.08.20 04:43:56.423,1.38028,1.38036,1.72,1.50
2015.08.20 04:43:56.694,1.38032,1.38036,1.00,1.50
2015.08.20 04:43:58.061,1.38032,1.38035,1.00,1.12
2015.08.20 04:43:58.113,1.38028,1.38036,1.87,1.87
2015.08.20 04:43:58.620,1.38029,1.38035,1.60,1.12
2015.08.20 04:43:58.721,1.38029,1.38038,1.72,1.50
2015.08.20 04:43:59.472,1.38029,1.38039,1.72,1.50
2015.08.20 04:44:00.099,1.3803,1.38038,2.32,1.00
2015.08.20 04:44:00.623,1.38031,1.38038,1.05,1.00
2015.08.20 04:44:01.346,1.38032,1.38037,1.05,1.00
2015.08.20 04:44:01.851,1.38032,1.38038,1.05,1.50
2015.08.20 04:44:02.105,1.3803,1.38037,3.07,1.00
2015.08.20 04:44:02.606,1.38032,1.38037,2.10,1.00
2015.08.20 04:44:03.692,1.38034,1.38037,1.05,1.00
2015.08.20 04:44:04.491,1.38034,1.38037,1.05,1.00
2015.08.20 04:44:05.040,1.38034,1.38038,1.05,1.00
2015.08.20 04:44:05.643,1.38033,1.38037,1.80,1.00
2015.08.20 04:44:07.129,1.38033,1.38039,3.90,3.00
2015.08.20 04:44:08.368,1.38035,1.3804,1.57,1.00
2015.08.20 04:44:08.419,1.38035,1.3804,1.57,1.00
2015.08.20 04:44:08.722,1.38035,1.38042,1.87,1.12
2015.08.20 04:44:09.228,1.38035,1.38043,1.95,1.00
2015.08.20 04:44:12.968,1.38034,1.38042,3.45,1.00
2015.08.20 04:44:13.171,1.38034,1.3804,3.82,1.00
2015.08.20 04:44:14.344,1.38035,1.38041,1.80,1.00
2015.08.20 04:44:16.659,1.38035,1.3804,2.32,1.00
2015.08.20 04:44:17.171,1.38037,1.38041,1.12,1.12
2015.08.20 04:44:18.295,1.38034,1.38042,2.85,1.50
2015.08.20 04:44:18.599,1.38034,1.3804,2.77,1.00
2015.08.20 04:44:20.247,1.38035,1.3804,1.65,1.00
2015.08.20 04:44:22.986,1.38036,1.38039,1.10,1.00
2015.08.20 04:44:23.488,1.38034,1.3804,1.90,1.12
2015.08.20 04:44:24.560,1.38034,1.3804,1.65,1.00
2015.08.20 04:44:25.094,1.38034,1.38039,1.65,1.00
2015.08.20 04:44:26.903,1.38035,1.3804,1.20,1.12
2015.08.20 04:44:28.202,1.38034,1.38039,1.65,1.00
2015.08.20 04:44:28.744,1.38034,1.38039,1.65,1.00
2015.08.20 04:44:30.017,1.38036,1.38042,1.42,2.25
2015.08.20 04:44:30.943,1.38035,1.38042,2.17,1.50
2015.08.20 04:44:31.657,1.38034,1.38039,1.37,1.00
2015.08.20 04:44:31.962,1.38034,1.38037,1.37,1.00
2015.08.20 04:44:32.479,1.38034,1.38037,1.00,1.00
2015.08.20 04:44:33.346,1.38033,1.38037,1.87,1.00
2015.08.20 04:44:34.469,1.38033,1.38038,2.02,1.00
2015.08.20 04:44:44.622,1.38034,1.38038,1.00,1.00
2015.08.20 04:44:45.262,1.38033,1.38038,2.25,1.00
2015.08.20 04:44:45.772,1.38034,1.38038,1.00,1.00
2015.08.20 04:44:46.473,1.38033,1.38038,1.12,1.00
2015.08.20 04:44:46.676,1.38031,1.38037,2.17,1.00
2015.08.20 04:44:47.180,1.38031,1.38037,2.85,1.00
2015.08.20 04:44:50.503,1.38031,1.38038,3.15,1.00
2015.08.20 04:44:53.224,1.38033,1.38038,1.20,1.00
2015.08.20 04:44:53.960,1.38031,1.38038,2.02,1.00
2015.08.20 04:44:58.993,1.38033,1.38038,1.00,1.00
2015.08.20 04:45:00.355,1.38031,1.38037,3.97,1.00
2015.08.20 04:45:00.899,1.38034,1.38038,1.30,1.00
2015.08.20 04:45:01.406,1.38033,1.38038,2.85,1.00
2015.08.20 04:45:02.768,1.38034,1.38038,1.30,1.00
2015.08.20 04:45:03.273,1.38033,1.3804,2.47,1.50
2015.08.20 04:45:03.809,1.38033,1.3804,2.47,1.50
2015.08.20 04:45:05.449,1.38033,1.3804,2.47,1.50
2015.08.20 04:45:06.027,1.38033,1.3804,2.47,1.50
2015.08.20 04:45:06.813,1.38034,1.3804,1.30,1.50
2015.08.20 04:45:07.360,1.38034,1.3804,1.30,1.50
2015.08.20 04:45:07.866,1.38035,1.3804,1.00,1.87
2015.08.20 04:45:08.569,1.38033,1.38039,1.95,1.12
2015.08.20 04:45:09.923,1.38033,1.38039,1.00,1.87
2015.08.20 04:45:11.555,1.38032,1.38039,1.50,1.50
2015.08.20 04:45:13.031,1.38031,1.38039,3.37,1.00
2015.08.20 04:45:13.284,1.38031,1.3804,3.00,2.62
2015.08.20 04:45:21.658,1.38033,1.3804,1.20,3.00
2015.08.20 04:45:22.212,1.38033,1.38039,1.20,1.00
2015.08.20 04:45:23.133,1.38032,1.38039,2.10,1.12
2015.08.20 04:45:24.241,1.38032,1.38039,2.10,1.12
2015.08.20 04:45:24.762,1.38032,1.38039,1.12,1.12
2015.08.20 04:45:26.439,1.38032,1.38039,1.37,1.12
2015.08.20 04:45:31.852,1.38033,1.3804,1.00,2.62
2015.08.20 04:45:32.408,1.38033,1.3804,1.00,2.62
2015.08.20 04:45:37.033,1.38032,1.38037,2.25,1.00
2015.08.20 04:45:43.741,1.38032,1.38038,1.87,1.00
2015.08.20 04:45:44.262,1.38032,1.38037,1.37,1.00
2015.08.20 04:45:44.777,1.38032,1.38037,1.12,1.00
2015.08.20 04:45:47.004,1.38032,1.38038,1.50,1.00
2015.08.20 04:45:48.737,1.38032,1.38037,1.50,1.00
2015.08.20 04:45:49.422,1.38032,1.38038,1.50,1.00
2015.08.20 04:45:49.998,1.38032,1.38037,1.12,1.00
2015.08.20 04:45:50.930,1.38032,1.3804,1.12,3.00
2015.08.20 04:45:51.888,1.3803,1.38038,1.47,1.00
2015.08.20 04:45:51.939,1.38029,1.38038,3.30,1.87
2015.08.20 04:45:52.894,1.3803,1.38038,1.00,1.37
2015.08.20 04:45:53.925,1.38029,1.38038,1.72,1.12
2015.08.20 04:45:56.196,1.3803,1.38038,2.32,1.12
2015.08.20 04:45:57.552,1.3803,1.38038,1.95,1.12
2015.08.20 04:45:58.177,1.38031,1.38038,1.10,1.12
2015.08.20 04:45:59.577,1.3803,1.38038,2.17,1.12
2015.08.20 04:46:02.190,1.38032,1.38039,1.05,1.50
2015.08.20 04:46:04.779,1.38032,1.38039,1.80,1.00
2015.08.20 04:46:05.189,1.38038,1.38041,1.50,1.00
2015.08.20 04:46:05.240,1.38039,1.38045,1.20,1.12
2015.08.20 04:46:05.291,1.38039,1.38045,1.57,1.12
2015.08.20 04:46:05.595,1.38038,1.38045,2.62,1.12
2015.08.20 04:46:06.100,1.38038,1.38046,2.70,2.62
2015.08.20 04:46:06.270,1.38039,1.38045,1.72,1.12
2015.08.20 04:46:06.716,1.38039,1.38047,2.32,1.00
2015.08.20 04:46:07.807,1.38044,1.38047,1.00,1.12
2015.08.20 04:46:11.878,1.38042,1.38047,1.00,1.72
2015.08.20 04:46:12.365,1.38041,1.38045,1.00,1.50
2015.08.20 04:46:13.546,1.38042,1.38045,1.00,1.50
2015.08.20 04:46:14.342,1.38043,1.38046,1.00,1.50
2015.08.20 04:46:14.755,1.3804,1.38047,1.37,1.00
2015.08.20 04:46:14.807,1.3804,1.38047,1.37,1.00
2015.08.20 04:46:15.313,1.38042,1.3805,2.62,3.37
2015.08.20 04:46:16.261,1.38042,1.38049,3.00,1.12
2015.08.20 04:46:16.767,1.38042,1.38048,3.00,1.00
2015.08.20 04:46:18.277,1.38041,1.38048,2.17,1.00
2015.08.20 04:46:18.795,1.3804,1.38047,1.27,1.87
2015.08.20 04:46:19.304,1.3804,1.38046,1.00,1.00
2015.08.20 04:46:19.609,1.38037,1.38044,1.15,1.50
2015.08.20 04:46:19.912,1.38037,1.38041,1.15,1.00
2015.08.20 04:46:21.005,1.38037,1.38042,1.52,1.87
2015.08.20 04:46:21.208,1.38037,1.38044,1.52,1.00
2015.08.20 04:46:22.979,1.38037,1.38044,2.02,1.50
2015.08.20 04:46:23.550,1.38039,1.38044,1.27,1.00
2015.08.20 04:46:25.218,1.38039,1.38044,1.57,1.50
2015.08.20 04:46:27.914,1.38039,1.38044,1.57,1.00
2015.08.20 04:46:27.965,1.38039,1.38046,1.65,1.12
2015.08.20 04:46:28.017,1.38041,1.38048,1.45,1.87
2015.08.20 04:46:28.068,1.38041,1.38048,1.45,1.12
2015.08.20 04:46:28.683,1.38038,1.38048,1.37,2.25
2015.08.20 04:46:28.786,1.38038,1.38045,1.00,1.12
2015.08.20 04:46:29.614,1.38037,1.38045,1.95,2.62
2015.08.20 04:46:30.196,1.38042,1.38046,1.00,1.50
2015.08.20 04:46:30.251,1.38043,1.3805,1.00,1.75
2015.08.20 04:46:30.755,1.38044,1.3805,1.00,1.37
2015.08.20 04:46:31.210,1.38041,1.38048,1.12,1.30
2015.08.20 04:46:31.746,1.38041,1.38049,1.87,1.87
2015.08.20 04:46:32.257,1.38041,1.38049,1.37,1.50
2015.08.20 04:46:32.842,1.38041,1.38049,1.37,1.50
2015.08.20 04:46:33.350,1.38041,1.38049,1.37,1.50
2015.08.20 04:46:34.542,1.38041,1.38049,1.37,1.37
2015.08.20 04:46:37.830,1.38041,1.38049,1.37,1.12
2015.08.20 04:46:38.472,1.3804,1.38049,1.50,1.72
2015.08.20 04:46:38.827,1.3804,1.38048,1.12,2.85
2015.08.20 04:46:39.080,1.38038,1.38047,1.65,1.50
2015.08.20 04:46:40.666,1.38038,1.38046,1.37,1.00
2015.08.20 04:46:41.496,1.38037,1.38047,1.47,1.50
2015.08.20 04:46:42.207,1.38037,1.38047,1.47,1.50
2015.08.20 04:46:42.742,1.38037,1.38047,1.47,1.50
2015.08.20 04:46:43.375,1.38037,1.38047,1.47,1.50
2015.08.20 04:46:43.916,1.38037,1.38047,1.47,1.50
2015.08.20 04:46:44.460,1.38037,1.38047,1.47,1.50
2015.08.20 04:46:45.879,1.38037,1.38048,1.20,2.47
2015.08.20 04:46:48.237,1.38037,1.38046,1.47,1.12
2015.08.20 04:46:50.385,1.38037,1.38046,1.47,1.12
2015.08.20 04:46:52.213,1.38037,1.38046,2.10,1.50
2015.08.20 04:46:53.091,1.38043,1.38049,1.00,1.37
2015.08.20 04:46:53.192,1.38043,1.38051,1.00,3.22
2015.08.20 04:46:53.395,1.3804,1.3805,1.87,2.47
2015.08.20 04:46:53.597,1.38038,1.38046,1.42,1.12
2015.08.20 04:46:54.369,1.38035,1.38045,3.67,1.00
2015.08.20 04:46:54.896,1.38036,1.38046,1.57,1.50
2015.08.20 04:46:55.662,1.38036,1.38046,1.12,1.00
2015.08.20 04:46:58.791,1.38035,1.38046,5.62,1.00
2015.08.20 04:46:59.299,1.38037,1.38047,1.35,1.50
2015.08.20 04:47:00.031,1.38038,1.38047,1.60,1.50
2015.08.20 04:47:01.165,1.38039,1.38047,1.30,1.50
2015.08.20 04:47:02.180,1.38039,1.38047,1.30,1.50
2015.08.20 04:47:02.699,1.38038,1.38046,1.00,1.12
2015.08.20 04:47:03.027,1.38036,1.38047,1.85,2.25
2015.08.20 04:47:03.905,1.38039,1.38047,1.12,1.37
2015.08.20 04:47:04.208,1.38041,1.38049,1.37,2.47
2015.08.20 04:47:04.359,1.3804,1.38049,1.12,2.47
2015.08.20 04:47:04.874,1.38039,1.38047,1.57,1.00
2015.08.20 04:47:06.573,1.38039,1.38047,1.95,1.00
2015.08.20 04:47:06.776,1.38041,1.38049,1.37,1.30
2015.08.20 04:47:07.560,1.38041,1.3805,1.37,3.22
2015.08.20 04:47:08.293,1.38041,1.38049,1.37,1.30
2015.08.20 04:47:08.836,1.38041,1.3805,1.37,3.22
2015.08.20 04:47:10.198,1.38041,1.38049,1.37,1.30
2015.08.20 04:47:11.043,1.38041,1.3805,1.37,3.22
2015.08.20 04:47:12.056,1.38039,1.38048,1.35,1.00
2015.08.20 04:47:12.581,1.38038,1.38047,1.80,1.50
2015.08.20 04:47:13.095,1.38038,1.38046,1.05,1.00
2015.08.20 04:47:14.199,1.38038,1.38047,1.05,1.50
2015.08.20 04:47:15.186,1.38038,1.38046,1.05,1.00
2015.08.20 04:47:15.673,1.38039,1.38047,1.05,1.50
2015.08.20 04:47:15.774,1.38039,1.38048,1.05,1.37
2015.08.20 04:47:16.291,1.38042,1.38046,1.50,1.00
2015.08.20 04:47:16.393,1.38043,1.3805,1.00,2.47
2015.08.20 04:47:16.595,1.38042,1.38046,1.12,1.00
2015.08.20 04:47:17.120,1.38041,1.38046,1.12,1.00
2015.08.20 04:47:17.696,1.38041,1.38047,1.12,1.00
2015.08.20 04:47:18.229,1.38041,1.38046,1.12,1.00
2015.08.20 04:47:18.733,1.38042,1.38047,1.00,1.00
2015.08.20 04:47:19.790,1.38042,1.38046,1.00,1.00
2015.08.20 04:47:21.001,1.38042,1.38047,1.00,1.00
2015.08.20 04:47:21.994,1.38042,1.38046,1.00,1.00
2015.08.20 04:47:22.825,1.38041,1.38046,1.00,1.00
2015.08.20 04:47:23.755,1.38041,1.38047,1.00,1.00
2015.08.20 04:47:24.354,1.38041,1.38046,1.00,1.00
2015.08.20 04:47:25.216,1.38041,1.38047,1.00,1.00
2015.08.20 04:47:25.720,1.38039,1.38049,1.37,1.35
2015.08.20 04:47:26.764,1.38038,1.38048,2.02,1.67
2015.08.20 04:47:27.289,1.38038,1.38047,2.02,1.00
2015.08.20 04:47:27.951,1.38038,1.38046,2.02,1.00
2015.08.20 04:47:29.674,1.38038,1.38048,2.02,1.67
2015.08.20 04:47:31.464,1.38038,1.38047,2.02,1.00
2015.08.20 04:47:31.967,1.38038,1.38046,1.65,1.00
2015.08.20 04:47:33.677,1.38038,1.38047,2.02,1.00
2015.08.20 04:47:34.296,1.38038,1.38048,1.65,1.35
2015.08.20 04:47:34.827,1.38037,1.38047,4.95,1.12
2015.08.20 04:47:35.336,1.38037,1.38046,5.70,1.00
2015.08.20 04:47:36.512,1.38038,1.38047,2.02,1.12
2015.08.20 04:47:37.052,1.38038,1.38046,2.62,1.00
2015.08.20 04:47:38.732,1.38038,1.38047,2.62,1.12
2015.08.20 04:47:39.242,1.38038,1.38046,2.25,1.00
2015.08.20 04:47:39.343,1.38038,1.38046,1.50,1.37
2015.08.20 04:47:39.596,1.38037,1.38047,4.12,1.00
2015.08.20 04:47:40.122,1.38038,1.38046,1.20,1.00
2015.08.20 04:47:40.639,1.38037,1.38046,2.85,1.00
2015.08.20 04:47:42.950,1.38037,1.38046,3.30,1.12
2015.08.20 04:47:43.739,1.38036,1.38046,2.77,1.97
2015.08.20 04:47:44.196,1.38037,1.38042,1.00,1.00
2015.08.20 04:47:45.075,1.38037,1.38043,1.12,1.00
2015.08.20 04:47:45.578,1.38037,1.38042,1.12,1.00
2015.08.20 04:47:45.881,1.38037,1.3804,1.12,1.00
2015.08.20 04:47:46.538,1.38037,1.38041,1.12,1.50
2015.08.20 04:47:47.062,1.38034,1.3804,1.52,1.50
2015.08.20 04:47:47.596,1.38035,1.38041,1.52,1.50
2015.08.20 04:47:49.823,1.38034,1.38041,1.52,1.50
2015.08.20 04:47:50.369,1.38035,1.38043,1.65,1.37
2015.08.20 04:47:50.893,1.38034,1.38044,3.15,1.37
2015.08.20 04:47:51.399,1.38035,1.38043,1.62,1.37
2015.08.20 04:47:53.540,1.38035,1.38043,1.65,1.12
2015.08.20 04:47:54.145,1.38034,1.38043,2.62,1.37
2015.08.20 04:47:55.162,1.38035,1.38043,1.65,1.12
2015.08.20 04:47:55.780,1.38035,1.38043,1.65,1.37
2015.08.20 04:47:57.384,1.38035,1.38043,1.12,1.12
2015.08.20 04:47:57.907,1.38035,1.38045,1.12,1.37
2015.08.20 04:48:01.625,1.38035,1.38043,1.87,1.00
2015.08.20 04:48:02.154,1.38035,1.38043,1.00,1.72
2015.08.20 04:48:02.669,1.38034,1.38042,1.37,1.00
2015.08.20 04:48:03.429,1.38034,1.38043,1.50,1.12
2015.08.20 04:48:04.023,1.38034,1.38042,1.57,1.00
2015.08.20 04:48:04.544,1.38034,1.38043,1.57,1.00
2015.08.20 04:48:05.938,1.38034,1.38044,1.57,2.25
2015.08.20 04:48:07.187,1.38035,1.38044,2.17,1.37
2015.08.20 04:48:07.846,1.38036,1.38044,2.85,1.12
2015.08.20 04:48:08.352,1.38038,1.38044,1.00,1.12
2015.08.20 04:48:08.775,1.38037,1.38044,1.57,1.00
2015.08.20 04:48:08.826,1.38039,1.38047,1.37,2.25
2015.08.20 04:48:09.362,1.3804,1.38046,1.37,1.00
2015.08.20 04:48:09.786,1.38039,1.38048,1.72,1.87
2015.08.20 04:48:10.364,1.38039,1.38048,1.87,1.00
2015.08.20 04:48:10.417,1.38039,1.38047,1.37,1.50
2015.08.20 04:48:10.467,1.38039,1.38045,1.37,1.12
2015.08.20 04:48:10.915,1.38039,1.38046,1.37,1.00
2015.08.20 04:48:11.454,1.38039,1.38047,2.25,1.00
2015.08.20 04:48:12.000,1.38039,1.38046,2.25,1.00
2015.08.20 04:48:12.556,1.38039,1.38049,2.92,2.62
2015.08.20 04:48:13.095,1.38039,1.38049,2.92,2.62
2015.08.20 04:48:13.684,1.38039,1.38049,2.92,2.62
2015.08.20 04:48:14.114,1.38038,1.38046,1.95,1.00
2015.08.20 04:48:14.937,1.38038,1.38045,1.12,2.25
2015.08.20 04:48:15.505,1.38038,1.38045,1.37,1.87
2015.08.20 04:48:15.783,1.38038,1.38045,1.57,1.12
2015.08.20 04:48:15.884,1.38038,1.38046,1.20,1.00
2015.08.20 04:48:16.087,1.3804,1.38046,1.00,1.00
2015.08.20 04:48:17.228,1.3804,1.38049,1.37,2.47
2015.08.20 04:48:17.781,1.3804,1.38049,1.37,1.87
2015.08.20 04:48:18.304,1.3804,1.38049,1.37,1.87
2015.08.20 04:48:18.828,1.3804,1.38049,1.37,1.87
2015.08.20 04:48:19.743,1.3804,1.38049,1.37,1.87
2015.08.20 04:48:20.750,1.3804,1.38049,1.50,1.87
2015.08.20 04:48:21.462,1.3804,1.38049,1.50,1.87
2015.08.20 04:48:22.373,1.3804,1.38049,1.50,1.87
2015.08.20 04:48:23.061,1.3804,1.38049,1.50,1.87
2015.08.20 04:48:23.601,1.3804,1.38049,1.50,1.87
2015.08.20 04:48:24.768,1.3804,1.38049,1.37,1.87
2015.08.20 04:48:25.273,1.3804,1.38049,1.37,1.87
2015.08.20 04:48:26.309,1.38039,1.38049,2.32,3.75
2015.08.20 04:48:26.815,1.38041,1.38049,1.37,1.50
2015.08.20 04:48:27.359,1.38041,1.38049,1.37,2.25
2015.08.20 04:48:28.950,1.38044,1.38048,1.12,1.12
2015.08.20 04:48:29.053,1.38042,1.38048,1.00,1.12
2015.08.20 04:48:29.104,1.38042,1.38046,1.12,1.00
2015.08.20 04:48:29.408,1.38042,1.38049,1.37,1.37
2015.08.20 04:48:29.813,1.38044,1.3805,1.67,1.37
2015.08.20 04:48:30.263,1.38043,1.3805,1.00,1.50
2015.08.20 04:48:30.318,1.38043,1.3805,1.00,2.47
2015.08.20 04:48:30.862,1.38044,1.38049,1.00,1.37
2015.08.20 04:48:31.584,1.38043,1.38049,1.87,1.37
2015.08.20 04:48:32.090,1.38043,1.3805,1.90,2.25
2015.08.20 04:48:32.900,1.38043,1.3805,1.37,2.25
2015.08.20 04:48:33.211,1.38043,1.3805,1.37,2.25
2015.08.20 04:48:33.262,1.38042,1.3805,2.10,1.72
2015.08.20 04:48:33.819,1.38042,1.3805,2.17,3.60
2015.08.20 04:48:34.566,1.38042,1.3805,1.80,1.72
2015.08.20 04:48:35.216,1.38042,1.3805,1.80,1.72
2015.08.20 04:48:35.729,1.38042,1.3805,1.80,2.85
2015.08.20 04:48:36.509,1.38042,1.38048,1.37,1.12
2015.08.20 04:48:37.048,1.38042,1.38049,1.50,1.37
2015.08.20 04:48:37.571,1.38041,1.38049,1.75,1.12
2015.08.20 04:48:38.082,1.38042,1.38049,1.00,1.12
2015.08.20 04:48:38.623,1.38041,1.38049,1.87,1.37
2015.08.20 04:48:39.298,1.38041,1.38049,1.87,1.12
2015.08.20 04:48:40.152,1.38042,1.38049,1.05,1.87
2015.08.20 04:48:40.994,1.38043,1.38049,1.37,1.87
2015.08.20 04:48:41.729,1.38043,1.38049,1.37,1.87
2015.08.20 04:48:42.308,1.38043,1.38049,1.37,1.87
2015.08.20 04:48:43.049,1.38043,1.38049,1.37,1.87
2015.08.20 04:48:43.608,1.38043,1.38049,1.37,1.12
2015.08.20 04:48:44.209,1.38043,1.38049,1.37,1.37
2015.08.20 04:48:45.752,1.38043,1.38051,1.37,2.70
2015.08.20 04:48:46.056,1.38046,1.3805,4.12,1.00
2015.08.20 04:48:46.871,1.38045,1.38051,1.37,1.00
2015.08.20 04:48:47.375,1.38045,1.3805,2.62,1.00
2015.08.20 04:48:48.281,1.38046,1.38051,1.37,2.10
2015.08.20 04:48:48.802,1.38045,1.3805,1.37,2.10
2015.08.20 04:48:48.904,1.38044,1.38049,1.00,1.37
2015.08.20 04:48:49.409,1.3804,1.38047,2.85,1.00
2015.08.20 04:48:49.922,1.3804,1.38048,2.85,1.12
2015.08.20 04:48:49.973,1.38042,1.38048,1.00,1.12
2015.08.20 04:48:51.202,1.38042,1.3805,1.87,1.00
2015.08.20 04:48:51.405,1.38042,1.3805,2.10,1.00
2015.08.20 04:48:52.232,1.38044,1.3805,2.62,1.00
2015.08.20 04:48:53.869,1.38044,1.38051,3.45,1.50
2015.08.20 04:48:54.808,1.38045,1.3805,2.25,1.00
2015.08.20 04:48:55.186,1.38046,1.38051,1.05,1.50
2015.08.20 04:48:57.399,1.38045,1.3805,2.55,1.00
2015.08.20 04:49:00.625,1.38046,1.38051,3.52,1.50
2015.08.20 04:49:00.827,1.3805,1.38052,1.00,1.00
2015.08.20 04:49:01.332,1.38048,1.38052,1.77,1.00
2015.08.20 04:49:01.861,1.38049,1.38057,1.05,1.37
2015.08.20 04:49:01.913,1.38049,1.38058,1.37,1.50
2015.08.20 04:49:02.440,1.38049,1.38058,1.05,1.87
2015.08.20 04:49:04.079,1.38049,1.38057,2.55,1.00
2015.08.20 04:49:05.426,1.38051,1.38057,1.20,1.00
2015.08.20 04:49:06.096,1.3805,1.38057,1.05,1.00
2015.08.20 04:49:06.638,1.38049,1.38057,2.62,1.00
2015.08.20 04:49:06.739,1.38049,1.38057,2.62,1.37
2015.08.20 04:49:07.528,1.3805,1.38056,1.27,1.12
2015.08.20 04:49:08.493,1.38049,1.38056,2.47,1.37
2015.08.20 04:49:09.354,1.3805,1.38056,1.30,1.12
2015.08.20 04:49:10.026,1.38051,1.38058,1.05,1.37
2015.08.20 04:49:10.570,1.38051,1.38058,1.05,1.37
2015.08.20 04:49:11.165,1.3805,1.38058,1.95,1.12
2015.08.20 04:49:12.964,1.3805,1.38058,1.87,1.50
2015.08.20 04:49:13.777,1.38051,1.38058,1.37,1.50
2015.08.20 04:49:15.003,1.3805,1.38058,2.02,1.50
2015.08.20 04:49:15.989,1.3805,1.38058,2.02,1.00
2015.08.20 04:49:16.689,1.3805,1.38058,2.02,1.50
2015.08.20 04:49:17.164,1.3805,1.38058,1.65,1.50
2015.08.20 04:49:17.841,1.38051,1.38058,1.00,2.25
2015.08.20 04:49:20.401,1.38051,1.38057,1.00,1.00
2015.08.20 04:49:20.706,1.3805,1.38057,1.12,1.12
2015.08.20 04:49:21.783,1.3805,1.38057,1.37,1.12
2015.08.20 04:49:23.889,1.38052,1.38057,1.00,1.12
2015.08.20 04:49:23.991,1.38052,1.38057,1.00,1.00
2015.08.20 04:49:24.871,1.38049,1.38057,1.80,1.00
2015.08.20 04:49:25.580,1.38049,1.38056,1.72,1.00
2015.08.20 04:49:26.089,1.38049,1.38057,1.72,1.00
2015.08.20 04:49:27.905,1.38051,1.38056,1.05,1.00
2015.08.20 04:49:30.481,1.38051,1.38057,1.05,1.00
2015.08.20 04:49:31.098,1.3805,1.38057,1.37,1.00
2015.08.20 04:49:31.754,1.38049,1.38057,1.27,1.00
2015.08.20 04:49:31.805,1.38049,1.38057,1.27,1.37
2015.08.20 04:49:32.358,1.38049,1.38057,1.65,1.37
2015.08.20 04:49:32.864,1.38049,1.38056,1.20,1.37
2015.08.20 04:49:33.408,1.38048,1.38055,2.25,1.00
2015.08.20 04:49:37.521,1.38049,1.38055,1.00,1.00
2015.08.20 04:49:38.324,1.38051,1.38056,1.00,1.37
2015.08.20 04:49:38.760,1.38049,1.38057,1.97,1.00
2015.08.20 04:49:40.765,1.38049,1.38055,1.97,1.00
2015.08.20 04:49:41.140,1.38049,1.38055,1.30,1.12
2015.08.20 04:49:42.705,1.38049,1.38056,1.30,2.47
2015.08.20 04:49:43.212,1.38048,1.38055,1.05,1.12
2015.08.20 04:49:45.101,1.3805,1.38055,1.05,1.00
2015.08.20 04:49:50.223,1.38049,1.38055,1.20,1.00
2015.08.20 04:49:50.729,1.38048,1.38055,1.05,2.85
2015.08.20 04:49:51.974,1.38048,1.38055,1.05,1.72
2015.08.20 04:49:52.680,1.38048,1.38055,1.05,2.85
2015.08.20 04:49:53.192,1.38048,1.38055,1.05,1.72
2015.08.20 04:49:53.641,1.38046,1.38055,1.95,2.85
2015.08.20 04:49:55.481,1.38046,1.38055,1.95,2.85
2015.08.20 04:49:56.009,1.38046,1.38055,1.95,2.85
2015.08.20 04:49:56.913,1.38047,1.38055,1.37,1.50
2015.08.20 04:49:57.116,1.38048,1.38055,1.37,1.50
2015.08.20 04:49:57.698,1.38048,1.38057,1.50,1.12
2015.08.20 04:49:58.225,1.38049,1.38058,1.37,1.12
2015.08.20 04:49:58.770,1.38049,1.38058,1.50,1.12
2015.08.20 04:49:59.734,1.38049,1.38058,1.67,1.37
2015.08.20 04:50:00.251,1.38049,1.38058,1.94,1.37
2015.08.20 04:50:01.058,1.3805,1.38058,1.39,1.37
2015.08.20 04:50:01.592,1.3805,1.38058,1.39,1.37
2015.08.20 04:50:02.127,1.3805,1.38059,1.09,1.87
2015.08.20 04:50:03.246,1.3805,1.38057,1.46,1.00
2015.08.20 04:50:03.449,1.3805,1.38059,1.47,1.87
2015.08.20 04:50:04.000,1.3805,1.38059,1.57,1.87
2015.08.20 04:50:04.505,1.38049,1.38058,1.57,1.50
2015.08.20 04:50:05.054,1.3805,1.38058,1.95,1.50
2015.08.20 04:50:05.863,1.38051,1.38059,1.37,1.37
2015.08.20 04:50:07.079,1.3805,1.38059,2.32,1.87
2015.08.20 04:50:07.735,1.3805,1.38059,2.32,2.25
2015.08.20 04:50:08.284,1.3805,1.38058,2.32,1.00
2015.08.20 04:50:08.638,1.3805,1.38058,1.57,1.00
2015.08.20 04:50:09.195,1.3805,1.38058,2.32,1.00
2015.08.20 04:50:09.852,1.3805,1.38058,1.57,1.00
2015.08.20 04:50:10.665,1.3805,1.38058,2.32,1.00
2015.08.20 04:50:11.332,1.3805,1.3806,1.50,1.87
2015.08.20 04:50:12.180,1.3805,1.38058,1.87,1.00
2015.08.20 04:50:12.740,1.3805,1.38059,1.57,1.12
2015.08.20 04:50:13.390,1.3805,1.38058,2.32,1.00
2015.08.20 04:50:13.928,1.3805,1.38059,2.32,1.00
2015.08.20 04:50:14.432,1.3805,1.3806,1.57,1.87
2015.08.20 04:50:15.465,1.3805,1.38059,2.32,1.12
2015.08.20 04:50:16.241,1.3805,1.38058,2.40,1.00
2015.08.20 04:50:16.745,1.38053,1.38058,1.30,1.00
2015.08.20 04:50:17.260,1.3805,1.38059,1.97,1.87
2015.08.20 04:50:17.761,1.3805,1.38058,1.75,1.00
2015.08.20 04:50:18.757,1.3805,1.38059,1.75,1.87
2015.08.20 04:50:19.165,1.3805,1.38057,1.75,1.00
2015.08.20 04:50:21.469,1.3805,1.38058,1.75,1.00
2015.08.20 04:50:22.020,1.38049,1.38057,1.82,1.00
2015.08.20 04:50:22.634,1.38051,1.38057,1.10,1.00
2015.08.20 04:50:23.185,1.38051,1.38058,1.10,1.50
2015.08.20 04:50:23.745,1.38051,1.38057,1.10,1.00
2015.08.20 04:50:24.703,1.38049,1.38057,1.82,1.00
2015.08.20 04:50:25.492,1.38052,1.38057,1.30,1.00
2015.08.20 04:50:26.030,1.3805,1.38057,1.90,1.00
2015.08.20 04:50:26.555,1.38051,1.38057,1.05,1.00
2015.08.20 04:50:27.076,1.38049,1.38058,1.87,1.12
2015.08.20 04:50:27.894,1.38049,1.38057,1.87,1.00
2015.08.20 04:50:28.723,1.38051,1.38057,1.00,1.00
2015.08.20 04:50:29.224,1.38051,1.38058,1.05,1.00
2015.08.20 04:50:30.433,1.38051,1.38057,1.05,1.00
2015.08.20 04:50:31.300,1.3805,1.38057,1.97,1.00
2015.08.20 04:50:32.753,1.3805,1.38058,1.97,1.00
2015.08.20 04:50:33.255,1.38053,1.38057,1.00,1.00
2015.08.20 04:50:33.797,1.38053,1.38058,1.00,1.00
2015.08.20 04:50:34.495,1.38053,1.38057,1.00,1.00
2015.08.20 04:50:35.507,1.38053,1.38058,1.00,1.00
2015.08.20 04:50:36.012,1.38053,1.38057,1.00,1.00
2015.08.20 04:50:37.127,1.38053,1.38058,1.00,1.00
2015.08.20 04:50:37.629,1.38053,1.38057,1.00,1.00
2015.08.20 04:50:38.397,1.38052,1.38055,1.00,1.00
2015.08.20 04:50:39.068,1.3805,1.38054,3.37,1.00
2015.08.20 04:50:39.652,1.3805,1.38054,1.75,1.00
2015.08.20 04:50:46.473,1.38051,1.38054,1.05,1.00
2015.08.20 04:50:46.676,1.38049,1.38054,1.50,1.00
2015.08.20 04:50:47.209,1.3805,1.38055,1.50,1.00
2015.08.20 04:50:47.895,1.3805,1.38054,1.00,1.00
2015.08.20 04:50:48.682,1.38049,1.38054,2.62,1.00
2015.08.20 04:50:48.736,1.38049,1.38054,3.00,1.00
2015.08.20 04:50:52.542,1.3805,1.38055,1.37,1.00
2015.08.20 04:50:56.328,1.3805,1.38055,1.37,1.00
2015.08.20 04:50:56.912,1.3805,1.38054,1.37,1.00
2015.08.20 04:50:58.306,1.38051,1.38054,1.37,1.00
2015.08.20 04:50:58.854,1.38051,1.38054,1.12,1.00
2015.08.20 04:51:02.403,1.38051,1.38054,1.37,1.00
2015.08.20 04:51:03.515,1.38051,1.38054,1.12,1.00
2015.08.20 04:51:04.106,1.38051,1.38055,1.12,1.00
2015.08.20 04:51:05.016,1.38051,1.38054,1.12,1.00
2015.08.20 04:51:08.697,1.38051,1.38055,1.12,1.00
2015.08.20 04:51:09.498,1.38051,1.38055,1.37,1.00
2015.08.20 04:51:10.132,1.38052,1.38055,1.37,1.00
2015.08.20 04:51:10.892,1.38052,1.38057,1.37,1.00
2015.08.20 04:51:11.168,1.38052,1.38059,1.37,1.00
2015.08.20 04:51:11.687,1.38052,1.38058,1.37,1.00
2015.08.20 04:51:15.903,1.38053,1.38059,1.12,1.00
2015.08.20 04:51:16.406,1.38053,1.38058,1.12,1.00
2015.08.20 04:51:17.305,1.38053,1.38059,1.12,1.50
2015.08.20 04:51:18.146,1.38053,1.38058,1.12,1.00
2015.08.20 04:51:18.714,1.38053,1.38059,1.37,1.50
2015.08.20 04:51:19.218,1.38053,1.38058,1.37,1.00
2015.08.20 04:51:19.949,1.38053,1.38058,1.12,1.00
2015.08.20 04:51:21.935,1.38051,1.38059,1.37,1.00
2015.08.20 04:51:22.560,1.38051,1.38058,1.37,1.00
2015.08.20 04:51:23.251,1.38051,1.38059,1.37,1.00
2015.08.20 04:51:23.797,1.38051,1.38058,1.37,1.00
2015.08.20 04:51:24.507,1.38051,1.38059,1.37,1.00
2015.08.20 04:51:25.071,1.38051,1.38058,1.37,1.00
2015.08.20 04:51:25.598,1.38051,1.38059,1.37,1.00
2015.08.20 04:51:26.124,1.38051,1.38058,1.37,1.00
2015.08.20 04:51:28.312,1.38051,1.38059,1.37,1.00
2015.08.20 04:51:28.860,1.38051,1.38058,1.37,1.00
2015.08.20 04:51:29.409,1.38051,1.38059,1.37,1.00
2015.08.20 04:51:30.641,1.38051,1.38058,1.37,1.00
2015.08.20 04:51:31.188,1.38051,1.38058,1.37,1.00
2015.08.20 04:51:31.568,1.38052,1.38056,1.37,1.00
2015.08.20 04:51:37.589,1.38052,1.38056,1.37,1.00
2015.08.20 04:51:37.798,1.38052,1.38059,1.37,1.50
2015.08.20 04:51:38.531,1.38052,1.38058,1.37,1.00
2015.08.20 04:51:39.839,1.38052,1.38059,1.37,1.50
2015.08.20 04:51:40.354,1.38052,1.38058,1.37,1.00
2015.08.20 04:51:42.920,1.38052,1.38059,1.37,1.50
2015.08.20 04:51:43.423,1.38052,1.38058,1.37,1.00
2015.08.20 04:51:44.814,1.38052,1.38059,1.37,1.00
2015.08.20 04:51:45.326,1.38051,1.38058,1.37,1.00
2015.08.20 04:51:46.079,1.38051,1.38059,1.87,1.00
2015.08.20 04:51:46.616,1.38051,1.38058,1.87,1.00
2015.08.20 04:51:47.265,1.38051,1.38059,1.87,1.00
2015.08.20 04:51:47.773,1.38051,1.38058,2.62,1.00
2015.08.20 04:51:47.884,1.38051,1.38059,1.87,1.00
2015.08.20 04:51:48.762,1.38051,1.38058,1.87,1.00
2015.08.20 04:51:49.338,1.38051,1.38059,1.87,1.00
2015.08.20 04:51:49.967,1.38051,1.38058,1.87,1.00
2015.08.20 04:51:50.500,1.38052,1.38059,1.37,1.50
2015.08.20 04:51:51.698,1.38052,1.38058,1.87,1.00
2015.08.20 04:51:52.587,1.38052,1.38059,1.37,1.00
2015.08.20 04:51:53.825,1.38052,1.38058,1.87,1.00
2015.08.20 04:51:55.531,1.38052,1.38059,1.37,1.00
2015.08.20 04:51:56.230,1.38052,1.38058,2.02,1.00
2015.08.20 04:51:56.794,1.38052,1.38059,1.57,1.50
2015.08.20 04:51:58.524,1.38052,1.38058,2.02,1.00
2015.08.20 04:51:59.091,1.38052,1.38059,1.57,1.50
2015.08.20 04:51:59.632,1.38052,1.38058,2.02,1.00
2015.08.20 04:52:01.461,1.38052,1.38059,1.37,1.00
2015.08.20 04:52:01.962,1.38053,1.38058,1.37,1.00
2015.08.20 04:52:02.976,1.38053,1.38059,1.37,1.00
2015.08.20 04:52:04.316,1.38053,1.38058,1.37,1.00
2015.08.20 04:52:05.967,1.38053,1.38059,1.37,1.00
2015.08.20 04:52:06.474,1.38053,1.38059,1.37,1.00
2015.08.20 04:52:07.074,1.38053,1.38058,1.37,1.00
2015.08.20 04:52:07.619,1.38053,1.38059,1.37,1.50
2015.08.20 04:52:08.290,1.38053,1.38058,1.37,1.00
2015.08.20 04:52:10.796,1.38053,1.38059,1.37,1.50
2015.08.20 04:52:11.479,1.38053,1.38058,1.37,1.00
2015.08.20 04:52:12.611,1.38053,1.38059,1.37,1.50
2015.08.20 04:52:13.113,1.38053,1.38058,1.37,1.00
2015.08.20 04:52:16.123,1.38053,1.38059,1.37,1.50
2015.08.20 04:52:16.627,1.38053,1.38058,1.37,1.00
2015.08.20 04:52:18.433,1.38053,1.38059,1.37,1.50
2015.08.20 04:52:18.937,1.38053,1.38058,1.37,1.00
2015.08.20 04:52:19.840,1.38053,1.38059,1.37,1.50
2015.08.20 04:52:20.410,1.38053,1.38059,1.12,1.50
2015.08.20 04:52:21.555,1.38051,1.38058,1.57,1.00
2015.08.20 04:52:22.249,1.38051,1.38058,1.57,1.00
2015.08.20 04:52:22.690,1.38054,1.38059,1.87,1.50
2015.08.20 04:52:23.219,1.38054,1.38059,1.87,1.12
2015.08.20 04:52:26.985,1.38054,1.38059,2.02,1.12
2015.08.20 04:52:27.490,1.38052,1.38058,1.57,1.00
2015.08.20 04:52:29.025,1.3805,1.38058,2.10,1.00
2015.08.20 04:52:29.768,1.3805,1.38058,2.40,1.00
2015.08.20 04:52:30.301,1.3805,1.38059,2.40,1.50
2015.08.20 04:52:31.321,1.3805,1.38059,1.50,1.37
2015.08.20 04:52:31.878,1.3805,1.38059,1.65,1.37
2015.08.20 04:52:32.436,1.3805,1.38059,1.65,1.12
2015.08.20 04:52:32.996,1.3805,1.38059,1.65,1.37
2015.08.20 04:52:34.462,1.3805,1.38059,1.50,1.12
2015.08.20 04:52:35.001,1.3805,1.38059,1.50,1.37
2015.08.20 04:52:35.925,1.3805,1.38059,1.50,1.12
2015.08.20 04:52:36.805,1.3805,1.38059,1.50,1.37
2015.08.20 04:52:37.572,1.3805,1.38059,1.50,1.12
2015.08.20 04:52:38.167,1.3805,1.38059,1.50,1.37
2015.08.20 04:52:38.711,1.3805,1.38059,1.50,1.12
2015.08.20 04:52:39.285,1.3805,1.38059,1.50,1.37
2015.08.20 04:52:40.508,1.3805,1.38059,1.50,1.12
2015.08.20 04:52:40.609,1.3805,1.38059,1.50,1.12
2015.08.20 04:52:41.159,1.3805,1.38059,1.12,1.87
2015.08.20 04:52:42.482,1.3805,1.38059,1.12,2.25
2015.08.20 04:52:43.545,1.3805,1.38058,1.12,1.00
2015.08.20 04:52:44.844,1.3805,1.38059,1.12,1.00
2015.08.20 04:52:45.371,1.3805,1.3806,1.12,7.72
2015.08.20 04:52:45.522,1.3805,1.3806,1.87,5.10
2015.08.20 04:52:46.097,1.3805,1.38059,1.37,1.37
2015.08.20 04:52:46.818,1.38049,1.38058,1.50,1.00
2015.08.20 04:52:47.351,1.38049,1.38059,1.12,1.87
2015.08.20 04:52:47.452,1.3805,1.38059,1.00,1.12
2015.08.20 04:52:47.806,1.38051,1.3806,1.37,1.87
2015.08.20 04:52:48.335,1.38052,1.3806,1.20,1.37
2015.08.20 04:52:48.639,1.38054,1.3806,1.00,1.37
2015.08.20 04:52:49.140,1.38054,1.3806,1.00,1.37
2015.08.20 04:52:50.216,1.38055,1.38061,1.12,1.37
2015.08.20 04:52:50.318,1.38055,1.38061,1.12,1.50
2015.08.20 04:52:54.878,1.38055,1.3806,1.12,1.00
2015.08.20 04:52:55.332,1.38055,1.38061,1.12,1.37
2015.08.20 04:53:00.237,1.38055,1.3806,1.00,1.72
2015.08.20 04:53:00.770,1.38055,1.3806,1.37,1.72
2015.08.20 04:53:01.825,1.38055,1.3806,1.00,1.72
2015.08.20 04:53:01.935,1.38053,1.38059,1.87,1.30
2015.08.20 04:53:01.986,1.38051,1.3806,1.20,1.97
2015.08.20 04:53:02.290,1.38049,1.3806,1.00,2.85
2015.08.20 04:53:02.543,1.38051,1.3806,1.00,4.72
2015.08.20 04:53:03.390,1.38051,1.3806,1.47,2.85
2015.08.20 04:53:03.899,1.38051,1.3806,1.20,1.72
2015.08.20 04:53:04.404,1.38051,1.3806,1.12,3.60
2015.08.20 04:53:05.076,1.38051,1.3806,1.12,2.62
2015.08.20 04:53:05.538,1.38051,1.3806,1.37,3.00
2015.08.20 04:53:06.283,1.38051,1.3806,1.37,1.37
2015.08.20 04:53:06.792,1.38051,1.3806,1.37,2.62
2015.08.20 04:53:07.545,1.38051,1.3806,1.37,2.62
2015.08.20 04:53:08.100,1.38051,1.3806,1.37,2.62
2015.08.20 04:53:08.609,1.38051,1.3806,1.37,1.37
2015.08.20 04:53:09.144,1.38051,1.3806,1.12,1.37
2015.08.20 04:53:09.688,1.38052,1.3806,1.00,1.87
2015.08.20 04:53:10.439,1.38052,1.3806,1.00,1.37
2015.08.20 04:53:11.228,1.38052,1.3806,1.37,1.87
2015.08.20 04:53:13.687,1.38052,1.38059,1.37,1.00
2015.08.20 04:53:14.411,1.38052,1.3806,1.37,1.87
2015.08.20 04:53:15.667,1.38052,1.3806,1.37,1.87
2015.08.20 04:53:16.208,1.38052,1.3806,1.37,1.87
2015.08.20 04:53:16.768,1.38052,1.3806,1.37,1.87
2015.08.20 04:53:17.586,1.38052,1.3806,1.37,1.87
2015.08.20 04:53:18.275,1.38052,1.3806,1.37,1.87
2015.08.20 04:53:19.332,1.38052,1.38059,1.37,1.50
2015.08.20 04:53:19.907,1.38052,1.38059,1.37,1.00
2015.08.20 04:53:20.326,1.38051,1.38059,1.00,1.37
2015.08.20 04:53:20.786,1.38049,1.38059,1.87,2.25
2015.08.20 04:53:21.308,1.38049,1.38058,1.87,1.00
2015.08.20 04:53:22.561,1.3805,1.38059,1.12,3.00
2015.08.20 04:53:23.076,1.3805,1.38059,1.12,3.00
2015.08.20 04:53:23.743,1.3805,1.38059,1.12,3.00
2015.08.20 04:53:24.601,1.3805,1.38059,1.12,3.00
2015.08.20 04:53:25.442,1.3805,1.38059,1.12,3.00
2015.08.20 04:53:25.971,1.3805,1.38059,1.37,3.00
2015.08.20 04:53:26.473,1.3805,1.38059,1.37,2.25
2015.08.20 04:53:27.048,1.3805,1.38059,1.37,1.87
2015.08.20 04:53:27.572,1.3805,1.38059,1.37,1.87
2015.08.20 04:53:28.155,1.3805,1.38059,1.50,1.87
2015.08.20 04:53:28.928,1.3805,1.38059,1.50,1.87
2015.08.20 04:53:29.430,1.38049,1.38058,1.50,1.50
2015.08.20 04:53:29.532,1.38049,1.38055,1.00,1.12
2015.08.20 04:53:30.309,1.38048,1.38056,2.47,1.12
2015.08.20 04:53:30.628,1.38051,1.38059,1.00,3.67
2015.08.20 04:53:30.951,1.38051,1.38059,1.37,3.00
2015.08.20 04:53:31.578,1.38051,1.38059,1.87,3.00
2015.08.20 04:53:32.235,1.38051,1.38059,1.87,3.00
2015.08.20 04:53:32.742,1.38051,1.38058,1.87,1.00
2015.08.20 04:53:33.598,1.38051,1.38059,1.87,3.00
2015.08.20 04:53:34.109,1.38051,1.38059,1.87,3.00
2015.08.20 04:53:34.818,1.38051,1.38059,1.87,3.00
2015.08.20 04:53:35.959,1.38051,1.38059,1.12,2.25
2015.08.20 04:53:36.489,1.38051,1.38059,1.12,2.25
2015.08.20 04:53:37.242,1.38051,1.38059,1.12,1.50
2015.08.20 04:53:38.873,1.38051,1.38059,1.12,1.50
2015.08.20 04:53:39.711,1.38051,1.38059,1.12,1.50
2015.08.20 04:53:40.679,1.38051,1.38059,1.12,1.50
2015.08.20 04:53:41.457,1.38051,1.38059,1.37,1.87
2015.08.20 04:53:41.966,1.38051,1.38059,1.37,1.50
2015.08.20 04:53:42.686,1.38051,1.38058,1.37,1.00
2015.08.20 04:53:43.812,1.38051,1.38059,1.37,1.50
2015.08.20 04:53:44.330,1.38051,1.38058,1.37,1.00
2015.08.20 04:53:45.150,1.38051,1.38058,1.37,1.00
2015.08.20 04:53:45.687,1.38051,1.38059,1.37,1.50
2015.08.20 04:53:46.246,1.38051,1.38058,1.37,1.00
2015.08.20 04:53:47.315,1.38051,1.38058,1.37,1.00
2015.08.20 04:53:48.734,1.38051,1.38059,1.37,1.50
2015.08.20 04:53:49.237,1.38051,1.38058,1.37,1.00
2015.08.20 04:53:49.741,1.3805,1.38059,2.62,2.25
2015.08.20 04:53:50.268,1.3805,1.38058,1.87,1.00
2015.08.20 04:53:50.799,1.38051,1.38059,1.37,1.87
2015.08.20 04:53:51.362,1.38051,1.38059,1.87,1.87
2015.08.20 04:53:51.956,1.38051,1.38059,1.87,1.87
2015.08.20 04:53:54.373,1.38051,1.38059,1.87,1.87
2015.08.20 04:53:54.876,1.38051,1.38059,1.87,1.87
2015.08.20 04:53:55.637,1.38052,1.38059,1.37,1.87
2015.08.20 04:53:56.089,1.38051,1.38058,1.87,1.00
2015.08.20 04:53:57.357,1.38051,1.38058,3.00,1.00
2015.08.20 04:53:57.800,1.38051,1.38058,2.25,1.50
2015.08.20 04:53:58.711,1.3805,1.38058,2.17,1.00
2015.08.20 04:53:59.219,1.3805,1.38058,2.17,1.50
2015.08.20 04:54:01.283,1.38051,1.38058,1.12,1.50
2015.08.20 04:54:01.485,1.3805,1.38058,1.80,3.97
2015.08.20 04:54:01.967,1.38047,1.38055,1.12,1.50
2015.08.20 04:54:02.769,1.38047,1.38056,1.37,2.25
2015.08.20 04:54:03.273,1.38049,1.38055,1.37,1.12
2015.08.20 04:54:03.777,1.38049,1.38055,1.87,1.12
2015.08.20 04:54:04.313,1.3805,1.38056,1.12,1.12
2015.08.20 04:54:04.970,1.38049,1.38055,1.87,1.12
2015.08.20 04:54:05.887,1.3805,1.38055,1.37,1.12
2015.08.20 04:54:06.665,1.38049,1.38056,2.62,1.12
2015.08.20 04:54:07.244,1.3805,1.38055,1.37,1.12
2015.08.20 04:54:10.712,1.38049,1.38056,2.62,1.12
2015.08.20 04:54:11.131,1.3805,1.38055,1.37,1.50
2015.08.20 04:54:11.657,1.38049,1.38058,2.62,1.87
2015.08.20 04:54:11.961,1.3805,1.38058,1.37,1.50
2015.08.20 04:54:12.887,1.3805,1.38055,1.37,1.12
2015.08.20 04:54:12.939,1.38047,1.38055,1.50,1.12
2015.08.20 04:54:13.511,1.38047,1.38056,1.00,1.12
2015.08.20 04:54:14.085,1.38047,1.38055,1.50,1.12
2015.08.20 04:54:14.638,1.38047,1.38056,1.00,1.12
2015.08.20 04:54:14.959,1.38047,1.38055,1.87,1.12
2015.08.20 04:54:15.496,1.38047,1.38054,2.25,1.00
2015.08.20 04:54:16.016,1.38047,1.38055,2.62,1.87
2015.08.20 04:54:17.234,1.38048,1.38055,1.12,1.00
2015.08.20 04:54:25.177,1.38047,1.38056,1.87,3.37
2015.08.20 04:54:25.551,1.38047,1.38055,1.87,1.87
2015.08.20 04:54:26.915,1.38047,1.38054,1.12,1.00
2015.08.20 04:54:27.118,1.38045,1.38054,1.12,1.50
2015.08.20 04:54:27.626,1.38044,1.38052,1.37,1.12
2015.08.20 04:54:28.579,1.38042,1.38052,2.70,2.62
2015.08.20 04:54:33.075,1.38043,1.3805,1.37,1.12
2015.08.20 04:54:36.006,1.38044,1.3805,1.37,1.12
2015.08.20 04:54:36.260,1.38043,1.38051,1.00,1.50
2015.08.20 04:54:37.057,1.38041,1.3805,2.17,1.50
2015.08.20 04:54:37.209,1.38041,1.3805,2.17,3.00
2015.08.20 04:54:38.999,1.38038,1.38045,3.00,1.12
2015.08.20 04:54:39.607,1.38039,1.38045,1.12,1.12
2015.08.20 04:54:39.911,1.38037,1.38045,1.57,1.12
2015.08.20 04:54:40.480,1.38037,1.38047,1.00,1.12
2015.08.20 04:54:40.696,1.38036,1.38045,1.50,1.12
2015.08.20 04:54:41.171,1.38036,1.38043,1.37,1.00
2015.08.20 04:54:42.928,1.38034,1.38043,2.25,1.00
2015.08.20 04:54:45.276,1.38035,1.38042,1.37,1.00
2015.08.20 04:54:45.428,1.38038,1.38042,1.00,1.00
2015.08.20 04:54:45.782,1.38038,1.38044,1.12,1.00
2015.08.20 04:54:46.308,1.38037,1.38045,1.87,1.50
2015.08.20 04:54:46.819,1.38037,1.38044,1.87,1.50
2015.08.20 04:54:47.365,1.38037,1.38045,1.37,2.62
2015.08.20 04:54:47.950,1.38037,1.38044,1.87,1.00
2015.08.20 04:54:49.868,1.38037,1.38044,1.37,1.50
2015.08.20 04:54:50.385,1.38037,1.38045,1.37,2.62
2015.08.20 04:54:51.453,1.38037,1.38044,1.87,1.00
2015.08.20 04:54:52.174,1.38037,1.38044,2.62,1.50
2015.08.20 04:54:54.969,1.38037,1.38044,1.37,1.50
2015.08.20 04:54:55.493,1.38037,1.38044,1.37,1.12
2015.08.20 04:54:55.874,1.38037,1.38046,1.50,1.00
2015.08.20 04:54:56.390,1.38037,1.38046,2.32,1.12
2015.08.20 04:54:56.693,1.38038,1.38046,1.87,1.50
2015.08.20 04:54:56.744,1.38038,1.38046,1.87,1.50
2015.08.20 04:55:00.911,1.38038,1.38046,2.25,1.00
2015.08.20 04:55:09.669,1.38039,1.38046,1.37,1.00
2015.08.20 04:55:09.771,1.38038,1.38046,1.00,1.12
2015.08.20 04:55:09.872,1.38039,1.38045,1.12,1.87
2015.08.20 04:55:09.973,1.38037,1.38045,1.20,1.12
2015.08.20 04:55:10.649,1.38036,1.38044,1.50,1.12
2015.08.20 04:55:11.158,1.38035,1.38044,1.12,1.12
2015.08.20 04:55:11.915,1.38035,1.38044,1.12,1.50
2015.08.20 04:55:12.660,1.38033,1.3804,1.12,1.50
2015.08.20 04:55:13.091,1.38032,1.3804,1.12,3.00
2015.08.20 04:55:13.760,1.38031,1.3804,1.12,3.00
2015.08.20 04:55:13.811,1.38031,1.38039,1.50,1.00
2015.08.20 04:55:13.913,1.38031,1.38038,1.00,1.50
2015.08.20 04:55:14.712,1.3803,1.38036,1.10,3.00
2015.08.20 04:55:14.774,1.38024,1.38032,1.00,1.50
2015.08.20 04:55:14.978,1.38025,1.38034,1.00,2.25
2015.08.20 04:55:15.510,1.38026,1.38034,1.00,1.12
2015.08.20 04:55:16.169,1.38027,1.38034,1.00,1.50
2015.08.20 04:55:20.522,1.38026,1.38035,1.50,4.35
2015.08.20 04:55:21.583,1.38026,1.38035,1.50,1.87
2015.08.20 04:55:22.118,1.38026,1.38035,1.50,3.00
2015.08.20 04:55:22.627,1.38026,1.38035,1.50,3.75
2015.08.20 04:55:23.619,1.38026,1.38035,1.50,3.00
2015.08.20 04:55:24.418,1.38026,1.38035,1.50,3.00
2015.08.20 04:55:34.374,1.38026,1.38034,1.12,1.00
2015.08.20 04:55:36.007,1.38026,1.38034,1.37,1.12
2015.08.20 04:55:36.108,1.38026,1.38034,1.37,1.50
2015.08.20 04:55:36.209,1.38026,1.38035,1.37,2.25
2015.08.20 04:55:36.962,1.38026,1.38035,1.37,2.62
2015.08.20 04:55:37.466,1.38026,1.38034,1.37,1.00
2015.08.20 04:55:39.201,1.38025,1.38035,1.50,3.60
2015.08.20 04:55:39.802,1.38025,1.38034,1.50,1.30
2015.08.20 04:55:41.581,1.38025,1.38034,1.87,1.30
2015.08.20 04:55:42.218,1.38026,1.38034,1.37,1.72
2015.08.20 04:55:43.460,1.38026,1.38034,1.37,1.30
2015.08.20 04:55:52.238,1.38025,1.38034,1.37,1.12
2015.08.20 04:55:54.951,1.38025,1.38034,1.75,1.12
2015.08.20 04:55:56.375,1.38025,1.38035,1.75,1.72
2015.08.20 04:55:56.922,1.38026,1.38035,1.37,1.72
2015.08.20 04:55:57.452,1.38025,1.38035,1.75,1.72
2015.08.20 04:55:58.080,1.38026,1.38035,1.37,1.72
2015.08.20 04:56:04.958,1.38025,1.38034,1.12,1.60
2015.08.20 04:56:08.885,1.38025,1.38035,3.75,3.97
2015.08.20 04:56:17.056,1.38025,1.38031,1.87,1.00
2015.08.20 04:56:17.602,1.38025,1.38033,1.87,1.60
2015.08.20 04:56:20.925,1.38021,1.38027,1.95,1.00
2015.08.20 04:56:20.976,1.38021,1.38027,1.12,1.00
2015.08.20 04:56:21.078,1.38019,1.38024,2.25,1.12
2015.08.20 04:56:21.332,1.38016,1.38022,1.00,1.12
2015.08.20 04:56:21.845,1.38015,1.38022,1.00,1.12
2015.08.20 04:56:22.350,1.38014,1.38023,1.87,1.50
2015.08.20 04:56:23.049,1.38014,1.38022,1.50,1.12
2015.08.20 04:56:24.260,1.38014,1.38023,1.50,1.50
2015.08.20 04:56:24.311,1.38014,1.38023,1.50,1.50
2015.08.20 04:56:24.982,1.38014,1.38023,1.50,1.50
2015.08.20 04:56:25.810,1.38014,1.38022,1.50,1.12
2015.08.20 04:56:26.331,1.38013,1.38022,1.87,1.12
2015.08.20 04:56:26.836,1.38013,1.38022,1.50,1.37
2015.08.20 04:56:27.358,1.38013,1.38022,1.37,1.37
2015.08.20 04:56:28.092,1.38013,1.38023,1.37,1.12
2015.08.20 04:56:28.620,1.38013,1.38024,1.87,1.87
2015.08.20 04:56:29.143,1.38013,1.38022,1.87,1.00
2015.08.20 04:56:29.405,1.38013,1.38022,1.00,1.37
2015.08.20 04:56:30.412,1.3801,1.38015,1.95,1.00
2015.08.20 04:56:30.463,1.3801,1.38017,1.00,1.75
2015.08.20 04:56:30.615,1.38009,1.38017,1.00,1.12
2015.08.20 04:56:30.667,1.38004,1.38016,1.87,1.87
2015.08.20 04:56:30.768,1.38005,1.38013,1.00,1.12
2015.08.20 04:56:31.072,1.38002,1.38013,1.37,3.22
2015.08.20 04:56:31.931,1.38004,1.38013,1.00,1.72
2015.08.20 04:56:32.457,1.38004,1.38012,1.00,2.47
2015.08.20 04:56:33.132,1.38004,1.38011,1.12,1.12
2015.08.20 04:56:33.652,1.38002,1.38011,1.37,1.12
2015.08.20 04:56:34.164,1.38002,1.38011,1.37,1.37
2015.08.20 04:56:34.829,1.38002,1.3801,1.37,1.12
2015.08.20 04:56:35.176,1.37997,1.38005,1.57,1.12
2015.08.20 04:56:35.378,1.37995,1.38003,1.65,1.00
2015.08.20 04:56:35.581,1.37992,1.37999,1.57,1.00
2015.08.20 04:56:36.344,1.37991,1.37999,1.00,1.00
2015.08.20 04:56:36.395,1.37989,1.37999,1.50,1.50
2015.08.20 04:56:36.767,1.37991,1.37999,1.37,1.00
2015.08.20 04:56:37.752,1.37991,1.38,1.37,1.50
2015.08.20 04:56:38.260,1.37992,1.37999,1.00,1.00
2015.08.20 04:56:39.068,1.37992,1.37999,1.37,1.00
2015.08.20 04:56:39.580,1.37992,1.38,1.37,1.00
2015.08.20 04:56:40.089,1.37991,1.38001,1.00,3.97
2015.08.20 04:56:40.392,1.37994,1.38002,1.00,2.62
2015.08.20 04:56:41.450,1.37991,1.38001,1.87,1.37
2015.08.20 04:56:41.955,1.37991,1.38001,1.87,1.12
2015.08.20 04:56:42.484,1.37991,1.38003,1.87,3.97
2015.08.20 04:56:43.670,1.37991,1.38002,1.87,1.37
2015.08.20 04:56:43.974,1.37994,1.38003,1.37,2.10
2015.08.20 04:56:44.508,1.37994,1.38003,1.37,1.37
2015.08.20 04:56:45.189,1.37994,1.38003,1.12,1.37
2015.08.20 04:56:45.904,1.37994,1.38003,1.12,1.37
2015.08.20 04:56:46.897,1.37994,1.38003,1.12,1.37
2015.08.20 04:56:47.533,1.37994,1.38003,1.12,1.37
2015.08.20 04:56:48.142,1.37994,1.38004,1.12,3.52
2015.08.20 04:56:48.654,1.37995,1.38006,1.87,4.35
2015.08.20 04:56:48.795,1.37995,1.38003,1.87,1.00
2015.08.20 04:56:49.280,1.38,1.38003,1.00,1.00
2015.08.20 04:56:49.793,1.38007,1.38008,1.87,1.42
2015.08.20 04:56:49.844,1.38009,1.38014,1.00,1.37
2015.08.20 04:56:49.895,1.38009,1.38017,1.00,1.75
2015.08.20 04:56:50.386,1.38007,1.38016,3.15,1.37
2015.08.20 04:56:51.292,1.38005,1.38013,3.37,1.50
2015.08.20 04:56:51.596,1.38004,1.38007,1.50,1.00
2015.08.20 04:56:52.102,1.38002,1.38006,1.00,1.00
2015.08.20 04:56:52.152,1.37997,1.38006,1.00,1.00
2015.08.20 04:56:52.958,1.38008,1.3801,1.87,3.22
2015.08.20 04:56:53.009,1.3801,1.38017,1.50,1.00
2015.08.20 04:56:53.060,1.3801,1.38019,1.50,1.37
2015.08.20 04:56:53.162,1.38011,1.38018,1.00,1.00
2015.08.20 04:56:53.263,1.38011,1.3802,1.00,1.00
2015.08.20 04:56:53.528,1.38011,1.38021,1.20,2.10
2015.08.20 04:56:54.326,1.3801,1.38021,3.07,2.62
2015.08.20 04:56:54.530,1.38012,1.38021,1.00,1.87
2015.08.20 04:56:54.733,1.38012,1.38022,1.95,3.00
2015.08.20 04:56:54.986,1.38013,1.38022,1.87,1.00
2015.08.20 04:56:55.671,1.38011,1.3802,1.75,1.00
2015.08.20 04:56:55.722,1.3801,1.3802,1.65,1.00
2015.08.20 04:56:56.248,1.38009,1.3802,3.00,1.87
2015.08.20 04:56:56.828,1.38009,1.38019,2.25,1.87
2015.08.20 04:56:58.712,1.38009,1.38019,3.00,1.72
2015.08.20 04:56:59.556,1.38009,1.38018,1.57,1.37
2015.08.20 04:57:00.409,1.38009,1.38018,2.25,1.37
2015.08.20 04:57:01.058,1.38009,1.38018,4.12,1.00
2015.08.20 04:57:01.917,1.38009,1.38019,4.12,2.47
2015.08.20 04:57:02.529,1.3801,1.38019,1.12,2.47
2015.08.20 04:57:12.336,1.3801,1.38019,3.37,1.30
2015.08.20 04:57:13.401,1.3801,1.3802,4.12,1.72
2015.08.20 04:57:14.161,1.38007,1.38016,1.20,2.47
2015.08.20 04:57:14.676,1.38006,1.38017,1.87,4.35
2015.08.20 04:57:16.139,1.38006,1.38015,1.87,1.00
2015.08.20 04:57:16.654,1.38006,1.38016,1.87,3.00
2015.08.20 04:57:17.169,1.38006,1.38016,1.87,1.87
2015.08.20 04:57:18.358,1.38006,1.38016,1.87,1.12
2015.08.20 04:57:18.867,1.38007,1.38016,1.45,1.87
2015.08.20 04:57:20.204,1.38007,1.38016,1.45,1.50
2015.08.20 04:57:21.141,1.38007,1.38014,1.45,1.00
2015.08.20 04:57:21.548,1.38006,1.38014,1.87,1.00
2015.08.20 04:57:22.884,1.38005,1.38013,2.32,1.00
2015.08.20 04:57:23.508,1.38006,1.38013,2.70,1.00
2015.08.20 04:57:25.214,1.38006,1.38016,3.00,1.37
2015.08.20 04:57:25.719,1.38006,1.38017,1.87,1.87
2015.08.20 04:57:26.471,1.38006,1.38017,1.87,3.75
2015.08.20 04:57:28.977,1.38005,1.38015,3.75,1.37
2015.08.20 04:57:30.425,1.38006,1.38015,2.25,1.12
2015.08.20 04:57:31.386,1.38006,1.38015,2.25,1.37
2015.08.20 04:57:32.123,1.38006,1.38015,2.62,1.00
2015.08.20 04:57:34.347,1.38006,1.38015,2.62,1.00
2015.08.20 04:57:38.948,1.38006,1.38015,1.87,1.37
2015.08.20 04:57:45.975,1.38005,1.38015,3.75,1.00
2015.08.20 04:57:47.275,1.38005,1.38016,3.00,2.85
2015.08.20 04:57:50.598,1.38005,1.38016,1.95,2.25
2015.08.20 04:57:58.859,1.38005,1.38016,1.20,2.62
2015.08.20 04:58:00.065,1.38005,1.38016,2.70,1.87
2015.08.20 04:58:00.368,1.38005,1.38017,3.75,2.47
2015.08.20 04:58:01.068,1.38007,1.38016,1.07,1.00
2015.08.20 04:58:02.084,1.38008,1.38017,1.20,1.50
2015.08.20 04:58:04.477,1.38008,1.38017,1.07,1.37
2015.08.20 04:58:06.018,1.38008,1.38018,1.07,1.75
2015.08.20 04:58:06.902,1.38008,1.38016,1.07,1.72
2015.08.20 04:58:07.417,1.38005,1.38014,3.37,1.37
2015.08.20 04:58:07.468,1.38005,1.38013,1.87,1.00
2015.08.20 04:58:09.087,1.38005,1.38016,1.87,2.62
2015.08.20 04:58:09.606,1.38005,1.38016,1.87,1.87
2015.08.20 04:58:11.315,1.38005,1.38016,3.75,1.37
2015.08.20 04:58:11.834,1.38005,1.38016,3.75,1.37
2015.08.20 04:58:14.640,1.38005,1.38016,3.75,1.50
2015.08.20 04:58:15.151,1.38005,1.38017,3.75,3.60
2015.08.20 04:58:16.214,1.38005,1.38017,3.75,3.60
2015.08.20 04:58:16.760,1.38005,1.38017,3.75,3.60
2015.08.20 04:58:17.303,1.38005,1.38017,3.75,3.60
2015.08.20 04:58:18.058,1.38005,1.38017,3.75,3.60
2015.08.20 04:58:19.469,1.38005,1.38014,1.87,1.00
2015.08.20 04:58:19.997,1.38005,1.38016,1.87,2.05
2015.08.20 04:58:20.537,1.38005,1.38014,2.62,1.00
2015.08.20 04:58:21.281,1.38005,1.38016,1.87,2.05
2015.08.20 04:58:22.094,1.38005,1.38014,1.87,1.00
2015.08.20 04:58:23.596,1.38005,1.38016,2.62,2.05
2015.08.20 04:58:24.099,1.38005,1.38014,2.62,1.00
2015.08.20 04:58:24.698,1.38005,1.38016,1.87,2.05
2015.08.20 04:58:25.200,1.38005,1.38014,1.87,1.00
2015.08.20 04:58:26.113,1.38005,1.38016,2.62,2.05
2015.08.20 04:58:28.931,1.38005,1.38014,2.62,1.00
2015.08.20 04:58:29.644,1.38005,1.38016,2.62,2.10
2015.08.20 04:58:30.170,1.38005,1.38016,1.87,2.10
2015.08.20 04:58:30.780,1.38005,1.38016,1.87,2.10
2015.08.20 04:58:31.554,1.38005,1.38016,2.62,2.10
2015.08.20 04:58:32.350,1.38005,1.38016,2.62,2.10
2015.08.20 04:58:33.187,1.38005,1.38016,2.62,2.10
2015.08.20 04:58:33.794,1.38005,1.38016,1.87,2.10
2015.08.20 04:58:35.576,1.38005,1.38016,2.62,2.10
2015.08.20 04:58:36.674,1.38005,1.38016,2.62,2.10
2015.08.20 04:58:38.385,1.38005,1.38015,2.25,1.50
2015.08.20 04:58:38.890,1.38005,1.38015,2.25,1.50
2015.08.20 04:58:39.423,1.38005,1.38015,2.25,1.50
2015.08.20 04:58:40.098,1.38005,1.38015,2.25,1.50
2015.08.20 04:58:41.106,1.38004,1.38016,1.82,1.35
2015.08.20 04:58:41.709,1.38004,1.38016,1.82,2.10
2015.08.20 04:58:44.470,1.38004,1.38016,1.82,1.35
2015.08.20 04:58:46.436,1.38004,1.38016,1.82,1.35
2015.08.20 04:58:47.245,1.38004,1.38016,1.82,2.10
2015.08.20 04:58:48.221,1.38004,1.38016,1.57,2.85
2015.08.20 04:58:48.882,1.38004,1.38016,1.57,2.85
2015.08.20 04:58:49.456,1.38004,1.38016,1.57,2.85
2015.08.20 04:58:49.995,1.38004,1.38016,1.57,2.85
2015.08.20 04:58:50.924,1.38004,1.38016,1.57,2.85
2015.08.20 04:58:52.589,1.38004,1.38016,2.32,2.10
2015.08.20 04:58:53.126,1.38005,1.38017,1.20,2.85
2015.08.20 04:58:53.791,1.38006,1.38017,1.87,1.37
2015.08.20 04:58:54.294,1.38006,1.38017,1.87,1.87
2015.08.20 04:58:54.936,1.38006,1.38017,1.87,1.87
2015.08.20 04:58:55.914,1.38006,1.38018,1.87,3.60
2015.08.20 04:58:56.420,1.38006,1.38018,2.62,2.25
2015.08.20 04:58:57.286,1.38006,1.38018,2.62,2.25
2015.08.20 04:58:57.882,1.38006,1.38017,2.62,1.72
2015.08.20 04:58:57.983,1.38006,1.38017,2.62,1.67
2015.08.20 04:58:58.643,1.38006,1.38017,2.62,2.10
2015.08.20 04:58:59.423,1.38006,1.38017,2.62,1.67
2015.08.20 04:58:59.946,1.38006,1.38017,1.87,1.67
2015.08.20 04:59:00.464,1.38006,1.38017,1.87,1.67
2015.08.20 04:59:00.997,1.38006,1.38017,1.87,1.67
2015.08.20 04:59:02.080,1.38006,1.38017,1.87,1.67
2015.08.20 04:59:03.061,1.38006,1.38017,1.87,1.67
2015.08.20 04:59:04.348,1.38006,1.38018,1.87,3.60
2015.08.20 04:59:05.110,1.38006,1.38017,1.87,1.50
2015.08.20 04:59:05.658,1.38006,1.38017,1.87,1.50
2015.08.20 04:59:06.443,1.38006,1.38017,1.87,1.50
2015.08.20 04:59:06.495,1.38008,1.38017,1.37,1.37
2015.08.20 04:59:06.698,1.38012,1.3802,1.12,1.87
2015.08.20 04:59:06.850,1.38013,1.38019,1.37,1.00
2015.08.20 04:59:07.367,1.38015,1.3802,1.50,1.67
2015.08.20 04:59:07.925,1.38015,1.38021,1.12,1.60
2015.08.20 04:59:08.432,1.38014,1.38021,2.40,1.35
2015.08.20 04:59:08.760,1.38015,1.38021,1.37,1.60
2015.08.20 04:59:09.584,1.38013,1.38021,3.37,1.30
2015.08.20 04:59:10.117,1.38014,1.38023,1.57,3.22
2015.08.20 04:59:10.665,1.38015,1.38021,1.00,1.35
2015.08.20 04:59:11.224,1.38014,1.38021,1.27,1.35
2015.08.20 04:59:11.565,1.38015,1.38022,1.37,2.10
2015.08.20 04:59:11.976,1.38015,1.38022,1.12,2.10
2015.08.20 04:59:12.482,1.38015,1.38021,1.87,1.60
2015.08.20 04:59:13.002,1.38015,1.38022,1.87,1.35
2015.08.20 04:59:13.512,1.38015,1.38022,2.25,1.60
2015.08.20 04:59:14.274,1.38015,1.38022,1.00,1.60
2015.08.20 04:59:15.394,1.38015,1.38022,1.50,1.35
2015.08.20 04:59:16.886,1.38015,1.38022,1.87,1.00
2015.08.20 04:59:17.140,1.38017,1.38027,1.37,1.00
2015.08.20 04:59:17.659,1.38016,1.38028,2.32,1.12
2015.08.20 04:59:18.200,1.38017,1.38027,1.82,1.30
2015.08.20 04:59:20.133,1.38017,1.38029,2.62,3.60
2015.08.20 04:59:21.014,1.38017,1.38029,2.62,3.22
2015.08.20 04:59:21.735,1.38017,1.38029,3.00,3.22
2015.08.20 04:59:23.118,1.38017,1.38028,2.25,1.35
2015.08.20 04:59:23.220,1.38019,1.38028,1.12,1.35
2015.08.20 04:59:23.850,1.38019,1.38028,1.12,1.12
2015.08.20 04:59:24.510,1.38019,1.38028,1.27,1.30
2015.08.20 04:59:25.223,1.38019,1.38029,1.57,3.75
2015.08.20 04:59:28.548,1.38019,1.38028,1.57,1.30
2015.08.20 04:59:29.072,1.38019,1.38029,1.57,3.00
2015.08.20 04:59:29.860,1.38019,1.38028,1.27,1.30
2015.08.20 04:59:30.416,1.38019,1.38028,1.57,1.72
2015.08.20 04:59:31.244,1.38018,1.38028,1.12,1.72
2015.08.20 04:59:32.807,1.38018,1.38028,1.12,1.12
2015.08.20 04:59:33.584,1.38018,1.38028,1.12,1.60
2015.08.20 04:59:34.312,1.38018,1.38028,1.12,1.87
2015.08.20 04:59:34.817,1.38017,1.38028,1.57,1.97
2015.08.20 04:59:36.614,1.38017,1.38027,1.20,1.60
2015.08.20 04:59:36.919,1.38015,1.38019,1.00,1.37
2015.08.20 04:59:36.970,1.38012,1.38019,1.00,1.50
2015.08.20 04:59:37.172,1.38009,1.38019,1.20,1.00
2015.08.20 04:59:38.065,1.38011,1.3802,1.20,1.00
2015.08.20 04:59:38.648,1.38012,1.3802,1.00,1.12
2015.08.20 04:59:39.455,1.38011,1.3802,1.27,1.12
2015.08.20 04:59:40.002,1.3801,1.3802,3.75,1.12
2015.08.20 04:59:40.545,1.3801,1.38021,4.35,2.25
2015.08.20 04:59:41.686,1.38011,1.38022,1.82,1.27
2015.08.20 04:59:43.528,1.38011,1.38022,1.82,1.57
2015.08.20 04:59:46.779,1.38011,1.38019,1.57,1.00
2015.08.20 04:59:47.369,1.38012,1.38019,1.20,1.12
2015.08.20 04:59:52.575,1.38011,1.3802,1.95,1.00
2015.08.20 04:59:53.093,1.38015,1.38024,1.12,1.12
2015.08.20 04:59:53.144,1.38015,1.38026,1.20,2.25
2015.08.20 04:59:53.398,1.38015,1.38027,1.95,1.87
2015.08.20 04:59:53.932,1.38017,1.38027,1.20,1.12
2015.08.20 04:59:54.576,1.38017,1.38027,1.57,1.12
