2014.07.07 06:00:00.086,1.38693,1.38697,1.25,1.00
2014.07.07 06:00:00.389,1.38692,1.38693,1.00,1.00
2014.07.07 06:00:00.895,1.38688,1.38693,1.50,3.00
2014.07.07 06:00:01.098,1.38688,1.38691,1.50,1.00
2014.07.07 06:00:01.200,1.38684,1.38689,1.25,2.25
2014.07.07 06:00:01.706,1.38683,1.3869,3.94,1.00
2014.07.07 06:00:02.220,1.38683,1.3869,3.19,1.69
2014.07.07 06:00:03.490,1.38684,1.3869,1.25,1.50
2014.07.07 06:00:03.743,1.38684,1.38687,1.25,1.00
2014.07.07 06:00:04.248,1.38684,1.38688,1.25,1.50
2014.07.07 06:00:04.755,1.38683,1.3869,1.25,2.44
2014.07.07 06:00:05.575,1.38684,1.3869,1.19,1.00
2014.07.07 06:00:06.043,1.38684,1.38693,2.74,4.32
2014.07.07 06:00:06.726,1.38685,1.38693,1.25,3.57
2014.07.07 06:00:07.703,1.38685,1.3869,1.69,1.00
2014.07.07 06:00:07.956,1.38685,1.38692,1.69,2.25
2014.07.07 06:00:08.057,1.38685,1.3869,1.69,1.00
2014.07.07 06:00:08.632,1.38683,1.3869,2.25,2.44
2014.07.07 06:00:08.683,1.38683,1.38688,2.25,1.00
2014.07.07 06:00:09.037,1.38683,1.38686,1.00,1.00
2014.07.07 06:00:09.138,1.38681,1.38685,1.25,1.00
2014.07.07 06:00:09.189,1.38681,1.38687,1.25,1.50
2014.07.07 06:00:09.700,1.38681,1.38686,1.25,1.50
2014.07.07 06:00:10.221,1.38679,1.38686,1.69,3.00
2014.07.07 06:00:10.932,1.38679,1.38683,3.19,1.50
2014.07.07 06:00:11.257,1.38678,1.38679,1.50,1.50
2014.07.07 06:00:11.766,1.38676,1.3868,1.50,1.50
2014.07.07 06:00:12.033,1.38676,1.38682,1.00,2.44
2014.07.07 06:00:12.134,1.38676,1.3868,1.00,1.50
2014.07.07 06:00:12.337,1.38673,1.38679,2.44,1.50
2014.07.07 06:00:13.546,1.38674,1.38677,1.25,1.00
2014.07.07 06:00:13.851,1.38669,1.38672,1.00,2.88
2014.07.07 06:00:13.955,1.38669,1.38671,1.00,1.00
2014.07.07 06:00:15.305,1.38669,1.3867,1.00,1.00
2014.07.07 06:00:15.619,1.38666,1.38669,1.50,1.00
2014.07.07 06:00:15.974,1.38666,1.38668,1.50,1.00
2014.07.07 06:00:16.025,1.38665,1.38668,5.25,1.00
2014.07.07 06:00:16.300,1.38666,1.38668,1.50,1.50
2014.07.07 06:00:16.805,1.38665,1.38667,1.00,1.50
2014.07.07 06:00:17.325,1.38665,1.38667,1.32,1.50
2014.07.07 06:00:17.848,1.38666,1.38667,1.50,1.50
2014.07.07 06:00:18.192,1.38663,1.38666,2.25,1.00
2014.07.07 06:00:18.441,1.38661,1.38664,2.29,1.50
2014.07.07 06:00:19.353,1.3866,1.38663,5.29,1.50
2014.07.07 06:00:19.859,1.3866,1.38663,4.54,1.50
2014.07.07 06:00:20.377,1.38661,1.38663,1.69,1.00
2014.07.07 06:00:20.905,1.38662,1.38664,1.50,1.50
2014.07.07 06:00:22.756,1.38661,1.38664,3.19,1.50
2014.07.07 06:00:22.859,1.38662,1.38665,1.25,1.50
2014.07.07 06:00:23.369,1.38662,1.38664,1.00,1.00
2014.07.07 06:00:23.471,1.38663,1.38665,1.50,1.50
2014.07.07 06:00:23.573,1.3866,1.38664,3.94,1.50
2014.07.07 06:00:24.144,1.3866,1.38663,3.19,1.50
2014.07.07 06:00:24.853,1.3866,1.38663,3.19,1.50
2014.07.07 06:00:25.388,1.38662,1.38664,1.50,1.50
2014.07.07 06:00:25.910,1.38663,1.38667,1.00,2.37
2014.07.07 06:00:26.562,1.38663,1.38664,1.50,1.00
2014.07.07 06:00:26.613,1.38664,1.38667,1.50,1.43
2014.07.07 06:00:26.714,1.38664,1.38667,2.25,3.25
2014.07.07 06:00:26.867,1.38663,1.38665,3.00,1.50
2014.07.07 06:00:28.177,1.38663,1.38664,1.50,1.00
2014.07.07 06:00:28.770,1.38662,1.38664,1.50,1.50
2014.07.07 06:00:29.146,1.38663,1.38667,1.00,1.15
2014.07.07 06:00:29.500,1.38662,1.38664,1.50,1.50
2014.07.07 06:00:30.036,1.38661,1.38663,1.00,1.50
2014.07.07 06:00:30.412,1.38658,1.38663,5.07,1.50
2014.07.07 06:00:31.009,1.38658,1.38662,2.44,1.50
2014.07.07 06:00:31.515,1.38658,1.38661,1.69,1.50
2014.07.07 06:00:32.031,1.38657,1.38662,3.57,1.50
2014.07.07 06:00:32.284,1.38657,1.3866,1.69,1.00
2014.07.07 06:00:32.487,1.38655,1.38659,3.94,1.00
2014.07.07 06:00:32.588,1.38657,1.38659,1.13,1.00
2014.07.07 06:00:33.106,1.38656,1.3866,1.00,1.50
2014.07.07 06:00:33.608,1.38657,1.3866,1.00,1.50
2014.07.07 06:00:34.473,1.38657,1.38661,1.13,1.50
2014.07.07 06:00:34.805,1.38657,1.3866,1.13,1.00
2014.07.07 06:00:35.569,1.38657,1.3866,1.00,1.50
2014.07.07 06:00:36.131,1.38656,1.3866,1.13,1.50
2014.07.07 06:00:36.533,1.38658,1.38663,1.13,1.69
2014.07.07 06:00:36.989,1.38658,1.38663,1.88,1.19
2014.07.07 06:00:37.040,1.38659,1.38665,1.92,3.00
2014.07.07 06:00:37.547,1.38661,1.38665,1.00,1.50
2014.07.07 06:00:38.226,1.38661,1.38667,1.00,6.49
2014.07.07 06:00:38.739,1.38662,1.38665,1.00,1.50
2014.07.07 06:00:38.790,1.3866,1.38665,1.00,1.50
2014.07.07 06:00:39.325,1.38658,1.38664,1.25,1.50
2014.07.07 06:00:39.845,1.38657,1.38665,2.82,4.99
2014.07.07 06:00:39.997,1.38657,1.38663,2.07,1.00
2014.07.07 06:00:40.502,1.38657,1.38659,1.19,1.00
2014.07.07 06:00:40.603,1.38656,1.38659,1.00,1.00
2014.07.07 06:00:40.654,1.38654,1.38659,2.44,1.50
2014.07.07 06:00:41.008,1.38654,1.38661,2.44,3.87
2014.07.07 06:00:41.531,1.38655,1.38662,1.00,4.24
2014.07.07 06:00:43.439,1.38656,1.38662,1.00,1.99
2014.07.07 06:00:43.787,1.38654,1.38661,2.07,2.37
2014.07.07 06:00:44.504,1.38655,1.38662,1.00,2.37
2014.07.07 06:00:45.009,1.38656,1.38662,1.00,1.19
2014.07.07 06:00:45.679,1.38656,1.38664,1.25,4.24
2014.07.07 06:00:46.188,1.38655,1.38663,2.07,2.37
2014.07.07 06:00:46.914,1.38655,1.38662,1.32,2.07
2014.07.07 06:00:48.002,1.38654,1.38661,5.44,1.00
2014.07.07 06:00:48.507,1.38654,1.38662,5.44,2.07
2014.07.07 06:00:50.320,1.38656,1.38662,1.00,1.62
2014.07.07 06:00:51.723,1.38655,1.38662,2.07,1.62
2014.07.07 06:00:51.875,1.38657,1.38663,1.00,2.44
2014.07.07 06:00:52.381,1.38657,1.38663,1.88,2.44
2014.07.07 06:00:52.921,1.38657,1.38663,2.82,1.50
2014.07.07 06:00:53.333,1.38657,1.38663,4.32,1.00
2014.07.07 06:00:53.435,1.38659,1.38663,2.93,1.00
2014.07.07 06:00:53.587,1.38659,1.38666,2.93,3.19
2014.07.07 06:00:54.651,1.3866,1.38667,2.07,1.50
2014.07.07 06:00:55.196,1.38662,1.38669,1.88,4.41
2014.07.07 06:00:55.720,1.38661,1.38669,3.87,4.04
2014.07.07 06:00:56.719,1.38662,1.38669,2.07,3.29
2014.07.07 06:00:57.243,1.38662,1.38669,1.69,2.16
2014.07.07 06:00:57.563,1.38662,1.38668,1.25,2.18
2014.07.07 06:00:58.069,1.38661,1.38669,3.19,2.84
2014.07.07 06:00:58.687,1.38662,1.3867,1.69,5.84
2014.07.07 06:00:59.683,1.38662,1.3867,3.57,4.34
2014.07.07 06:01:00.201,1.38663,1.3867,1.19,2.35
2014.07.07 06:01:02.477,1.38663,1.3867,3.19,1.00
2014.07.07 06:01:03.057,1.38664,1.3867,2.44,1.00
2014.07.07 06:01:03.744,1.38665,1.38672,1.69,2.16
2014.07.07 06:01:04.099,1.38665,1.38673,2.74,2.09
2014.07.07 06:01:06.402,1.38666,1.38673,1.63,1.34
2014.07.07 06:01:07.496,1.38667,1.38675,3.87,2.16
2014.07.07 06:01:08.549,1.38667,1.38675,4.24,3.66
2014.07.07 06:01:11.503,1.38668,1.38676,3.49,3.75
2014.07.07 06:01:12.033,1.3867,1.38676,2.55,1.69
2014.07.07 06:01:12.759,1.38671,1.38676,1.00,1.69
2014.07.07 06:01:14.009,1.3867,1.38676,1.25,1.50
2014.07.07 06:01:14.838,1.38669,1.38676,1.19,3.38
2014.07.07 06:01:14.991,1.38668,1.38676,3.19,4.32
2014.07.07 06:01:16.094,1.38667,1.3867,1.13,1.00
2014.07.07 06:01:16.196,1.38666,1.3867,2.25,1.32
2014.07.07 06:01:16.601,1.38663,1.38671,1.69,1.19
2014.07.07 06:01:17.199,1.38664,1.38671,1.00,1.19
2014.07.07 06:01:17.251,1.38664,1.38672,3.94,1.24
2014.07.07 06:01:17.709,1.38667,1.38674,1.25,2.44
2014.07.07 06:01:18.616,1.38668,1.38675,1.00,1.99
2014.07.07 06:01:18.920,1.38671,1.38676,1.25,1.00
2014.07.07 06:01:20.505,1.3867,1.38677,1.19,1.88
2014.07.07 06:01:20.556,1.38669,1.38677,3.19,2.82
2014.07.07 06:01:21.080,1.38669,1.38677,5.07,2.44
2014.07.07 06:01:21.601,1.3867,1.38678,2.07,3.12
2014.07.07 06:01:24.950,1.3867,1.38678,2.63,4.24
2014.07.07 06:01:25.458,1.3867,1.38678,2.63,4.24
2014.07.07 06:01:27.546,1.3867,1.38678,5.63,1.99
2014.07.07 06:01:27.648,1.38673,1.38679,1.50,2.37
2014.07.07 06:01:29.400,1.3867,1.38679,3.38,4.99
2014.07.07 06:01:29.929,1.3867,1.38678,2.07,1.24
2014.07.07 06:01:32.940,1.3867,1.38676,1.25,1.00
2014.07.07 06:01:33.461,1.3867,1.38677,1.50,2.37
2014.07.07 06:01:35.790,1.3867,1.38677,2.07,1.90
2014.07.07 06:01:36.093,1.38668,1.38672,1.88,1.88
2014.07.07 06:01:36.246,1.38666,1.38673,1.75,3.68
2014.07.07 06:01:36.821,1.38666,1.38673,1.75,2.63
2014.07.07 06:01:36.922,1.38666,1.38673,1.75,2.25
2014.07.07 06:01:37.024,1.38666,1.38673,1.75,2.63
2014.07.07 06:01:37.125,1.38666,1.38672,1.54,1.00
2014.07.07 06:01:37.580,1.38664,1.38671,2.67,1.63
2014.07.07 06:01:37.925,1.38664,1.38671,2.63,1.63
2014.07.07 06:01:37.976,1.38664,1.38671,2.67,1.63
2014.07.07 06:01:38.179,1.38664,1.38671,2.44,1.63
2014.07.07 06:01:38.990,1.38664,1.38671,2.44,1.25
2014.07.07 06:01:39.193,1.38664,1.3867,1.69,1.38
2014.07.07 06:01:39.244,1.38665,1.3867,1.00,1.88
2014.07.07 06:01:39.296,1.38665,1.38669,1.00,1.88
2014.07.07 06:01:39.752,1.38663,1.38668,1.19,1.50
2014.07.07 06:01:39.853,1.38664,1.3867,1.25,3.38
2014.07.07 06:01:40.156,1.38663,1.38668,1.19,1.00
2014.07.07 06:01:40.511,1.38663,1.38665,1.19,1.00
2014.07.07 06:01:41.117,1.38661,1.38665,1.25,1.50
2014.07.07 06:01:41.796,1.38662,1.38665,1.00,1.50
2014.07.07 06:01:42.314,1.38661,1.38665,1.54,1.50
2014.07.07 06:01:43.640,1.38662,1.38668,1.57,1.50
2014.07.07 06:01:43.742,1.38665,1.38669,1.19,3.00
2014.07.07 06:01:44.248,1.38665,1.38668,1.19,1.00
2014.07.07 06:01:44.782,1.38665,1.38669,1.19,1.50
2014.07.07 06:01:45.427,1.38663,1.38669,1.69,1.50
2014.07.07 06:01:47.200,1.38663,1.38668,1.69,1.00
2014.07.07 06:01:47.706,1.38663,1.38667,1.19,1.50
2014.07.07 06:01:48.363,1.3866,1.38667,6.23,1.50
2014.07.07 06:01:49.695,1.38661,1.38668,2.82,1.69
2014.07.07 06:01:50.113,1.38661,1.38669,2.25,2.44
2014.07.07 06:01:50.417,1.38661,1.38666,1.63,1.00
2014.07.07 06:01:50.619,1.38661,1.38667,1.25,1.50
2014.07.07 06:01:50.670,1.38661,1.38665,1.25,1.00
2014.07.07 06:01:51.175,1.38661,1.38665,1.63,1.00
2014.07.07 06:01:51.478,1.38662,1.38668,2.07,4.05
2014.07.07 06:01:53.839,1.38662,1.38668,3.19,1.80
2014.07.07 06:01:54.344,1.38663,1.38668,1.13,1.80
2014.07.07 06:01:56.411,1.38661,1.38668,4.32,1.80
2014.07.07 06:02:00.615,1.38661,1.38668,2.82,1.80
2014.07.07 06:02:02.511,1.38663,1.38668,1.13,1.80
2014.07.07 06:02:03.017,1.38662,1.38668,1.57,1.80
2014.07.07 06:02:05.649,1.38662,1.38668,2.44,1.80
2014.07.07 06:02:06.996,1.38665,1.38669,1.00,1.80
2014.07.07 06:02:08.008,1.38667,1.38669,1.00,1.00
2014.07.07 06:02:08.061,1.38668,1.3867,1.00,2.25
2014.07.07 06:02:08.566,1.38668,1.38672,1.00,2.44
2014.07.07 06:02:09.152,1.38668,1.38674,1.50,2.55
2014.07.07 06:02:09.203,1.38671,1.38674,1.00,1.50
2014.07.07 06:02:09.463,1.38668,1.38675,3.00,3.12
2014.07.07 06:02:09.968,1.3867,1.38676,1.00,1.62
2014.07.07 06:02:10.070,1.38672,1.38676,1.00,1.62
2014.07.07 06:02:10.598,1.38672,1.38677,1.00,2.74
2014.07.07 06:02:11.507,1.3867,1.38677,1.00,3.12
2014.07.07 06:02:12.013,1.38669,1.38676,2.25,1.15
2014.07.07 06:02:12.553,1.3867,1.38677,1.00,1.19
2014.07.07 06:02:13.159,1.38671,1.38677,1.00,1.19
2014.07.07 06:02:13.370,1.38671,1.38674,1.00,1.00
2014.07.07 06:02:13.675,1.38668,1.38672,1.00,1.38
2014.07.07 06:02:13.961,1.38666,1.38673,6.57,1.00
2014.07.07 06:02:14.482,1.38666,1.38675,3.19,6.12
2014.07.07 06:02:15.014,1.38666,1.38674,2.44,2.44
2014.07.07 06:02:16.869,1.38666,1.38675,5.44,5.37
2014.07.07 06:02:17.558,1.38666,1.38675,2.44,5.37
2014.07.07 06:02:18.308,1.38666,1.38674,1.69,1.57
2014.07.07 06:02:19.346,1.3867,1.38674,1.00,1.19
2014.07.07 06:02:19.950,1.38669,1.38674,1.50,1.19
2014.07.07 06:02:20.517,1.38669,1.38675,1.50,2.74
2014.07.07 06:02:20.720,1.38667,1.38675,3.19,2.74
2014.07.07 06:02:22.284,1.38668,1.38675,1.13,1.19
2014.07.07 06:02:22.791,1.38669,1.38675,3.00,1.19
2014.07.07 06:02:23.337,1.3867,1.38677,1.25,1.62
2014.07.07 06:02:25.713,1.3867,1.38679,2.44,4.62
2014.07.07 06:02:26.719,1.3867,1.38677,1.25,1.62
2014.07.07 06:02:27.824,1.38669,1.38676,3.57,1.05
2014.07.07 06:02:29.802,1.38669,1.38675,1.69,1.00
2014.07.07 06:02:29.954,1.38669,1.38675,2.07,4.50
2014.07.07 06:02:30.491,1.38668,1.38674,1.19,3.38
2014.07.07 06:02:30.950,1.38667,1.38674,2.07,2.82
2014.07.07 06:02:31.462,1.38667,1.38674,2.82,3.12
2014.07.07 06:02:32.108,1.38667,1.38674,1.50,4.62
2014.07.07 06:02:32.614,1.38666,1.38673,2.25,1.62
2014.07.07 06:02:35.690,1.38666,1.38671,2.07,1.00
2014.07.07 06:02:37.295,1.38665,1.38671,1.50,1.24
2014.07.07 06:02:37.799,1.38665,1.38671,1.69,1.24
2014.07.07 06:02:39.164,1.38665,1.38671,1.50,1.24
2014.07.07 06:02:39.836,1.38665,1.38671,1.50,1.62
2014.07.07 06:02:40.555,1.38665,1.38671,1.50,1.24
2014.07.07 06:02:41.170,1.38665,1.38671,1.88,1.24
2014.07.07 06:02:41.841,1.38665,1.38671,1.50,1.24
2014.07.07 06:02:42.539,1.38665,1.38671,2.07,1.24
2014.07.07 06:02:43.399,1.38666,1.38671,1.57,1.15
2014.07.07 06:02:43.500,1.38666,1.38671,1.32,1.15
2014.07.07 06:02:45.082,1.38668,1.38672,1.00,2.44
2014.07.07 06:02:45.980,1.38668,1.38673,1.00,2.07
2014.07.07 06:02:46.735,1.38666,1.38674,1.82,4.62
2014.07.07 06:02:47.140,1.38665,1.38672,3.38,1.24
2014.07.07 06:02:47.696,1.38665,1.38671,3.00,1.00
2014.07.07 06:02:48.245,1.38665,1.38671,2.07,1.24
2014.07.07 06:02:48.774,1.38665,1.38671,2.25,1.24
2014.07.07 06:02:49.737,1.38665,1.38672,2.82,1.62
2014.07.07 06:02:49.939,1.38667,1.38672,1.38,1.49
2014.07.07 06:02:50.473,1.38667,1.38673,1.00,1.49
2014.07.07 06:02:50.975,1.38667,1.38673,1.57,1.49
2014.07.07 06:02:51.655,1.38665,1.38672,3.00,1.24
2014.07.07 06:02:52.182,1.38665,1.38672,2.25,2.74
2014.07.07 06:02:52.733,1.38665,1.38672,2.07,2.74
2014.07.07 06:02:57.175,1.38665,1.38672,1.00,4.99
2014.07.07 06:02:57.759,1.38664,1.38672,3.00,3.87
2014.07.07 06:02:58.292,1.38665,1.38672,1.50,3.12
2014.07.07 06:02:58.393,1.38665,1.38672,1.57,2.07
2014.07.07 06:02:58.495,1.38665,1.38672,1.50,1.69
2014.07.07 06:02:58.596,1.38664,1.38672,5.82,1.69
2014.07.07 06:02:58.697,1.38665,1.38672,2.63,1.69
2014.07.07 06:02:59.102,1.38664,1.38672,4.88,3.12
2014.07.07 06:02:59.662,1.38665,1.38672,1.13,1.99
2014.07.07 06:03:02.056,1.38665,1.3867,2.63,1.50
2014.07.07 06:03:02.157,1.38666,1.3867,1.32,1.80
2014.07.07 06:03:02.694,1.38666,1.38669,1.00,1.00
2014.07.07 06:03:03.094,1.38663,1.38669,2.25,1.25
2014.07.07 06:03:03.448,1.38661,1.38667,2.44,1.00
2014.07.07 06:03:04.002,1.38661,1.38666,1.19,1.50
2014.07.07 06:03:04.305,1.3866,1.38666,2.25,1.69
2014.07.07 06:03:07.183,1.38659,1.38666,4.69,1.69
2014.07.07 06:03:07.738,1.3866,1.38666,1.00,1.69
2014.07.07 06:03:08.327,1.38659,1.38666,3.94,1.69
2014.07.07 06:03:10.738,1.3866,1.38666,1.50,1.69
2014.07.07 06:03:11.217,1.38658,1.38662,2.07,1.25
2014.07.07 06:03:11.427,1.38656,1.38663,2.07,8.37
2014.07.07 06:03:12.370,1.38657,1.38663,1.00,6.87
2014.07.07 06:03:13.887,1.38656,1.38663,1.88,5.37
2014.07.07 06:03:14.508,1.38655,1.38663,2.00,5.37
2014.07.07 06:03:15.028,1.38656,1.38662,2.07,1.32
2014.07.07 06:03:15.079,1.38656,1.3866,2.07,1.00
2014.07.07 06:03:17.617,1.38656,1.38659,1.00,1.00
2014.07.07 06:03:18.191,1.38656,1.3866,1.13,2.07
2014.07.07 06:03:18.901,1.38656,1.38659,1.32,1.00
2014.07.07 06:03:24.352,1.38655,1.38659,1.57,1.00
2014.07.07 06:03:25.070,1.38656,1.38659,1.00,1.00
2014.07.07 06:03:25.585,1.38656,1.3866,1.19,2.63
2014.07.07 06:03:26.185,1.38656,1.3866,1.50,2.63
2014.07.07 06:03:26.728,1.38656,1.3866,1.57,2.63
2014.07.07 06:03:28.806,1.38656,1.3866,1.50,2.93
2014.07.07 06:03:30.042,1.38656,1.3866,1.38,2.93
2014.07.07 06:03:31.777,1.38655,1.3866,1.13,3.12
2014.07.07 06:03:32.673,1.38654,1.3866,2.07,3.12
2014.07.07 06:03:34.291,1.38655,1.3866,1.57,2.55
2014.07.07 06:03:35.917,1.38655,1.3866,1.50,1.80
2014.07.07 06:03:36.938,1.38655,1.3866,1.38,1.05
2014.07.07 06:03:37.703,1.38655,1.38661,1.00,1.99
2014.07.07 06:03:38.212,1.38655,1.38661,1.57,1.99
2014.07.07 06:03:38.741,1.38655,1.38661,1.57,1.99
2014.07.07 06:03:39.121,1.38655,1.38661,1.00,1.99
2014.07.07 06:03:39.222,1.38655,1.38661,1.57,1.99
2014.07.07 06:03:40.754,1.38655,1.38661,1.32,1.99
2014.07.07 06:03:43.651,1.38655,1.38661,2.07,3.94
2014.07.07 06:03:44.555,1.38655,1.38661,1.88,3.19
2014.07.07 06:03:45.584,1.38655,1.38661,1.88,2.44
2014.07.07 06:03:46.093,1.38655,1.38661,2.07,2.44
2014.07.07 06:03:47.264,1.38655,1.38661,3.00,2.25
2014.07.07 06:03:47.567,1.38655,1.38663,4.50,3.12
2014.07.07 06:03:47.870,1.38656,1.38663,1.50,6.87
2014.07.07 06:03:48.510,1.38655,1.38663,5.25,4.62
2014.07.07 06:03:49.029,1.38656,1.38662,1.00,3.12
2014.07.07 06:03:51.339,1.38655,1.38662,3.00,2.74
2014.07.07 06:03:53.567,1.38655,1.38661,1.50,1.19
2014.07.07 06:03:55.372,1.38653,1.38661,6.00,1.19
2014.07.07 06:03:56.642,1.38655,1.38661,1.13,1.19
2014.07.07 06:03:58.599,1.38654,1.38662,1.13,4.24
2014.07.07 06:03:59.176,1.38654,1.38662,1.50,4.24
2014.07.07 06:04:01.637,1.38655,1.38662,2.07,3.87
2014.07.07 06:04:02.607,1.38654,1.38662,2.44,4.99
2014.07.07 06:04:03.173,1.38654,1.38662,1.50,6.49
2014.07.07 06:04:03.940,1.38655,1.38662,1.00,5.74
2014.07.07 06:04:04.447,1.38655,1.38661,1.57,2.74
2014.07.07 06:04:04.948,1.38655,1.38661,1.57,3.49
2014.07.07 06:04:05.993,1.38653,1.38659,2.63,1.00
2014.07.07 06:04:06.196,1.38653,1.38659,2.07,1.05
2014.07.07 06:04:06.708,1.38653,1.38661,3.00,4.24
2014.07.07 06:04:08.024,1.38653,1.38661,2.82,4.99
2014.07.07 06:04:09.398,1.38653,1.38658,3.00,1.50
2014.07.07 06:04:09.449,1.38652,1.38656,3.00,1.69
2014.07.07 06:04:09.550,1.38652,1.38656,1.00,1.99
2014.07.07 06:04:09.904,1.38648,1.38654,1.00,1.00
2014.07.07 06:04:10.409,1.38648,1.38655,1.00,2.37
2014.07.07 06:04:10.935,1.38646,1.38655,5.25,4.62
2014.07.07 06:04:11.745,1.38646,1.38655,8.44,4.24
2014.07.07 06:04:11.796,1.38646,1.38655,5.63,4.24
2014.07.07 06:04:12.201,1.38647,1.38655,1.25,5.37
2014.07.07 06:04:12.504,1.38647,1.38655,3.38,3.12
2014.07.07 06:04:13.464,1.38649,1.38654,1.00,4.62
2014.07.07 06:04:16.035,1.38647,1.38654,1.57,4.62
2014.07.07 06:04:16.341,1.38649,1.38652,1.00,2.44
2014.07.07 06:04:16.670,1.38648,1.38652,1.15,2.44
2014.07.07 06:04:17.588,1.38648,1.38653,1.68,1.25
2014.07.07 06:04:17.690,1.38651,1.38653,1.00,1.25
2014.07.07 06:04:18.594,1.38651,1.38654,1.00,1.25
2014.07.07 06:04:21.206,1.3865,1.38654,1.00,1.25
2014.07.07 06:04:21.875,1.38651,1.38654,1.00,2.44
2014.07.07 06:04:22.654,1.3865,1.38654,1.00,2.44
2014.07.07 06:04:26.087,1.38649,1.38654,1.00,2.82
2014.07.07 06:04:26.492,1.38651,1.38654,1.00,2.44
2014.07.07 06:04:27.265,1.38647,1.38653,2.25,1.25
2014.07.07 06:04:27.770,1.38647,1.38652,1.13,1.25
2014.07.07 06:04:28.481,1.38647,1.38652,1.69,1.25
2014.07.07 06:04:31.357,1.38647,1.38652,1.00,1.25
2014.07.07 06:04:31.763,1.38648,1.38652,1.38,1.25
2014.07.07 06:04:32.268,1.38648,1.38652,1.00,1.25
2014.07.07 06:04:32.644,1.38648,1.3865,1.38,1.50
2014.07.07 06:04:33.147,1.38648,1.38651,1.88,1.50
2014.07.07 06:04:33.666,1.38648,1.38652,2.07,1.69
2014.07.07 06:04:33.975,1.3865,1.38653,1.00,4.24
2014.07.07 06:04:34.699,1.3865,1.38653,1.00,2.74
2014.07.07 06:04:35.210,1.38649,1.38653,1.00,2.74
2014.07.07 06:04:35.514,1.38648,1.38651,1.50,1.50
2014.07.07 06:04:36.015,1.38648,1.3865,1.50,1.50
2014.07.07 06:04:36.117,1.38648,1.38652,1.69,2.44
2014.07.07 06:04:39.507,1.38649,1.38652,1.00,1.25
2014.07.07 06:04:40.012,1.38649,1.38653,1.69,2.44
2014.07.07 06:04:40.542,1.3865,1.38652,1.00,1.50
2014.07.07 06:04:41.336,1.38649,1.38652,1.00,1.50
2014.07.07 06:04:42.223,1.3865,1.38652,1.00,1.69
2014.07.07 06:04:43.096,1.3865,1.38653,1.00,1.00
2014.07.07 06:04:43.317,1.38649,1.38651,1.00,1.50
2014.07.07 06:04:43.867,1.38648,1.38651,1.62,1.50
2014.07.07 06:04:44.123,1.3865,1.38652,1.00,2.44
2014.07.07 06:04:44.654,1.38649,1.38652,1.00,2.44
2014.07.07 06:04:45.845,1.38648,1.38652,1.05,2.44
2014.07.07 06:04:47.199,1.38649,1.38652,1.00,2.44
2014.07.07 06:04:47.709,1.38648,1.38652,1.15,2.44
2014.07.07 06:04:48.215,1.38646,1.3865,1.69,1.25
2014.07.07 06:04:48.721,1.38646,1.3865,1.32,1.25
2014.07.07 06:04:49.278,1.38646,1.3865,1.00,1.19
2014.07.07 06:04:51.539,1.38646,1.3865,1.25,2.44
2014.07.07 06:04:52.558,1.38645,1.38649,1.88,1.25
2014.07.07 06:04:53.426,1.38646,1.38648,1.25,1.00
2014.07.07 06:04:53.730,1.38644,1.38646,1.50,2.44
2014.07.07 06:04:54.219,1.38641,1.38646,1.00,3.94
2014.07.07 06:04:58.801,1.38641,1.38646,1.00,1.25
2014.07.07 06:04:59.302,1.38642,1.38646,1.00,1.25
2014.07.07 06:05:01.356,1.38641,1.38646,1.50,1.25
2014.07.07 06:05:02.772,1.38641,1.38646,1.00,1.19
2014.07.07 06:05:03.457,1.38642,1.38646,1.00,1.19
2014.07.07 06:05:04.465,1.38641,1.38645,1.05,1.25
2014.07.07 06:05:04.718,1.38639,1.38645,4.13,1.25
2014.07.07 06:05:05.731,1.38638,1.38644,2.55,1.00
2014.07.07 06:05:06.265,1.38638,1.38643,1.80,1.25
2014.07.07 06:05:06.771,1.38638,1.38643,1.15,1.69
2014.07.07 06:05:06.923,1.38636,1.3864,2.07,1.25
2014.07.07 06:05:07.075,1.38636,1.3864,1.13,1.25
2014.07.07 06:05:07.660,1.38634,1.3864,2.63,1.32
2014.07.07 06:05:08.184,1.38634,1.3864,2.44,1.32
2014.07.07 06:05:08.751,1.38634,1.38639,2.44,1.25
2014.07.07 06:05:09.265,1.38634,1.38639,2.63,1.25
2014.07.07 06:05:09.826,1.38635,1.38639,1.00,1.25
2014.07.07 06:05:10.390,1.38635,1.38639,1.57,1.25
2014.07.07 06:05:10.902,1.38635,1.38641,1.57,1.69
2014.07.07 06:05:14.318,1.38636,1.38641,1.38,1.19
2014.07.07 06:05:14.826,1.38633,1.38641,6.75,2.07
2014.07.07 06:05:15.133,1.38634,1.38641,2.63,2.44
2014.07.07 06:05:16.302,1.38634,1.3864,2.63,1.19
2014.07.07 06:05:16.676,1.38634,1.3864,2.07,2.44
2014.07.07 06:05:17.579,1.38635,1.3864,1.50,5.44
2014.07.07 06:05:18.141,1.38635,1.3864,2.07,5.44
2014.07.07 06:05:19.307,1.38634,1.38639,1.13,2.44
2014.07.07 06:05:19.610,1.38632,1.38637,1.88,1.50
2014.07.07 06:05:19.964,1.38631,1.38635,1.57,1.00
2014.07.07 06:05:20.015,1.3863,1.38635,3.30,2.25
2014.07.07 06:05:20.524,1.3863,1.38634,1.00,1.25
2014.07.07 06:05:21.358,1.3863,1.38634,1.00,1.19
2014.07.07 06:05:23.031,1.38628,1.38633,2.82,1.69
2014.07.07 06:05:23.616,1.38628,1.38633,2.55,1.69
2014.07.07 06:05:24.129,1.38628,1.38633,1.88,1.69
2014.07.07 06:05:24.641,1.38628,1.38633,3.12,1.69
2014.07.07 06:05:25.151,1.38628,1.38632,1.80,1.50
2014.07.07 06:05:25.556,1.38626,1.3863,2.25,1.00
2014.07.07 06:05:25.872,1.38626,1.38628,1.50,2.25
2014.07.07 06:05:26.075,1.38622,1.38629,5.44,1.50
2014.07.07 06:05:26.329,1.38625,1.38629,1.00,1.50
2014.07.07 06:05:26.683,1.38623,1.3863,3.19,2.82
2014.07.07 06:05:26.936,1.38623,1.38628,2.25,1.50
2014.07.07 06:05:27.442,1.38624,1.38628,1.00,2.25
2014.07.07 06:05:27.787,1.38624,1.38628,1.00,4.13
2014.07.07 06:05:29.370,1.38624,1.38627,1.00,1.32
2014.07.07 06:05:29.885,1.38623,1.38628,4.69,1.50
2014.07.07 06:05:30.038,1.38625,1.3863,1.50,1.00
2014.07.07 06:05:30.089,1.38628,1.3863,1.00,1.00
2014.07.07 06:05:30.190,1.38628,1.38632,1.00,4.50
2014.07.07 06:05:30.443,1.38628,1.38635,1.50,3.57
2014.07.07 06:05:30.982,1.38629,1.38635,1.00,1.19
2014.07.07 06:05:31.386,1.38631,1.38636,1.00,4.32
2014.07.07 06:05:31.894,1.3863,1.38636,3.00,1.57
2014.07.07 06:05:32.400,1.38629,1.38635,2.07,1.00
2014.07.07 06:05:32.710,1.38633,1.38637,1.00,5.07
2014.07.07 06:05:33.341,1.38634,1.38637,1.00,1.32
2014.07.07 06:05:33.392,1.38634,1.38639,1.50,1.50
2014.07.07 06:05:33.493,1.38636,1.3864,1.00,1.69
2014.07.07 06:05:34.371,1.38638,1.38641,1.00,1.57
2014.07.07 06:05:34.624,1.38633,1.38641,4.13,2.07
2014.07.07 06:05:35.131,1.38633,1.38639,3.57,1.50
2014.07.07 06:05:35.383,1.38633,1.38639,3.19,1.88
2014.07.07 06:05:35.838,1.38631,1.38639,5.44,3.57
2014.07.07 06:05:36.360,1.38631,1.38638,5.44,1.32
2014.07.07 06:05:37.422,1.38631,1.38637,5.25,1.38
2014.07.07 06:05:37.927,1.38629,1.38637,2.82,5.82
2014.07.07 06:05:38.473,1.38629,1.38637,2.82,5.82
2014.07.07 06:05:38.978,1.38628,1.38634,7.88,1.69
2014.07.07 06:05:39.079,1.38628,1.38634,6.38,1.25
2014.07.07 06:05:39.630,1.38628,1.38635,5.63,2.44
2014.07.07 06:05:39.933,1.38626,1.3863,3.19,1.00
2014.07.07 06:05:40.439,1.38626,1.38631,1.69,1.13
2014.07.07 06:05:40.971,1.38626,1.38632,1.50,4.32
2014.07.07 06:05:42.442,1.38626,1.38632,1.57,2.82
2014.07.07 06:05:42.998,1.38627,1.38632,1.00,3.57
2014.07.07 06:05:43.573,1.38627,1.38632,1.00,3.19
2014.07.07 06:05:44.091,1.38628,1.38633,1.25,1.19
2014.07.07 06:05:44.620,1.38627,1.38633,1.00,1.19
2014.07.07 06:05:44.791,1.38627,1.38634,1.38,2.82
2014.07.07 06:05:45.030,1.38627,1.38634,1.00,2.82
2014.07.07 06:05:46.122,1.38627,1.38634,1.57,2.82
2014.07.07 06:05:47.146,1.38627,1.38634,1.82,2.07
2014.07.07 06:05:47.738,1.38627,1.38634,1.25,2.82
2014.07.07 06:05:48.282,1.38628,1.38634,1.32,2.82
2014.07.07 06:05:49.507,1.38628,1.38634,1.00,2.07
2014.07.07 06:05:50.123,1.38628,1.38634,1.32,2.44
2014.07.07 06:05:50.844,1.38627,1.38634,1.63,1.69
2014.07.07 06:05:50.969,1.38627,1.38634,1.25,1.69
2014.07.07 06:05:51.564,1.38627,1.38634,1.63,1.69
2014.07.07 06:05:52.487,1.38628,1.38634,1.50,1.50
2014.07.07 06:05:53.663,1.38627,1.38634,2.07,1.50
2014.07.07 06:05:54.982,1.38628,1.38634,2.25,1.50
2014.07.07 06:05:55.520,1.38628,1.38634,1.63,1.50
2014.07.07 06:05:56.023,1.38628,1.38634,2.25,1.50
2014.07.07 06:05:56.535,1.38628,1.38635,2.25,1.69
2014.07.07 06:05:56.841,1.3863,1.38635,1.62,1.25
2014.07.07 06:05:57.245,1.38632,1.38636,1.00,2.44
2014.07.07 06:05:57.397,1.3863,1.38636,1.05,3.19
2014.07.07 06:05:57.976,1.3863,1.38636,1.05,2.44
2014.07.07 06:06:00.307,1.3863,1.38636,1.88,1.69
2014.07.07 06:06:00.812,1.3863,1.38637,3.94,1.32
2014.07.07 06:06:01.042,1.3863,1.38637,3.00,1.19
2014.07.07 06:06:01.151,1.3863,1.38637,2.82,1.19
2014.07.07 06:06:01.660,1.3863,1.38638,1.63,2.82
2014.07.07 06:06:02.296,1.38629,1.38636,5.07,1.00
2014.07.07 06:06:02.347,1.3863,1.38636,1.32,1.00
2014.07.07 06:06:04.216,1.38629,1.38636,1.25,2.07
2014.07.07 06:06:04.476,1.38629,1.38636,1.25,3.57
2014.07.07 06:06:04.981,1.38628,1.38633,1.32,1.13
2014.07.07 06:06:05.749,1.38626,1.38633,3.19,1.00
2014.07.07 06:06:06.257,1.38626,1.38633,2.07,1.13
2014.07.07 06:06:06.865,1.38626,1.38633,1.99,1.32
2014.07.07 06:06:06.966,1.38626,1.38633,1.63,1.32
2014.07.07 06:06:09.669,1.38626,1.38633,1.69,1.32
2014.07.07 06:06:09.905,1.38628,1.38633,1.13,1.25
2014.07.07 06:06:10.210,1.38634,1.38637,1.00,4.50
2014.07.07 06:06:10.716,1.38633,1.38637,1.00,1.13
2014.07.07 06:06:11.230,1.38633,1.38639,1.00,1.69
2014.07.07 06:06:11.767,1.38633,1.38639,1.69,1.25
2014.07.07 06:06:12.442,1.38634,1.38639,1.00,1.25
2014.07.07 06:06:13.746,1.38634,1.3864,2.07,5.63
2014.07.07 06:06:14.051,1.38637,1.3864,1.80,1.00
2014.07.07 06:06:14.253,1.38636,1.38642,3.94,1.00
2014.07.07 06:06:14.904,1.38636,1.38642,3.75,1.00
2014.07.07 06:06:15.107,1.38636,1.38644,2.82,2.44
2014.07.07 06:06:15.675,1.38636,1.38644,3.19,2.44
2014.07.07 06:06:17.774,1.38637,1.38644,1.00,2.07
2014.07.07 06:06:18.796,1.38636,1.38644,2.82,2.07
2014.07.07 06:06:19.204,1.38635,1.38644,8.07,3.19
2014.07.07 06:06:20.702,1.38636,1.38644,2.07,3.19
2014.07.07 06:06:20.809,1.38636,1.38644,1.69,3.19
2014.07.07 06:06:20.910,1.38637,1.38644,2.44,2.44
2014.07.07 06:06:21.213,1.38641,1.38646,1.88,1.19
2014.07.07 06:06:21.585,1.38641,1.38647,2.07,1.00
2014.07.07 06:06:21.888,1.38644,1.38649,1.69,1.50
2014.07.07 06:06:22.091,1.38646,1.38651,1.32,2.63
2014.07.07 06:06:22.243,1.38646,1.38652,2.44,1.25
2014.07.07 06:06:22.658,1.38646,1.38653,2.63,1.19
2014.07.07 06:06:23.057,1.38646,1.38653,2.25,1.19
2014.07.07 06:06:23.590,1.38646,1.38654,3.38,3.57
2014.07.07 06:06:24.127,1.38646,1.38654,2.63,2.07
2014.07.07 06:06:24.435,1.38646,1.38653,2.07,1.63
2014.07.07 06:06:24.544,1.38646,1.38653,2.63,1.63
2014.07.07 06:06:27.092,1.38646,1.38654,2.63,5.07
2014.07.07 06:06:27.652,1.38646,1.38654,2.07,2.82
2014.07.07 06:06:28.469,1.38646,1.38654,2.82,2.07
2014.07.07 06:06:28.773,1.38649,1.38654,1.00,1.69
2014.07.07 06:06:29.285,1.38648,1.38655,2.25,2.82
2014.07.07 06:06:29.813,1.38648,1.38655,3.12,2.07
2014.07.07 06:06:30.470,1.38648,1.38655,4.99,1.88
2014.07.07 06:06:31.079,1.38648,1.38654,4.32,1.00
2014.07.07 06:06:32.729,1.38648,1.38655,3.94,1.88
2014.07.07 06:06:33.248,1.38648,1.38654,3.94,1.00
2014.07.07 06:06:33.764,1.38648,1.38655,3.19,2.07
2014.07.07 06:06:34.338,1.38648,1.38655,3.57,2.07
2014.07.07 06:06:34.897,1.38648,1.38655,1.69,2.07
2014.07.07 06:06:36.341,1.38648,1.38655,1.63,1.69
2014.07.07 06:06:36.955,1.38648,1.38655,1.62,1.69
2014.07.07 06:06:37.514,1.38648,1.38655,1.82,1.69
2014.07.07 06:06:39.193,1.38648,1.38655,1.25,2.07
2014.07.07 06:06:42.487,1.38648,1.38655,2.55,1.50
2014.07.07 06:06:45.936,1.38648,1.38655,2.44,2.44
2014.07.07 06:06:46.266,1.3865,1.38655,1.00,2.82
2014.07.07 06:06:46.317,1.38648,1.38655,3.19,3.57
2014.07.07 06:06:46.824,1.38649,1.38655,1.50,1.25
2014.07.07 06:06:50.057,1.38648,1.38656,3.75,2.82
2014.07.07 06:06:50.596,1.38648,1.38656,2.82,2.82
2014.07.07 06:06:51.537,1.38648,1.38655,3.19,1.32
2014.07.07 06:06:52.106,1.38648,1.38655,2.82,1.25
2014.07.07 06:06:52.709,1.38648,1.38655,3.19,1.25
2014.07.07 06:06:53.586,1.38648,1.38654,3.38,1.00
2014.07.07 06:06:53.839,1.38647,1.38653,1.88,3.94
2014.07.07 06:06:54.092,1.38644,1.38649,1.50,1.25
2014.07.07 06:06:54.411,1.38641,1.38648,1.19,3.38
2014.07.07 06:06:55.237,1.3864,1.38647,3.19,1.25
2014.07.07 06:06:58.531,1.38641,1.38648,3.00,3.57
2014.07.07 06:06:58.733,1.38642,1.38648,1.38,1.32
2014.07.07 06:06:59.369,1.38643,1.38648,1.00,1.19
2014.07.07 06:06:59.558,1.38643,1.3865,1.25,1.32
2014.07.07 06:07:00.855,1.38642,1.3865,5.82,1.25
2014.07.07 06:07:01.313,1.38647,1.38651,1.00,2.82
2014.07.07 06:07:01.465,1.38645,1.38651,1.13,2.44
2014.07.07 06:07:01.566,1.38646,1.38651,2.07,1.19
2014.07.07 06:07:01.617,1.38646,1.38652,2.25,1.00
2014.07.07 06:07:02.119,1.38647,1.38652,1.19,1.00
2014.07.07 06:07:02.667,1.38647,1.38652,1.00,1.00
2014.07.07 06:07:03.201,1.38647,1.38652,1.57,1.00
2014.07.07 06:07:04.032,1.38648,1.38653,1.32,1.25
2014.07.07 06:07:05.023,1.38648,1.38654,2.63,1.25
2014.07.07 06:07:05.610,1.38648,1.38652,1.50,1.00
2014.07.07 06:07:05.711,1.38648,1.38654,2.63,1.25
2014.07.07 06:07:07.026,1.38648,1.38655,2.82,1.69
2014.07.07 06:07:07.481,1.38651,1.38655,1.00,1.25
2014.07.07 06:07:07.835,1.38652,1.38655,1.38,1.25
2014.07.07 06:07:08.355,1.38652,1.38655,1.00,1.25
2014.07.07 06:07:09.331,1.38652,1.38655,1.57,1.00
2014.07.07 06:07:09.835,1.38652,1.38655,1.00,1.00
2014.07.07 06:07:10.340,1.38651,1.38655,2.44,1.00
2014.07.07 06:07:10.874,1.38651,1.38656,2.44,1.00
2014.07.07 06:07:11.281,1.38652,1.38658,1.13,1.25
2014.07.07 06:07:11.788,1.38654,1.38658,1.50,1.19
2014.07.07 06:07:12.415,1.38654,1.38659,1.50,2.44
2014.07.07 06:07:12.820,1.38655,1.3866,1.25,1.00
2014.07.07 06:07:12.871,1.38657,1.38661,1.00,4.50
2014.07.07 06:07:13.401,1.38659,1.38661,1.00,1.00
2014.07.07 06:07:13.911,1.38659,1.38663,1.00,1.69
2014.07.07 06:07:14.328,1.38657,1.38662,2.25,1.50
2014.07.07 06:07:14.631,1.38654,1.3866,3.38,3.94
2014.07.07 06:07:15.137,1.38658,1.38664,1.00,5.44
2014.07.07 06:07:15.188,1.38658,1.38663,1.00,1.25
2014.07.07 06:07:16.279,1.38657,1.38663,1.50,1.69
2014.07.07 06:07:16.816,1.38656,1.38662,1.69,1.50
2014.07.07 06:07:17.661,1.38657,1.38662,1.00,1.69
2014.07.07 06:07:18.166,1.38656,1.38662,1.50,1.69
2014.07.07 06:07:18.729,1.38655,1.38662,1.25,4.69
2014.07.07 06:07:19.238,1.38655,1.38661,1.00,2.07
2014.07.07 06:07:19.753,1.38654,1.38661,1.69,2.07
2014.07.07 06:07:20.287,1.38654,1.38661,1.50,2.82
2014.07.07 06:07:21.179,1.38655,1.38662,1.00,6.94
2014.07.07 06:07:21.865,1.38657,1.38662,1.00,3.19
2014.07.07 06:07:22.509,1.38655,1.38662,4.88,3.19
2014.07.07 06:07:29.976,1.38655,1.3866,1.13,1.00
2014.07.07 06:07:32.146,1.38655,1.38659,1.13,1.00
2014.07.07 06:07:32.659,1.38655,1.38661,1.13,5.44
2014.07.07 06:07:33.230,1.38655,1.3866,1.13,1.69
2014.07.07 06:07:35.862,1.38656,1.3866,1.00,1.19
2014.07.07 06:07:36.376,1.38656,1.38661,1.00,3.57
2014.07.07 06:07:38.578,1.38655,1.38661,1.13,2.82
2014.07.07 06:07:39.406,1.38654,1.38661,1.50,2.07
2014.07.07 06:07:39.977,1.38654,1.38661,1.50,3.57
2014.07.07 06:07:40.764,1.38654,1.38661,1.50,3.57
2014.07.07 06:07:41.522,1.38654,1.38661,1.50,3.57
2014.07.07 06:07:42.038,1.38654,1.38661,1.50,2.82
2014.07.07 06:07:45.433,1.38655,1.38661,1.13,1.32
2014.07.07 06:07:45.675,1.38657,1.38661,1.13,1.32
2014.07.07 06:07:46.668,1.38659,1.38661,1.00,1.19
2014.07.07 06:07:46.972,1.38659,1.38664,1.00,1.63
2014.07.07 06:07:53.560,1.38659,1.38664,1.00,1.63
2014.07.07 06:07:54.464,1.38659,1.38664,1.00,2.82
2014.07.07 06:07:55.012,1.38659,1.38664,1.00,1.32
2014.07.07 06:07:55.719,1.3866,1.38665,1.00,2.44
2014.07.07 06:07:56.233,1.3866,1.38665,1.00,1.25
2014.07.07 06:07:58.591,1.38658,1.38665,4.32,1.32
2014.07.07 06:07:58.692,1.38658,1.38663,2.82,1.38
2014.07.07 06:07:58.996,1.38657,1.38663,1.00,3.57
2014.07.07 06:08:01.941,1.38657,1.38661,1.00,1.32
2014.07.07 06:08:02.478,1.38657,1.3866,1.00,1.00
2014.07.07 06:08:03.753,1.38657,1.38661,1.00,1.25
2014.07.07 06:08:06.138,1.38657,1.3866,1.00,1.00
2014.07.07 06:08:06.701,1.38657,1.38661,1.00,1.00
2014.07.07 06:08:08.252,1.38657,1.3866,1.00,1.00
2014.07.07 06:08:10.996,1.38657,1.38661,1.00,1.00
2014.07.07 06:08:11.098,1.38655,1.38661,4.69,1.00
2014.07.07 06:08:14.955,1.38655,1.38661,1.50,1.32
2014.07.07 06:08:17.806,1.38655,1.38658,1.00,1.00
2014.07.07 06:08:18.059,1.3865,1.38657,1.38,5.44
2014.07.07 06:08:18.616,1.38653,1.38656,1.00,1.00
2014.07.07 06:08:18.667,1.38653,1.38658,1.00,2.44
2014.07.07 06:08:20.564,1.38653,1.3866,1.00,3.57
2014.07.07 06:08:34.281,1.38654,1.3866,1.00,1.19
2014.07.07 06:08:34.382,1.38655,1.38661,1.00,1.25
2014.07.07 06:08:34.987,1.38656,1.38661,1.00,1.25
2014.07.07 06:08:35.578,1.38656,1.38663,1.00,5.44
2014.07.07 06:08:47.826,1.38656,1.38661,1.00,1.00
2014.07.07 06:08:48.470,1.38656,1.3866,1.00,1.25
2014.07.07 06:08:50.541,1.38656,1.3866,1.00,1.63
2014.07.07 06:08:50.708,1.38653,1.38659,1.69,2.25
2014.07.07 06:08:51.066,1.38651,1.38657,1.00,3.19
2014.07.07 06:08:52.657,1.38651,1.38656,1.00,5.82
2014.07.07 06:08:52.922,1.38649,1.38655,1.50,2.07
2014.07.07 06:08:54.893,1.38649,1.38654,1.00,1.32
2014.07.07 06:09:00.476,1.38647,1.38653,1.00,1.32
2014.07.07 06:09:01.136,1.38647,1.38653,1.00,1.32
2014.07.07 06:09:04.986,1.38647,1.38654,1.00,2.07
2014.07.07 06:09:05.891,1.38647,1.38652,1.00,1.00
2014.07.07 06:09:06.417,1.38647,1.38651,1.00,1.50
2014.07.07 06:09:07.043,1.38646,1.38651,1.50,1.50
2014.07.07 06:09:20.839,1.38645,1.38651,3.00,2.07
2014.07.07 06:09:23.057,1.38645,1.38651,2.25,2.44
2014.07.07 06:09:23.503,1.38647,1.38651,1.00,2.07
2014.07.07 06:09:26.464,1.38647,1.38651,1.00,3.19
2014.07.07 06:09:34.242,1.38646,1.38651,1.00,2.82
2014.07.07 06:09:36.383,1.38646,1.38651,1.00,2.07
2014.07.07 06:09:36.915,1.38645,1.38651,1.50,2.82
2014.07.07 06:09:37.523,1.38645,1.38651,1.50,2.82
2014.07.07 06:09:46.564,1.38646,1.38651,1.50,2.07
2014.07.07 06:09:47.432,1.38646,1.38652,1.50,2.82
2014.07.07 06:09:54.726,1.38646,1.38652,1.00,2.07
2014.07.07 06:09:55.238,1.38645,1.38652,3.19,3.57
2014.07.07 06:09:55.773,1.38645,1.38652,3.00,4.32
2014.07.07 06:10:01.572,1.38645,1.38652,3.00,5.07
2014.07.07 06:10:11.438,1.38645,1.38651,3.00,1.32
2014.07.07 06:10:11.965,1.38645,1.38651,3.00,1.63
2014.07.07 06:10:12.492,1.38645,1.38651,3.00,1.32
2014.07.07 06:10:12.846,1.38643,1.3865,3.94,2.63
2014.07.07 06:10:13.150,1.38644,1.38651,1.25,3.57
2014.07.07 06:10:14.693,1.38644,1.38651,3.19,2.07
2014.07.07 06:10:18.488,1.38645,1.38652,1.80,3.57
2014.07.07 06:10:19.007,1.38646,1.38652,1.50,1.69
2014.07.07 06:10:19.467,1.38646,1.3865,1.50,1.00
2014.07.07 06:10:20.008,1.38645,1.38651,1.69,1.88
2014.07.07 06:10:20.312,1.38643,1.38647,1.13,1.50
2014.07.07 06:10:20.514,1.3864,1.38647,3.94,4.88
2014.07.07 06:10:21.437,1.3864,1.38647,1.50,5.82
2014.07.07 06:10:23.204,1.3864,1.38646,1.50,2.82
2014.07.07 06:10:23.560,1.38639,1.38642,1.50,1.00
2014.07.07 06:10:24.095,1.38637,1.38643,2.44,3.00
2014.07.07 06:10:24.661,1.38636,1.38643,5.74,2.44
2014.07.07 06:10:25.396,1.38638,1.38643,1.00,1.69
2014.07.07 06:10:25.914,1.38639,1.38644,1.50,1.19
2014.07.07 06:10:27.241,1.38639,1.38645,1.50,1.69
2014.07.07 06:10:29.406,1.38638,1.38645,3.94,2.07
2014.07.07 06:10:30.333,1.38638,1.38645,3.00,3.19
2014.07.07 06:10:30.982,1.38637,1.38644,1.69,3.19
2014.07.07 06:10:31.490,1.38637,1.38644,1.50,5.07
2014.07.07 06:10:32.151,1.38637,1.3864,1.50,1.69
2014.07.07 06:10:32.404,1.38633,1.38639,2.55,2.82
2014.07.07 06:10:35.402,1.38634,1.38639,1.50,2.25
2014.07.07 06:10:40.582,1.38635,1.38639,1.25,1.00
2014.07.07 06:10:40.835,1.38635,1.38641,6.19,1.69
2014.07.07 06:10:40.987,1.38637,1.38641,1.00,1.69
2014.07.07 06:10:41.370,1.3864,1.38644,1.00,2.44
2014.07.07 06:10:41.993,1.3864,1.38644,1.00,1.69
2014.07.07 06:10:47.437,1.38638,1.38644,2.18,1.50
2014.07.07 06:10:48.981,1.38639,1.38644,1.00,1.50
2014.07.07 06:10:49.700,1.38639,1.38644,1.00,2.63
2014.07.07 06:10:50.105,1.38637,1.38641,1.19,1.00
2014.07.07 06:10:50.787,1.38636,1.38641,1.80,1.50
2014.07.07 06:11:01.629,1.38635,1.38641,1.25,1.50
2014.07.07 06:11:02.165,1.38634,1.38641,2.44,2.07
2014.07.07 06:11:02.828,1.38634,1.38641,1.00,2.82
2014.07.07 06:11:03.795,1.38634,1.38641,1.25,2.07
2014.07.07 06:11:04.603,1.38634,1.3864,1.69,1.00
2014.07.07 06:11:04.755,1.38634,1.38638,1.69,1.00
2014.07.07 06:11:05.414,1.38632,1.38636,3.19,1.00
2014.07.07 06:11:05.616,1.3863,1.38634,1.00,1.50
2014.07.07 06:11:06.115,1.38628,1.38633,2.18,2.63
2014.07.07 06:11:06.620,1.38626,1.38631,1.94,2.25
2014.07.07 06:11:07.146,1.38627,1.38631,1.25,2.25
2014.07.07 06:11:08.037,1.38625,1.38631,3.57,2.25
2014.07.07 06:11:08.552,1.38626,1.38632,2.07,1.50
2014.07.07 06:11:09.062,1.38626,1.38633,2.82,1.69
2014.07.07 06:11:10.808,1.38626,1.38635,6.57,7.32
2014.07.07 06:11:13.351,1.38629,1.38635,1.00,5.82
2014.07.07 06:11:14.373,1.38628,1.38635,1.50,5.07
2014.07.07 06:11:17.868,1.38628,1.38634,1.50,2.07
2014.07.07 06:11:18.475,1.38627,1.38634,1.88,5.07
2014.07.07 06:11:22.476,1.38626,1.38634,2.44,2.82
2014.07.07 06:11:22.803,1.38626,1.38634,2.82,6.19
2014.07.07 06:11:23.912,1.38626,1.38634,2.44,7.69
2014.07.07 06:11:27.680,1.38625,1.38633,2.63,3.57
2014.07.07 06:11:28.640,1.38625,1.38631,1.05,3.57
2014.07.07 06:11:31.940,1.38625,1.38631,1.05,3.57
2014.07.07 06:11:33.620,1.38625,1.38631,1.05,5.44
2014.07.07 06:11:34.127,1.38624,1.38629,2.44,1.88
2014.07.07 06:11:34.431,1.38625,1.38631,1.00,2.44
2014.07.07 06:11:34.969,1.38624,1.38631,3.00,2.44
2014.07.07 06:11:35.918,1.38624,1.38628,2.25,1.88
2014.07.07 06:11:36.448,1.38622,1.38628,2.63,1.88
2014.07.07 06:11:36.962,1.38622,1.38628,2.25,1.88
2014.07.07 06:11:37.467,1.38622,1.38627,1.00,3.38
2014.07.07 06:11:37.989,1.38621,1.38628,3.57,4.13
2014.07.07 06:11:38.119,1.38621,1.38628,2.44,4.32
2014.07.07 06:11:38.171,1.38621,1.38628,2.82,4.32
2014.07.07 06:11:39.792,1.38621,1.38628,3.19,1.88
2014.07.07 06:11:40.302,1.38621,1.38628,2.44,2.07
2014.07.07 06:11:40.949,1.38621,1.38628,2.82,2.07
2014.07.07 06:11:41.609,1.38621,1.38628,3.00,2.07
2014.07.07 06:11:43.922,1.38622,1.38629,1.00,5.07
2014.07.07 06:11:44.581,1.38621,1.38629,3.57,5.44
2014.07.07 06:11:45.119,1.38621,1.38629,3.75,5.44
2014.07.07 06:11:45.899,1.38621,1.38629,3.94,5.44
2014.07.07 06:11:47.771,1.38621,1.38629,4.69,5.44
2014.07.07 06:11:49.155,1.38622,1.38629,1.25,4.32
2014.07.07 06:11:49.605,1.38621,1.38628,2.82,2.63
2014.07.07 06:11:49.958,1.3862,1.38626,1.13,5.82
2014.07.07 06:11:50.466,1.38619,1.38626,1.50,4.69
2014.07.07 06:11:51.885,1.38619,1.38626,1.38,3.19
2014.07.07 06:11:52.419,1.38619,1.38626,2.25,3.19
2014.07.07 06:11:52.934,1.38619,1.38626,1.38,2.82
2014.07.07 06:11:59.938,1.38622,1.38627,1.00,5.07
2014.07.07 06:12:00.438,1.3862,1.38627,1.62,3.57
2014.07.07 06:12:01.065,1.38621,1.38627,1.50,3.57
2014.07.07 06:12:01.782,1.38622,1.38627,1.00,3.57
2014.07.07 06:12:02.337,1.38623,1.38627,1.00,3.57
2014.07.07 06:12:09.679,1.38623,1.38626,1.00,1.32
2014.07.07 06:12:09.881,1.38623,1.38628,2.25,1.25
2014.07.07 06:12:09.983,1.38625,1.3863,1.00,2.07
2014.07.07 06:12:10.286,1.38627,1.38631,1.00,1.32
2014.07.07 06:12:10.805,1.38628,1.38631,1.50,1.19
2014.07.07 06:12:11.220,1.38628,1.38632,1.50,1.13
2014.07.07 06:12:14.095,1.38628,1.38633,1.50,1.32
2014.07.07 06:12:14.247,1.3863,1.38633,1.13,1.00
2014.07.07 06:12:14.551,1.38636,1.3864,2.13,2.44
2014.07.07 06:12:15.690,1.38637,1.38643,3.38,1.63
2014.07.07 06:12:16.201,1.38637,1.38643,2.25,1.32
2014.07.07 06:12:16.732,1.38637,1.38643,2.93,1.32
2014.07.07 06:12:16.935,1.38639,1.38644,1.00,2.07
2014.07.07 06:12:17.441,1.38639,1.38644,2.25,2.07
2014.07.07 06:12:17.976,1.38639,1.38644,2.25,1.13
2014.07.07 06:12:18.666,1.38639,1.38644,2.25,1.38
2014.07.07 06:12:19.193,1.38639,1.38644,1.50,1.00
2014.07.07 06:12:19.698,1.38639,1.38643,1.50,1.00
2014.07.07 06:12:20.216,1.38639,1.38643,1.50,1.38
2014.07.07 06:12:20.721,1.38639,1.38643,1.50,1.13
2014.07.07 06:12:21.180,1.38641,1.38645,1.00,1.19
2014.07.07 06:12:21.704,1.38642,1.38645,1.50,1.19
2014.07.07 06:12:22.236,1.38642,1.38647,1.50,1.25
2014.07.07 06:12:22.764,1.38642,1.38647,1.50,1.63
2014.07.07 06:12:31.202,1.38642,1.38647,1.50,1.63
2014.07.07 06:12:31.883,1.38641,1.38645,1.50,1.38
2014.07.07 06:12:33.136,1.38641,1.38646,1.50,1.57
2014.07.07 06:12:34.246,1.38641,1.38646,1.50,2.44
2014.07.07 06:12:34.776,1.38641,1.38646,1.50,3.19
2014.07.07 06:12:35.313,1.38641,1.38645,1.50,4.69
2014.07.07 06:12:35.846,1.3864,1.38644,1.50,1.69
2014.07.07 06:12:40.291,1.3864,1.38644,1.50,4.32
2014.07.07 06:12:40.746,1.38638,1.38641,1.50,1.13
2014.07.07 06:12:41.251,1.38637,1.38641,2.10,1.13
2014.07.07 06:12:42.375,1.38637,1.38642,2.10,1.32
2014.07.07 06:12:45.037,1.38637,1.38643,1.88,1.57
2014.07.07 06:12:45.549,1.38637,1.38641,1.50,1.13
2014.07.07 06:12:52.946,1.38637,1.38642,1.50,2.82
2014.07.07 06:12:55.955,1.38637,1.38642,1.50,3.57
2014.07.07 06:13:01.263,1.38637,1.38642,1.50,2.82
2014.07.07 06:13:01.966,1.38637,1.38641,1.50,1.32
2014.07.07 06:13:03.907,1.38638,1.38642,1.05,1.19
2014.07.07 06:13:04.412,1.38639,1.38642,1.50,1.19
2014.07.07 06:13:04.925,1.38639,1.38642,1.50,1.00
2014.07.07 06:13:05.472,1.38638,1.38642,1.50,1.00
2014.07.07 06:13:06.807,1.38639,1.38643,1.32,1.19
2014.07.07 06:13:07.530,1.38639,1.38645,1.13,2.07
2014.07.07 06:13:09.635,1.38638,1.38646,3.87,2.82
2014.07.07 06:13:20.117,1.38638,1.38643,4.50,1.00
2014.07.07 06:13:20.624,1.38638,1.38642,1.50,1.88
2014.07.07 06:13:20.776,1.38636,1.38641,2.44,1.00
2014.07.07 06:13:21.298,1.38636,1.3864,1.69,1.00
2014.07.07 06:13:22.382,1.38636,1.38642,1.50,2.82
2014.07.07 06:13:22.896,1.38636,1.38642,1.50,3.57
2014.07.07 06:13:26.235,1.38636,1.38641,1.50,1.63
2014.07.07 06:13:26.817,1.38635,1.38641,1.50,4.32
2014.07.07 06:13:27.760,1.38635,1.3864,1.50,1.32
2014.07.07 06:13:27.912,1.38632,1.38636,3.00,1.00
2014.07.07 06:13:28.455,1.38634,1.38638,1.00,1.19
2014.07.07 06:13:28.506,1.38634,1.38641,2.25,3.19
2014.07.07 06:13:32.749,1.38634,1.38641,3.00,2.82
2014.07.07 06:13:34.890,1.38634,1.3864,3.75,1.32
2014.07.07 06:13:35.393,1.38635,1.38641,1.00,1.57
2014.07.07 06:13:37.664,1.38635,1.38642,1.00,3.57
2014.07.07 06:13:41.371,1.38635,1.38642,2.25,5.82
2014.07.07 06:13:45.046,1.38635,1.38642,1.00,5.07
2014.07.07 06:13:45.555,1.38636,1.38642,1.50,2.82
2014.07.07 06:13:46.110,1.38636,1.38642,1.00,2.07
2014.07.07 06:13:46.979,1.38636,1.38642,1.00,2.07
2014.07.07 06:13:47.233,1.38636,1.38642,1.00,4.32
2014.07.07 06:13:48.833,1.38636,1.38641,1.00,3.57
2014.07.07 06:13:50.158,1.38636,1.38642,1.05,3.57
2014.07.07 06:13:50.682,1.38637,1.38642,2.25,1.19
2014.07.07 06:13:50.986,1.38638,1.38644,2.63,1.32
2014.07.07 06:13:51.087,1.3864,1.38645,1.00,1.57
2014.07.07 06:14:00.076,1.3864,1.38645,1.50,2.07
2014.07.07 06:14:04.158,1.3864,1.38645,1.50,2.07
2014.07.07 06:14:05.990,1.38639,1.38645,1.00,4.32
2014.07.07 06:14:07.101,1.38639,1.38644,1.00,1.63
2014.07.07 06:14:07.407,1.38636,1.38641,1.69,1.50
2014.07.07 06:14:08.317,1.38636,1.38642,1.99,1.88
2014.07.07 06:14:08.941,1.38638,1.38643,1.00,1.19
2014.07.07 06:14:09.545,1.38639,1.38643,1.50,1.19
2014.07.07 06:14:09.834,1.38639,1.38645,1.50,2.07
2014.07.07 06:14:10.956,1.38639,1.38643,1.50,1.00
2014.07.07 06:14:11.567,1.38639,1.38645,1.50,3.57
2014.07.07 06:14:14.478,1.38639,1.38645,1.50,2.07
2014.07.07 06:14:15.025,1.38639,1.38645,1.50,5.82
2014.07.07 06:14:15.610,1.38639,1.38645,1.50,6.57
2014.07.07 06:14:19.397,1.38638,1.38643,1.00,2.63
2014.07.07 06:14:19.926,1.38637,1.38643,1.69,1.88
2014.07.07 06:14:27.828,1.38638,1.38645,1.69,1.32
2014.07.07 06:14:29.209,1.38638,1.38645,2.44,1.63
2014.07.07 06:14:29.819,1.38638,1.38644,1.25,1.88
2014.07.07 06:14:31.909,1.38637,1.38645,2.44,4.32
2014.07.07 06:14:32.432,1.38638,1.38645,1.00,1.57
2014.07.07 06:14:33.260,1.38638,1.38646,1.25,4.32
2014.07.07 06:14:35.657,1.38639,1.38646,1.00,4.32
2014.07.07 06:14:40.667,1.3864,1.38646,1.00,2.82
2014.07.07 06:14:41.199,1.3864,1.38644,1.50,1.13
2014.07.07 06:14:41.730,1.3864,1.38646,1.50,3.57
2014.07.07 06:14:48.040,1.3864,1.38646,3.00,2.07
2014.07.07 06:14:48.092,1.3864,1.38644,3.75,1.00
2014.07.07 06:14:48.195,1.3864,1.38646,2.25,1.32
2014.07.07 06:14:50.325,1.3864,1.38644,3.00,1.88
2014.07.07 06:14:50.477,1.3864,1.38645,1.50,1.13
2014.07.07 06:14:51.029,1.3864,1.38646,2.25,1.32
2014.07.07 06:14:58.519,1.3864,1.38645,2.25,1.13
2014.07.07 06:14:58.722,1.3864,1.38644,1.00,2.63
2014.07.07 06:14:58.925,1.38637,1.38642,3.00,1.25
2014.07.07 06:15:02.601,1.38637,1.38641,3.00,1.00
2014.07.07 06:15:03.177,1.38637,1.3864,3.00,1.00
2014.07.07 06:15:03.740,1.38636,1.3864,3.30,1.00
2014.07.07 06:15:06.121,1.38636,1.38641,2.55,1.00
2014.07.07 06:15:08.210,1.38636,1.38642,2.55,1.00
2014.07.07 06:15:10.339,1.38637,1.38642,1.00,1.00
2014.07.07 06:15:11.573,1.38638,1.38642,1.00,1.00
2014.07.07 06:15:11.775,1.38641,1.38643,1.00,1.00
2014.07.07 06:15:12.280,1.38641,1.38643,2.25,1.00
2014.07.07 06:15:13.958,1.3864,1.38642,1.50,1.00
2014.07.07 06:15:14.219,1.38638,1.38642,3.00,1.00
2014.07.07 06:15:14.516,1.38638,1.3864,3.00,1.00
2014.07.07 06:15:16.962,1.38637,1.3864,1.50,1.00
2014.07.07 06:15:18.570,1.38636,1.3864,2.55,1.00
2014.07.07 06:15:19.091,1.38636,1.38639,2.25,1.00
2014.07.07 06:15:19.557,1.38635,1.38638,3.75,1.00
2014.07.07 06:15:19.812,1.38635,1.38638,2.44,1.00
2014.07.07 06:15:24.743,1.38635,1.38637,2.44,1.00
2014.07.07 06:15:25.254,1.38634,1.38637,1.19,1.00
2014.07.07 06:15:32.346,1.38633,1.38636,3.38,1.00
2014.07.07 06:15:32.750,1.38633,1.38635,2.25,1.00
2014.07.07 06:15:32.960,1.38633,1.38636,1.00,1.00
2014.07.07 06:15:34.081,1.38631,1.38636,5.44,1.00
2014.07.07 06:15:34.720,1.38631,1.38637,5.44,1.13
2014.07.07 06:15:39.099,1.38634,1.38636,1.50,1.00
2014.07.07 06:15:41.997,1.38634,1.38638,1.50,1.00
2014.07.07 06:15:42.539,1.38635,1.38639,1.00,1.13
2014.07.07 06:15:43.198,1.38635,1.38638,1.00,1.00
2014.07.07 06:15:53.206,1.38635,1.38639,1.00,1.00
2014.07.07 06:15:56.212,1.38635,1.38638,1.00,1.00
2014.07.07 06:15:58.675,1.38634,1.38638,3.00,1.00
2014.07.07 06:16:00.288,1.38636,1.38638,1.00,1.00
2014.07.07 06:16:01.824,1.38636,1.38638,2.25,1.00
2014.07.07 06:16:03.578,1.38636,1.38639,2.25,1.00
2014.07.07 06:16:04.353,1.38636,1.3864,2.25,1.00
2014.07.07 06:16:06.119,1.38636,1.38642,2.25,1.05
2014.07.07 06:16:08.269,1.38636,1.3864,2.25,1.00
2014.07.07 06:16:11.160,1.38636,1.38639,3.75,1.00
2014.07.07 06:16:16.641,1.38637,1.38639,1.00,1.00
2014.07.07 06:16:21.491,1.38637,1.38639,1.00,1.00
2014.07.07 06:16:22.152,1.38636,1.38639,2.25,1.00
2014.07.07 06:16:27.172,1.38636,1.38638,1.50,1.00
2014.07.07 06:16:27.839,1.38635,1.38638,3.00,1.00
2014.07.07 06:16:29.471,1.38635,1.38637,1.00,1.00
2014.07.07 06:16:35.002,1.38635,1.38637,1.50,1.00
2014.07.07 06:16:37.641,1.38635,1.38637,1.50,1.00
2014.07.07 06:16:39.089,1.38635,1.38637,1.00,1.00
2014.07.07 06:16:39.241,1.38631,1.38637,4.32,1.00
2014.07.07 06:16:39.292,1.38631,1.38635,3.94,1.00
2014.07.07 06:16:39.646,1.38631,1.38633,2.25,1.00
2014.07.07 06:16:40.257,1.3863,1.38634,1.00,1.00
2014.07.07 06:16:40.833,1.3863,1.38633,1.00,1.00
2014.07.07 06:16:42.062,1.38629,1.38633,2.25,1.00
2014.07.07 06:16:42.573,1.38629,1.38632,2.25,1.00
2014.07.07 06:16:52.002,1.38629,1.38633,1.50,1.00
2014.07.07 06:16:55.371,1.38629,1.38634,1.50,1.05
2014.07.07 06:16:55.932,1.38629,1.38633,1.50,1.00
2014.07.07 06:16:56.703,1.38629,1.38632,1.50,1.00
2014.07.07 06:16:57.386,1.38629,1.38633,1.50,1.00
2014.07.07 06:16:58.064,1.38629,1.38632,1.50,1.00
2014.07.07 06:17:02.098,1.38629,1.38631,1.50,1.00
2014.07.07 06:17:02.553,1.38626,1.3863,1.88,1.00
2014.07.07 06:17:02.706,1.38625,1.38629,1.50,1.00
2014.07.07 06:17:06.226,1.38626,1.38629,1.00,1.00
2014.07.07 06:17:06.819,1.38625,1.38629,1.50,1.00
2014.07.07 06:17:07.333,1.38626,1.38629,1.00,1.00
2014.07.07 06:17:07.909,1.38625,1.38629,1.50,1.00
2014.07.07 06:17:22.902,1.38625,1.38628,1.50,1.00
2014.07.07 06:17:27.645,1.38625,1.3863,1.50,1.00
2014.07.07 06:17:30.044,1.38625,1.38632,5.63,1.05
2014.07.07 06:17:30.920,1.38625,1.3863,5.63,1.00
2014.07.07 06:17:37.390,1.38625,1.38632,4.32,1.05
2014.07.07 06:17:39.054,1.38626,1.38632,1.00,1.05
2014.07.07 06:17:39.183,1.38626,1.3863,1.00,1.00
2014.07.07 06:17:42.268,1.38627,1.3863,1.00,1.00
2014.07.07 06:17:54.213,1.38627,1.3863,1.38,1.00
2014.07.07 06:17:54.264,1.38628,1.38632,1.88,1.00
2014.07.07 06:17:54.416,1.38629,1.38634,1.05,1.00
2014.07.07 06:17:54.568,1.3863,1.38636,3.00,1.69
2014.07.07 06:17:55.736,1.3863,1.38636,1.50,1.69
2014.07.07 06:17:56.090,1.38629,1.38632,1.50,1.00
2014.07.07 06:17:56.141,1.38627,1.38632,4.24,1.00
2014.07.07 06:17:58.207,1.38627,1.38634,3.75,1.99
2014.07.07 06:17:58.512,1.38627,1.38632,4.43,1.00
2014.07.07 06:17:58.866,1.38627,1.3863,4.32,1.00
2014.07.07 06:18:00.968,1.38627,1.38631,2.25,1.00
2014.07.07 06:18:01.069,1.38627,1.38633,2.25,1.25
2014.07.07 06:18:01.585,1.38627,1.38632,1.50,1.00
2014.07.07 06:18:01.636,1.38627,1.38629,1.00,1.00
2014.07.07 06:18:02.213,1.38626,1.38629,1.50,1.00
2014.07.07 06:18:03.684,1.38626,1.38629,1.50,1.00
2014.07.07 06:18:04.337,1.38626,1.3863,1.50,1.50
2014.07.07 06:18:07.942,1.38625,1.3863,3.60,1.00
2014.07.07 06:18:08.550,1.38625,1.38632,3.38,2.55
2014.07.07 06:18:08.854,1.38628,1.38634,1.25,1.05
2014.07.07 06:18:09.360,1.38628,1.38636,1.15,2.74
2014.07.07 06:18:10.814,1.38627,1.38635,2.07,4.99
2014.07.07 06:18:11.123,1.38626,1.38632,2.25,1.00
2014.07.07 06:18:11.437,1.38625,1.3863,1.50,1.50
2014.07.07 06:18:11.748,1.38623,1.38628,1.50,1.00
2014.07.07 06:18:11.851,1.38623,1.3863,3.19,1.80
2014.07.07 06:18:12.368,1.38625,1.38631,2.25,1.80
2014.07.07 06:18:15.108,1.38625,1.38632,2.63,2.55
2014.07.07 06:18:16.629,1.38625,1.3863,5.82,1.05
2014.07.07 06:18:16.731,1.38626,1.38629,3.38,1.00
2014.07.07 06:18:17.245,1.38627,1.3863,2.07,1.00
2014.07.07 06:18:17.346,1.38627,1.38631,3.19,1.00
2014.07.07 06:18:17.449,1.38627,1.38632,3.00,1.00
2014.07.07 06:18:17.868,1.38628,1.38634,1.25,2.55
2014.07.07 06:18:19.653,1.38628,1.38633,1.13,1.50
2014.07.07 06:18:23.488,1.38627,1.38632,2.82,1.00
2014.07.07 06:18:23.999,1.38627,1.38633,2.07,1.50
2014.07.07 06:18:24.762,1.38627,1.38632,2.07,1.00
2014.07.07 06:18:25.496,1.38627,1.38632,1.69,1.50
2014.07.07 06:18:26.033,1.38627,1.38632,2.07,1.50
2014.07.07 06:18:27.874,1.38627,1.38633,2.25,2.55
2014.07.07 06:18:28.426,1.38627,1.38633,2.44,2.55
2014.07.07 06:18:28.977,1.38627,1.38633,2.25,2.55
2014.07.07 06:18:32.796,1.38627,1.38632,2.25,1.00
2014.07.07 06:18:33.447,1.38627,1.38633,2.07,2.25
2014.07.07 06:18:41.887,1.38627,1.38633,3.19,2.25
2014.07.07 06:18:42.163,1.38627,1.38633,2.07,2.25
2014.07.07 06:18:42.669,1.38629,1.38634,1.15,1.00
2014.07.07 06:18:43.393,1.3863,1.38635,1.50,1.00
2014.07.07 06:18:46.576,1.3863,1.38636,1.50,1.80
2014.07.07 06:18:53.022,1.3863,1.38633,1.50,1.00
2014.07.07 06:18:53.326,1.38627,1.3863,1.43,3.25
2014.07.07 06:18:53.378,1.38627,1.38629,1.43,1.00
2014.07.07 06:18:53.631,1.38625,1.38629,2.37,1.00
2014.07.07 06:18:53.783,1.38625,1.38631,1.24,2.25
2014.07.07 06:18:55.711,1.38625,1.38631,1.05,2.25
2014.07.07 06:18:56.178,1.38628,1.38631,1.15,1.00
2014.07.07 06:18:57.269,1.38628,1.38634,1.15,1.00
2014.07.07 06:18:57.841,1.38628,1.38635,1.15,4.69
2014.07.07 06:19:04.506,1.3863,1.38635,1.00,3.19
2014.07.07 06:19:05.894,1.3863,1.38634,1.00,1.00
2014.07.07 06:19:11.755,1.3863,1.38635,1.00,1.00
2014.07.07 06:19:12.310,1.3863,1.38636,1.00,5.74
2014.07.07 06:19:17.958,1.38632,1.38636,1.00,4.05
2014.07.07 06:19:22.878,1.38629,1.38636,2.37,4.80
2014.07.07 06:19:23.483,1.38629,1.38636,1.62,4.05
2014.07.07 06:19:27.681,1.38629,1.38634,1.43,1.00
2014.07.07 06:19:28.215,1.3863,1.38635,1.13,2.25
2014.07.07 06:19:29.482,1.38628,1.38635,4.50,2.25
2014.07.07 06:19:35.089,1.38628,1.38634,2.07,1.50
2014.07.07 06:19:35.397,1.38626,1.38629,2.07,1.00
2014.07.07 06:19:35.450,1.38626,1.38628,1.50,1.50
2014.07.07 06:19:35.653,1.38622,1.38627,1.88,1.50
2014.07.07 06:19:35.856,1.38622,1.38627,1.32,1.50
2014.07.07 06:19:37.272,1.38622,1.38628,1.32,2.25
2014.07.07 06:19:38.332,1.38622,1.38627,1.50,1.00
2014.07.07 06:19:38.945,1.38622,1.38626,1.00,1.50
2014.07.07 06:19:39.482,1.3862,1.38626,1.50,1.50
2014.07.07 06:19:41.903,1.38621,1.38626,1.00,1.05
2014.07.07 06:19:42.442,1.38622,1.38626,1.50,1.05
2014.07.07 06:19:43.680,1.38622,1.38627,1.88,1.30
2014.07.07 06:19:44.197,1.38622,1.38627,2.25,1.30
2014.07.07 06:19:46.696,1.38622,1.38627,1.50,1.68
2014.07.07 06:19:48.967,1.38622,1.38623,1.50,1.00
2014.07.07 06:19:49.119,1.38619,1.38623,2.25,1.05
2014.07.07 06:19:49.626,1.3862,1.38626,1.50,1.68
2014.07.07 06:20:05.102,1.3862,1.38625,1.69,2.18
2014.07.07 06:20:05.204,1.3862,1.38623,1.50,1.43
2014.07.07 06:20:05.710,1.38619,1.38625,1.32,2.63
2014.07.07 06:20:12.023,1.38618,1.38625,3.12,1.88
2014.07.07 06:20:16.759,1.38618,1.38625,3.12,1.13
2014.07.07 06:20:26.936,1.38619,1.38625,1.19,1.13
2014.07.07 06:20:28.395,1.3862,1.38627,1.43,4.62
2014.07.07 06:20:28.750,1.38622,1.38629,1.00,2.44
2014.07.07 06:20:31.781,1.38622,1.38629,2.63,1.88
2014.07.07 06:20:32.836,1.38622,1.38629,2.44,1.88
2014.07.07 06:20:35.594,1.38622,1.38629,1.13,1.88
2014.07.07 06:20:36.119,1.38622,1.38629,1.62,1.88
2014.07.07 06:20:36.649,1.38623,1.38629,3.87,1.88
2014.07.07 06:20:44.019,1.38625,1.38629,1.00,1.88
2014.07.07 06:20:44.584,1.38624,1.38629,2.37,1.88
2014.07.07 06:20:46.243,1.38624,1.38629,2.37,1.88
2014.07.07 06:20:46.396,1.38626,1.38629,1.32,1.50
2014.07.07 06:20:46.548,1.38628,1.38631,1.00,1.88
2014.07.07 06:20:46.717,1.38627,1.38631,1.00,1.00
2014.07.07 06:20:47.024,1.38627,1.38633,1.05,1.88
2014.07.07 06:20:49.250,1.38628,1.38633,1.50,1.13
2014.07.07 06:20:49.453,1.3863,1.38635,1.00,2.37
2014.07.07 06:20:54.409,1.3863,1.38636,2.25,1.88
2014.07.07 06:20:54.512,1.38633,1.38636,1.00,1.00
2014.07.07 06:20:54.765,1.38634,1.38638,1.00,1.00
2014.07.07 06:20:55.248,1.38634,1.3864,2.25,1.80
2014.07.07 06:21:06.156,1.38634,1.3864,2.44,1.43
2014.07.07 06:21:19.995,1.38634,1.3864,2.44,2.18
2014.07.07 06:21:24.433,1.38634,1.3864,1.69,1.43
2014.07.07 06:21:30.734,1.38634,1.3864,2.44,1.13
2014.07.07 06:21:30.936,1.38636,1.38641,1.13,1.50
2014.07.07 06:21:31.240,1.38637,1.38644,3.57,2.63
2014.07.07 06:21:33.145,1.38637,1.38644,3.68,2.63
2014.07.07 06:21:33.903,1.38637,1.38644,2.82,1.88
2014.07.07 06:21:34.407,1.38638,1.38644,1.00,1.88
2014.07.07 06:21:35.603,1.38638,1.38644,1.00,1.88
2014.07.07 06:21:54.054,1.3864,1.38644,1.00,1.50
2014.07.07 06:21:54.562,1.38639,1.38645,1.62,1.88
2014.07.07 06:21:55.069,1.3864,1.38646,1.99,1.50
2014.07.07 06:21:55.428,1.38641,1.38643,1.00,1.00
2014.07.07 06:21:55.580,1.38639,1.38645,1.30,1.50
2014.07.07 06:22:02.864,1.38639,1.38646,2.74,3.75
2014.07.07 06:22:12.982,1.38641,1.38646,1.00,2.25
2014.07.07 06:22:15.441,1.38639,1.38646,3.87,2.25
2014.07.07 06:22:16.005,1.38639,1.38646,3.57,2.25
2014.07.07 06:22:21.881,1.38639,1.38645,2.25,1.00
2014.07.07 06:22:36.056,1.38639,1.38645,2.63,1.00
2014.07.07 06:22:36.258,1.38641,1.38647,1.13,3.75
2014.07.07 06:22:36.793,1.38642,1.38647,1.50,1.00
2014.07.07 06:22:47.659,1.38641,1.38647,2.25,2.44
2014.07.07 06:22:58.559,1.38641,1.38645,2.63,1.00
2014.07.07 06:22:59.094,1.38641,1.38646,3.00,1.50
2014.07.07 06:23:03.765,1.38641,1.38647,3.00,2.82
2014.07.07 06:23:08.105,1.38643,1.38649,1.25,3.00
2014.07.07 06:23:08.408,1.38645,1.3865,1.99,1.00
2014.07.07 06:23:08.671,1.38646,1.38652,1.50,1.00
2014.07.07 06:23:09.244,1.38646,1.38652,2.63,1.00
2014.07.07 06:23:10.834,1.38646,1.38652,3.12,1.00
2014.07.07 06:23:19.741,1.38646,1.38651,1.69,1.00
2014.07.07 06:23:23.046,1.38646,1.38652,2.44,1.00
2014.07.07 06:23:23.249,1.38648,1.38653,1.00,1.50
2014.07.07 06:23:23.653,1.38649,1.38655,1.50,1.13
2014.07.07 06:23:24.802,1.38649,1.38654,1.69,1.00
2014.07.07 06:23:24.956,1.38649,1.38652,1.69,1.00
2014.07.07 06:23:25.361,1.38647,1.38651,2.44,1.00
2014.07.07 06:23:25.463,1.38647,1.38653,2.44,2.63
2014.07.07 06:23:26.818,1.38647,1.38651,2.44,1.00
2014.07.07 06:23:27.017,1.38647,1.38653,2.44,3.00
2014.07.07 06:23:27.072,1.38647,1.38653,2.44,2.25
2014.07.07 06:23:31.084,1.38647,1.38653,1.50,3.00
2014.07.07 06:23:32.219,1.38647,1.38653,1.69,2.63
2014.07.07 06:23:33.671,1.38647,1.38653,3.57,1.50
2014.07.07 06:23:34.228,1.38648,1.38654,1.32,1.25
2014.07.07 06:23:37.004,1.38649,1.38654,1.00,2.82
2014.07.07 06:23:37.550,1.38649,1.38653,1.50,1.00
2014.07.07 06:23:38.061,1.38648,1.38653,2.44,1.00
2014.07.07 06:23:44.856,1.38648,1.38652,1.25,1.00
2014.07.07 06:23:50.323,1.38647,1.38652,4.24,1.13
2014.07.07 06:23:55.276,1.38647,1.38653,2.74,3.19
2014.07.07 06:23:58.814,1.38647,1.38653,2.74,1.88
2014.07.07 06:23:59.318,1.38647,1.38653,2.74,1.88
2014.07.07 06:24:04.020,1.38647,1.38653,2.74,3.94
2014.07.07 06:24:04.278,1.38642,1.38646,1.69,1.00
2014.07.07 06:24:04.329,1.38642,1.38644,1.50,1.00
2014.07.07 06:24:04.383,1.38639,1.38643,2.82,1.00
2014.07.07 06:24:04.889,1.38639,1.38642,1.25,1.13
2014.07.07 06:24:05.511,1.38638,1.38642,1.24,1.13
2014.07.07 06:24:14.688,1.38636,1.38642,3.75,1.00
2014.07.07 06:24:14.842,1.38638,1.3864,2.44,1.00
2014.07.07 06:24:15.045,1.38636,1.38641,2.25,1.00
2014.07.07 06:24:15.557,1.38637,1.38639,1.50,1.00
2014.07.07 06:24:16.077,1.38637,1.38639,1.50,1.00
2014.07.07 06:24:17.568,1.38637,1.38641,1.50,1.00
2014.07.07 06:24:20.113,1.38637,1.38643,1.50,2.44
2014.07.07 06:24:27.819,1.38637,1.38643,2.82,1.13
2014.07.07 06:24:27.923,1.38639,1.38643,1.38,1.13
2014.07.07 06:24:28.127,1.3864,1.38647,2.25,3.94
2014.07.07 06:24:29.850,1.38641,1.38647,1.32,1.50
2014.07.07 06:24:32.086,1.38641,1.38648,1.57,3.57
2014.07.07 06:24:33.258,1.38641,1.38648,1.57,3.38
2014.07.07 06:24:33.890,1.38641,1.38648,1.57,3.94
2014.07.07 06:24:34.393,1.38641,1.38647,1.19,1.00
2014.07.07 06:24:34.921,1.38641,1.38646,1.19,1.50
2014.07.07 06:24:35.087,1.3864,1.38646,1.88,3.00
2014.07.07 06:24:35.289,1.38639,1.38645,1.69,2.25
2014.07.07 06:24:35.922,1.38638,1.38644,1.24,1.00
2014.07.07 06:24:36.482,1.38638,1.38641,1.19,1.00
2014.07.07 06:24:36.583,1.38637,1.38642,1.50,1.25
2014.07.07 06:24:37.089,1.38636,1.38641,1.69,1.50
2014.07.07 06:24:39.589,1.38636,1.3864,1.50,1.00
2014.07.07 06:24:40.100,1.38635,1.38638,1.00,1.00
2014.07.07 06:24:40.638,1.38634,1.38637,1.25,1.00
2014.07.07 06:24:41.276,1.38633,1.38637,3.12,1.00
2014.07.07 06:24:47.353,1.38634,1.38637,1.00,1.00
2014.07.07 06:24:48.361,1.38634,1.3864,1.25,1.88
2014.07.07 06:24:48.463,1.38634,1.3864,1.25,1.88
2014.07.07 06:24:48.514,1.38636,1.3864,1.50,1.88
2014.07.07 06:24:49.037,1.38635,1.38639,1.25,3.38
2014.07.07 06:24:49.110,1.38633,1.38639,1.62,3.38
2014.07.07 06:24:49.652,1.38633,1.38638,1.24,1.50
2014.07.07 06:24:52.226,1.38632,1.38636,1.49,1.00
2014.07.07 06:24:55.356,1.38632,1.38638,1.62,1.50
2014.07.07 06:24:57.024,1.38632,1.38637,1.62,1.00
2014.07.07 06:24:59.853,1.38631,1.38637,1.55,1.38
2014.07.07 06:24:59.955,1.3863,1.38636,1.00,1.88
2014.07.07 06:25:00.057,1.3863,1.38632,1.50,1.00
2014.07.07 06:25:00.260,1.38628,1.38632,1.80,4.88
2014.07.07 06:25:00.566,1.38625,1.38631,1.24,3.38
2014.07.07 06:25:01.018,1.38625,1.38629,1.99,1.00
2014.07.07 06:25:08.314,1.38625,1.38631,1.24,4.88
2014.07.07 06:25:25.445,1.38626,1.38631,1.00,1.00
2014.07.07 06:25:25.547,1.38626,1.38633,1.00,4.88
2014.07.07 06:25:26.075,1.38626,1.38633,2.07,2.25
2014.07.07 06:25:28.209,1.38626,1.38632,1.32,1.00
2014.07.07 06:25:29.734,1.38626,1.38633,1.57,1.13
2014.07.07 06:25:30.649,1.38627,1.38633,1.32,1.00
2014.07.07 06:25:31.655,1.38627,1.38633,1.32,1.00
2014.07.07 06:25:34.740,1.38627,1.38633,1.63,1.00
2014.07.07 06:25:38.687,1.38627,1.38633,2.82,1.50
2014.07.07 06:25:42.727,1.38627,1.38633,2.82,1.00
2014.07.07 06:25:47.742,1.38628,1.38633,1.32,1.00
2014.07.07 06:25:50.330,1.38628,1.38633,1.19,2.25
2014.07.07 06:25:50.482,1.38626,1.38632,4.24,3.38
2014.07.07 06:25:52.420,1.38626,1.38631,1.24,1.00
2014.07.07 06:25:52.952,1.38625,1.38631,3.87,1.00
2014.07.07 06:25:54.279,1.38626,1.38632,1.99,1.00
2014.07.07 06:25:54.381,1.38626,1.38629,1.32,1.00
2014.07.07 06:25:54.584,1.38625,1.3863,1.13,1.00
2014.07.07 06:25:54.736,1.38624,1.38628,3.19,1.00
2014.07.07 06:25:55.140,1.38622,1.38627,3.19,1.00
2014.07.07 06:25:55.690,1.38622,1.38626,1.25,1.00
2014.07.07 06:25:56.202,1.38622,1.38627,1.32,1.00
2014.07.07 06:25:56.560,1.38622,1.38629,1.32,3.75
2014.07.07 06:26:00.391,1.38622,1.38629,1.25,2.25
2014.07.07 06:26:01.153,1.38622,1.38629,1.25,3.38
2014.07.07 06:26:01.405,1.38621,1.38626,4.99,1.00
2014.07.07 06:26:02.665,1.38621,1.38626,1.25,5.07
2014.07.07 06:26:03.172,1.38621,1.38624,1.25,1.00
2014.07.07 06:26:03.751,1.3862,1.38624,1.69,1.00
2014.07.07 06:26:04.210,1.38621,1.38626,1.19,2.25
2014.07.07 06:26:04.727,1.38621,1.38626,1.05,1.00
2014.07.07 06:26:05.032,1.38615,1.38619,3.38,1.00
2014.07.07 06:26:05.538,1.38615,1.38619,1.00,4.13
2014.07.07 06:26:06.046,1.38615,1.38619,1.00,4.50
2014.07.07 06:26:06.572,1.38615,1.38619,1.00,2.63
2014.07.07 06:26:11.182,1.38615,1.38618,1.00,1.00
2014.07.07 06:26:12.062,1.38615,1.38619,1.00,1.00
2014.07.07 06:26:12.584,1.38615,1.3862,1.00,1.88
2014.07.07 06:26:14.022,1.38615,1.38621,1.00,7.13
2014.07.07 06:26:15.212,1.38615,1.38621,1.00,6.38
2014.07.07 06:26:15.615,1.38614,1.38617,1.24,1.00
2014.07.07 06:26:17.754,1.38613,1.38617,1.25,1.00
2014.07.07 06:26:20.466,1.38613,1.38617,1.19,1.00
2014.07.07 06:26:21.569,1.38613,1.38617,1.25,1.00
2014.07.07 06:26:22.091,1.38613,1.38619,1.25,1.13
2014.07.07 06:26:22.640,1.38613,1.38618,1.25,1.50
2014.07.07 06:26:22.741,1.38612,1.38615,1.00,1.00
2014.07.07 06:26:23.247,1.38611,1.38614,1.25,1.00
2014.07.07 06:26:24.891,1.3861,1.38614,1.25,1.00
2014.07.07 06:26:25.490,1.3861,1.38617,1.32,3.19
2014.07.07 06:26:25.749,1.38611,1.38618,1.88,1.25
2014.07.07 06:26:25.901,1.38612,1.38619,1.63,3.75
2014.07.07 06:26:26.306,1.38613,1.3862,1.88,1.00
2014.07.07 06:26:26.590,1.38613,1.38618,1.00,1.00
2014.07.07 06:26:27.112,1.38612,1.38617,1.69,1.00
2014.07.07 06:26:27.415,1.38612,1.3862,3.87,2.63
2014.07.07 06:26:28.350,1.38613,1.3862,1.32,2.63
2014.07.07 06:26:29.111,1.38613,1.38619,1.32,1.00
2014.07.07 06:26:29.993,1.38613,1.3862,1.57,2.25
2014.07.07 06:26:30.496,1.38615,1.38621,1.32,1.50
2014.07.07 06:26:32.055,1.38615,1.38621,1.63,1.00
2014.07.07 06:26:32.760,1.38615,1.38622,1.32,3.38
2014.07.07 06:26:37.203,1.38615,1.38621,1.62,1.00
2014.07.07 06:26:38.251,1.38614,1.38621,1.99,2.63
2014.07.07 06:26:39.608,1.38614,1.38621,1.99,2.63
2014.07.07 06:26:45.684,1.38613,1.38621,2.74,3.38
2014.07.07 06:26:47.722,1.38614,1.38621,1.24,3.38
2014.07.07 06:26:50.780,1.38613,1.38619,1.49,1.00
2014.07.07 06:26:57.841,1.38613,1.38617,1.55,1.00
2014.07.07 06:26:59.280,1.38613,1.38616,1.49,1.00
2014.07.07 06:26:59.584,1.38613,1.38616,1.19,1.00
2014.07.07 06:26:59.635,1.38611,1.38613,1.25,1.00
2014.07.07 06:27:00.141,1.38611,1.38615,2.44,1.00
2014.07.07 06:27:00.646,1.38613,1.38615,1.00,1.00
2014.07.07 06:27:01.590,1.38613,1.38616,2.25,1.00
2014.07.07 06:27:01.691,1.38613,1.38618,2.25,2.07
2014.07.07 06:27:01.843,1.38615,1.38618,1.00,1.50
2014.07.07 06:27:02.770,1.38615,1.38621,2.25,1.13
2014.07.07 06:27:03.314,1.38615,1.38621,3.57,1.13
2014.07.07 06:27:05.038,1.38615,1.38621,3.57,1.00
2014.07.07 06:27:05.648,1.38615,1.38619,3.19,1.00
2014.07.07 06:27:06.105,1.38616,1.38622,1.88,4.13
2014.07.07 06:27:06.460,1.3862,1.38625,1.50,2.25
2014.07.07 06:27:07.048,1.3862,1.38626,1.50,1.00
2014.07.07 06:27:07.749,1.3862,1.38627,5.07,1.88
2014.07.07 06:27:08.313,1.3862,1.38626,5.07,2.25
2014.07.07 06:27:08.822,1.3862,1.38625,5.07,1.00
2014.07.07 06:27:09.128,1.3862,1.38627,5.07,4.32
2014.07.07 06:27:09.280,1.3862,1.38625,5.07,1.00
2014.07.07 06:27:09.634,1.3862,1.38627,5.07,3.38
2014.07.07 06:27:10.735,1.3862,1.38626,5.07,1.00
2014.07.07 06:27:11.248,1.3862,1.38627,5.82,1.50
2014.07.07 06:27:11.882,1.38621,1.38628,1.57,4.88
2014.07.07 06:27:12.436,1.38621,1.38628,1.57,4.50
2014.07.07 06:27:12.989,1.38621,1.38627,1.57,1.00
2014.07.07 06:27:14.232,1.38621,1.38626,1.57,1.00
2014.07.07 06:27:14.737,1.38621,1.38626,1.32,1.00
2014.07.07 06:27:15.348,1.3862,1.38626,4.32,1.50
2014.07.07 06:27:17.960,1.3862,1.38626,4.32,1.00
2014.07.07 06:27:18.651,1.3862,1.38626,4.32,1.00
2014.07.07 06:27:20.483,1.3862,1.38626,5.07,1.00
2014.07.07 06:27:22.461,1.3862,1.38627,5.07,3.00
2014.07.07 06:27:23.218,1.38623,1.38627,1.88,1.00
2014.07.07 06:27:23.930,1.38623,1.38629,1.62,1.38
2014.07.07 06:27:24.470,1.38623,1.38629,1.62,1.50
2014.07.07 06:27:26.414,1.38623,1.38629,1.62,1.50
2014.07.07 06:27:27.285,1.38622,1.38628,4.32,1.00
2014.07.07 06:27:27.791,1.38622,1.38627,1.19,1.00
2014.07.07 06:27:28.333,1.38621,1.38628,2.82,1.50
2014.07.07 06:27:28.852,1.38621,1.38627,1.32,1.00
2014.07.07 06:27:29.358,1.38621,1.38628,1.32,3.00
2014.07.07 06:27:29.870,1.3862,1.38627,5.44,1.00
2014.07.07 06:27:32.331,1.3862,1.38625,2.82,1.00
2014.07.07 06:27:32.584,1.38618,1.38624,1.32,1.88
2014.07.07 06:27:33.105,1.38618,1.38624,1.32,2.63
2014.07.07 06:27:34.051,1.38617,1.38624,1.32,3.19
2014.07.07 06:27:36.020,1.38616,1.38624,2.82,4.50
2014.07.07 06:27:39.650,1.38616,1.38624,2.82,4.69
2014.07.07 06:27:40.665,1.38616,1.38624,2.82,4.50
2014.07.07 06:27:42.311,1.38616,1.38623,2.82,1.13
2014.07.07 06:27:48.107,1.38616,1.38623,3.57,1.00
2014.07.07 06:27:55.199,1.38616,1.38623,3.57,1.50
2014.07.07 06:27:55.730,1.38616,1.38624,4.32,5.63
2014.07.07 06:27:56.499,1.38617,1.38624,2.82,2.25
2014.07.07 06:27:56.651,1.38619,1.38626,1.63,6.75
2014.07.07 06:27:57.207,1.3862,1.38627,2.82,3.00
2014.07.07 06:27:57.713,1.3862,1.38626,1.69,1.00
2014.07.07 06:27:58.367,1.3862,1.38627,1.69,3.75
2014.07.07 06:27:58.932,1.3862,1.38626,1.69,1.50
2014.07.07 06:27:59.511,1.3862,1.38626,1.69,1.50
2014.07.07 06:28:01.259,1.3862,1.38626,1.69,1.50
2014.07.07 06:28:01.596,1.3862,1.38628,5.37,4.88
2014.07.07 06:28:02.115,1.38621,1.38627,1.69,2.63
2014.07.07 06:28:02.810,1.38622,1.38627,1.25,1.00
2014.07.07 06:28:06.390,1.38622,1.38629,1.32,4.13
2014.07.07 06:28:06.951,1.38622,1.38629,1.32,3.75
2014.07.07 06:28:07.463,1.38621,1.38629,3.87,2.25
2014.07.07 06:28:07.975,1.38621,1.38628,1.19,3.75
2014.07.07 06:28:08.549,1.38621,1.38627,1.19,1.00
2014.07.07 06:28:09.106,1.3862,1.38627,1.69,3.38
2014.07.07 06:28:09.704,1.3862,1.38627,1.69,2.63
2014.07.07 06:28:10.217,1.3862,1.38625,1.00,1.50
2014.07.07 06:28:11.643,1.3862,1.38626,1.00,2.25
2014.07.07 06:28:13.133,1.3862,1.38626,2.74,1.50
2014.07.07 06:28:13.770,1.38622,1.38626,1.00,1.50
2014.07.07 06:28:14.125,1.38622,1.38628,2.07,2.25
2014.07.07 06:28:14.428,1.38625,1.3863,2.44,1.50
2014.07.07 06:28:14.840,1.38624,1.3863,3.94,2.25
2014.07.07 06:28:15.831,1.38623,1.3863,3.57,3.00
2014.07.07 06:28:16.362,1.38624,1.3863,1.50,1.13
2014.07.07 06:28:17.188,1.38623,1.38629,6.12,1.00
2014.07.07 06:28:18.528,1.38623,1.38631,5.37,4.13
2014.07.07 06:28:19.965,1.38623,1.3863,5.37,2.25
2014.07.07 06:28:20.544,1.38623,1.38629,1.99,1.50
2014.07.07 06:28:21.705,1.38622,1.38628,2.37,1.00
2014.07.07 06:28:22.353,1.38623,1.38628,2.37,1.50
2014.07.07 06:28:22.606,1.38626,1.38634,3.57,4.88
2014.07.07 06:28:22.859,1.38628,1.38634,1.43,1.00
2014.07.07 06:28:23.368,1.38629,1.38634,1.00,1.00
2014.07.07 06:28:26.875,1.38629,1.38631,1.00,1.00
2014.07.07 06:28:26.927,1.38627,1.38631,1.69,1.00
2014.07.07 06:28:27.927,1.38626,1.38631,3.19,1.00
2014.07.07 06:28:30.979,1.38626,1.38634,3.19,4.32
2014.07.07 06:28:31.626,1.38626,1.38634,3.00,4.32
2014.07.07 06:28:33.336,1.38626,1.38634,2.25,5.07
2014.07.07 06:28:33.842,1.38625,1.38633,3.49,4.32
2014.07.07 06:28:34.410,1.38625,1.38633,3.49,4.32
2014.07.07 06:28:34.957,1.38625,1.38633,3.49,2.82
2014.07.07 06:28:35.109,1.38625,1.38631,3.49,1.00
2014.07.07 06:28:35.413,1.38623,1.38629,1.69,2.63
2014.07.07 06:28:35.464,1.38623,1.38629,1.25,3.00
2014.07.07 06:28:38.465,1.38623,1.3863,1.69,1.50
2014.07.07 06:28:39.012,1.38624,1.38631,2.25,2.82
2014.07.07 06:28:39.638,1.38624,1.38631,2.25,2.07
2014.07.07 06:28:43.177,1.38625,1.38632,1.00,3.57
2014.07.07 06:28:43.682,1.38625,1.38632,1.00,3.57
2014.07.07 06:28:43.986,1.38624,1.3863,2.25,1.00
2014.07.07 06:28:44.491,1.38622,1.3863,4.69,2.25
2014.07.07 06:28:44.997,1.38623,1.3863,3.19,1.00
2014.07.07 06:28:45.537,1.38624,1.38631,2.25,2.82
2014.07.07 06:28:46.403,1.38624,1.3863,1.00,1.50
2014.07.07 06:28:46.914,1.38623,1.3863,1.25,2.63
2014.07.07 06:28:47.420,1.38623,1.38631,1.69,2.07
2014.07.07 06:28:47.724,1.38625,1.38631,1.50,1.35
2014.07.07 06:28:48.798,1.38625,1.38633,2.07,5.82
2014.07.07 06:28:49.412,1.38626,1.38633,1.00,5.07
2014.07.07 06:28:49.939,1.38626,1.38633,1.88,2.07
2014.07.07 06:28:51.813,1.38625,1.38633,2.82,3.57
2014.07.07 06:28:52.219,1.38628,1.38633,1.00,3.19
2014.07.07 06:28:53.921,1.38628,1.38634,1.00,1.50
2014.07.07 06:28:55.064,1.38628,1.38635,1.13,4.32
2014.07.07 06:28:56.560,1.38632,1.38635,1.13,1.00
2014.07.07 06:28:56.813,1.38634,1.3864,2.25,3.00
2014.07.07 06:28:56.965,1.38635,1.38642,1.50,1.69
2014.07.07 06:28:57.500,1.38634,1.38642,4.69,1.69
2014.07.07 06:28:58.140,1.38634,1.38642,4.69,1.50
2014.07.07 06:28:59.032,1.38634,1.38642,4.69,1.69
2014.07.07 06:28:59.569,1.38634,1.3864,3.19,1.00
2014.07.07 06:29:00.074,1.38634,1.38641,1.00,2.07
2014.07.07 06:29:00.620,1.38633,1.38641,4.24,1.69
2014.07.07 06:29:02.938,1.38633,1.38639,4.24,1.00
2014.07.07 06:29:03.451,1.38633,1.38638,2.74,1.13
2014.07.07 06:29:03.755,1.38633,1.38636,1.50,1.00
2014.07.07 06:29:04.210,1.3863,1.38635,4.69,1.00
2014.07.07 06:29:04.743,1.38631,1.38636,1.25,1.00
2014.07.07 06:29:05.366,1.38631,1.38636,1.88,1.00
2014.07.07 06:29:05.900,1.38631,1.38636,3.00,1.13
2014.07.07 06:29:06.410,1.38631,1.38636,2.25,1.13
2014.07.07 06:29:07.105,1.38631,1.38636,2.44,1.00
2014.07.07 06:29:07.804,1.38631,1.38636,2.25,1.00
2014.07.07 06:29:08.210,1.38631,1.38638,2.25,1.13
2014.07.07 06:29:13.036,1.3863,1.38638,5.44,2.07
2014.07.07 06:29:13.583,1.38631,1.38639,2.25,2.07
2014.07.07 06:29:13.960,1.38631,1.38639,2.44,2.07
2014.07.07 06:29:14.667,1.38631,1.38639,3.19,2.63
2014.07.07 06:29:15.298,1.38631,1.38637,2.82,1.00
2014.07.07 06:29:15.921,1.38631,1.38637,3.57,1.00
2014.07.07 06:29:16.760,1.38631,1.38637,1.57,1.88
2014.07.07 06:29:17.264,1.38632,1.38637,1.05,2.63
2014.07.07 06:29:17.887,1.38629,1.38635,5.25,1.00
2014.07.07 06:29:19.213,1.38629,1.38635,1.69,1.13
2014.07.07 06:29:20.013,1.38628,1.38635,4.69,1.13
2014.07.07 06:29:20.114,1.38628,1.38635,4.50,1.13
2014.07.07 06:29:22.728,1.38628,1.38635,5.44,1.13
2014.07.07 06:29:23.326,1.38628,1.38635,4.32,1.38
2014.07.07 06:29:23.894,1.38628,1.38635,4.32,1.13
2014.07.07 06:29:24.308,1.38628,1.38635,4.69,1.13
2014.07.07 06:29:25.225,1.38628,1.38635,3.38,1.13
2014.07.07 06:29:25.331,1.38628,1.38635,3.94,1.13
2014.07.07 06:29:25.751,1.38628,1.38632,2.44,1.00
2014.07.07 06:29:26.257,1.38628,1.38631,2.07,1.00
2014.07.07 06:29:26.360,1.38628,1.38634,2.67,2.25
2014.07.07 06:29:28.308,1.38628,1.38634,1.35,1.88
2014.07.07 06:29:29.292,1.38628,1.38634,1.35,1.13
2014.07.07 06:29:30.359,1.38628,1.38634,3.23,1.00
2014.07.07 06:29:35.860,1.38628,1.38634,4.17,1.00
2014.07.07 06:29:36.508,1.3863,1.38634,2.10,1.00
2014.07.07 06:29:36.610,1.38631,1.38636,2.82,2.25
2014.07.07 06:29:36.711,1.38631,1.38638,3.57,4.13
2014.07.07 06:29:38.001,1.38631,1.38638,2.44,2.25
2014.07.07 06:29:39.994,1.38631,1.38638,2.25,2.63
2014.07.07 06:29:40.896,1.3863,1.38638,4.69,3.57
2014.07.07 06:29:41.410,1.38629,1.38636,3.19,1.00
2014.07.07 06:29:42.022,1.38628,1.38636,6.87,2.25
2014.07.07 06:29:42.784,1.38628,1.38635,6.87,1.00
2014.07.07 06:29:43.364,1.38628,1.38635,5.67,1.50
2014.07.07 06:29:44.842,1.38628,1.38635,4.92,1.50
2014.07.07 06:29:45.366,1.38628,1.38634,4.54,1.00
2014.07.07 06:29:47.614,1.38628,1.38633,2.85,1.00
2014.07.07 06:29:48.119,1.38627,1.38632,1.69,1.00
2014.07.07 06:29:49.257,1.38627,1.38631,1.69,1.00
2014.07.07 06:29:49.796,1.38626,1.38632,3.42,1.88
2014.07.07 06:29:50.379,1.38626,1.38632,1.54,1.88
2014.07.07 06:29:52.000,1.38626,1.38632,1.35,2.63
2014.07.07 06:29:52.505,1.38626,1.38632,1.35,3.38
2014.07.07 06:29:53.793,1.38626,1.38632,1.54,2.63
2014.07.07 06:29:54.332,1.38625,1.38632,5.67,2.63
2014.07.07 06:29:55.334,1.38626,1.38632,2.82,1.05
2014.07.07 06:29:55.843,1.38627,1.38632,3.19,1.05
2014.07.07 06:29:56.349,1.38628,1.38632,1.50,1.05
2014.07.07 06:30:02.070,1.38626,1.38633,4.32,1.43
2014.07.07 06:30:03.673,1.38626,1.38633,3.57,1.43
2014.07.07 06:30:05.531,1.38626,1.38633,4.32,1.13
2014.07.07 06:30:05.784,1.38628,1.38634,1.00,2.07
2014.07.07 06:30:06.766,1.38628,1.38635,1.88,4.62
2014.07.07 06:30:07.330,1.38628,1.38635,2.25,4.32
2014.07.07 06:30:07.905,1.38628,1.38634,1.13,1.32
2014.07.07 06:30:08.210,1.38624,1.3863,2.07,2.25
2014.07.07 06:30:08.831,1.38624,1.38629,1.32,1.00
2014.07.07 06:30:09.413,1.38623,1.38629,3.12,2.63
2014.07.07 06:30:09.919,1.38624,1.3863,1.88,1.13
2014.07.07 06:30:10.438,1.38624,1.3863,1.50,1.38
2014.07.07 06:30:11.835,1.38624,1.3863,1.50,1.43
2014.07.07 06:30:12.416,1.38624,1.3863,1.50,1.43
2014.07.07 06:30:13.523,1.38624,1.3863,1.50,2.93
2014.07.07 06:30:14.049,1.38624,1.3863,1.50,2.93
2014.07.07 06:30:17.997,1.38629,1.38631,1.00,3.19
2014.07.07 06:30:18.202,1.3863,1.38633,3.00,1.50
2014.07.07 06:30:18.255,1.38633,1.38636,1.19,1.00
2014.07.07 06:30:18.357,1.38635,1.38639,1.88,1.50
2014.07.07 06:30:18.560,1.38637,1.38642,1.00,1.30
2014.07.07 06:30:18.661,1.38635,1.3864,1.00,1.00
2014.07.07 06:30:19.167,1.38634,1.3864,2.07,1.00
2014.07.07 06:30:19.438,1.38634,1.38637,1.25,1.50
2014.07.07 06:30:19.615,1.38631,1.38637,3.00,4.05
2014.07.07 06:30:19.666,1.38631,1.38635,1.50,1.50
2014.07.07 06:30:19.972,1.3863,1.38632,1.13,1.00
2014.07.07 06:30:20.487,1.38628,1.38632,1.63,1.00
2014.07.07 06:30:21.031,1.38628,1.38632,1.25,1.00
2014.07.07 06:30:23.182,1.38627,1.38632,1.00,1.00
2014.07.07 06:30:23.779,1.38627,1.38632,1.88,1.00
2014.07.07 06:30:24.285,1.38626,1.38632,3.38,2.18
2014.07.07 06:30:24.336,1.38626,1.38632,3.38,2.18
2014.07.07 06:30:24.897,1.38625,1.3863,2.63,2.18
2014.07.07 06:30:24.948,1.38625,1.3863,1.13,2.18
2014.07.07 06:30:25.454,1.38623,1.38628,3.94,1.13
2014.07.07 06:30:26.096,1.38623,1.38629,3.00,3.68
2014.07.07 06:30:26.400,1.38625,1.3863,3.75,1.05
2014.07.07 06:30:26.704,1.38627,1.38632,3.57,2.18
2014.07.07 06:30:26.755,1.38627,1.38632,3.94,2.18
2014.07.07 06:30:27.422,1.38627,1.38632,1.82,2.18
2014.07.07 06:30:27.942,1.38627,1.38632,1.69,1.43
2014.07.07 06:30:28.465,1.38627,1.38632,1.63,1.43
2014.07.07 06:30:29.125,1.38627,1.38632,1.69,1.43
2014.07.07 06:30:32.845,1.38627,1.38632,1.25,1.43
2014.07.07 06:30:34.856,1.38626,1.38632,2.07,2.18
2014.07.07 06:30:35.466,1.38626,1.38632,2.07,2.18
2014.07.07 06:30:36.488,1.38627,1.38632,1.00,1.43
2014.07.07 06:30:37.076,1.38625,1.38632,6.19,1.43
2014.07.07 06:30:37.656,1.38627,1.38632,1.00,1.43
2014.07.07 06:30:42.289,1.38627,1.38632,1.00,1.43
2014.07.07 06:30:42.928,1.38627,1.38632,1.00,1.43
2014.07.07 06:30:43.434,1.38626,1.38632,2.07,1.43
2014.07.07 06:30:43.981,1.38627,1.38632,1.00,1.43
2014.07.07 06:30:45.139,1.38626,1.38632,2.82,1.43
2014.07.07 06:30:47.113,1.38626,1.38632,2.82,1.43
2014.07.07 06:30:47.619,1.38627,1.38632,1.00,2.18
2014.07.07 06:30:50.066,1.38627,1.38632,1.00,2.93
2014.07.07 06:30:50.370,1.38624,1.38629,1.69,1.13
2014.07.07 06:30:50.700,1.38623,1.38629,1.50,3.68
2014.07.07 06:30:52.037,1.38622,1.38629,2.25,3.87
2014.07.07 06:30:55.869,1.38622,1.38628,1.50,1.38
2014.07.07 06:31:00.089,1.38622,1.38628,1.88,1.43
2014.07.07 06:31:00.767,1.38622,1.38628,1.50,2.93
2014.07.07 06:31:06.113,1.38622,1.38629,3.00,2.37
2014.07.07 06:31:06.633,1.38622,1.38628,2.44,1.43
2014.07.07 06:31:08.129,1.38622,1.38628,2.07,1.43
2014.07.07 06:31:09.915,1.38622,1.38628,2.44,1.43
2014.07.07 06:31:10.458,1.38622,1.38628,2.07,1.43
2014.07.07 06:31:11.117,1.38622,1.38628,2.44,1.43
2014.07.07 06:31:12.134,1.38622,1.38629,1.88,3.12
2014.07.07 06:31:12.699,1.38622,1.38629,4.50,1.68
2014.07.07 06:31:13.249,1.38622,1.38629,4.32,1.68
2014.07.07 06:31:14.450,1.38622,1.38629,4.32,2.18
2014.07.07 06:31:17.009,1.38622,1.38629,4.32,2.18
2014.07.07 06:31:20.847,1.38622,1.38629,4.69,2.18
2014.07.07 06:31:21.839,1.38622,1.38629,4.69,2.18
2014.07.07 06:31:22.268,1.38622,1.38629,4.32,2.18
2014.07.07 06:31:23.050,1.38622,1.38629,5.82,2.18
2014.07.07 06:31:24.147,1.38623,1.38629,2.07,2.93
2014.07.07 06:31:25.151,1.38623,1.38629,2.25,2.93
2014.07.07 06:31:29.416,1.38623,1.38629,2.44,1.80
2014.07.07 06:31:29.720,1.38626,1.3863,3.38,1.00
2014.07.07 06:31:29.821,1.38627,1.38633,1.88,2.18
2014.07.07 06:31:30.523,1.38627,1.38633,2.82,1.43
2014.07.07 06:31:31.731,1.38627,1.38634,5.44,2.93
2014.07.07 06:31:32.257,1.38628,1.38634,1.00,2.93
2014.07.07 06:31:32.777,1.38627,1.38634,5.07,2.93
2014.07.07 06:31:33.265,1.38627,1.38634,5.07,2.93
2014.07.07 06:31:34.626,1.38628,1.38634,1.00,1.68
2014.07.07 06:31:36.139,1.38627,1.38634,2.82,2.18
2014.07.07 06:31:38.563,1.38628,1.38634,1.50,2.18
2014.07.07 06:31:39.523,1.38627,1.38634,4.32,2.18
2014.07.07 06:31:40.149,1.38627,1.38634,3.57,2.18
2014.07.07 06:31:43.520,1.38627,1.38633,3.38,1.43
2014.07.07 06:31:44.580,1.38627,1.38633,5.07,1.43
2014.07.07 06:31:45.113,1.38628,1.38633,1.50,1.43
2014.07.07 06:31:45.852,1.38627,1.38631,3.57,1.00
2014.07.07 06:31:46.375,1.38627,1.38632,2.63,1.00
2014.07.07 06:31:47.093,1.38627,1.38632,1.88,1.00
2014.07.07 06:31:47.599,1.38627,1.38633,3.57,1.43
2014.07.07 06:31:48.133,1.38628,1.38633,1.88,1.43
2014.07.07 06:31:48.661,1.38627,1.38633,3.57,1.43
2014.07.07 06:31:49.284,1.38627,1.38634,4.32,3.38
2014.07.07 06:31:49.588,1.3863,1.38635,2.07,1.00
2014.07.07 06:31:49.891,1.38632,1.38636,3.38,1.13
2014.07.07 06:31:50.428,1.38632,1.38635,4.13,1.00
2014.07.07 06:31:50.953,1.38632,1.38636,3.75,1.00
2014.07.07 06:31:51.257,1.38632,1.38636,3.38,1.00
2014.07.07 06:31:51.579,1.38632,1.38636,3.75,1.00
2014.07.07 06:31:54.075,1.38632,1.38636,4.88,1.00
2014.07.07 06:31:54.287,1.38633,1.38639,2.18,1.25
2014.07.07 06:31:54.815,1.38634,1.3864,2.82,1.00
2014.07.07 06:31:55.883,1.38634,1.38639,1.32,1.00
2014.07.07 06:31:56.398,1.38634,1.3864,1.13,1.88
2014.07.07 06:31:56.923,1.38634,1.38639,1.00,1.13
2014.07.07 06:31:57.459,1.38632,1.38639,5.82,1.00
2014.07.07 06:31:57.849,1.38632,1.38636,5.44,1.00
2014.07.07 06:31:58.153,1.38632,1.38635,1.25,1.00
2014.07.07 06:31:59.014,1.3863,1.38634,5.44,1.00
2014.07.07 06:31:59.562,1.3863,1.38634,5.82,1.00
2014.07.07 06:32:00.242,1.3863,1.38634,3.57,1.00
2014.07.07 06:32:00.946,1.3863,1.38635,3.75,1.00
2014.07.07 06:32:01.728,1.3863,1.38634,3.75,1.00
2014.07.07 06:32:02.255,1.3863,1.38634,2.44,1.00
2014.07.07 06:32:02.790,1.3863,1.38634,1.88,1.13
2014.07.07 06:32:03.339,1.3863,1.38634,1.50,1.13
2014.07.07 06:32:03.643,1.38628,1.38634,4.69,2.48
2014.07.07 06:32:04.191,1.38628,1.38633,2.25,1.38
2014.07.07 06:32:06.094,1.38628,1.38633,2.25,1.30
2014.07.07 06:32:06.623,1.38628,1.38635,4.88,2.07
2014.07.07 06:32:07.473,1.38628,1.38635,5.07,1.88
2014.07.07 06:32:07.957,1.38629,1.38636,1.88,2.07
2014.07.07 06:32:08.962,1.38629,1.38636,1.69,1.88
2014.07.07 06:32:09.876,1.38629,1.38636,2.07,1.38
2014.07.07 06:32:15.270,1.3863,1.38637,3.19,1.38
2014.07.07 06:32:15.843,1.3863,1.38638,2.82,5.82
2014.07.07 06:32:18.039,1.3863,1.38638,4.32,5.07
2014.07.07 06:32:18.551,1.38631,1.38638,1.00,4.32
2014.07.07 06:32:24.170,1.38631,1.38636,2.44,1.00
2014.07.07 06:32:26.038,1.3863,1.38636,3.19,1.00
2014.07.07 06:32:30.475,1.3863,1.38636,3.19,1.00
2014.07.07 06:32:31.083,1.38631,1.38637,1.69,1.13
2014.07.07 06:32:33.035,1.38631,1.38636,1.50,1.00
2014.07.07 06:32:33.339,1.38629,1.38633,4.69,1.00
2014.07.07 06:32:33.642,1.38629,1.38633,3.94,1.00
2014.07.07 06:32:33.693,1.38629,1.38633,5.82,1.00
2014.07.07 06:32:38.104,1.38629,1.38633,2.63,1.00
2014.07.07 06:32:38.356,1.38629,1.38635,2.63,1.00
2014.07.07 06:32:38.880,1.38631,1.38634,1.88,1.00
2014.07.07 06:32:39.234,1.38632,1.38635,1.38,1.00
2014.07.07 06:32:39.336,1.38634,1.38638,2.82,1.00
2014.07.07 06:32:39.488,1.38637,1.38638,1.50,1.00
2014.07.07 06:32:39.640,1.38637,1.3864,1.50,1.13
2014.07.07 06:32:40.067,1.38635,1.3864,3.75,1.00
2014.07.07 06:32:42.797,1.38635,1.3864,4.13,1.00
2014.07.07 06:32:42.999,1.38638,1.38642,1.50,1.30
2014.07.07 06:32:43.507,1.38639,1.38642,1.88,1.00
2014.07.07 06:32:45.368,1.38639,1.38645,2.07,1.05
2014.07.07 06:32:49.556,1.3864,1.38645,1.50,1.05
2014.07.07 06:32:50.461,1.3864,1.38644,2.25,1.00
2014.07.07 06:33:02.535,1.3864,1.38645,1.50,1.00
2014.07.07 06:33:03.570,1.38639,1.38645,3.94,1.00
2014.07.07 06:33:18.174,1.38639,1.38642,1.50,1.00
2014.07.07 06:33:19.474,1.38638,1.38642,4.13,1.00
2014.07.07 06:33:23.573,1.38637,1.3864,2.44,1.00
2014.07.07 06:33:23.728,1.38636,1.38638,1.50,1.00
2014.07.07 06:33:23.880,1.38635,1.3864,1.00,1.32
2014.07.07 06:33:23.982,1.38633,1.38636,1.88,1.00
2014.07.07 06:33:24.033,1.38633,1.38636,2.63,1.00
2014.07.07 06:33:24.767,1.38633,1.38637,3.75,1.00
2014.07.07 06:33:27.517,1.38633,1.38636,3.75,1.00
2014.07.07 06:33:28.026,1.38633,1.38636,1.50,1.00
2014.07.07 06:33:44.477,1.38633,1.38639,1.50,2.25
2014.07.07 06:33:48.206,1.38633,1.38639,4.32,1.00
2014.07.07 06:33:48.711,1.38635,1.3864,1.88,1.00
2014.07.07 06:33:49.961,1.38635,1.3864,3.57,1.00
2014.07.07 06:33:58.089,1.38635,1.3864,3.57,1.00
2014.07.07 06:33:58.664,1.38635,1.3864,3.57,1.00
2014.07.07 06:34:01.604,1.38635,1.3864,3.57,1.00
2014.07.07 06:34:04.759,1.38636,1.3864,1.00,1.00
2014.07.07 06:34:05.371,1.38635,1.3864,3.00,1.00
2014.07.07 06:34:18.625,1.38634,1.3864,7.69,1.00
2014.07.07 06:34:19.129,1.38634,1.38641,5.82,1.00
2014.07.07 06:34:26.363,1.38634,1.38639,2.44,1.00
2014.07.07 06:34:28.578,1.38634,1.38641,2.25,2.82
2014.07.07 06:34:30.686,1.38635,1.38643,1.50,8.07
2014.07.07 06:34:30.888,1.38635,1.38643,3.57,5.82
2014.07.07 06:34:36.050,1.38636,1.38642,2.07,1.00
2014.07.07 06:34:37.603,1.38635,1.38642,4.32,1.00
2014.07.07 06:34:43.635,1.38635,1.38642,3.57,1.50
2014.07.07 06:34:44.500,1.38637,1.38642,1.00,1.00
2014.07.07 06:34:45.133,1.38636,1.38642,3.94,1.00
2014.07.07 06:34:50.098,1.38636,1.38643,2.07,1.13
2014.07.07 06:34:54.824,1.38637,1.38643,1.00,1.00
2014.07.07 06:34:57.902,1.38637,1.38642,1.00,1.00
2014.07.07 06:34:59.596,1.38637,1.38643,4.32,1.00
2014.07.07 06:35:00.566,1.38637,1.38642,4.32,1.00
2014.07.07 06:35:09.301,1.38637,1.38641,1.50,1.00
2014.07.07 06:35:09.352,1.38634,1.38641,4.32,1.50
2014.07.07 06:35:09.931,1.38634,1.38641,1.69,2.25
2014.07.07 06:35:10.904,1.38634,1.3864,1.13,1.00
2014.07.07 06:35:11.423,1.38633,1.38639,3.57,1.00
2014.07.07 06:35:28.075,1.38632,1.38639,2.25,1.32
2014.07.07 06:35:31.277,1.38632,1.38638,2.82,1.00
2014.07.07 06:35:31.791,1.38631,1.38637,2.63,2.63
2014.07.07 06:35:31.943,1.3863,1.38635,1.63,1.00
2014.07.07 06:35:32.444,1.38629,1.38635,3.57,1.00
2014.07.07 06:35:32.977,1.38629,1.38635,1.50,1.00
2014.07.07 06:35:42.367,1.38629,1.38633,1.50,1.00
2014.07.07 06:35:42.671,1.38627,1.3863,1.00,1.00
2014.07.07 06:35:42.772,1.38625,1.3863,1.00,1.00
2014.07.07 06:35:43.320,1.38624,1.3863,4.32,1.00
2014.07.07 06:35:44.967,1.38624,1.38628,3.75,1.00
2014.07.07 06:35:45.271,1.38621,1.38626,1.00,3.57
2014.07.07 06:35:45.322,1.38619,1.38626,2.63,5.07
2014.07.07 06:35:45.829,1.38619,1.38624,1.13,1.00
2014.07.07 06:35:48.662,1.38619,1.38624,1.38,1.00
2014.07.07 06:35:49.069,1.38619,1.38626,2.63,1.69
2014.07.07 06:35:49.375,1.38622,1.38626,1.50,1.50
2014.07.07 06:35:49.854,1.38623,1.38627,2.63,1.00
2014.07.07 06:35:52.948,1.38623,1.38628,2.82,1.00
2014.07.07 06:35:53.685,1.38623,1.38628,2.44,1.00
2014.07.07 06:35:54.197,1.38623,1.3863,2.44,1.30
2014.07.07 06:35:54.893,1.38623,1.38626,1.25,1.00
2014.07.07 06:36:04.783,1.38623,1.38628,1.00,1.05
2014.07.07 06:36:05.600,1.38622,1.38626,3.94,1.00
2014.07.07 06:36:06.224,1.38622,1.38625,3.94,1.00
2014.07.07 06:36:07.539,1.38622,1.38626,3.94,1.00
2014.07.07 06:36:07.843,1.3862,1.38624,4.69,1.00
2014.07.07 06:36:10.063,1.38621,1.38625,1.50,1.00
2014.07.07 06:36:14.872,1.3862,1.38625,1.69,1.00
2014.07.07 06:36:15.410,1.38619,1.38625,3.94,1.00
2014.07.07 06:36:16.459,1.38619,1.38624,2.25,1.00
2014.07.07 06:36:16.967,1.38618,1.38625,1.50,4.69
2014.07.07 06:36:18.667,1.38618,1.38624,1.50,1.00
2014.07.07 06:36:23.812,1.38618,1.38624,1.50,4.13
2014.07.07 06:36:24.315,1.38618,1.38622,1.50,1.13
2014.07.07 06:36:24.880,1.38616,1.38622,3.19,1.13
2014.07.07 06:36:25.923,1.38616,1.38622,1.50,1.88
2014.07.07 06:36:26.227,1.38614,1.3862,1.63,1.88
2014.07.07 06:36:26.732,1.38614,1.3862,1.25,2.63
2014.07.07 06:36:27.776,1.38614,1.3862,1.00,2.07
2014.07.07 06:36:32.681,1.38614,1.3862,1.38,1.69
2014.07.07 06:36:33.204,1.38614,1.38621,2.82,2.25
2014.07.07 06:36:36.378,1.38614,1.3862,1.38,2.25
2014.07.07 06:36:40.497,1.38614,1.3862,1.13,6.19
2014.07.07 06:36:48.331,1.38613,1.3862,1.88,8.07
2014.07.07 06:36:52.291,1.38613,1.3862,1.88,6.19
2014.07.07 06:36:52.653,1.38615,1.3862,1.38,3.94
2014.07.07 06:36:53.159,1.38615,1.3862,1.88,2.44
2014.07.07 06:36:54.466,1.38615,1.3862,1.88,2.25
2014.07.07 06:36:55.292,1.38614,1.3862,1.38,2.25
2014.07.07 06:37:00.388,1.38615,1.3862,1.38,2.25
2014.07.07 06:37:00.925,1.38616,1.3862,1.13,2.25
2014.07.07 06:37:01.495,1.38615,1.3862,2.63,2.25
2014.07.07 06:37:02.614,1.38616,1.38622,2.82,1.00
2014.07.07 06:37:02.716,1.38616,1.38622,2.82,1.09
2014.07.07 06:37:03.265,1.38616,1.38622,2.82,1.09
2014.07.07 06:37:04.344,1.38618,1.38624,1.88,1.71
2014.07.07 06:37:04.901,1.38619,1.38624,1.38,1.00
2014.07.07 06:37:06.343,1.38619,1.38624,2.63,1.00
2014.07.07 06:37:06.702,1.38619,1.38626,2.63,3.19
2014.07.07 06:37:16.044,1.38622,1.38626,1.00,1.00
2014.07.07 06:37:16.400,1.38623,1.38627,2.63,1.00
2014.07.07 06:37:16.987,1.38624,1.3863,5.07,1.00
2014.07.07 06:37:17.804,1.38624,1.3863,5.82,1.00
2014.07.07 06:37:33.399,1.38625,1.3863,2.82,1.00
2014.07.07 06:37:51.582,1.38625,1.3863,1.63,1.00
2014.07.07 06:37:52.203,1.38625,1.3863,2.82,1.00
2014.07.07 06:37:52.362,1.38625,1.38628,2.07,1.00
2014.07.07 06:37:59.424,1.38624,1.3863,1.69,1.00
2014.07.07 06:38:00.035,1.38624,1.3863,1.69,1.00
2014.07.07 06:38:01.579,1.38624,1.3863,1.69,1.00
2014.07.07 06:38:02.746,1.38624,1.3863,1.69,1.00
2014.07.07 06:38:03.757,1.38624,1.3863,1.69,1.00
2014.07.07 06:38:10.084,1.38624,1.38628,2.44,1.00
2014.07.07 06:38:10.650,1.38624,1.38631,2.82,1.50
2014.07.07 06:38:15.933,1.38624,1.38631,2.44,1.88
2014.07.07 06:38:16.136,1.38624,1.38628,2.44,1.00
2014.07.07 06:38:16.237,1.38624,1.38631,1.25,5.63
2014.07.07 06:38:17.251,1.38624,1.3863,1.00,1.88
2014.07.07 06:38:17.454,1.38623,1.38626,1.00,1.38
2014.07.07 06:38:17.556,1.3862,1.38625,4.50,1.13
2014.07.07 06:38:17.657,1.38618,1.38625,1.69,4.80
2014.07.07 06:38:18.200,1.38618,1.38625,3.19,1.43
2014.07.07 06:38:19.382,1.38618,1.38625,4.32,2.93
2014.07.07 06:38:22.849,1.38621,1.38627,1.69,1.43
2014.07.07 06:38:26.344,1.38623,1.38628,1.00,1.88
2014.07.07 06:38:26.547,1.38624,1.3863,1.88,2.29
2014.07.07 06:38:27.057,1.38625,1.38632,1.88,2.40
2014.07.07 06:38:29.741,1.38628,1.38632,1.00,1.04
2014.07.07 06:38:29.843,1.38628,1.38632,1.00,1.00
2014.07.07 06:38:29.944,1.38628,1.38635,1.50,4.69
2014.07.07 06:38:31.947,1.38627,1.38635,2.44,6.19
2014.07.07 06:38:33.065,1.38627,1.38634,2.44,2.25
2014.07.07 06:38:33.604,1.38627,1.38634,2.44,1.88
2014.07.07 06:38:34.249,1.38627,1.38634,2.44,1.88
2014.07.07 06:38:34.786,1.38627,1.38634,2.44,1.88
2014.07.07 06:38:36.927,1.38627,1.38634,2.44,1.38
2014.07.07 06:38:37.850,1.38627,1.38632,2.44,1.30
2014.07.07 06:38:38.756,1.38626,1.38631,2.82,1.00
2014.07.07 06:38:39.304,1.38625,1.3863,1.50,1.13
2014.07.07 06:38:39.811,1.38624,1.3863,3.19,1.38
2014.07.07 06:38:43.013,1.38625,1.38631,1.00,4.92
2014.07.07 06:38:43.165,1.38625,1.38628,1.00,1.00
2014.07.07 06:38:43.368,1.38625,1.38631,1.50,1.17
2014.07.07 06:38:43.570,1.38627,1.38631,1.00,1.13
2014.07.07 06:38:43.874,1.38625,1.38631,2.07,1.00
2014.07.07 06:38:44.408,1.38625,1.38631,3.57,1.00
2014.07.07 06:38:45.730,1.38625,1.38631,3.57,1.00
2014.07.07 06:38:48.458,1.38625,1.38631,2.07,1.00
2014.07.07 06:38:49.296,1.38625,1.38631,2.07,1.00
2014.07.07 06:38:49.982,1.38624,1.38631,3.57,1.13
2014.07.07 06:38:50.286,1.38624,1.38627,2.44,1.00
2014.07.07 06:38:50.792,1.38622,1.38627,2.07,1.00
2014.07.07 06:38:51.894,1.38622,1.38627,2.07,1.00
2014.07.07 06:38:53.299,1.38622,1.38627,2.82,1.00
2014.07.07 06:38:54.013,1.38624,1.38631,2.44,2.93
2014.07.07 06:38:54.064,1.38624,1.38631,2.82,2.55
2014.07.07 06:38:54.590,1.38625,1.38632,2.63,1.88
2014.07.07 06:38:54.760,1.38625,1.38633,2.63,5.07
2014.07.07 06:38:54.811,1.38625,1.38631,2.63,1.00
2014.07.07 06:38:55.660,1.38625,1.38633,2.82,5.44
2014.07.07 06:39:02.405,1.38626,1.38633,1.69,2.25
2014.07.07 06:39:02.507,1.38625,1.3863,3.57,1.00
2014.07.07 06:39:03.013,1.38627,1.38631,1.50,1.00
2014.07.07 06:39:03.560,1.38626,1.38631,3.04,1.00
2014.07.07 06:39:06.477,1.38626,1.38633,3.04,3.38
2014.07.07 06:39:07.179,1.38626,1.38633,3.04,3.38
2014.07.07 06:39:12.309,1.38626,1.38633,4.17,2.07
2014.07.07 06:39:13.671,1.38627,1.38633,1.38,1.32
2014.07.07 06:39:14.270,1.38627,1.38635,2.07,3.19
2014.07.07 06:39:15.140,1.38628,1.38634,1.00,1.00
2014.07.07 06:39:18.615,1.38628,1.38635,1.73,4.69
2014.07.07 06:39:21.008,1.38628,1.38633,1.73,1.00
2014.07.07 06:39:22.966,1.38627,1.38633,1.17,1.38
2014.07.07 06:39:23.650,1.38627,1.38633,2.82,1.38
2014.07.07 06:39:24.197,1.38627,1.38632,3.23,1.00
2014.07.07 06:39:26.239,1.38628,1.38631,1.50,1.00
2014.07.07 06:39:27.121,1.38628,1.38632,1.50,1.00
2014.07.07 06:39:31.328,1.38628,1.38635,1.50,2.07
2014.07.07 06:39:37.414,1.38628,1.38635,1.50,2.07
2014.07.07 06:39:38.458,1.38628,1.38635,1.50,2.07
2014.07.07 06:39:39.354,1.38628,1.38633,1.69,1.50
2014.07.07 06:39:39.657,1.38627,1.38631,3.04,1.00
2014.07.07 06:39:40.165,1.38627,1.38631,2.85,1.00
2014.07.07 06:39:40.319,1.38627,1.38633,1.35,1.50
2014.07.07 06:39:43.399,1.38627,1.38633,1.35,1.50
2014.07.07 06:39:45.024,1.38627,1.38633,1.73,1.38
2014.07.07 06:39:45.574,1.38627,1.38633,2.82,1.00
2014.07.07 06:39:46.277,1.38627,1.38634,2.82,1.00
2014.07.07 06:39:51.117,1.38627,1.38632,2.82,1.00
2014.07.07 06:39:51.471,1.38625,1.3863,2.07,1.00
2014.07.07 06:39:51.976,1.38625,1.38629,3.57,1.00
2014.07.07 06:39:52.508,1.38625,1.38629,1.13,1.00
2014.07.07 06:39:57.167,1.38625,1.38631,1.00,2.18
2014.07.07 06:39:57.471,1.38626,1.38632,1.88,1.15
2014.07.07 06:39:57.875,1.38627,1.38633,2.63,1.69
2014.07.07 06:39:58.471,1.38627,1.38633,3.38,2.37
2014.07.07 06:39:58.985,1.38628,1.38635,1.88,4.62
2014.07.07 06:40:00.703,1.38628,1.38634,1.88,1.00
2014.07.07 06:40:03.733,1.38628,1.38634,1.50,1.13
2014.07.07 06:40:04.301,1.3863,1.38634,1.13,1.00
2014.07.07 06:40:04.606,1.38634,1.38636,1.50,1.00
2014.07.07 06:40:04.657,1.38634,1.3864,1.50,1.24
2014.07.07 06:40:04.809,1.38635,1.38642,2.25,3.68
2014.07.07 06:40:05.342,1.38636,1.38642,3.19,1.00
2014.07.07 06:40:05.846,1.38636,1.38644,2.44,2.07
2014.07.07 06:40:06.360,1.38636,1.38644,3.19,1.69
2014.07.07 06:40:07.727,1.38636,1.38644,4.69,2.44
2014.07.07 06:40:10.294,1.38636,1.38644,3.19,2.44
2014.07.07 06:40:10.827,1.38636,1.38642,1.25,1.38
2014.07.07 06:40:11.640,1.38635,1.38642,2.44,2.55
2014.07.07 06:40:13.360,1.38635,1.38642,2.82,1.80
2014.07.07 06:40:13.411,1.38638,1.38642,1.00,1.43
2014.07.07 06:40:13.565,1.38639,1.38646,1.00,2.07
2014.07.07 06:40:14.080,1.3864,1.38647,2.25,2.67
2014.07.07 06:40:16.510,1.38642,1.38647,1.00,2.07
2014.07.07 06:40:18.280,1.3864,1.38647,2.25,2.44
2014.07.07 06:40:18.836,1.3864,1.38647,2.25,2.07
2014.07.07 06:40:19.559,1.3864,1.38647,3.00,2.07
2014.07.07 06:40:19.661,1.3864,1.38647,2.25,4.24
2014.07.07 06:40:19.762,1.3864,1.38647,3.00,3.12
2014.07.07 06:40:23.507,1.3864,1.38647,1.00,4.32
2014.07.07 06:40:28.432,1.3864,1.38645,2.63,1.00
2014.07.07 06:40:30.488,1.3864,1.38645,2.82,1.00
2014.07.07 06:40:30.939,1.3864,1.38647,5.07,1.50
2014.07.07 06:40:31.141,1.38642,1.38648,1.00,1.32
2014.07.07 06:40:31.691,1.38643,1.38648,1.00,1.00
2014.07.07 06:40:32.223,1.38643,1.38649,1.00,1.32
2014.07.07 06:40:33.439,1.38642,1.38649,4.24,1.13
2014.07.07 06:40:34.450,1.38642,1.38648,4.24,1.00
2014.07.07 06:40:39.464,1.38642,1.38648,2.25,1.80
2014.07.07 06:40:40.528,1.38642,1.38647,1.00,1.88
2014.07.07 06:40:41.483,1.38642,1.38647,1.00,1.88
2014.07.07 06:40:42.375,1.38642,1.38644,1.00,1.00
2014.07.07 06:40:42.476,1.38642,1.38646,1.00,1.80
2014.07.07 06:40:42.993,1.38642,1.38647,1.00,1.50
2014.07.07 06:40:44.559,1.38642,1.38648,1.00,3.75
2014.07.07 06:40:47.395,1.38642,1.38648,1.00,3.00
2014.07.07 06:40:49.753,1.38642,1.38644,1.00,1.00
2014.07.07 06:40:50.263,1.38641,1.38644,1.00,1.13
2014.07.07 06:40:52.080,1.38641,1.38644,1.00,1.38
2014.07.07 06:40:53.714,1.3864,1.38642,1.50,1.00
2014.07.07 06:40:54.024,1.38638,1.38639,1.00,1.13
2014.07.07 06:40:54.176,1.38633,1.38639,3.75,1.88
2014.07.07 06:40:54.704,1.38633,1.38639,1.00,1.88
2014.07.07 06:40:55.491,1.38633,1.38639,1.00,1.88
2014.07.07 06:40:55.997,1.38635,1.38639,1.00,1.88
2014.07.07 06:40:56.048,1.38635,1.38639,1.00,1.50
2014.07.07 06:40:56.565,1.38635,1.3864,1.00,2.93
2014.07.07 06:40:57.726,1.38635,1.3864,1.00,2.93
2014.07.07 06:40:58.173,1.38635,1.3864,1.00,4.80
2014.07.07 06:40:59.019,1.38635,1.38639,1.00,1.38
2014.07.07 06:40:59.812,1.38635,1.38639,1.00,1.38
2014.07.07 06:41:00.377,1.38635,1.3864,1.00,4.43
2014.07.07 06:41:00.428,1.38633,1.3864,1.25,2.93
2014.07.07 06:41:00.969,1.38631,1.38639,5.07,3.00
2014.07.07 06:41:01.501,1.38633,1.38639,1.00,2.44
2014.07.07 06:41:02.089,1.38633,1.38639,1.00,3.19
2014.07.07 06:41:10.381,1.38632,1.38638,1.00,1.88
2014.07.07 06:41:10.685,1.38632,1.38637,1.00,3.00
2014.07.07 06:41:10.786,1.3863,1.38634,1.00,1.88
2014.07.07 06:41:11.322,1.38629,1.38634,1.69,1.88
2014.07.07 06:41:12.762,1.38629,1.38636,1.25,2.25
2014.07.07 06:41:13.271,1.38629,1.38636,2.82,1.88
2014.07.07 06:41:15.187,1.38632,1.38637,1.00,3.19
2014.07.07 06:41:15.799,1.38633,1.38637,1.00,3.19
2014.07.07 06:41:17.379,1.38633,1.38637,1.00,2.63
2014.07.07 06:41:26.657,1.38633,1.38637,1.00,3.00
2014.07.07 06:41:26.961,1.38631,1.38637,1.00,2.63
2014.07.07 06:41:27.164,1.38633,1.3864,1.50,2.37
2014.07.07 06:41:27.468,1.38635,1.3864,1.00,1.43
2014.07.07 06:41:28.000,1.38635,1.38641,2.25,1.68
2014.07.07 06:41:28.304,1.38637,1.38641,1.00,1.13
2014.07.07 06:41:28.923,1.38637,1.38641,1.00,1.50
2014.07.07 06:41:29.230,1.38637,1.38642,1.50,1.88
2014.07.07 06:41:29.788,1.38637,1.38643,1.50,4.24
2014.07.07 06:41:30.238,1.38639,1.38643,1.00,1.00
2014.07.07 06:41:30.593,1.38642,1.38645,1.00,1.13
2014.07.07 06:41:32.391,1.38641,1.38645,1.00,1.00
2014.07.07 06:41:33.230,1.38641,1.38645,1.00,2.25
2014.07.07 06:41:33.741,1.3864,1.38645,1.25,2.63
2014.07.07 06:41:42.201,1.38641,1.38645,1.00,1.00
2014.07.07 06:41:45.648,1.38641,1.38647,1.00,2.93
2014.07.07 06:41:48.355,1.38641,1.38647,3.57,1.00
2014.07.07 06:41:48.659,1.38643,1.38648,1.00,1.05
2014.07.07 06:41:49.850,1.38643,1.38648,1.00,1.80
2014.07.07 06:41:50.924,1.38643,1.38648,1.00,2.55
2014.07.07 06:41:52.351,1.38643,1.38647,1.00,1.05
2014.07.07 06:41:52.662,1.38641,1.38647,1.25,1.43
2014.07.07 06:42:04.117,1.3864,1.38646,2.44,1.05
2014.07.07 06:42:05.351,1.3864,1.38646,1.00,1.38
2014.07.07 06:42:06.152,1.3864,1.38646,1.00,1.32
2014.07.07 06:42:07.481,1.38641,1.38646,1.00,1.15
2014.07.07 06:42:07.683,1.38643,1.38649,1.00,3.87
2014.07.07 06:42:07.734,1.38644,1.38649,1.00,1.80
2014.07.07 06:42:08.239,1.38644,1.38651,1.50,2.07
2014.07.07 06:42:09.517,1.38644,1.38651,1.25,1.88
2014.07.07 06:42:09.770,1.38646,1.38652,1.00,2.74
2014.07.07 06:42:10.310,1.38645,1.38652,1.00,2.93
2014.07.07 06:42:14.170,1.38645,1.38652,1.00,2.82
2014.07.07 06:42:14.709,1.38645,1.38651,1.00,1.50
2014.07.07 06:42:15.386,1.38644,1.38651,1.25,1.88
2014.07.07 06:42:15.937,1.38644,1.38651,1.25,1.88
2014.07.07 06:42:25.688,1.38644,1.3865,1.00,2.63
2014.07.07 06:42:26.202,1.38643,1.38649,1.69,1.88
2014.07.07 06:42:26.770,1.38642,1.38649,1.00,2.37
2014.07.07 06:42:32.399,1.38644,1.38648,1.00,1.00
2014.07.07 06:42:32.706,1.38646,1.3865,1.00,4.24
2014.07.07 06:42:33.220,1.38646,1.3865,1.00,2.25
2014.07.07 06:42:34.592,1.38648,1.3865,1.00,2.25
2014.07.07 06:42:35.904,1.38647,1.3865,1.00,2.25
2014.07.07 06:42:36.107,1.38645,1.38649,1.00,1.00
2014.07.07 06:42:36.565,1.38647,1.3865,1.00,2.25
2014.07.07 06:42:37.093,1.38648,1.3865,1.00,1.50
2014.07.07 06:42:37.672,1.38647,1.3865,1.00,1.50
2014.07.07 06:42:43.335,1.38646,1.3865,1.00,1.50
2014.07.07 06:42:48.096,1.38646,1.38649,1.00,1.00
2014.07.07 06:42:52.501,1.38646,1.38648,1.00,1.50
2014.07.07 06:42:53.396,1.38645,1.38647,1.00,1.50
2014.07.07 06:42:53.902,1.38644,1.38647,1.25,1.50
2014.07.07 06:42:54.446,1.38643,1.38646,1.00,1.50
2014.07.07 06:43:02.344,1.38642,1.38647,2.07,1.50
2014.07.07 06:43:02.850,1.38643,1.38647,1.13,1.50
2014.07.07 06:43:03.425,1.38643,1.38648,1.13,1.50
2014.07.07 06:43:04.187,1.38643,1.38647,1.88,1.00
2014.07.07 06:43:07.169,1.38642,1.38647,1.32,1.50
2014.07.07 06:43:07.696,1.38641,1.38647,3.57,1.50
2014.07.07 06:43:16.041,1.38641,1.38647,1.25,2.63
2014.07.07 06:43:16.911,1.38641,1.38647,1.25,2.63
2014.07.07 06:43:17.600,1.38641,1.38646,1.25,1.00
2014.07.07 06:43:28.017,1.38641,1.38647,1.25,2.63
2014.07.07 06:43:28.532,1.3864,1.38646,2.82,1.50
2014.07.07 06:43:29.042,1.3864,1.38646,2.44,1.50
2014.07.07 06:43:33.533,1.3864,1.38646,2.82,1.50
2014.07.07 06:43:34.501,1.3864,1.38646,2.82,1.50
2014.07.07 06:43:35.515,1.3864,1.38646,2.44,1.50
2014.07.07 06:43:36.178,1.3864,1.38645,2.44,1.50
2014.07.07 06:43:42.590,1.3864,1.38644,3.57,1.50
2014.07.07 06:43:43.121,1.3864,1.38645,1.32,2.25
2014.07.07 06:43:43.719,1.3864,1.38645,1.32,2.25
2014.07.07 06:43:45.708,1.3864,1.38644,1.25,1.50
2014.07.07 06:43:46.011,1.38639,1.38642,1.00,1.32
2014.07.07 06:43:46.214,1.38637,1.38639,1.13,1.50
2014.07.07 06:43:46.316,1.38633,1.38638,3.94,1.50
2014.07.07 06:43:47.035,1.38633,1.38638,1.25,1.50
2014.07.07 06:43:47.540,1.38633,1.38639,1.25,2.25
2014.07.07 06:43:48.517,1.38633,1.38638,1.25,1.50
2014.07.07 06:43:53.516,1.38635,1.38638,1.00,1.50
2014.07.07 06:43:53.820,1.38636,1.3864,1.00,1.50
2014.07.07 06:43:54.074,1.3864,1.38643,1.00,1.63
2014.07.07 06:43:54.125,1.3864,1.38643,1.00,1.00
2014.07.07 06:43:54.278,1.3864,1.38645,1.00,1.88
2014.07.07 06:43:54.329,1.38642,1.38645,1.00,1.88
2014.07.07 06:43:54.995,1.38642,1.38646,1.00,2.25
2014.07.07 06:43:55.514,1.38643,1.38647,1.00,1.88
2014.07.07 06:43:57.732,1.38642,1.38648,1.00,2.63
2014.07.07 06:43:58.187,1.38642,1.38646,1.00,1.50
2014.07.07 06:43:58.440,1.3864,1.38645,1.13,1.88
2014.07.07 06:43:59.641,1.3864,1.38645,1.13,1.69
2014.07.07 06:43:59.944,1.38638,1.38644,1.32,1.88
2014.07.07 06:44:03.400,1.38637,1.38644,1.32,6.49
2014.07.07 06:44:05.376,1.38637,1.38643,1.32,1.00
2014.07.07 06:44:05.887,1.38637,1.38642,1.25,1.00
2014.07.07 06:44:07.595,1.38636,1.38643,4.32,2.37
2014.07.07 06:44:09.180,1.38636,1.38643,2.44,2.18
2014.07.07 06:44:11.520,1.38636,1.38642,1.69,1.50
2014.07.07 06:44:15.332,1.38636,1.38643,1.50,1.99
2014.07.07 06:44:18.418,1.38636,1.38644,4.69,1.80
2014.07.07 06:44:22.366,1.38636,1.38642,3.94,1.00
2014.07.07 06:44:26.631,1.38638,1.38642,1.00,1.00
2014.07.07 06:44:26.986,1.38639,1.38644,1.00,1.25
2014.07.07 06:44:27.340,1.38639,1.38642,1.50,1.00
2014.07.07 06:44:27.442,1.38639,1.38644,1.50,1.05
2014.07.07 06:44:28.118,1.38639,1.38645,1.00,1.69
2014.07.07 06:44:28.624,1.38638,1.38645,1.69,1.43
2014.07.07 06:44:35.871,1.38638,1.38644,1.69,1.30
2014.07.07 06:44:36.902,1.38638,1.38644,1.69,1.30
2014.07.07 06:44:40.946,1.38638,1.38642,1.69,1.00
2014.07.07 06:44:45.895,1.38638,1.38641,1.69,1.00
2014.07.07 06:44:50.089,1.38638,1.38642,1.69,1.00
2014.07.07 06:44:57.117,1.38638,1.38644,1.69,1.30
2014.07.07 06:45:03.980,1.38638,1.38641,2.44,1.00
2014.07.07 06:45:04.534,1.38638,1.38642,2.44,1.00
2014.07.07 06:45:13.836,1.38638,1.38641,2.44,1.00
2014.07.07 06:45:22.681,1.38638,1.38643,1.25,1.05
2014.07.07 06:45:33.374,1.38639,1.38643,1.00,1.05
2014.07.07 06:45:41.288,1.38638,1.38646,3.19,3.87
2014.07.07 06:45:45.694,1.38638,1.38645,1.69,1.30
2014.07.07 06:45:47.014,1.38638,1.38645,1.25,1.55
2014.07.07 06:45:51.389,1.38638,1.38642,1.00,1.00
2014.07.07 06:45:55.400,1.38637,1.38642,3.19,1.00
2014.07.07 06:45:58.626,1.38637,1.38643,3.19,1.05
2014.07.07 06:46:00.205,1.38638,1.38643,1.00,1.43
2014.07.07 06:46:00.458,1.38638,1.38646,2.44,5.07
2014.07.07 06:46:03.295,1.38638,1.38646,2.44,2.37
2014.07.07 06:46:05.859,1.38638,1.38646,3.94,3.68
2014.07.07 06:46:07.144,1.3864,1.38646,1.00,3.19
2014.07.07 06:46:07.710,1.38638,1.38646,3.94,3.12
2014.07.07 06:46:11.763,1.38638,1.38646,1.69,3.94
2014.07.07 06:46:13.153,1.38638,1.38646,3.19,3.57
2014.07.07 06:46:14.725,1.38638,1.38646,3.19,3.57
2014.07.07 06:46:15.349,1.38637,1.38644,3.94,1.00
2014.07.07 06:46:15.400,1.38637,1.38644,1.50,2.82
2014.07.07 06:46:16.576,1.38637,1.38644,1.00,2.25
2014.07.07 06:46:16.728,1.38636,1.38638,1.00,1.00
2014.07.07 06:46:17.032,1.38635,1.38637,2.25,1.00
2014.07.07 06:46:17.134,1.38634,1.38636,1.13,1.00
2014.07.07 06:46:17.382,1.38631,1.38638,2.44,2.44
2014.07.07 06:46:17.585,1.38631,1.38638,1.25,2.44
2014.07.07 06:46:18.304,1.38631,1.38638,1.00,3.57
2014.07.07 06:46:18.456,1.38631,1.38634,1.00,1.00
2014.07.07 06:46:18.862,1.38628,1.38634,5.44,1.00
2014.07.07 06:46:19.382,1.38628,1.38636,3.94,4.24
2014.07.07 06:46:22.416,1.3863,1.38636,1.00,3.68
2014.07.07 06:46:23.765,1.3863,1.38636,1.00,3.12
2014.07.07 06:46:24.627,1.38628,1.38633,2.25,3.00
2014.07.07 06:46:25.082,1.3863,1.38634,1.00,1.00
2014.07.07 06:46:25.594,1.3863,1.38635,1.00,1.88
2014.07.07 06:46:28.165,1.38628,1.38636,2.44,4.24
2014.07.07 06:46:28.670,1.38629,1.38634,3.19,1.00
2014.07.07 06:46:28.721,1.38629,1.38636,3.19,2.37
2014.07.07 06:46:29.251,1.38629,1.38636,1.69,2.18
2014.07.07 06:46:30.731,1.38631,1.38636,1.00,1.05
2014.07.07 06:46:31.338,1.38631,1.38634,1.00,1.00
2014.07.07 06:46:31.591,1.3863,1.38637,2.44,1.62
2014.07.07 06:46:33.211,1.3863,1.38636,1.25,2.55
2014.07.07 06:46:36.103,1.38632,1.38638,1.00,3.19
2014.07.07 06:46:36.476,1.38635,1.38639,1.00,2.07
2014.07.07 06:46:41.702,1.38633,1.38639,1.25,1.13
2014.07.07 06:46:44.525,1.38635,1.38639,1.00,1.00
2014.07.07 06:46:57.377,1.38635,1.38641,1.00,1.69
2014.07.07 06:47:00.035,1.38634,1.38641,1.69,2.44
2014.07.07 06:47:00.582,1.38635,1.38641,1.00,2.44
2014.07.07 06:47:01.287,1.38635,1.38641,1.00,3.57
2014.07.07 06:47:07.985,1.38634,1.38641,1.69,2.82
2014.07.07 06:47:16.474,1.38634,1.38641,3.19,2.07
2014.07.07 06:47:19.292,1.38635,1.38641,1.00,2.82
2014.07.07 06:47:19.394,1.38635,1.38639,1.00,1.00
2014.07.07 06:47:19.931,1.38634,1.38639,1.69,1.00
2014.07.07 06:47:20.714,1.38635,1.38639,1.00,1.25
2014.07.07 06:47:22.144,1.38634,1.38639,1.88,1.25
2014.07.07 06:47:22.909,1.38634,1.3864,1.88,2.07
2014.07.07 06:47:28.685,1.38635,1.38641,1.00,3.57
2014.07.07 06:47:35.490,1.38633,1.3864,1.32,1.69
2014.07.07 06:47:38.412,1.38633,1.3864,1.00,3.12
2014.07.07 06:47:46.490,1.38633,1.3864,1.00,5.37
2014.07.07 06:47:56.574,1.38635,1.38639,1.00,1.63
2014.07.07 06:47:56.833,1.38631,1.38639,4.62,1.69
2014.07.07 06:47:57.339,1.38633,1.38639,1.13,2.44
2014.07.07 06:47:58.456,1.38631,1.38639,3.94,2.55
2014.07.07 06:47:59.193,1.38631,1.38639,3.19,2.74
2014.07.07 06:48:01.443,1.38631,1.38637,2.82,1.05
2014.07.07 06:48:01.949,1.3863,1.38637,1.25,2.44
2014.07.07 06:48:02.899,1.38629,1.38637,1.69,5.37
2014.07.07 06:48:09.531,1.38628,1.38636,4.32,1.99
2014.07.07 06:48:14.429,1.3863,1.38636,1.00,3.94
2014.07.07 06:48:14.631,1.38632,1.38636,1.00,1.19
2014.07.07 06:48:14.732,1.38632,1.38637,1.00,1.32
2014.07.07 06:48:15.893,1.38632,1.38638,1.00,4.62
2014.07.07 06:48:16.529,1.38631,1.38638,1.69,3.12
2014.07.07 06:48:19.432,1.38632,1.38638,1.00,1.62
2014.07.07 06:48:21.537,1.38631,1.38638,2.07,2.74
2014.07.07 06:48:23.715,1.38632,1.38638,1.00,1.24
2014.07.07 06:48:31.879,1.3863,1.38638,3.88,4.43
2014.07.07 06:48:32.416,1.3863,1.38637,2.07,1.05
2014.07.07 06:48:33.561,1.3863,1.38636,1.69,1.05
2014.07.07 06:48:34.027,1.38629,1.38636,3.94,1.43
2014.07.07 06:48:34.684,1.38632,1.38635,1.00,1.50
2014.07.07 06:48:35.089,1.38632,1.38637,1.00,1.00
2014.07.07 06:48:37.635,1.38632,1.38637,1.00,4.43
2014.07.07 06:48:37.788,1.3863,1.38636,1.00,1.32
2014.07.07 06:48:38.297,1.3863,1.38635,1.00,2.55
2014.07.07 06:48:38.601,1.38628,1.38635,3.87,2.74
2014.07.07 06:48:49.412,1.38628,1.38635,1.62,4.80
2014.07.07 06:48:50.406,1.38628,1.38635,1.62,3.49
2014.07.07 06:48:50.507,1.3863,1.38635,1.00,3.49
2014.07.07 06:48:51.583,1.38628,1.38635,3.12,1.80
2014.07.07 06:48:51.937,1.3863,1.38637,1.32,1.80
2014.07.07 06:48:52.912,1.38629,1.38637,2.07,4.62
2014.07.07 06:48:54.331,1.38631,1.38636,1.00,1.00
2014.07.07 06:48:54.837,1.38632,1.38636,1.00,1.00
2014.07.07 06:48:55.353,1.38632,1.38637,1.25,1.50
2014.07.07 06:48:56.332,1.3863,1.38637,4.65,1.00
2014.07.07 06:48:59.976,1.3863,1.38637,4.65,1.00
2014.07.07 06:49:00.945,1.3863,1.38638,5.70,2.93
2014.07.07 06:49:03.276,1.3863,1.38638,5.70,4.99
2014.07.07 06:49:04.670,1.38633,1.38638,1.00,1.69
2014.07.07 06:49:04.872,1.38631,1.38638,5.37,1.24
2014.07.07 06:49:04.923,1.38633,1.38638,1.00,1.24
2014.07.07 06:49:05.428,1.38633,1.38639,1.13,1.25
2014.07.07 06:49:05.731,1.38635,1.38641,2.82,1.88
2014.07.07 06:49:06.237,1.38638,1.38644,1.88,1.75
2014.07.07 06:49:06.384,1.38638,1.38645,1.88,4.13
2014.07.07 06:49:06.923,1.38638,1.38646,6.12,3.49
2014.07.07 06:49:09.463,1.38639,1.38646,1.63,2.74
2014.07.07 06:49:10.103,1.38642,1.38646,1.38,1.24
2014.07.07 06:49:10.607,1.38641,1.38646,1.38,1.24
2014.07.07 06:49:12.593,1.38641,1.38646,1.38,2.37
2014.07.07 06:49:14.880,1.38641,1.38646,1.38,2.37
2014.07.07 06:49:15.184,1.38643,1.38647,1.38,1.50
2014.07.07 06:49:15.718,1.38643,1.38649,1.38,2.74
2014.07.07 06:49:17.235,1.38643,1.38647,1.38,1.00
2014.07.07 06:49:17.770,1.38645,1.38647,1.38,1.00
2014.07.07 06:49:18.314,1.38642,1.38647,2.82,1.00
2014.07.07 06:49:19.053,1.38642,1.38647,2.82,1.00
2014.07.07 06:49:20.774,1.38642,1.38647,2.82,1.00
2014.07.07 06:49:21.378,1.38642,1.38649,2.82,1.55
2014.07.07 06:49:25.673,1.38642,1.38647,4.32,1.00
2014.07.07 06:49:26.516,1.38642,1.38647,1.69,1.00
2014.07.07 06:49:26.713,1.38642,1.38647,2.07,1.00
2014.07.07 06:49:27.023,1.38647,1.3865,1.00,1.50
2014.07.07 06:49:27.329,1.3865,1.38653,2.82,1.00
2014.07.07 06:49:27.481,1.38651,1.38656,2.07,1.00
2014.07.07 06:49:27.989,1.38652,1.38656,1.50,1.00
2014.07.07 06:49:29.199,1.38651,1.38658,1.32,2.25
2014.07.07 06:49:29.733,1.38652,1.38659,1.69,1.24
2014.07.07 06:49:34.790,1.38651,1.38659,3.57,2.74
2014.07.07 06:49:35.300,1.38651,1.38657,1.69,1.00
2014.07.07 06:49:36.314,1.38649,1.38656,4.24,1.50
2014.07.07 06:49:37.280,1.38649,1.38656,1.24,2.63
2014.07.07 06:49:38.002,1.38649,1.38655,1.24,1.00
2014.07.07 06:49:38.507,1.38649,1.38654,1.05,1.00
2014.07.07 06:49:39.323,1.38649,1.38655,1.05,3.19
2014.07.07 06:49:39.375,1.38649,1.38653,1.05,1.00
2014.07.07 06:49:39.857,1.38649,1.38655,1.05,3.19
2014.07.07 06:49:42.725,1.38649,1.38652,1.05,1.00
2014.07.07 06:49:43.273,1.38648,1.38652,1.25,1.00
2014.07.07 06:49:44.072,1.38647,1.38652,2.44,1.00
2014.07.07 06:49:47.348,1.38647,1.38653,2.44,1.05
2014.07.07 06:49:50.426,1.38647,1.38653,2.44,1.05
2014.07.07 06:49:50.753,1.38649,1.38654,2.07,2.55
2014.07.07 06:49:50.904,1.3865,1.38657,3.19,1.25
2014.07.07 06:49:51.411,1.38651,1.38657,1.69,1.05
2014.07.07 06:49:51.816,1.3865,1.38654,1.69,1.00
2014.07.07 06:49:52.319,1.38649,1.38654,1.69,1.00
2014.07.07 06:49:54.055,1.38648,1.38654,3.94,1.00
2014.07.07 06:49:54.642,1.38648,1.38655,3.94,1.05
2014.07.07 06:49:58.461,1.38648,1.38655,2.44,3.87
2014.07.07 06:50:00.473,1.38647,1.38655,3.19,6.12
2014.07.07 06:50:00.914,1.38649,1.38654,2.25,1.15
2014.07.07 06:50:01.441,1.38649,1.38655,1.99,1.50
2014.07.07 06:50:02.528,1.38649,1.38654,1.99,1.00
2014.07.07 06:50:02.730,1.38647,1.38654,3.19,2.37
2014.07.07 06:50:03.570,1.38649,1.38654,1.00,3.12
2014.07.07 06:50:03.772,1.38649,1.38655,1.00,3.94
2014.07.07 06:50:08.952,1.38649,1.38657,3.87,8.07
2014.07.07 06:50:09.256,1.3865,1.38657,2.93,1.69
2014.07.07 06:50:09.926,1.38651,1.38657,2.82,1.00
2014.07.07 06:50:11.108,1.3865,1.38657,2.82,1.99
2014.07.07 06:50:11.504,1.38652,1.38657,1.00,1.69
2014.07.07 06:50:11.965,1.3865,1.38657,2.07,1.99
2014.07.07 06:50:12.514,1.38651,1.38657,1.00,2.74
2014.07.07 06:50:13.020,1.38652,1.38657,1.00,1.25
2014.07.07 06:50:17.570,1.38651,1.38657,1.25,1.00
2014.07.07 06:50:18.446,1.38651,1.38655,1.00,1.00
2014.07.07 06:50:18.699,1.38649,1.38654,2.37,1.50
2014.07.07 06:50:19.212,1.38649,1.38655,3.12,1.50
2014.07.07 06:50:19.975,1.38651,1.38655,1.00,1.50
2014.07.07 06:50:20.543,1.38653,1.38655,1.00,1.50
2014.07.07 06:50:21.082,1.38654,1.38656,1.00,1.00
2014.07.07 06:50:23.702,1.38654,1.38657,1.00,1.25
2014.07.07 06:50:25.349,1.38654,1.38656,1.00,1.50
2014.07.07 06:50:25.870,1.38654,1.38657,1.00,2.44
2014.07.07 06:50:27.278,1.38652,1.38657,1.00,2.44
2014.07.07 06:50:27.482,1.38654,1.38658,1.00,7.69
2014.07.07 06:50:28.520,1.38654,1.38658,1.00,3.75
2014.07.07 06:50:28.874,1.38654,1.38658,1.63,1.00
2014.07.07 06:50:28.925,1.38654,1.3866,2.23,2.63
2014.07.07 06:50:29.583,1.38656,1.38662,1.13,2.44
2014.07.07 06:50:30.752,1.38656,1.38663,1.25,4.99
2014.07.07 06:50:31.458,1.38657,1.38662,1.00,1.00
2014.07.07 06:50:32.121,1.38659,1.38662,1.00,1.69
2014.07.07 06:50:32.222,1.38657,1.38662,1.00,1.25
2014.07.07 06:50:35.044,1.38656,1.38661,1.00,1.00
2014.07.07 06:50:35.500,1.38653,1.3866,4.62,1.00
2014.07.07 06:50:35.854,1.38651,1.38658,4.62,1.00
2014.07.07 06:50:36.056,1.38651,1.38657,1.13,1.50
2014.07.07 06:50:39.010,1.38649,1.38656,2.37,2.25
2014.07.07 06:50:39.135,1.38649,1.38655,1.13,2.44
2014.07.07 06:50:39.340,1.38646,1.38653,1.43,3.00
2014.07.07 06:50:40.334,1.38646,1.38653,1.63,1.99
2014.07.07 06:50:40.842,1.38645,1.38653,2.82,2.74
2014.07.07 06:50:42.060,1.38645,1.38649,1.63,1.50
2014.07.07 06:50:43.965,1.38644,1.38651,4.99,1.50
2014.07.07 06:50:49.480,1.38646,1.38652,1.32,1.80
2014.07.07 06:50:51.322,1.38645,1.38652,1.25,1.99
2014.07.07 06:50:52.095,1.38644,1.38652,3.49,2.74
2014.07.07 06:50:52.396,1.38646,1.38654,3.38,4.99
2014.07.07 06:50:52.751,1.38648,1.38653,1.38,1.00
2014.07.07 06:50:53.003,1.38648,1.38655,1.63,6.49
2014.07.07 06:50:53.509,1.38648,1.38654,1.25,1.50
2014.07.07 06:50:58.142,1.38647,1.38654,2.37,1.69
2014.07.07 06:51:02.702,1.38647,1.38653,1.24,1.00
2014.07.07 06:51:24.252,1.38649,1.38653,1.00,1.00
2014.07.07 06:51:43.887,1.3865,1.38653,1.00,1.00
2014.07.07 06:51:44.089,1.38652,1.38658,2.82,5.63
2014.07.07 06:51:44.647,1.38653,1.38659,1.50,2.44
2014.07.07 06:51:44.854,1.38652,1.38659,2.37,2.44
2014.07.07 06:51:45.391,1.38651,1.38658,4.69,1.00
2014.07.07 06:51:46.550,1.38651,1.38659,4.69,1.99
2014.07.07 06:51:47.641,1.38651,1.38659,5.44,1.99
2014.07.07 06:51:49.987,1.38651,1.38657,4.32,1.00
2014.07.07 06:51:53.150,1.38651,1.38657,2.07,1.50
2014.07.07 06:51:54.522,1.38651,1.38656,1.32,1.50
2014.07.07 06:51:55.039,1.3865,1.38655,2.74,1.50
2014.07.07 06:51:55.682,1.3865,1.38655,1.99,2.25
2014.07.07 06:51:56.386,1.3865,1.38653,1.05,1.00
2014.07.07 06:51:56.590,1.38648,1.38652,1.50,1.50
2014.07.07 06:51:57.091,1.38649,1.38652,1.00,1.50
2014.07.07 06:52:02.115,1.38649,1.38653,1.13,1.50
2014.07.07 06:52:02.216,1.3865,1.38654,1.38,1.00
2014.07.07 06:52:02.469,1.38652,1.38656,1.00,1.13
2014.07.07 06:52:02.571,1.38652,1.38658,1.13,1.69
2014.07.07 06:52:03.384,1.38652,1.38659,1.32,2.44
2014.07.07 06:52:04.101,1.38653,1.38659,1.00,1.25
2014.07.07 06:52:06.174,1.38655,1.38659,1.00,1.00
2014.07.07 06:52:12.914,1.38653,1.38659,1.88,1.00
2014.07.07 06:52:13.451,1.38653,1.38659,2.07,1.00
2014.07.07 06:52:13.855,1.38654,1.38662,2.44,7.99
2014.07.07 06:52:15.599,1.38654,1.38662,3.12,7.99
2014.07.07 06:52:15.967,1.38655,1.38662,2.63,4.99
2014.07.07 06:52:16.169,1.38655,1.38662,6.38,3.49
2014.07.07 06:52:16.330,1.38655,1.38662,3.57,3.30
2014.07.07 06:52:20.446,1.38656,1.38662,2.07,3.30
2014.07.07 06:52:20.649,1.38656,1.38662,2.44,1.80
2014.07.07 06:52:21.788,1.38655,1.38662,4.69,3.30
2014.07.07 06:52:22.144,1.38655,1.38662,5.07,3.30
2014.07.07 06:52:23.555,1.38655,1.38662,4.69,3.30
2014.07.07 06:52:24.097,1.38655,1.38662,5.07,1.80
2014.07.07 06:52:27.396,1.38655,1.38662,5.07,3.30
2014.07.07 06:52:27.498,1.38655,1.38662,5.07,1.80
2014.07.07 06:52:28.580,1.38657,1.38662,1.13,1.50
2014.07.07 06:52:28.884,1.38659,1.38662,1.50,1.00
2014.07.07 06:52:28.986,1.38659,1.38664,1.00,1.00
2014.07.07 06:52:29.518,1.38659,1.38665,1.00,1.99
2014.07.07 06:52:29.993,1.38659,1.38665,2.37,1.50
2014.07.07 06:52:31.654,1.38662,1.38665,1.43,1.00
2014.07.07 06:52:31.705,1.38663,1.38667,1.88,1.00
2014.07.07 06:52:32.210,1.38663,1.38669,2.93,2.07
2014.07.07 06:52:32.715,1.38664,1.3867,1.13,1.69
2014.07.07 06:52:33.222,1.38665,1.3867,1.05,1.69
2014.07.07 06:52:33.736,1.38664,1.3867,2.00,1.50
2014.07.07 06:52:35.402,1.38665,1.3867,2.18,1.13
2014.07.07 06:52:38.203,1.38665,1.3867,2.00,1.13
2014.07.07 06:52:39.416,1.38666,1.3867,1.80,1.13
2014.07.07 06:52:42.927,1.38665,1.3867,3.75,1.13
2014.07.07 06:52:43.499,1.38665,1.3867,3.38,1.13
2014.07.07 06:52:44.710,1.38665,1.3867,2.63,1.13
2014.07.07 06:52:46.542,1.38665,1.3867,1.38,1.88
2014.07.07 06:52:47.111,1.38665,1.3867,2.82,1.13
2014.07.07 06:52:48.693,1.38665,1.38671,1.13,2.07
2014.07.07 06:52:51.500,1.38667,1.38671,1.88,3.75
2014.07.07 06:52:52.107,1.38667,1.38671,3.00,1.00
2014.07.07 06:52:52.932,1.38667,1.38671,2.44,1.00
2014.07.07 06:52:53.476,1.38667,1.38671,3.57,1.00
2014.07.07 06:52:56.335,1.38666,1.38671,1.69,1.00
2014.07.07 06:52:56.487,1.38665,1.38671,2.44,1.00
2014.07.07 06:52:57.559,1.38665,1.38671,2.74,1.00
2014.07.07 06:52:58.438,1.38667,1.38671,1.43,1.00
2014.07.07 06:53:00.455,1.38666,1.38671,1.62,1.00
2014.07.07 06:53:04.893,1.38667,1.38671,1.80,1.00
2014.07.07 06:53:05.576,1.38667,1.38671,1.05,1.00
2014.07.07 06:53:07.488,1.38666,1.38671,1.82,1.00
2014.07.07 06:53:07.590,1.3867,1.38674,1.38,2.25
2014.07.07 06:53:08.097,1.38669,1.38676,3.75,2.44
2014.07.07 06:53:08.754,1.38669,1.38677,3.87,3.94
2014.07.07 06:53:15.657,1.38671,1.38674,1.05,1.00
2014.07.07 06:53:15.760,1.38668,1.38674,1.05,1.50
2014.07.07 06:53:15.811,1.38667,1.3867,3.00,1.00
2014.07.07 06:53:16.316,1.38665,1.3867,2.44,1.00
2014.07.07 06:53:16.872,1.38665,1.3867,2.63,1.00
2014.07.07 06:53:17.390,1.38666,1.38669,1.13,1.00
2014.07.07 06:53:18.683,1.38666,1.3867,1.88,1.00
2014.07.07 06:53:20.341,1.38666,1.38672,1.50,1.19
2014.07.07 06:53:20.884,1.38666,1.3867,1.50,1.00
2014.07.07 06:53:21.426,1.38665,1.38672,3.38,1.19
2014.07.07 06:53:21.969,1.38665,1.3867,1.13,1.00
2014.07.07 06:53:22.483,1.38665,1.38672,1.00,4.69
2014.07.07 06:53:23.095,1.38665,1.3867,1.00,1.00
2014.07.07 06:53:24.591,1.38665,1.38672,1.00,4.69
2014.07.07 06:53:27.481,1.38667,1.38672,1.00,3.94
2014.07.07 06:53:27.683,1.38668,1.38673,1.43,1.69
2014.07.07 06:53:28.652,1.38666,1.38674,3.87,2.44
2014.07.07 06:53:33.053,1.38666,1.38674,3.12,2.44
2014.07.07 06:53:34.080,1.38666,1.38674,3.12,2.44
2014.07.07 06:53:41.021,1.38667,1.38673,1.24,1.00
2014.07.07 06:53:41.527,1.38666,1.38673,1.99,2.82
2014.07.07 06:53:42.184,1.38666,1.38673,1.80,5.07
2014.07.07 06:53:44.873,1.38664,1.3867,4.62,1.00
2014.07.07 06:53:44.924,1.38665,1.3867,1.32,1.00
2014.07.07 06:53:45.796,1.38664,1.3867,1.69,1.00
2014.07.07 06:53:46.880,1.38665,1.3867,1.00,1.00
2014.07.07 06:53:47.032,1.38663,1.38668,1.69,1.00
2014.07.07 06:53:47.134,1.38662,1.38668,1.25,1.50
2014.07.07 06:53:47.639,1.3866,1.38667,5.74,1.00
2014.07.07 06:53:48.275,1.3866,1.38668,3.87,3.75
2014.07.07 06:53:48.888,1.3866,1.38668,3.12,3.94
2014.07.07 06:53:52.513,1.3866,1.38668,2.93,6.19
2014.07.07 06:53:53.501,1.3866,1.38668,3.12,6.19
2014.07.07 06:53:58.769,1.38662,1.38668,1.50,1.19
2014.07.07 06:53:58.971,1.38662,1.38669,1.25,2.74
2014.07.07 06:54:00.334,1.38662,1.38669,2.82,1.24
2014.07.07 06:54:01.144,1.38662,1.38669,3.49,1.24
2014.07.07 06:54:02.969,1.38662,1.38669,2.82,1.24
2014.07.07 06:54:04.195,1.38662,1.38669,3.49,1.24
2014.07.07 06:54:05.613,1.38662,1.38669,3.87,1.24
2014.07.07 06:54:07.563,1.38662,1.38669,2.82,1.99
2014.07.07 06:54:08.092,1.38662,1.38669,3.12,1.80
2014.07.07 06:54:08.756,1.38662,1.38669,2.74,1.99
2014.07.07 06:54:09.380,1.38662,1.38669,2.44,1.99
2014.07.07 06:54:10.800,1.38662,1.38669,3.12,1.99
2014.07.07 06:54:11.174,1.38663,1.38669,2.44,1.80
2014.07.07 06:54:11.428,1.38666,1.38673,1.88,1.62
2014.07.07 06:54:11.933,1.38667,1.38674,2.07,2.74
2014.07.07 06:54:12.556,1.38667,1.38674,2.44,2.74
2014.07.07 06:54:13.222,1.38666,1.38673,5.44,1.00
2014.07.07 06:54:13.728,1.38669,1.38675,2.74,1.00
2014.07.07 06:54:14.239,1.38669,1.38675,5.74,1.00
2014.07.07 06:54:16.303,1.38669,1.38675,6.87,1.00
2014.07.07 06:54:20.202,1.38669,1.38675,6.12,1.00
2014.07.07 06:54:20.650,1.3867,1.38677,2.82,2.44
2014.07.07 06:54:21.739,1.3867,1.38677,2.07,2.74
2014.07.07 06:54:25.194,1.3867,1.38675,2.07,1.00
2014.07.07 06:54:25.700,1.38669,1.38674,2.55,1.00
2014.07.07 06:54:26.217,1.38669,1.38672,1.43,1.00
2014.07.07 06:54:30.098,1.38669,1.38674,1.80,1.00
2014.07.07 06:54:34.748,1.38671,1.38674,1.00,1.00
2014.07.07 06:54:35.181,1.38671,1.38676,1.30,1.69
2014.07.07 06:54:40.802,1.38673,1.38676,1.00,1.00
2014.07.07 06:54:40.904,1.38673,1.38678,1.00,3.94
2014.07.07 06:54:41.108,1.38675,1.38678,1.00,2.25
2014.07.07 06:54:41.629,1.38675,1.3868,1.00,1.63
2014.07.07 06:54:42.136,1.38674,1.38678,1.00,1.88
2014.07.07 06:54:42.338,1.3867,1.38677,3.87,3.38
2014.07.07 06:54:43.478,1.3867,1.38677,1.43,5.82
2014.07.07 06:54:43.997,1.38673,1.38675,1.00,1.00
2014.07.07 06:54:44.300,1.38675,1.38678,1.00,2.63
2014.07.07 06:54:44.402,1.38672,1.38678,1.00,4.32
2014.07.07 06:54:44.935,1.38671,1.38678,2.07,4.32
2014.07.07 06:54:45.673,1.3867,1.38675,5.74,1.00
2014.07.07 06:54:46.198,1.3867,1.38675,1.62,1.00
2014.07.07 06:54:49.339,1.3867,1.38675,1.05,1.50
2014.07.07 06:54:49.441,1.38669,1.38672,2.07,1.00
2014.07.07 06:54:49.695,1.38666,1.38672,1.32,1.00
2014.07.07 06:54:50.014,1.38666,1.38672,1.00,2.82
2014.07.07 06:54:50.065,1.38664,1.3867,3.57,1.13
2014.07.07 06:54:51.080,1.38663,1.3867,1.62,2.07
2014.07.07 06:54:53.088,1.38663,1.3867,1.05,2.82
2014.07.07 06:54:54.284,1.38663,1.3867,1.62,2.82
2014.07.07 06:54:54.983,1.38663,1.3867,1.62,2.44
2014.07.07 06:55:01.912,1.38663,1.3867,3.12,1.69
2014.07.07 06:55:02.435,1.38664,1.38671,1.69,2.74
2014.07.07 06:55:03.542,1.38663,1.38671,3.87,3.12
2014.07.07 06:55:04.823,1.38664,1.38671,1.88,1.99
2014.07.07 06:55:04.927,1.38665,1.38671,2.44,1.05
2014.07.07 06:55:05.447,1.38665,1.38673,3.19,3.49
2014.07.07 06:55:06.959,1.38667,1.38673,1.13,2.74
2014.07.07 06:55:07.562,1.38667,1.38673,1.50,1.99
2014.07.07 06:55:10.347,1.38667,1.3867,1.50,1.00
2014.07.07 06:55:10.651,1.38663,1.38668,2.25,2.44
2014.07.07 06:55:10.702,1.38663,1.38668,1.00,4.24
2014.07.07 06:55:11.348,1.38661,1.38667,1.63,3.30
2014.07.07 06:55:11.855,1.38661,1.38667,1.13,4.24
2014.07.07 06:55:12.519,1.38661,1.38667,1.00,4.62
2014.07.07 06:55:13.878,1.38661,1.38667,1.13,3.12
2014.07.07 06:55:14.551,1.38661,1.38667,1.38,3.12
2014.07.07 06:55:15.172,1.38661,1.38667,1.00,1.62
2014.07.07 06:55:15.678,1.38661,1.38667,1.38,2.37
2014.07.07 06:55:16.957,1.38661,1.38667,1.00,2.37
2014.07.07 06:55:17.311,1.38661,1.38668,2.25,1.69
2014.07.07 06:55:17.412,1.38661,1.38668,1.13,2.44
2014.07.07 06:55:17.598,1.38661,1.38668,1.69,2.44
2014.07.07 06:55:18.090,1.38661,1.38668,4.62,1.25
2014.07.07 06:55:18.192,1.38661,1.38668,3.19,1.25
2014.07.07 06:55:19.613,1.38661,1.38668,5.37,1.25
2014.07.07 06:55:20.340,1.38662,1.38668,1.00,2.44
2014.07.07 06:55:21.329,1.38662,1.38668,1.38,2.44
2014.07.07 06:55:23.415,1.38662,1.38668,1.00,1.25
2014.07.07 06:55:24.719,1.38662,1.38668,1.38,3.19
2014.07.07 06:55:27.021,1.38661,1.38668,1.63,3.57
2014.07.07 06:55:27.274,1.38661,1.38667,1.63,2.18
2014.07.07 06:55:27.577,1.38661,1.38667,1.32,2.18
2014.07.07 06:55:29.170,1.38659,1.38666,5.07,1.43
2014.07.07 06:55:29.672,1.3866,1.38666,1.25,1.43
2014.07.07 06:55:30.847,1.38659,1.38667,3.94,2.37
2014.07.07 06:55:31.701,1.38659,1.38667,3.94,3.12
2014.07.07 06:55:37.885,1.38659,1.38666,4.69,1.43
2014.07.07 06:55:38.087,1.38659,1.38666,4.62,1.43
2014.07.07 06:55:38.602,1.38659,1.38666,3.57,1.43
2014.07.07 06:55:39.114,1.38659,1.38664,2.82,1.13
2014.07.07 06:55:39.674,1.3866,1.38665,1.00,1.38
2014.07.07 06:55:41.419,1.38659,1.38664,1.25,1.38
2014.07.07 06:55:43.535,1.38659,1.38665,1.69,1.38
2014.07.07 06:55:44.389,1.38659,1.38665,1.69,1.38
2014.07.07 06:55:46.322,1.38659,1.38662,1.19,1.00
2014.07.07 06:55:46.626,1.38658,1.38661,1.00,3.38
2014.07.07 06:55:46.727,1.38656,1.3866,2.44,1.13
2014.07.07 06:55:46.930,1.38654,1.3866,1.24,1.13
2014.07.07 06:55:47.507,1.38654,1.38659,1.24,1.50
2014.07.07 06:55:47.558,1.38654,1.38659,1.24,1.88
2014.07.07 06:55:47.863,1.3865,1.38657,3.57,1.38
2014.07.07 06:55:48.380,1.3865,1.38657,5.07,1.38
2014.07.07 06:55:49.039,1.3865,1.38656,2.07,1.38
2014.07.07 06:55:51.441,1.3865,1.38657,2.07,3.38
2014.07.07 06:55:52.002,1.3865,1.38657,3.57,1.38
2014.07.07 06:55:52.750,1.38651,1.38657,1.13,1.38
2014.07.07 06:55:53.312,1.3865,1.38657,4.69,1.13
2014.07.07 06:55:53.870,1.3865,1.38657,6.94,1.13
2014.07.07 06:55:54.335,1.38652,1.38658,2.44,1.38
2014.07.07 06:55:54.646,1.38656,1.38659,3.57,1.00
2014.07.07 06:55:55.078,1.38658,1.38661,1.00,1.00
2014.07.07 06:55:55.180,1.38658,1.38664,1.43,1.88
2014.07.07 06:55:55.701,1.38658,1.38665,2.74,1.32
2014.07.07 06:55:56.206,1.38658,1.38666,3.12,6.12
2014.07.07 06:56:02.154,1.38657,1.38665,4.62,3.38
2014.07.07 06:56:05.608,1.38658,1.38665,1.15,2.82
2014.07.07 06:56:06.720,1.38658,1.38665,1.24,2.82
2014.07.07 06:56:06.974,1.38658,1.38663,1.24,1.00
2014.07.07 06:56:07.484,1.38658,1.38664,1.15,1.00
2014.07.07 06:56:09.980,1.38658,1.38665,1.99,2.07
2014.07.07 06:56:12.179,1.38658,1.38664,1.15,1.00
2014.07.07 06:56:12.695,1.38658,1.38663,4.99,1.00
2014.07.07 06:56:12.901,1.38658,1.38665,4.99,1.25
2014.07.07 06:56:19.014,1.38658,1.38665,4.99,1.00
2014.07.07 06:56:19.521,1.38659,1.38666,5.37,1.25
2014.07.07 06:56:19.886,1.38663,1.38668,1.50,1.69
2014.07.07 06:56:20.207,1.38665,1.38669,1.00,1.00
2014.07.07 06:56:20.759,1.38665,1.38669,1.38,1.00
2014.07.07 06:56:20.911,1.38665,1.38671,1.43,1.25
2014.07.07 06:56:21.323,1.38665,1.38671,1.24,1.00
2014.07.07 06:56:21.542,1.38665,1.38671,1.62,1.00
2014.07.07 06:56:22.653,1.38665,1.38671,1.24,1.00
2014.07.07 06:56:22.754,1.38665,1.38671,1.62,1.00
2014.07.07 06:56:38.144,1.38665,1.38671,1.62,1.00
2014.07.07 06:56:39.211,1.38665,1.38671,1.62,1.00
2014.07.07 06:56:39.424,1.38665,1.38671,2.37,1.00
2014.07.07 06:56:40.042,1.38663,1.3867,5.37,1.00
2014.07.07 06:56:40.607,1.38663,1.38671,3.87,3.57
2014.07.07 06:56:41.289,1.38663,1.38671,4.62,3.19
2014.07.07 06:56:42.582,1.38663,1.3867,5.37,1.13
2014.07.07 06:56:43.088,1.38663,1.3867,1.62,1.69
2014.07.07 06:56:44.635,1.38663,1.3867,2.63,2.07
2014.07.07 06:56:44.940,1.38665,1.3867,1.50,2.07
2014.07.07 06:56:46.601,1.38664,1.3867,8.25,1.13
2014.07.07 06:56:48.182,1.38663,1.3867,2.07,3.57
2014.07.07 06:56:48.711,1.38664,1.3867,2.25,2.07
2014.07.07 06:56:49.216,1.38664,1.38671,1.50,2.37
2014.07.07 06:56:49.722,1.38664,1.38671,1.50,2.37
2014.07.07 06:56:50.238,1.38664,1.38671,1.69,2.37
2014.07.07 06:56:50.846,1.38664,1.38671,2.74,1.69
2014.07.07 06:56:51.352,1.38664,1.3867,1.69,1.00
2014.07.07 06:56:57.648,1.38663,1.3867,1.62,2.82
2014.07.07 06:57:02.003,1.38663,1.38669,1.99,1.00
2014.07.07 06:57:04.728,1.38663,1.3867,2.74,1.69
2014.07.07 06:57:15.489,1.38663,1.3867,3.49,1.25
2014.07.07 06:57:20.178,1.38665,1.3867,1.00,1.00
2014.07.07 06:57:20.762,1.38666,1.38671,1.13,1.00
2014.07.07 06:57:21.420,1.38666,1.38673,1.13,4.69
2014.07.07 06:57:21.961,1.38664,1.3867,1.62,1.00
2014.07.07 06:57:22.552,1.38664,1.3867,1.25,1.88
2014.07.07 06:57:22.855,1.38662,1.38667,1.25,2.25
2014.07.07 06:57:23.159,1.38658,1.38663,1.32,1.69
2014.07.07 06:57:23.311,1.38657,1.38662,1.00,3.75
2014.07.07 06:57:23.664,1.38654,1.38661,1.15,1.69
2014.07.07 06:57:23.816,1.38653,1.38658,2.07,1.00
2014.07.07 06:57:24.321,1.38651,1.38657,3.12,1.00
2014.07.07 06:57:24.879,1.38651,1.38657,2.37,1.00
2014.07.07 06:57:26.238,1.38651,1.38658,3.12,1.25
2014.07.07 06:57:28.106,1.38651,1.38658,1.43,5.82
2014.07.07 06:57:29.815,1.38651,1.38658,1.62,5.82
2014.07.07 06:57:30.332,1.38651,1.38657,1.62,1.50
2014.07.07 06:57:35.364,1.38649,1.38657,4.24,3.94
2014.07.07 06:57:39.493,1.3865,1.38657,1.63,3.19
2014.07.07 06:57:40.513,1.38649,1.38657,3.49,3.94
2014.07.07 06:57:41.095,1.38649,1.38657,3.57,3.94
2014.07.07 06:57:41.597,1.38649,1.38657,4.24,3.94
2014.07.07 06:57:44.511,1.38649,1.38657,5.07,2.44
2014.07.07 06:57:45.872,1.38651,1.38658,1.62,3.19
2014.07.07 06:57:46.144,1.38649,1.38655,4.50,1.00
2014.07.07 06:57:46.246,1.38649,1.38655,1.25,1.50
2014.07.07 06:57:46.347,1.38648,1.38653,1.32,1.00
2014.07.07 06:57:46.449,1.38647,1.38653,1.32,1.50
2014.07.07 06:57:46.753,1.38645,1.38651,3.00,1.00
2014.07.07 06:57:47.005,1.38643,1.3865,1.62,1.50
2014.07.07 06:57:47.543,1.38644,1.38651,1.93,2.25
2014.07.07 06:57:48.170,1.38644,1.3865,1.55,1.50
2014.07.07 06:57:49.214,1.38646,1.38651,1.00,2.07
2014.07.07 06:57:49.757,1.38646,1.38652,1.00,3.57
2014.07.07 06:57:50.017,1.38648,1.38653,1.00,3.19
2014.07.07 06:57:50.322,1.38651,1.38655,1.00,1.80
2014.07.07 06:57:50.474,1.38651,1.38658,2.37,1.32
2014.07.07 06:57:50.979,1.38649,1.38657,4.62,2.63
2014.07.07 06:57:51.402,1.38649,1.38657,3.12,3.12
2014.07.07 06:57:52.498,1.38648,1.38656,2.37,3.57
2014.07.07 06:57:53.003,1.38647,1.38655,3.57,4.32
2014.07.07 06:57:53.054,1.38647,1.38653,3.57,1.00
2014.07.07 06:57:53.509,1.38645,1.38652,5.07,1.00
2014.07.07 06:57:53.610,1.38645,1.38649,1.50,1.38
2014.07.07 06:57:53.813,1.38643,1.38647,1.50,1.05
2014.07.07 06:57:54.167,1.38643,1.38649,2.18,1.69
2014.07.07 06:57:54.794,1.38643,1.38649,2.18,1.25
2014.07.07 06:57:55.299,1.38643,1.38649,1.15,1.00
2014.07.07 06:57:55.910,1.38641,1.38648,3.94,2.18
2014.07.07 06:57:55.962,1.38641,1.38648,2.82,2.37
2014.07.07 06:57:56.367,1.38644,1.38648,1.00,1.32
2014.07.07 06:57:56.469,1.38642,1.38648,3.38,1.25
2014.07.07 06:57:56.520,1.38642,1.38647,1.50,1.50
2014.07.07 06:57:56.621,1.3864,1.38647,1.99,1.38
2014.07.07 06:57:56.723,1.38642,1.38648,1.00,3.57
2014.07.07 06:57:57.229,1.38643,1.3865,3.00,1.49
2014.07.07 06:57:57.634,1.38644,1.38651,3.19,2.07
2014.07.07 06:57:57.786,1.38646,1.38651,1.00,1.69
2014.07.07 06:57:58.308,1.38646,1.38651,1.38,1.69
2014.07.07 06:57:58.843,1.38646,1.38651,1.32,1.50
2014.07.07 06:57:59.364,1.38646,1.38652,2.63,1.43
2014.07.07 06:57:59.667,1.38646,1.38652,1.63,1.43
2014.07.07 06:57:59.718,1.38646,1.38652,1.63,1.43
2014.07.07 06:57:59.921,1.38647,1.38653,2.44,1.00
2014.07.07 06:58:00.264,1.38654,1.38656,1.00,1.00
2014.07.07 06:58:01.018,1.38652,1.38656,3.12,1.00
2014.07.07 06:58:01.170,1.38652,1.38656,1.00,1.00
2014.07.07 06:58:01.777,1.38649,1.38657,6.19,2.93
2014.07.07 06:58:02.081,1.38649,1.38656,2.82,2.93
2014.07.07 06:58:02.183,1.38649,1.38656,2.25,3.87
2014.07.07 06:58:02.835,1.38649,1.38656,2.07,3.87
2014.07.07 06:58:03.601,1.38649,1.38656,2.82,2.37
2014.07.07 06:58:03.703,1.38649,1.38656,1.25,3.12
2014.07.07 06:58:03.804,1.38649,1.38656,1.63,3.12
2014.07.07 06:58:04.025,1.38649,1.38655,1.25,1.43
2014.07.07 06:58:04.574,1.38649,1.38655,1.00,1.62
2014.07.07 06:58:05.229,1.38648,1.38656,1.25,3.87
2014.07.07 06:58:05.743,1.38649,1.38655,1.13,3.87
2014.07.07 06:58:06.378,1.38647,1.38655,2.82,3.87
2014.07.07 06:58:06.902,1.38647,1.38653,1.57,1.43
2014.07.07 06:58:08.259,1.38646,1.38653,2.82,2.18
2014.07.07 06:58:09.972,1.38646,1.38653,2.82,2.18
2014.07.07 06:58:10.487,1.38647,1.38654,2.82,1.55
2014.07.07 06:58:10.639,1.38646,1.38652,3.57,1.88
2014.07.07 06:58:10.943,1.38645,1.38649,1.19,1.50
2014.07.07 06:58:10.994,1.38644,1.38649,1.00,1.88
2014.07.07 06:58:12.104,1.38642,1.38649,4.05,2.63
2014.07.07 06:58:12.651,1.38642,1.38649,5.07,1.00
2014.07.07 06:58:14.302,1.38643,1.38649,3.57,1.00
2014.07.07 06:58:14.685,1.38643,1.38649,1.25,2.25
2014.07.07 06:58:15.195,1.38642,1.38649,4.62,2.44
2014.07.07 06:58:15.702,1.38643,1.3865,1.00,1.99
2014.07.07 06:58:16.259,1.38644,1.38651,1.50,3.12
2014.07.07 06:58:17.140,1.38645,1.38651,1.00,2.18
2014.07.07 06:58:17.646,1.38646,1.3865,1.00,1.00
2014.07.07 06:58:18.173,1.38646,1.38652,1.00,2.74
2014.07.07 06:58:19.110,1.38645,1.38648,3.19,1.50
2014.07.07 06:58:19.213,1.38644,1.38648,2.03,1.00
2014.07.07 06:58:19.264,1.38645,1.3865,1.00,3.00
2014.07.07 06:58:19.720,1.38647,1.38652,1.00,2.55
2014.07.07 06:58:19.873,1.38648,1.38653,1.25,1.00
2014.07.07 06:58:20.378,1.38646,1.38652,1.57,1.13
2014.07.07 06:58:20.631,1.38646,1.3865,1.87,1.00
2014.07.07 06:58:20.683,1.38645,1.38649,2.97,1.00
2014.07.07 06:58:20.987,1.38643,1.3865,2.74,1.13
2014.07.07 06:58:21.290,1.38642,1.38649,1.25,2.44
2014.07.07 06:58:21.825,1.38641,1.38649,3.38,4.24
2014.07.07 06:58:22.132,1.38641,1.38644,1.00,1.50
2014.07.07 06:58:22.640,1.38637,1.38643,4.59,1.00
2014.07.07 06:58:22.691,1.38637,1.38643,2.07,1.00
2014.07.07 06:58:22.998,1.38636,1.38643,3.79,3.00
2014.07.07 06:58:23.522,1.38636,1.38643,2.29,2.82
2014.07.07 06:58:24.050,1.38635,1.38643,4.54,2.82
2014.07.07 06:58:24.462,1.38638,1.38644,1.00,1.24
2014.07.07 06:58:24.968,1.38638,1.38645,4.50,1.49
2014.07.07 06:58:26.413,1.38638,1.38645,1.69,1.93
2014.07.07 06:58:26.973,1.38638,1.38645,3.94,1.62
2014.07.07 06:58:28.039,1.38639,1.38646,1.88,1.99
2014.07.07 06:58:28.645,1.3864,1.38646,2.07,1.00
2014.07.07 06:58:28.746,1.38643,1.38649,1.88,1.99
2014.07.07 06:58:29.566,1.38642,1.38649,3.75,1.99
2014.07.07 06:58:29.667,1.38642,1.38649,3.38,1.69
2014.07.07 06:58:30.332,1.38643,1.3865,3.38,3.12
2014.07.07 06:58:30.433,1.38643,1.38649,1.50,1.63
2014.07.07 06:58:30.980,1.38642,1.38648,2.63,1.69
2014.07.07 06:58:31.031,1.38642,1.38648,1.50,2.93
2014.07.07 06:58:31.183,1.3864,1.38647,2.25,4.62
2014.07.07 06:58:31.689,1.38639,1.38645,2.07,1.00
2014.07.07 06:58:32.456,1.38639,1.38645,4.13,1.00
2014.07.07 06:58:33.877,1.38638,1.38645,4.69,1.00
2014.07.07 06:58:34.484,1.38639,1.38645,2.82,1.00
2014.07.07 06:58:34.787,1.38642,1.38649,1.69,1.62
2014.07.07 06:58:35.090,1.38643,1.38649,1.88,1.62
2014.07.07 06:58:35.617,1.38642,1.38649,1.82,3.12
2014.07.07 06:58:36.122,1.38642,1.38649,3.57,1.62
2014.07.07 06:58:36.660,1.38641,1.38648,3.19,2.63
2014.07.07 06:58:36.913,1.38641,1.38646,1.92,1.00
2014.07.07 06:58:37.216,1.38641,1.38648,1.92,3.19
2014.07.07 06:58:37.418,1.38641,1.38648,3.57,1.25
2014.07.07 06:58:37.722,1.38644,1.38649,5.07,1.00
2014.07.07 06:58:38.224,1.38644,1.38651,4.88,1.19
2014.07.07 06:58:38.326,1.38645,1.38651,1.00,1.19
2014.07.07 06:58:38.855,1.38645,1.38651,1.25,1.13
2014.07.07 06:58:39.288,1.38644,1.38651,5.07,1.00
2014.07.07 06:58:40.035,1.38645,1.38651,1.13,1.00
2014.07.07 06:58:40.587,1.38645,1.38651,1.25,1.00
2014.07.07 06:58:40.951,1.38646,1.38649,1.17,1.00
2014.07.07 06:58:41.205,1.38643,1.38648,1.32,1.00
2014.07.07 06:58:41.508,1.38642,1.3865,4.32,2.93
2014.07.07 06:58:42.301,1.38642,1.3865,4.32,3.12
2014.07.07 06:58:42.806,1.38643,1.38648,1.05,1.00
2014.07.07 06:58:43.311,1.38644,1.38648,1.30,1.50
2014.07.07 06:58:44.840,1.38641,1.38647,3.57,1.05
2014.07.07 06:58:44.941,1.3864,1.38646,5.25,2.25
2014.07.07 06:58:44.992,1.3864,1.38644,2.25,1.38
2014.07.07 06:58:45.043,1.38638,1.38644,1.25,1.38
2014.07.07 06:58:45.549,1.38638,1.38644,2.29,1.00
2014.07.07 06:58:46.135,1.38637,1.38644,2.82,1.88
2014.07.07 06:58:49.142,1.38636,1.38645,7.69,2.07
2014.07.07 06:58:49.752,1.38638,1.38645,1.00,2.07
2014.07.07 06:58:50.936,1.38639,1.38645,1.00,2.37
2014.07.07 06:58:53.107,1.38636,1.38644,5.82,2.07
2014.07.07 06:58:53.642,1.38636,1.38645,5.63,3.12
2014.07.07 06:58:53.744,1.38636,1.38643,3.38,1.32
2014.07.07 06:58:54.047,1.38635,1.38638,2.23,1.00
2014.07.07 06:58:54.200,1.38635,1.38638,1.50,2.18
2014.07.07 06:58:54.301,1.38632,1.38638,2.25,2.55
2014.07.07 06:58:55.113,1.38632,1.38636,1.63,1.00
2014.07.07 06:58:55.640,1.38632,1.38636,1.25,1.05
2014.07.07 06:58:56.263,1.38631,1.38636,1.32,1.05
2014.07.07 06:58:56.814,1.38631,1.38636,1.13,1.43
2014.07.07 06:58:57.381,1.38631,1.38637,1.13,2.37
2014.07.07 06:58:58.509,1.38631,1.38637,1.00,2.82
2014.07.07 06:59:00.645,1.38631,1.38637,1.54,1.38
2014.07.07 06:59:01.207,1.38631,1.38637,1.05,1.88
2014.07.07 06:59:01.728,1.3863,1.38636,6.57,1.00
2014.07.07 06:59:03.916,1.3863,1.38636,6.19,1.00
2014.07.07 06:59:04.945,1.3863,1.38636,6.04,1.00
2014.07.07 06:59:08.548,1.38632,1.38637,1.00,1.13
2014.07.07 06:59:09.068,1.38631,1.38637,1.69,3.38
2014.07.07 06:59:11.292,1.38631,1.38637,1.38,1.50
2014.07.07 06:59:11.797,1.38632,1.38639,1.43,4.32
2014.07.07 06:59:12.776,1.38632,1.38639,2.37,2.63
2014.07.07 06:59:13.080,1.38633,1.38637,1.00,1.00
2014.07.07 06:59:13.591,1.38632,1.38638,1.24,1.13
2014.07.07 06:59:14.096,1.38632,1.38638,1.25,1.13
2014.07.07 06:59:14.946,1.38632,1.38638,1.63,1.13
2014.07.07 06:59:15.646,1.38631,1.38638,4.62,1.13
2014.07.07 06:59:16.192,1.38631,1.38638,2.44,2.18
2014.07.07 06:59:17.016,1.38631,1.38638,1.25,4.62
2014.07.07 06:59:18.381,1.3863,1.38637,1.25,2.07
2014.07.07 06:59:18.957,1.3863,1.38637,1.82,2.07
2014.07.07 06:59:19.581,1.38631,1.38638,1.38,2.44
2014.07.07 06:59:20.090,1.38632,1.38639,2.63,4.24
2014.07.07 06:59:20.597,1.38632,1.38639,3.57,1.99
2014.07.07 06:59:20.699,1.38632,1.38639,2.44,3.49
2014.07.07 06:59:21.474,1.38632,1.38639,3.57,2.74
2014.07.07 06:59:22.179,1.38632,1.38639,2.07,2.74
2014.07.07 06:59:22.726,1.38632,1.38639,5.25,3.49
2014.07.07 06:59:23.237,1.38632,1.38639,5.25,3.49
2014.07.07 06:59:23.541,1.3863,1.38637,2.44,2.82
2014.07.07 06:59:23.693,1.38629,1.38637,6.57,3.87
2014.07.07 06:59:23.885,1.38629,1.38636,4.69,1.13
2014.07.07 06:59:24.688,1.3863,1.38636,1.82,1.13
2014.07.07 06:59:25.633,1.38629,1.38636,3.57,1.13
2014.07.07 06:59:25.884,1.3863,1.38636,1.25,1.13
2014.07.07 06:59:26.599,1.3863,1.38636,2.82,1.13
2014.07.07 06:59:26.806,1.3863,1.38636,1.69,1.13
2014.07.07 06:59:29.752,1.3863,1.38636,2.07,1.00
2014.07.07 06:59:30.128,1.38634,1.38636,1.00,1.00
2014.07.07 06:59:35.222,1.38633,1.38636,2.25,1.00
2014.07.07 06:59:35.475,1.3863,1.38636,2.63,1.00
2014.07.07 06:59:36.549,1.38631,1.38636,2.07,1.00
2014.07.07 06:59:37.175,1.3863,1.38636,3.94,1.00
2014.07.07 06:59:37.720,1.3863,1.38636,3.19,1.00
2014.07.07 06:59:38.334,1.38631,1.38636,1.00,1.00
2014.07.07 06:59:39.247,1.38632,1.38636,1.00,1.00
2014.07.07 06:59:39.399,1.38634,1.38636,1.32,1.00
2014.07.07 06:59:39.904,1.38631,1.38636,3.79,1.00
2014.07.07 06:59:40.688,1.38633,1.38636,3.19,1.00
2014.07.07 06:59:41.715,1.38631,1.38636,3.57,1.00
2014.07.07 06:59:42.625,1.38632,1.38637,1.57,1.00
2014.07.07 06:59:42.727,1.38634,1.38639,2.07,3.12
2014.07.07 06:59:43.252,1.38635,1.38639,1.50,2.37
2014.07.07 06:59:43.814,1.38634,1.38639,1.50,2.18
2014.07.07 06:59:44.372,1.38635,1.38639,1.50,2.18
2014.07.07 06:59:44.877,1.38634,1.38639,1.50,2.18
2014.07.07 06:59:45.224,1.38635,1.38639,1.88,1.43
2014.07.07 06:59:45.730,1.38637,1.3864,1.50,1.05
2014.07.07 06:59:46.486,1.38636,1.3864,1.50,1.13
2014.07.07 06:59:47.032,1.38637,1.3864,1.13,1.00
2014.07.07 06:59:47.595,1.38638,1.3864,1.00,1.00
2014.07.07 06:59:49.751,1.38638,1.38641,1.88,1.50
2014.07.07 06:59:49.903,1.3864,1.38643,1.32,1.88
2014.07.07 06:59:50.258,1.3864,1.38645,2.07,4.13
2014.07.07 06:59:51.024,1.38641,1.38645,1.13,3.38
2014.07.07 06:59:51.227,1.38643,1.38647,1.00,1.00
2014.07.07 06:59:51.330,1.38646,1.38648,1.50,1.25
2014.07.07 06:59:51.585,1.38646,1.3865,1.50,2.07
2014.07.07 06:59:51.939,1.38648,1.38651,1.00,1.50
2014.07.07 06:59:52.090,1.3865,1.38654,1.50,1.50
2014.07.07 06:59:52.837,1.3865,1.38653,1.50,1.00
2014.07.07 06:59:53.242,1.3865,1.38656,1.50,4.32
2014.07.07 06:59:53.763,1.38651,1.38656,1.50,2.44
2014.07.07 06:59:55.165,1.38648,1.38656,3.30,2.82
2014.07.07 06:59:56.320,1.38649,1.38655,3.75,1.00
2014.07.07 06:59:56.857,1.38647,1.38656,3.87,2.82
2014.07.07 06:59:57.925,1.38647,1.38656,3.75,2.82
2014.07.07 06:59:58.441,1.38647,1.38655,2.82,2.44
2014.07.07 06:59:58.718,1.38647,1.38653,1.69,1.50
2014.07.07 06:59:59.300,1.38645,1.38652,3.19,2.25
