2017.10.02 05:00:00.194,1.32865,1.32871,1.94,1.69
2017.10.02 05:00:00.297,1.32865,1.32872,2.19,1.87
2017.10.02 05:00:00.812,1.32865,1.32871,1.94,1.87
2017.10.02 05:00:01.336,1.32865,1.32872,1.31,3.79
2017.10.02 05:00:01.490,1.32867,1.32872,1.94,2.62
2017.10.02 05:00:01.846,1.32867,1.32872,1.25,1.19
2017.10.02 05:00:02.002,1.32867,1.32873,1.94,1.31
2017.10.02 05:00:02.260,1.32867,1.32873,1.25,2.06
2017.10.02 05:00:03.240,1.32864,1.32871,1.87,2.06
2017.10.02 05:00:03.394,1.32864,1.32869,1.69,1.25
2017.10.02 05:00:03.702,1.32862,1.32867,1.69,5.06
2017.10.02 05:00:05.222,1.32862,1.32867,1.12,1.25
2017.10.02 05:00:06.076,1.3286,1.32867,2.62,1.25
2017.10.02 05:00:07.805,1.32861,1.32867,1.31,2.06
2017.10.02 05:00:08.321,1.3286,1.32867,1.69,2.06
2017.10.02 05:00:09.255,1.32859,1.32867,2.44,2.06
2017.10.02 05:00:09.793,1.32861,1.32867,1.12,2.06
2017.10.02 05:00:10.556,1.3286,1.32867,2.44,2.44
2017.10.02 05:00:11.580,1.3286,1.32865,2.62,1.00
2017.10.02 05:00:12.103,1.3286,1.32865,1.44,1.00
2017.10.02 05:00:12.680,1.3286,1.32864,1.44,1.00
2017.10.02 05:00:13.990,1.32859,1.32864,1.31,1.00
2017.10.02 05:00:14.510,1.32859,1.32864,1.12,1.00
2017.10.02 05:00:14.861,1.32851,1.32858,1.87,1.25
2017.10.02 05:00:15.372,1.32851,1.32858,1.37,1.25
2017.10.02 05:00:15.907,1.32851,1.32858,1.37,1.25
2017.10.02 05:00:16.811,1.32849,1.32858,1.37,1.69
2017.10.02 05:00:17.254,1.3285,1.32856,1.87,1.00
2017.10.02 05:00:17.508,1.32848,1.32856,3.07,1.00
2017.10.02 05:00:18.017,1.32848,1.32856,3.00,1.00
2017.10.02 05:00:18.737,1.32848,1.32856,2.25,1.00
2017.10.02 05:00:19.889,1.32848,1.32856,2.25,1.00
2017.10.02 05:00:21.097,1.32848,1.32856,1.50,1.00
2017.10.02 05:00:21.990,1.32849,1.32856,1.87,1.00
2017.10.02 05:00:22.152,1.3285,1.32858,1.44,1.56
2017.10.02 05:00:22.459,1.32854,1.32862,1.37,1.69
2017.10.02 05:00:22.917,1.32855,1.32862,1.44,1.69
2017.10.02 05:00:23.807,1.32853,1.32862,3.75,1.69
2017.10.02 05:00:24.364,1.32853,1.32862,4.50,1.19
2017.10.02 05:00:25.405,1.32853,1.32862,2.25,1.56
2017.10.02 05:00:26.042,1.32853,1.32862,3.75,1.19
2017.10.02 05:00:27.128,1.32854,1.32862,1.87,1.69
2017.10.02 05:00:27.704,1.32853,1.32862,2.25,1.69
2017.10.02 05:00:27.807,1.32853,1.32862,2.25,2.06
2017.10.02 05:00:28.323,1.32853,1.32862,3.00,1.31
2017.10.02 05:00:28.864,1.32853,1.32862,3.75,2.06
2017.10.02 05:00:29.960,1.32853,1.32862,3.75,2.06
2017.10.02 05:00:30.500,1.32853,1.32862,3.00,2.06
2017.10.02 05:00:31.161,1.32853,1.32862,1.50,2.06
2017.10.02 05:00:31.678,1.32854,1.32862,1.37,2.06
2017.10.02 05:00:34.150,1.32854,1.32862,1.87,2.51
2017.10.02 05:00:34.252,1.32856,1.32862,1.19,1.19
2017.10.02 05:00:34.304,1.32857,1.32865,2.44,1.69
2017.10.02 05:00:34.820,1.32859,1.32865,1.00,2.44
2017.10.02 05:00:36.666,1.32858,1.3286,1.00,1.00
2017.10.02 05:00:36.769,1.32856,1.32862,1.00,3.19
2017.10.02 05:00:36.922,1.32855,1.32863,1.69,1.69
2017.10.02 05:00:37.025,1.32855,1.32863,1.69,1.19
2017.10.02 05:00:37.656,1.32857,1.32863,1.69,1.19
2017.10.02 05:00:37.709,1.32857,1.32865,1.37,3.84
2017.10.02 05:00:37.761,1.32857,1.32865,1.37,2.79
2017.10.02 05:00:38.069,1.32857,1.32865,1.37,3.47
2017.10.02 05:00:38.275,1.32862,1.32871,2.14,2.44
2017.10.02 05:00:38.326,1.32863,1.32871,2.51,1.19
2017.10.02 05:00:39.054,1.32864,1.32872,1.12,2.81
2017.10.02 05:00:39.746,1.32865,1.32872,1.50,2.44
2017.10.02 05:00:40.051,1.32865,1.32872,1.94,2.44
2017.10.02 05:00:40.291,1.32864,1.32872,1.12,1.19
2017.10.02 05:00:41.491,1.32863,1.3287,1.94,1.62
2017.10.02 05:00:42.417,1.32863,1.3287,1.94,1.62
2017.10.02 05:00:42.953,1.32863,1.32871,1.94,2.81
2017.10.02 05:00:44.354,1.32864,1.32872,1.12,2.81
2017.10.02 05:00:46.046,1.32863,1.3287,1.69,1.31
2017.10.02 05:00:47.555,1.32863,1.3287,1.69,2.06
2017.10.02 05:00:48.319,1.32863,1.32871,1.69,3.56
2017.10.02 05:00:48.474,1.32862,1.32869,2.44,1.37
2017.10.02 05:00:48.992,1.32862,1.32869,2.44,1.37
2017.10.02 05:00:49.246,1.32862,1.32871,3.19,4.31
2017.10.02 05:00:49.947,1.32863,1.3287,1.94,1.62
2017.10.02 05:00:51.478,1.32863,1.32871,1.31,3.56
2017.10.02 05:00:53.910,1.32863,1.32871,1.31,2.81
2017.10.02 05:00:56.812,1.32862,1.32871,2.19,3.56
2017.10.02 05:01:00.173,1.32863,1.3287,1.37,1.31
2017.10.02 05:01:04.234,1.32862,1.32871,1.12,3.64
2017.10.02 05:01:04.745,1.32863,1.32871,1.50,6.26
2017.10.02 05:01:05.524,1.32862,1.32871,1.69,6.26
2017.10.02 05:01:06.227,1.32863,1.32871,1.50,6.26
2017.10.02 05:01:07.055,1.32863,1.3287,1.31,1.31
2017.10.02 05:01:07.571,1.32862,1.3287,2.44,1.31
2017.10.02 05:01:08.230,1.32863,1.3287,1.50,2.06
2017.10.02 05:01:10.103,1.32862,1.3287,1.31,2.44
2017.10.02 05:01:13.152,1.32862,1.3287,1.31,1.69
2017.10.02 05:01:13.970,1.32861,1.3287,2.04,2.44
2017.10.02 05:01:14.703,1.32861,1.3287,2.51,3.19
2017.10.02 05:01:21.765,1.32864,1.3287,1.94,3.94
2017.10.02 05:01:21.817,1.32864,1.3287,1.94,2.81
2017.10.02 05:01:23.790,1.32864,1.3287,1.94,1.25
2017.10.02 05:01:26.348,1.32865,1.32871,1.94,1.69
2017.10.02 05:01:30.095,1.32864,1.32871,1.75,4.31
2017.10.02 05:01:30.392,1.32862,1.3287,3.00,1.85
2017.10.02 05:01:30.444,1.32866,1.32871,1.25,1.76
2017.10.02 05:01:30.648,1.32862,1.3287,1.12,2.06
2017.10.02 05:01:30.750,1.32862,1.3287,2.62,1.62
2017.10.02 05:01:31.282,1.32864,1.32869,1.12,1.19
2017.10.02 05:01:32.055,1.32863,1.3287,1.00,2.44
2017.10.02 05:01:32.384,1.32863,1.3287,1.56,2.06
2017.10.02 05:01:32.538,1.32867,1.32873,1.37,1.31
2017.10.02 05:01:33.064,1.32867,1.32875,1.56,3.56
2017.10.02 05:01:34.341,1.32868,1.32875,2.06,2.81
2017.10.02 05:01:34.392,1.32868,1.32876,2.25,2.14
2017.10.02 05:01:34.974,1.32869,1.32875,1.37,1.00
2017.10.02 05:01:35.026,1.32869,1.32875,1.81,1.00
2017.10.02 05:01:35.780,1.32869,1.32877,1.81,2.51
2017.10.02 05:01:36.091,1.3287,1.32875,1.56,1.12
2017.10.02 05:01:36.550,1.32869,1.32876,2.81,1.39
2017.10.02 05:01:36.602,1.3287,1.32877,1.50,6.64
2017.10.02 05:01:36.705,1.3287,1.32877,1.19,1.39
2017.10.02 05:01:37.214,1.32869,1.32877,1.44,1.57
2017.10.02 05:01:39.995,1.32868,1.32875,1.69,1.50
2017.10.02 05:01:40.199,1.32867,1.32874,2.44,1.44
2017.10.02 05:01:40.737,1.32866,1.32872,1.19,2.25
2017.10.02 05:01:40.840,1.32864,1.32872,2.81,1.50
2017.10.02 05:01:41.106,1.32863,1.32872,3.26,2.62
2017.10.02 05:01:41.157,1.32863,1.32872,3.64,2.81
2017.10.02 05:01:41.797,1.32865,1.32872,2.06,1.25
2017.10.02 05:01:42.636,1.32865,1.32872,2.25,1.25
2017.10.02 05:01:43.204,1.32867,1.32874,1.87,2.44
2017.10.02 05:01:46.818,1.32869,1.32873,1.00,1.19
2017.10.02 05:01:47.520,1.32866,1.32873,1.50,1.19
2017.10.02 05:01:47.572,1.32866,1.32873,1.25,1.19
2017.10.02 05:01:48.088,1.32866,1.32873,1.19,2.06
2017.10.02 05:01:48.639,1.32866,1.32873,1.19,1.19
2017.10.02 05:01:49.979,1.32866,1.32874,1.75,3.56
2017.10.02 05:01:50.081,1.32866,1.32874,1.19,2.62
2017.10.02 05:01:50.585,1.32866,1.32874,1.12,2.44
2017.10.02 05:01:51.420,1.32866,1.32874,1.87,1.69
2017.10.02 05:01:52.128,1.32866,1.32874,2.25,2.44
2017.10.02 05:01:54.084,1.32866,1.32874,2.25,1.69
2017.10.02 05:01:54.975,1.32867,1.32874,1.31,2.81
2017.10.02 05:01:55.503,1.32868,1.32875,1.37,2.06
2017.10.02 05:01:56.034,1.32866,1.32875,1.37,4.72
2017.10.02 05:01:59.675,1.32868,1.32875,1.44,2.29
2017.10.02 05:02:00.456,1.32868,1.32875,1.56,2.66
2017.10.02 05:02:00.825,1.32868,1.32875,1.50,2.66
2017.10.02 05:02:01.404,1.32868,1.32875,1.19,2.85
2017.10.02 05:02:06.194,1.32868,1.32875,1.50,2.36
2017.10.02 05:02:07.459,1.32868,1.32875,1.12,2.29
2017.10.02 05:02:08.656,1.32868,1.32875,1.87,2.29
2017.10.02 05:02:09.213,1.32869,1.32875,1.19,2.29
2017.10.02 05:02:09.859,1.32868,1.32875,1.37,3.04
2017.10.02 05:02:11.054,1.32868,1.32875,1.31,2.29
2017.10.02 05:02:12.138,1.32868,1.32876,2.25,4.16
2017.10.02 05:02:12.673,1.32868,1.32876,1.31,2.74
2017.10.02 05:02:13.459,1.32868,1.32876,1.62,1.54
2017.10.02 05:02:14.158,1.3287,1.32875,1.25,1.00
2017.10.02 05:02:14.674,1.32869,1.32876,1.12,1.95
2017.10.02 05:02:14.726,1.32868,1.32876,3.19,1.76
2017.10.02 05:02:14.828,1.32868,1.32875,2.06,1.00
2017.10.02 05:02:15.430,1.32868,1.32874,2.06,1.00
2017.10.02 05:02:17.553,1.32868,1.32874,1.00,1.81
2017.10.02 05:02:19.268,1.32868,1.32874,1.19,1.31
2017.10.02 05:02:19.421,1.32868,1.32875,1.37,1.12
2017.10.02 05:02:19.945,1.32868,1.32875,1.37,2.25
2017.10.02 05:02:20.449,1.32868,1.32875,1.44,2.66
2017.10.02 05:02:20.552,1.3287,1.32875,1.00,2.66
2017.10.02 05:02:21.435,1.32871,1.32876,1.00,2.06
2017.10.02 05:02:21.486,1.32873,1.32877,1.00,2.14
2017.10.02 05:02:25.381,1.32876,1.32877,1.00,1.25
2017.10.02 05:02:25.535,1.32876,1.32881,1.25,2.06
2017.10.02 05:02:25.587,1.32878,1.32881,1.00,1.69
2017.10.02 05:02:25.640,1.32878,1.32883,1.25,1.44
2017.10.02 05:02:25.692,1.3288,1.32884,1.00,1.31
2017.10.02 05:02:25.845,1.3288,1.32885,1.00,1.12
2017.10.02 05:02:26.357,1.3288,1.32886,1.31,1.25
2017.10.02 05:02:26.554,1.32883,1.32889,2.25,1.66
2017.10.02 05:02:26.657,1.32884,1.3289,1.69,1.25
2017.10.02 05:02:27.691,1.32883,1.3289,2.06,1.69
2017.10.02 05:02:29.069,1.32883,1.3289,1.69,2.44
2017.10.02 05:02:29.789,1.32883,1.3289,1.25,3.19
2017.10.02 05:02:30.414,1.32883,1.3289,1.00,5.32
2017.10.02 05:02:32.723,1.32883,1.3289,1.25,2.14
2017.10.02 05:02:33.140,1.32882,1.32889,2.25,7.39
2017.10.02 05:02:33.607,1.32882,1.32888,1.00,3.64
2017.10.02 05:02:34.228,1.32881,1.32886,1.00,1.00
2017.10.02 05:02:34.779,1.32881,1.32887,1.00,1.76
2017.10.02 05:02:37.258,1.32878,1.32884,1.25,4.35
2017.10.02 05:02:37.360,1.32875,1.32884,2.44,1.76
2017.10.02 05:02:38.656,1.32878,1.32884,1.25,4.76
2017.10.02 05:02:47.310,1.32878,1.32884,1.19,1.76
2017.10.02 05:02:47.821,1.32878,1.32883,1.00,1.29
2017.10.02 05:02:50.829,1.32876,1.32883,1.87,1.29
2017.10.02 05:02:51.687,1.32876,1.32882,1.31,1.39
2017.10.02 05:02:52.754,1.32876,1.32882,1.19,1.39
2017.10.02 05:02:54.355,1.32876,1.32882,1.00,1.76
2017.10.02 05:02:54.510,1.32874,1.3288,1.25,1.31
2017.10.02 05:02:54.561,1.32871,1.32876,1.12,1.00
2017.10.02 05:02:54.715,1.32868,1.32874,1.25,1.12
2017.10.02 05:02:55.231,1.32868,1.32874,1.12,1.76
2017.10.02 05:02:57.940,1.32868,1.32872,1.00,1.00
2017.10.02 05:03:00.378,1.32868,1.32871,1.00,1.00
2017.10.02 05:03:23.909,1.32868,1.32873,1.00,1.50
2017.10.02 05:03:26.567,1.3287,1.32873,1.00,1.19
2017.10.02 05:03:26.618,1.3287,1.32875,1.25,1.87
2017.10.02 05:03:27.154,1.3287,1.32873,1.00,1.00
2017.10.02 05:03:32.832,1.3287,1.32873,1.00,1.19
2017.10.02 05:03:33.737,1.32868,1.32872,1.00,1.44
2017.10.02 05:03:33.788,1.32867,1.32871,1.00,1.81
2017.10.02 05:03:34.199,1.32865,1.3287,1.25,1.37
2017.10.02 05:03:34.251,1.32868,1.32871,1.00,1.56
2017.10.02 05:03:41.930,1.32869,1.32872,1.00,3.56
2017.10.02 05:03:42.033,1.3287,1.32874,1.00,1.69
2017.10.02 05:03:42.571,1.3287,1.32874,1.00,1.25
2017.10.02 05:03:43.111,1.3287,1.32874,1.00,1.19
2017.10.02 05:03:45.486,1.3287,1.32875,1.69,1.25
2017.10.02 05:03:46.576,1.3287,1.32875,1.69,1.25
2017.10.02 05:03:46.729,1.32874,1.32877,1.00,1.00
2017.10.02 05:03:47.097,1.32876,1.3288,1.00,1.87
2017.10.02 05:03:48.347,1.32877,1.3288,1.00,1.37
2017.10.02 05:03:48.450,1.32877,1.32881,1.00,1.50
2017.10.02 05:03:51.464,1.32875,1.32881,1.19,1.44
2017.10.02 05:03:52.091,1.32875,1.32883,1.87,3.94
2017.10.02 05:03:52.246,1.32874,1.32879,1.25,2.44
2017.10.02 05:03:52.553,1.32872,1.32878,1.00,2.44
2017.10.02 05:03:54.194,1.32872,1.32877,1.25,1.12
2017.10.02 05:03:54.823,1.32872,1.32878,1.19,1.69
2017.10.02 05:03:55.531,1.32872,1.32878,1.19,1.19
2017.10.02 05:03:56.662,1.32872,1.32878,1.25,1.19
2017.10.02 05:03:56.971,1.32872,1.32876,1.00,1.87
2017.10.02 05:03:58.917,1.32872,1.32874,1.00,1.50
2017.10.02 05:03:59.275,1.3287,1.32874,1.00,1.44
2017.10.02 05:04:12.908,1.32868,1.32872,1.00,1.19
2017.10.02 05:04:13.010,1.32868,1.32873,1.10,1.00
2017.10.02 05:04:13.516,1.32869,1.32874,1.00,1.37
2017.10.02 05:04:14.026,1.32868,1.32872,1.00,1.25
2017.10.02 05:04:14.707,1.32868,1.32871,1.00,1.69
2017.10.02 05:04:15.513,1.32868,1.32871,1.00,1.87
2017.10.02 05:04:17.425,1.3287,1.32873,1.00,1.81
2017.10.02 05:04:17.957,1.32869,1.32873,1.01,1.69
2017.10.02 05:04:18.494,1.32869,1.32873,1.00,1.44
2017.10.02 05:04:19.477,1.32869,1.32873,1.00,1.69
2017.10.02 05:04:20.573,1.32869,1.32873,1.00,1.12
2017.10.02 05:04:21.906,1.32869,1.32873,1.00,1.50
2017.10.02 05:04:23.113,1.32869,1.32873,1.00,1.12
2017.10.02 05:04:24.406,1.32869,1.32873,1.00,1.50
2017.10.02 05:04:26.758,1.32871,1.32874,1.00,1.87
2017.10.02 05:04:27.076,1.3287,1.32874,1.00,2.00
2017.10.02 05:04:27.617,1.32871,1.32874,1.00,1.69
2017.10.02 05:04:29.109,1.32871,1.32874,1.00,1.44
2017.10.02 05:04:30.063,1.32871,1.32875,1.00,1.87
2017.10.02 05:04:30.220,1.32875,1.32877,1.00,1.19
2017.10.02 05:04:30.272,1.32873,1.32877,1.25,1.69
2017.10.02 05:04:30.324,1.32873,1.32877,1.00,1.50
2017.10.02 05:04:30.545,1.32876,1.3288,1.00,1.31
2017.10.02 05:04:30.596,1.32876,1.3288,1.00,1.00
2017.10.02 05:04:31.878,1.32876,1.32881,1.00,1.69
2017.10.02 05:04:32.319,1.32876,1.32879,1.00,1.00
2017.10.02 05:04:32.475,1.32873,1.32878,1.39,1.00
2017.10.02 05:04:32.680,1.32871,1.32878,2.14,1.12
2017.10.02 05:04:32.833,1.32874,1.32877,1.00,1.50
2017.10.02 05:04:33.343,1.32875,1.32878,1.00,1.50
2017.10.02 05:04:34.805,1.32875,1.32879,1.00,2.25
2017.10.02 05:04:36.864,1.32875,1.32879,1.00,2.25
2017.10.02 05:04:40.543,1.32878,1.32881,1.00,1.25
2017.10.02 05:04:41.854,1.32878,1.32883,1.00,1.25
2017.10.02 05:04:42.867,1.32876,1.32882,1.69,1.00
2017.10.02 05:04:43.275,1.32875,1.3288,2.06,1.00
2017.10.02 05:04:43.326,1.32875,1.3288,2.06,1.00
2017.10.02 05:04:43.902,1.32875,1.3288,1.87,1.69
2017.10.02 05:04:44.714,1.32877,1.32881,1.00,1.19
2017.10.02 05:04:45.850,1.32877,1.3288,1.00,1.44
2017.10.02 05:04:47.146,1.32877,1.3288,1.00,1.69
2017.10.02 05:04:49.789,1.32877,1.3288,1.00,1.50
2017.10.02 05:04:49.841,1.32874,1.32879,1.25,1.19
2017.10.02 05:04:51.651,1.32874,1.32879,1.00,2.25
2017.10.02 05:04:51.753,1.3287,1.32876,1.37,1.00
2017.10.02 05:04:51.906,1.3287,1.32877,1.25,1.69
2017.10.02 05:04:52.059,1.32873,1.32877,1.00,1.87
2017.10.02 05:04:52.865,1.32873,1.32878,1.00,2.25
2017.10.02 05:04:54.104,1.32873,1.32878,1.00,2.25
2017.10.02 05:04:54.613,1.32873,1.32878,1.00,2.25
2017.10.02 05:04:54.942,1.32873,1.32876,1.25,1.00
2017.10.02 05:04:55.883,1.3287,1.32875,1.44,1.25
2017.10.02 05:04:56.407,1.3287,1.32875,1.25,1.25
2017.10.02 05:04:57.607,1.3287,1.32875,1.25,2.44
2017.10.02 05:04:58.594,1.3287,1.32875,1.12,2.44
2017.10.02 05:04:59.237,1.32872,1.32875,1.00,1.00
2017.10.02 05:04:59.574,1.32876,1.32881,1.00,5.81
2017.10.02 05:04:59.881,1.32876,1.32879,1.00,1.19
2017.10.02 05:04:59.985,1.32874,1.32879,1.00,1.50
2017.10.02 05:05:00.192,1.32873,1.32876,1.00,1.25
2017.10.02 05:05:00.704,1.32873,1.32875,1.00,1.31
2017.10.02 05:05:01.684,1.32872,1.32875,1.00,1.50
2017.10.02 05:05:03.910,1.32875,1.32878,1.00,1.19
2017.10.02 05:05:05.558,1.32876,1.32879,1.00,1.69
2017.10.02 05:05:06.633,1.32876,1.3288,1.00,1.69
2017.10.02 05:05:10.473,1.32876,1.32878,1.00,1.00
2017.10.02 05:05:10.575,1.32873,1.32878,1.00,1.47
2017.10.02 05:05:10.628,1.32871,1.32876,1.25,1.87
2017.10.02 05:05:10.679,1.32871,1.32876,1.00,1.89
2017.10.02 05:05:10.730,1.32869,1.32874,1.25,1.01
2017.10.02 05:05:11.918,1.32869,1.32874,1.00,1.57
2017.10.02 05:05:16.912,1.32869,1.32873,1.00,2.06
2017.10.02 05:05:17.428,1.3287,1.32874,1.00,1.50
2017.10.02 05:05:17.835,1.32869,1.3287,1.00,1.00
2017.10.02 05:05:17.887,1.3287,1.32873,1.00,1.81
2017.10.02 05:05:18.849,1.3287,1.32873,1.00,1.12
2017.10.02 05:05:22.704,1.3287,1.32875,1.25,2.06
2017.10.02 05:05:22.756,1.3287,1.32874,1.00,1.44
2017.10.02 05:05:22.859,1.32867,1.32871,1.00,1.69
2017.10.02 05:05:22.910,1.32865,1.32871,1.25,1.25
2017.10.02 05:05:23.170,1.32865,1.3287,1.00,1.81
2017.10.02 05:05:23.680,1.32863,1.32869,1.19,2.06
2017.10.02 05:05:24.295,1.32863,1.32869,1.19,1.69
2017.10.02 05:05:24.988,1.32863,1.32869,1.19,1.19
2017.10.02 05:05:25.515,1.32863,1.32868,1.00,1.19
2017.10.02 05:05:26.922,1.32865,1.32868,1.00,1.19
2017.10.02 05:05:27.026,1.32871,1.32874,1.00,1.12
2017.10.02 05:05:27.545,1.3287,1.32873,1.00,1.00
2017.10.02 05:05:28.765,1.3287,1.32874,1.00,1.25
2017.10.02 05:05:34.203,1.32872,1.32876,1.00,2.62
2017.10.02 05:05:35.560,1.32872,1.32874,1.00,1.00
2017.10.02 05:05:36.402,1.32871,1.32874,1.00,1.31
2017.10.02 05:05:38.772,1.32872,1.32874,1.00,1.25
2017.10.02 05:05:39.557,1.32872,1.32875,1.00,1.87
2017.10.02 05:05:41.458,1.32873,1.32875,1.00,1.69
2017.10.02 05:05:41.878,1.32871,1.32876,1.25,1.19
2017.10.02 05:05:41.930,1.3287,1.32875,1.25,2.62
2017.10.02 05:05:42.085,1.32868,1.32873,1.12,2.25
2017.10.02 05:05:42.241,1.32868,1.32872,1.25,1.69
2017.10.02 05:05:42.344,1.32869,1.32874,1.25,2.62
2017.10.02 05:05:42.802,1.32868,1.32872,1.00,1.69
2017.10.02 05:05:43.682,1.32867,1.3287,1.00,1.62
2017.10.02 05:05:43.733,1.32866,1.3287,1.00,1.31
2017.10.02 05:05:44.244,1.32866,1.32871,1.00,1.19
2017.10.02 05:05:45.095,1.32867,1.32871,1.00,1.19
2017.10.02 05:05:47.649,1.32869,1.32872,1.00,2.62
2017.10.02 05:05:47.802,1.3287,1.32873,1.00,1.12
2017.10.02 05:05:51.770,1.32869,1.32872,1.00,1.31
2017.10.02 05:05:51.821,1.32868,1.32872,1.00,1.31
2017.10.02 05:05:51.873,1.32866,1.32871,1.25,1.19
2017.10.02 05:05:52.179,1.32866,1.32869,1.00,1.19
2017.10.02 05:05:52.281,1.32863,1.32869,1.25,5.62
2017.10.02 05:05:52.413,1.32863,1.32868,1.00,1.75
2017.10.02 05:05:53.009,1.32863,1.32869,1.25,2.62
2017.10.02 05:05:53.717,1.32863,1.32868,1.19,1.44
2017.10.02 05:05:54.212,1.32862,1.32866,1.00,2.25
2017.10.02 05:05:54.804,1.32862,1.32866,1.00,2.25
2017.10.02 05:05:56.536,1.3286,1.32864,1.00,1.81
2017.10.02 05:05:56.943,1.32858,1.32863,1.00,3.19
2017.10.02 05:05:57.046,1.32855,1.32862,1.25,1.76
2017.10.02 05:05:57.866,1.32855,1.32857,1.00,1.00
2017.10.02 05:05:58.022,1.32852,1.32857,1.44,1.25
2017.10.02 05:05:58.175,1.3285,1.32856,2.62,1.19
2017.10.02 05:05:58.380,1.32857,1.32862,1.12,1.25
2017.10.02 05:05:58.482,1.32858,1.32864,1.19,2.06
2017.10.02 05:05:58.996,1.32858,1.32864,1.19,1.19
2017.10.02 05:05:59.531,1.32858,1.32864,1.25,1.19
2017.10.02 05:06:01.069,1.32857,1.32863,1.12,1.44
2017.10.02 05:06:01.427,1.32859,1.32864,1.00,1.37
2017.10.02 05:06:02.728,1.32858,1.32864,1.19,1.19
2017.10.02 05:06:02.831,1.32858,1.32866,1.44,1.44
2017.10.02 05:06:03.076,1.32858,1.32866,1.44,1.57
2017.10.02 05:06:04.154,1.32859,1.32866,1.25,1.50
2017.10.02 05:06:04.675,1.3286,1.32866,1.25,1.50
2017.10.02 05:06:05.290,1.32857,1.32864,1.62,1.12
2017.10.02 05:06:05.342,1.32857,1.32865,1.31,3.56
2017.10.02 05:06:05.639,1.32857,1.32863,1.44,2.00
2017.10.02 05:06:06.148,1.32857,1.32864,1.12,3.19
2017.10.02 05:06:06.671,1.32857,1.32863,1.44,2.44
2017.10.02 05:06:07.003,1.32855,1.32861,1.25,1.12
2017.10.02 05:06:07.055,1.32854,1.32861,1.44,1.75
2017.10.02 05:06:07.106,1.32856,1.32862,1.00,2.14
2017.10.02 05:06:07.386,1.32856,1.32863,1.19,1.69
2017.10.02 05:06:08.192,1.32857,1.32863,1.25,2.44
2017.10.02 05:06:11.397,1.32857,1.32863,1.25,1.87
2017.10.02 05:06:14.304,1.32857,1.32863,1.19,1.87
2017.10.02 05:06:16.064,1.32858,1.32862,1.19,1.25
2017.10.02 05:06:16.575,1.32858,1.32863,1.00,1.44
2017.10.02 05:06:23.301,1.32858,1.32864,1.00,1.50
2017.10.02 05:06:23.606,1.32858,1.32862,1.00,1.19
2017.10.02 05:06:25.590,1.32858,1.32864,1.44,1.50
2017.10.02 05:06:26.497,1.32858,1.32864,1.12,1.44
2017.10.02 05:06:28.661,1.32858,1.32864,1.44,1.44
2017.10.02 05:06:30.317,1.3286,1.32864,1.72,1.19
2017.10.02 05:06:30.368,1.32863,1.32868,1.25,1.69
2017.10.02 05:06:30.420,1.32863,1.3287,1.25,3.00
2017.10.02 05:06:30.471,1.32863,1.3287,1.19,3.00
2017.10.02 05:06:30.782,1.3286,1.32864,1.19,1.19
2017.10.02 05:06:31.140,1.32861,1.32866,1.00,1.31
2017.10.02 05:06:33.100,1.32861,1.32867,1.19,1.87
2017.10.02 05:06:33.829,1.32861,1.32867,1.25,1.87
2017.10.02 05:06:33.882,1.32863,1.32867,1.50,1.19
2017.10.02 05:06:34.035,1.32867,1.32873,1.00,3.07
2017.10.02 05:06:34.582,1.32869,1.32873,1.00,2.25
2017.10.02 05:06:34.788,1.32867,1.32872,1.00,1.37
2017.10.02 05:06:34.839,1.32866,1.32869,1.25,1.00
2017.10.02 05:06:35.381,1.32866,1.3287,1.00,1.25
2017.10.02 05:06:36.612,1.32866,1.3287,1.00,1.44
2017.10.02 05:06:37.448,1.32867,1.32871,1.00,1.50
2017.10.02 05:06:37.989,1.32866,1.3287,1.25,1.20
2017.10.02 05:06:39.523,1.32866,1.32869,1.00,1.00
2017.10.02 05:06:39.880,1.32864,1.32869,1.00,2.25
2017.10.02 05:06:40.237,1.32863,1.32865,1.00,1.50
2017.10.02 05:06:40.746,1.32863,1.32866,1.00,1.19
2017.10.02 05:06:40.901,1.32867,1.32871,1.00,2.32
2017.10.02 05:06:42.354,1.32865,1.32871,1.37,1.19
2017.10.02 05:06:42.915,1.32868,1.32871,1.00,1.19
2017.10.02 05:06:43.795,1.32868,1.32873,1.00,1.95
2017.10.02 05:06:45.244,1.32868,1.32872,1.00,1.95
2017.10.02 05:06:45.298,1.32866,1.32871,1.25,1.19
2017.10.02 05:06:45.913,1.32866,1.32869,1.00,1.00
2017.10.02 05:06:47.067,1.32866,1.3287,1.00,1.57
2017.10.02 05:06:49.671,1.32866,1.32869,1.00,1.69
2017.10.02 05:06:50.180,1.32866,1.32868,1.00,1.69
2017.10.02 05:06:53.674,1.32866,1.32869,1.00,1.69
2017.10.02 05:06:54.132,1.32866,1.3287,1.00,1.10
2017.10.02 05:06:54.437,1.32866,1.3287,1.00,1.82
2017.10.02 05:06:55.125,1.32865,1.32868,1.00,1.76
2017.10.02 05:06:57.160,1.32866,1.32868,1.00,1.25
2017.10.02 05:07:00.024,1.32866,1.32868,1.00,1.69
2017.10.02 05:07:00.329,1.32862,1.32868,4.69,2.62
2017.10.02 05:07:00.931,1.32862,1.32868,9.19,1.87
2017.10.02 05:07:01.496,1.32862,1.32868,15.19,2.62
2017.10.02 05:07:04.942,1.32865,1.32867,1.00,1.25
2017.10.02 05:07:05.496,1.32866,1.32869,1.00,1.39
2017.10.02 05:07:06.031,1.32866,1.3287,1.00,1.47
2017.10.02 05:07:09.340,1.32866,1.32869,1.00,1.31
2017.10.02 05:07:09.644,1.32868,1.3287,1.00,1.12
2017.10.02 05:07:16.815,1.32868,1.32871,1.00,1.20
2017.10.02 05:07:17.019,1.32875,1.32877,1.00,1.18
2017.10.02 05:07:18.540,1.32874,1.32876,1.00,1.00
2017.10.02 05:07:19.087,1.32874,1.32877,1.00,2.06
2017.10.02 05:07:19.139,1.32872,1.32877,1.50,1.55
2017.10.02 05:07:19.191,1.32875,1.32877,1.00,1.18
2017.10.02 05:07:19.717,1.32876,1.32879,1.00,1.93
2017.10.02 05:07:19.921,1.32875,1.3288,1.00,1.15
2017.10.02 05:07:26.107,1.32877,1.32881,1.00,1.57
2017.10.02 05:07:34.778,1.32877,1.3288,1.00,1.20
2017.10.02 05:07:48.406,1.32877,1.32881,1.00,3.30
2017.10.02 05:07:49.137,1.32876,1.3288,1.00,1.85
2017.10.02 05:07:53.696,1.32874,1.32877,1.00,1.70
2017.10.02 05:07:53.748,1.32872,1.32876,1.00,4.39
2017.10.02 05:07:53.850,1.3287,1.32874,1.00,2.44
2017.10.02 05:07:54.004,1.32867,1.32869,1.00,1.25
2017.10.02 05:07:54.123,1.32866,1.32867,1.00,1.25
2017.10.02 05:07:54.632,1.32866,1.32869,1.00,2.32
2017.10.02 05:07:55.142,1.32865,1.32869,1.00,2.32
2017.10.02 05:07:55.601,1.32863,1.32868,1.00,3.45
2017.10.02 05:07:55.872,1.32863,1.32869,3.75,1.19
2017.10.02 05:07:55.924,1.32868,1.32873,1.00,4.39
2017.10.02 05:08:03.746,1.32868,1.32873,1.19,1.95
2017.10.02 05:08:03.993,1.32868,1.32873,1.19,1.01
2017.10.02 05:08:04.948,1.32868,1.32873,1.25,2.14
2017.10.02 05:08:05.707,1.32868,1.32873,1.00,2.70
2017.10.02 05:08:06.013,1.32868,1.32872,1.00,1.57
2017.10.02 05:08:09.123,1.32868,1.32872,1.00,1.89
2017.10.02 05:08:09.787,1.32868,1.32872,1.00,2.32
2017.10.02 05:08:10.340,1.32867,1.32871,1.00,2.04
2017.10.02 05:08:17.361,1.32868,1.32872,1.00,1.76
2017.10.02 05:08:17.930,1.32868,1.32872,1.00,1.82
2017.10.02 05:08:18.792,1.32868,1.32872,1.00,1.95
2017.10.02 05:08:19.997,1.32868,1.32872,1.00,1.20
2017.10.02 05:08:20.515,1.32868,1.32871,1.00,1.69
2017.10.02 05:08:22.993,1.32868,1.32871,1.00,1.64
2017.10.02 05:08:23.543,1.32869,1.32872,1.00,1.95
2017.10.02 05:08:24.708,1.32868,1.3287,1.00,1.32
2017.10.02 05:08:24.811,1.32869,1.32872,1.00,1.57
2017.10.02 05:08:30.376,1.32867,1.3287,1.00,1.31
2017.10.02 05:08:30.888,1.32866,1.32869,1.00,1.50
2017.10.02 05:08:32.305,1.32866,1.32869,1.00,1.87
2017.10.02 05:08:35.403,1.32865,1.32868,1.00,1.39
2017.10.02 05:08:35.606,1.32866,1.32869,1.00,1.64
2017.10.02 05:08:36.408,1.32865,1.32867,1.00,1.00
2017.10.02 05:08:37.261,1.32865,1.32868,1.00,1.76
2017.10.02 05:08:39.526,1.32866,1.32869,1.00,1.50
2017.10.02 05:08:40.917,1.32866,1.32872,1.00,1.19
2017.10.02 05:08:43.320,1.32867,1.32872,1.25,1.19
2017.10.02 05:08:43.502,1.32867,1.32872,1.50,1.19
2017.10.02 05:08:45.593,1.32867,1.32872,1.87,1.19
2017.10.02 05:08:53.609,1.32867,1.32872,1.50,1.19
2017.10.02 05:08:55.918,1.32867,1.32872,2.06,1.19
2017.10.02 05:08:56.020,1.32868,1.32875,1.50,1.99
2017.10.02 05:09:26.617,1.32869,1.32874,1.25,1.29
2017.10.02 05:09:33.386,1.32869,1.32875,1.19,2.89
2017.10.02 05:09:33.488,1.32872,1.32876,1.25,1.29
2017.10.02 05:09:33.591,1.32872,1.32877,1.25,1.01
2017.10.02 05:09:38.386,1.32877,1.3288,1.00,2.51
2017.10.02 05:09:38.590,1.3288,1.32885,1.00,3.49
2017.10.02 05:09:41.284,1.32882,1.32886,1.00,3.07
2017.10.02 05:09:41.387,1.32882,1.3289,1.44,4.01
2017.10.02 05:09:41.591,1.32878,1.32883,1.69,1.19
2017.10.02 05:09:41.694,1.32874,1.32882,4.31,1.05
2017.10.02 05:09:41.745,1.32874,1.32881,2.81,1.19
2017.10.02 05:09:42.269,1.32874,1.3288,1.81,1.39
2017.10.02 05:09:42.538,1.32874,1.3288,1.44,1.39
2017.10.02 05:09:44.277,1.32874,1.32881,1.44,1.76
2017.10.02 05:09:45.372,1.32874,1.3288,1.25,1.10
2017.10.02 05:09:45.876,1.32874,1.32881,1.25,2.55
2017.10.02 05:09:46.282,1.32874,1.32879,1.00,1.95
2017.10.02 05:09:46.796,1.32873,1.32877,1.00,1.50
2017.10.02 05:09:50.736,1.32872,1.32876,1.00,1.50
2017.10.02 05:09:51.068,1.32869,1.32874,1.00,2.06
2017.10.02 05:09:54.720,1.3287,1.32874,1.00,1.81
2017.10.02 05:09:55.026,1.32873,1.32875,1.00,1.00
2017.10.02 05:09:55.362,1.32872,1.32875,1.00,1.00
2017.10.02 05:09:55.943,1.32873,1.32875,1.00,1.00
2017.10.02 05:09:56.728,1.32873,1.32876,1.00,1.31
2017.10.02 05:09:59.357,1.32873,1.32878,1.00,2.32
2017.10.02 05:09:59.669,1.32874,1.32877,1.00,1.29
2017.10.02 05:10:00.225,1.32875,1.32877,1.00,1.00
2017.10.02 05:10:01.730,1.32875,1.32878,1.00,1.20
2017.10.02 05:10:02.677,1.32875,1.32878,1.00,1.12
2017.10.02 05:10:04.052,1.32876,1.32879,1.00,1.57
2017.10.02 05:10:06.030,1.32877,1.32881,1.50,1.25
2017.10.02 05:10:06.081,1.32882,1.32885,1.00,1.19
2017.10.02 05:10:06.796,1.32882,1.32887,1.50,1.57
2017.10.02 05:10:08.901,1.32882,1.32885,1.00,1.50
2017.10.02 05:10:11.199,1.32882,1.32886,1.00,1.76
2017.10.02 05:10:11.301,1.32882,1.32883,1.00,1.25
2017.10.02 05:10:12.962,1.32876,1.32881,1.87,3.04
2017.10.02 05:10:13.064,1.32875,1.32878,1.00,1.25
2017.10.02 05:10:15.278,1.32875,1.32876,1.00,1.25
2017.10.02 05:10:19.405,1.32874,1.32876,1.00,1.25
2017.10.02 05:10:23.159,1.32873,1.32876,1.00,1.25
2017.10.02 05:10:31.034,1.3287,1.32873,1.25,1.00
2017.10.02 05:10:31.291,1.32866,1.32871,1.25,1.10
2017.10.02 05:10:31.929,1.32866,1.32871,1.19,1.10
2017.10.02 05:10:31.981,1.32866,1.3287,1.00,1.19
2017.10.02 05:10:32.084,1.32864,1.32869,1.12,1.19
2017.10.02 05:10:32.588,1.32863,1.32869,1.31,2.14
2017.10.02 05:10:33.853,1.32862,1.32869,1.56,2.44
2017.10.02 05:10:33.956,1.32866,1.32869,1.00,1.44
2017.10.02 05:10:34.292,1.32869,1.32872,1.00,1.76
2017.10.02 05:10:34.855,1.32868,1.32872,1.00,1.76
2017.10.02 05:10:39.165,1.32868,1.3287,1.00,1.19
2017.10.02 05:10:41.400,1.32867,1.3287,1.25,1.19
2017.10.02 05:10:41.973,1.32868,1.3287,1.00,1.19
2017.10.02 05:10:45.986,1.32868,1.32872,1.25,1.69
2017.10.02 05:10:47.229,1.32868,1.3287,1.00,1.19
2017.10.02 05:10:59.455,1.32867,1.3287,1.00,1.19
2017.10.02 05:10:59.761,1.32863,1.3287,1.62,2.62
2017.10.02 05:10:59.812,1.32863,1.32867,1.00,1.25
2017.10.02 05:11:00.118,1.32861,1.32866,1.19,1.19
2017.10.02 05:11:00.655,1.32861,1.32866,1.25,1.19
2017.10.02 05:11:02.501,1.32861,1.32866,1.19,1.19
2017.10.02 05:11:03.362,1.32861,1.32866,1.19,1.19
2017.10.02 05:11:03.894,1.32861,1.32866,1.19,1.19
2017.10.02 05:11:04.647,1.32861,1.32866,1.12,1.69
2017.10.02 05:11:05.599,1.32861,1.32866,1.44,1.69
2017.10.02 05:11:06.260,1.32861,1.32866,1.25,1.69
2017.10.02 05:11:06.835,1.32861,1.32866,1.19,1.69
2017.10.02 05:11:08.049,1.32861,1.32865,1.25,1.25
2017.10.02 05:11:10.501,1.32861,1.32863,1.00,1.25
2017.10.02 05:11:28.729,1.32861,1.32864,1.00,1.25
2017.10.02 05:11:29.434,1.32861,1.32863,1.00,1.25
2017.10.02 05:11:35.830,1.32861,1.32863,1.19,1.25
2017.10.02 05:11:35.881,1.32861,1.32865,1.19,1.25
2017.10.02 05:11:35.984,1.32861,1.32868,2.62,1.29
2017.10.02 05:11:37.330,1.32863,1.32868,1.19,1.19
2017.10.02 05:11:37.846,1.32865,1.32868,1.00,1.19
2017.10.02 05:11:38.121,1.32865,1.32871,2.62,1.19
2017.10.02 05:11:38.837,1.32867,1.32871,1.25,1.19
2017.10.02 05:11:39.726,1.32866,1.32871,1.00,1.29
2017.10.02 05:11:45.376,1.32866,1.32871,1.44,1.19
2017.10.02 05:11:45.428,1.32869,1.32871,1.50,1.19
2017.10.02 05:11:45.632,1.32872,1.32875,1.00,1.25
2017.10.02 05:11:45.836,1.3287,1.32875,1.00,1.25
2017.10.02 05:11:45.939,1.3287,1.32874,1.00,1.69
2017.10.02 05:11:48.848,1.32872,1.32874,1.00,1.25
2017.10.02 05:11:48.951,1.32873,1.32876,1.00,1.31
2017.10.02 05:11:51.181,1.3287,1.32876,1.00,1.87
2017.10.02 05:11:51.283,1.3287,1.32874,1.00,1.19
2017.10.02 05:11:51.436,1.32867,1.32873,1.25,1.19
2017.10.02 05:11:52.290,1.32867,1.32873,1.19,1.19
2017.10.02 05:11:52.392,1.32867,1.32873,1.00,1.69
2017.10.02 05:11:53.034,1.32867,1.32873,1.19,1.87
2017.10.02 05:11:53.770,1.32867,1.32872,1.00,1.25
2017.10.02 05:11:55.486,1.32867,1.32872,1.19,1.25
2017.10.02 05:11:56.027,1.32867,1.32872,1.00,1.31
2017.10.02 05:12:00.357,1.32867,1.32874,1.19,1.87
2017.10.02 05:12:00.936,1.32867,1.32874,1.25,3.75
2017.10.02 05:12:08.367,1.32868,1.32873,1.00,1.44
2017.10.02 05:12:11.050,1.32869,1.32873,1.00,1.56
2017.10.02 05:12:11.102,1.3287,1.32874,1.00,2.25
2017.10.02 05:12:11.205,1.32871,1.32876,1.00,1.87
2017.10.02 05:12:11.714,1.32871,1.32878,1.69,1.31
2017.10.02 05:12:12.235,1.32871,1.32876,1.00,1.25
2017.10.02 05:12:12.790,1.32871,1.32876,1.00,1.19
2017.10.02 05:12:16.839,1.32869,1.32877,1.12,3.75
2017.10.02 05:12:19.766,1.32869,1.32875,1.00,3.56
2017.10.02 05:12:20.427,1.32868,1.32875,1.25,3.75
2017.10.02 05:12:20.623,1.32868,1.32874,1.25,1.31
2017.10.02 05:12:21.278,1.32865,1.32872,2.06,1.50
2017.10.02 05:12:21.331,1.32865,1.32872,1.12,2.04
2017.10.02 05:12:21.587,1.32863,1.3287,1.20,1.44
2017.10.02 05:12:22.097,1.32864,1.3287,1.00,1.50
2017.10.02 05:12:22.254,1.32867,1.32872,1.00,1.56
2017.10.02 05:12:22.519,1.32864,1.32871,3.45,1.19
2017.10.02 05:12:23.739,1.32864,1.32872,2.51,1.44
2017.10.02 05:12:24.289,1.32864,1.32872,1.95,1.87
2017.10.02 05:12:25.620,1.32864,1.32872,2.62,1.87
2017.10.02 05:12:25.934,1.32864,1.32872,1.69,3.60
2017.10.02 05:12:25.986,1.32862,1.32869,1.76,1.19
2017.10.02 05:12:28.613,1.32863,1.32869,1.00,1.62
2017.10.02 05:12:28.766,1.32863,1.3287,1.00,1.62
2017.10.02 05:12:28.818,1.32863,1.3287,1.00,3.56
2017.10.02 05:12:30.552,1.32863,1.32869,1.19,1.37
2017.10.02 05:12:31.098,1.32863,1.32869,1.25,1.37
2017.10.02 05:12:32.972,1.32863,1.32869,1.19,1.44
2017.10.02 05:12:34.096,1.32863,1.32869,1.25,1.44
2017.10.02 05:12:36.696,1.32863,1.32869,1.19,1.44
2017.10.02 05:12:37.311,1.32863,1.32869,1.25,1.37
2017.10.02 05:12:39.108,1.32864,1.32869,1.00,2.62
2017.10.02 05:12:39.640,1.32863,1.32869,1.50,1.44
2017.10.02 05:12:42.822,1.32862,1.32866,1.00,1.54
2017.10.02 05:12:42.873,1.3286,1.32866,1.00,2.29
2017.10.02 05:12:42.925,1.32859,1.32866,1.69,2.47
2017.10.02 05:12:43.484,1.32861,1.32866,1.25,1.44
2017.10.02 05:12:43.536,1.32863,1.32869,1.19,1.19
2017.10.02 05:12:43.842,1.32861,1.32867,1.19,1.87
2017.10.02 05:12:44.386,1.3286,1.32867,2.62,1.87
2017.10.02 05:12:45.777,1.3286,1.32867,3.26,1.87
2017.10.02 05:12:46.084,1.32861,1.32867,1.31,1.12
2017.10.02 05:12:49.407,1.32862,1.32869,1.25,1.37
2017.10.02 05:12:50.234,1.32862,1.32869,1.25,1.37
2017.10.02 05:12:50.668,1.32863,1.32869,1.31,1.44
2017.10.02 05:12:50.719,1.32863,1.3287,1.31,1.37
2017.10.02 05:12:52.103,1.32864,1.32872,1.31,1.87
2017.10.02 05:13:01.225,1.32867,1.32872,1.00,1.37
2017.10.02 05:13:01.735,1.32866,1.32872,1.00,1.62
2017.10.02 05:13:08.779,1.32866,1.32872,1.00,2.06
2017.10.02 05:13:14.509,1.32865,1.32872,1.00,2.89
2017.10.02 05:13:15.540,1.32864,1.32871,1.50,1.69
2017.10.02 05:13:17.914,1.32869,1.32873,1.00,2.32
2017.10.02 05:13:18.016,1.32871,1.32875,1.00,1.01
2017.10.02 05:13:18.271,1.32872,1.32878,1.00,2.51
2017.10.02 05:13:18.323,1.3287,1.32878,1.50,2.51
2017.10.02 05:13:19.272,1.3287,1.32878,1.50,1.66
2017.10.02 05:13:19.798,1.3287,1.32878,1.50,1.76
2017.10.02 05:13:20.550,1.3287,1.32878,1.50,2.51
2017.10.02 05:13:21.175,1.3287,1.32877,1.87,1.62
2017.10.02 05:13:22.146,1.3287,1.32877,1.87,1.69
2017.10.02 05:13:23.414,1.3287,1.32877,1.87,2.06
2017.10.02 05:13:24.678,1.3287,1.32877,1.87,2.44
2017.10.02 05:13:26.819,1.32867,1.32874,1.87,1.12
2017.10.02 05:13:27.026,1.32867,1.32874,1.69,1.69
2017.10.02 05:13:35.189,1.32867,1.32873,1.00,1.62
2017.10.02 05:13:35.718,1.32867,1.32873,1.00,1.44
2017.10.02 05:13:37.653,1.32866,1.32873,3.22,1.31
2017.10.02 05:13:39.046,1.32867,1.32872,1.00,1.12
2017.10.02 05:13:39.698,1.32867,1.32872,1.00,1.44
2017.10.02 05:13:39.971,1.32865,1.32872,1.31,1.31
2017.10.02 05:13:40.482,1.32865,1.32871,1.00,2.06
2017.10.02 05:13:40.996,1.32863,1.32871,1.37,3.19
2017.10.02 05:13:41.099,1.32862,1.32869,2.25,1.44
2017.10.02 05:13:41.664,1.32862,1.32869,1.00,1.87
2017.10.02 05:13:42.472,1.32862,1.32869,1.12,1.44
2017.10.02 05:13:43.413,1.32861,1.32869,3.56,1.12
2017.10.02 05:13:43.925,1.32861,1.32869,2.81,1.37
2017.10.02 05:13:43.977,1.32861,1.32868,1.25,1.50
2017.10.02 05:13:44.486,1.3286,1.32867,1.00,1.62
2017.10.02 05:13:45.110,1.3286,1.32867,1.00,2.51
2017.10.02 05:13:55.953,1.3286,1.32866,1.12,2.44
2017.10.02 05:13:59.414,1.3286,1.32866,1.00,1.62
2017.10.02 05:13:59.724,1.32857,1.32864,1.00,3.19
2017.10.02 05:14:00.230,1.32857,1.32864,1.00,2.81
2017.10.02 05:14:00.830,1.32857,1.32864,1.00,3.56
2017.10.02 05:14:01.440,1.32857,1.32863,1.00,1.37
2017.10.02 05:14:03.243,1.32857,1.32864,1.00,3.64
2017.10.02 05:14:03.813,1.32857,1.32863,1.00,2.25
2017.10.02 05:14:04.360,1.32856,1.32862,1.00,1.44
2017.10.02 05:14:07.059,1.32856,1.32863,1.00,3.56
2017.10.02 05:14:07.576,1.32856,1.32862,1.00,1.62
2017.10.02 05:14:08.330,1.32856,1.32863,1.00,3.56
2017.10.02 05:14:10.950,1.32856,1.32863,1.00,2.06
2017.10.02 05:14:11.506,1.32856,1.32863,1.00,1.62
2017.10.02 05:14:11.872,1.32856,1.32863,1.00,3.56
2017.10.02 05:14:12.228,1.32854,1.32862,1.50,2.06
2017.10.02 05:14:12.330,1.32852,1.3286,1.25,2.14
2017.10.02 05:14:12.432,1.32853,1.3286,1.00,1.19
2017.10.02 05:14:12.736,1.32853,1.32862,1.00,4.76
2017.10.02 05:14:13.263,1.32853,1.32862,1.00,3.26
2017.10.02 05:14:13.366,1.32853,1.32862,1.12,3.64
2017.10.02 05:14:13.679,1.32853,1.32862,1.12,3.64
2017.10.02 05:14:13.731,1.32852,1.32861,1.62,1.39
2017.10.02 05:14:14.243,1.32852,1.3286,1.37,1.01
2017.10.02 05:14:15.149,1.32852,1.3286,1.72,3.26
2017.10.02 05:14:15.695,1.32852,1.3286,1.72,3.26
2017.10.02 05:14:16.006,1.32858,1.32865,1.00,3.64
2017.10.02 05:14:16.058,1.32856,1.32865,2.10,2.89
2017.10.02 05:14:16.403,1.32855,1.32862,1.00,2.81
2017.10.02 05:14:16.954,1.32854,1.32862,1.12,2.06
2017.10.02 05:14:17.467,1.32854,1.32861,1.12,1.25
2017.10.02 05:14:18.262,1.32854,1.32861,1.12,1.44
2017.10.02 05:14:23.711,1.32853,1.3286,1.00,1.31
2017.10.02 05:14:24.221,1.32853,1.32859,1.12,1.44
2017.10.02 05:14:24.735,1.32852,1.32858,1.00,1.25
2017.10.02 05:14:25.418,1.32852,1.32858,1.12,2.81
2017.10.02 05:14:25.764,1.32849,1.32858,2.92,3.19
2017.10.02 05:14:25.918,1.32848,1.32855,2.06,1.31
2017.10.02 05:14:26.232,1.3284,1.32845,1.19,2.25
2017.10.02 05:14:26.393,1.32839,1.32845,1.00,1.50
2017.10.02 05:14:26.648,1.32837,1.32846,1.87,3.45
2017.10.02 05:14:27.057,1.32838,1.32847,1.60,2.62
2017.10.02 05:14:27.363,1.32848,1.32855,1.00,1.39
2017.10.02 05:14:27.415,1.32849,1.32857,1.00,1.20
2017.10.02 05:14:27.518,1.32853,1.3286,1.25,1.44
2017.10.02 05:14:27.826,1.32857,1.32866,1.76,3.00
2017.10.02 05:14:28.139,1.32858,1.32866,2.62,1.19
2017.10.02 05:14:28.394,1.32855,1.32863,3.82,1.19
2017.10.02 05:14:28.445,1.32855,1.32863,3.19,2.62
2017.10.02 05:14:29.058,1.32858,1.32863,5.44,1.19
2017.10.02 05:14:29.109,1.32858,1.32866,6.75,3.07
2017.10.02 05:14:29.418,1.32858,1.32866,2.44,2.62
2017.10.02 05:14:29.927,1.32859,1.32865,1.62,1.37
2017.10.02 05:14:30.447,1.32858,1.32865,2.44,1.37
2017.10.02 05:14:31.069,1.32858,1.32865,1.87,1.37
2017.10.02 05:14:31.989,1.32858,1.32865,2.25,1.37
2017.10.02 05:14:32.808,1.32858,1.32865,1.37,1.37
2017.10.02 05:14:33.403,1.32858,1.32865,1.37,1.37
2017.10.02 05:14:35.682,1.32858,1.32865,1.37,1.87
2017.10.02 05:14:36.228,1.32858,1.32865,1.69,1.87
2017.10.02 05:14:36.739,1.32858,1.32865,1.50,1.87
2017.10.02 05:14:37.470,1.32859,1.32866,2.06,1.87
2017.10.02 05:14:37.756,1.32859,1.32866,1.31,1.87
2017.10.02 05:14:38.488,1.32859,1.32866,1.44,1.87
2017.10.02 05:14:39.834,1.32859,1.32866,1.44,1.87
2017.10.02 05:14:42.078,1.32858,1.32866,2.51,1.87
2017.10.02 05:14:43.738,1.32859,1.32866,1.12,1.87
2017.10.02 05:14:44.906,1.32858,1.32866,1.44,1.87
2017.10.02 05:14:45.613,1.32858,1.32866,1.44,1.87
2017.10.02 05:14:46.275,1.32858,1.32866,1.44,1.87
2017.10.02 05:14:47.042,1.32859,1.32866,1.25,1.87
2017.10.02 05:14:47.693,1.32859,1.32866,1.12,1.87
2017.10.02 05:14:48.201,1.32859,1.32866,1.12,1.87
2017.10.02 05:14:51.611,1.32857,1.32865,1.69,1.37
2017.10.02 05:14:52.127,1.32857,1.32865,1.69,1.37
2017.10.02 05:14:52.886,1.32857,1.32865,1.69,1.37
2017.10.02 05:14:53.387,1.32857,1.32865,1.69,1.37
2017.10.02 05:14:54.082,1.32857,1.32865,2.06,1.37
2017.10.02 05:14:54.631,1.32857,1.32865,1.69,1.37
2017.10.02 05:14:55.145,1.32857,1.32865,1.69,1.44
2017.10.02 05:14:55.715,1.32857,1.32865,1.69,1.44
2017.10.02 05:14:56.792,1.32858,1.32865,1.25,1.44
2017.10.02 05:14:57.335,1.32857,1.32865,1.87,1.12
2017.10.02 05:14:57.690,1.32858,1.32865,1.25,1.44
2017.10.02 05:14:58.047,1.32858,1.32865,1.25,1.12
2017.10.02 05:14:59.045,1.32858,1.32865,1.25,1.44
2017.10.02 05:14:59.759,1.32859,1.32865,1.00,1.44
2017.10.02 05:15:00.045,1.32859,1.32865,1.00,1.12
2017.10.02 05:15:00.096,1.32859,1.32865,1.00,1.44
2017.10.02 05:15:00.351,1.32858,1.32865,1.25,1.12
2017.10.02 05:15:00.590,1.32859,1.32865,1.00,1.44
2017.10.02 05:15:01.149,1.32857,1.32865,3.37,1.44
2017.10.02 05:15:01.654,1.32857,1.32866,1.87,1.37
2017.10.02 05:15:01.965,1.32856,1.32863,1.25,1.44
2017.10.02 05:15:02.120,1.32856,1.32864,2.06,1.37
2017.10.02 05:15:02.648,1.32858,1.32865,1.00,1.47
2017.10.02 05:15:03.157,1.32857,1.32865,2.25,1.95
2017.10.02 05:15:03.795,1.32858,1.32865,1.00,1.87
2017.10.02 05:15:04.816,1.32856,1.32865,1.87,2.44
2017.10.02 05:15:05.123,1.32862,1.32867,1.00,1.69
2017.10.02 05:15:05.175,1.32863,1.32869,1.00,1.19
2017.10.02 05:15:05.682,1.32863,1.3287,1.00,1.87
2017.10.02 05:15:06.187,1.32863,1.3287,1.00,1.87
2017.10.02 05:15:11.061,1.32863,1.32869,1.00,1.37
2017.10.02 05:15:12.800,1.32863,1.3287,1.00,2.62
2017.10.02 05:15:13.593,1.32863,1.3287,1.25,2.62
2017.10.02 05:15:14.992,1.32863,1.3287,1.25,2.62
2017.10.02 05:15:16.724,1.32862,1.3287,1.00,1.95
2017.10.02 05:15:17.225,1.32861,1.3287,3.19,1.95
2017.10.02 05:15:19.133,1.32861,1.32869,2.25,1.01
2017.10.02 05:15:19.235,1.32858,1.32865,1.56,1.26
2017.10.02 05:15:19.338,1.3286,1.32866,1.00,2.14
2017.10.02 05:15:19.440,1.3286,1.32867,1.00,1.12
2017.10.02 05:15:19.849,1.32862,1.32869,1.00,2.32
2017.10.02 05:15:20.440,1.32862,1.32869,1.69,2.32
2017.10.02 05:15:20.964,1.32863,1.32869,1.25,1.12
2017.10.02 05:15:21.515,1.32863,1.32869,1.25,1.44
2017.10.02 05:15:22.038,1.32863,1.32869,1.25,1.12
2017.10.02 05:15:23.840,1.32861,1.32869,1.87,2.51
2017.10.02 05:15:23.891,1.32861,1.32867,1.12,1.54
2017.10.02 05:15:24.096,1.32859,1.32868,2.44,1.47
2017.10.02 05:15:24.618,1.3286,1.32868,1.00,2.32
2017.10.02 05:15:25.128,1.3286,1.32868,1.00,2.32
2017.10.02 05:15:25.596,1.3286,1.32867,1.00,1.20
2017.10.02 05:15:26.190,1.32859,1.32867,3.37,1.20
2017.10.02 05:15:26.714,1.32859,1.32867,3.00,2.14
2017.10.02 05:15:34.743,1.32859,1.32867,1.69,1.20
2017.10.02 05:15:35.245,1.32858,1.32867,3.19,1.47
2017.10.02 05:15:37.363,1.32861,1.32868,1.00,2.32
2017.10.02 05:15:39.082,1.32861,1.32868,1.00,1.89
2017.10.02 05:15:39.674,1.32861,1.32868,1.00,1.57
2017.10.02 05:15:40.177,1.32861,1.32869,1.25,1.82
2017.10.02 05:15:40.726,1.32861,1.3287,1.25,4.01
2017.10.02 05:15:41.953,1.32861,1.3287,1.00,3.45
2017.10.02 05:15:42.296,1.32861,1.3287,2.25,3.07
2017.10.02 05:15:45.189,1.32865,1.32871,4.69,1.76
2017.10.02 05:15:45.394,1.32867,1.32875,2.81,4.57
2017.10.02 05:15:45.546,1.3287,1.32875,1.25,1.00
2017.10.02 05:15:45.649,1.3287,1.32875,1.19,1.51
2017.10.02 05:15:46.412,1.3287,1.32874,1.00,1.70
2017.10.02 05:15:46.745,1.32867,1.32874,6.19,1.76
2017.10.02 05:15:46.797,1.32872,1.32875,1.00,1.10
2017.10.02 05:15:47.527,1.32872,1.32876,1.00,3.30
2017.10.02 05:15:48.040,1.32871,1.32876,1.25,2.70
2017.10.02 05:15:48.552,1.32869,1.32876,1.50,4.20
2017.10.02 05:15:48.857,1.32869,1.32875,1.12,1.51
2017.10.02 05:15:49.119,1.32867,1.32875,1.69,1.95
2017.10.02 05:15:49.374,1.32867,1.32874,1.12,1.82
2017.10.02 05:15:50.296,1.32867,1.32874,1.12,1.95
2017.10.02 05:15:50.828,1.32868,1.32874,1.37,1.57
2017.10.02 05:15:51.198,1.32868,1.32874,1.37,1.57
2017.10.02 05:15:51.898,1.32868,1.32874,1.87,1.57
2017.10.02 05:15:52.397,1.32866,1.32874,1.87,2.32
2017.10.02 05:15:52.552,1.32868,1.32874,1.00,1.47
2017.10.02 05:15:53.166,1.32867,1.32874,1.31,1.76
2017.10.02 05:15:53.218,1.32867,1.32875,1.69,1.57
2017.10.02 05:15:54.410,1.32868,1.32875,1.25,1.95
2017.10.02 05:15:54.862,1.32864,1.32872,2.44,1.57
2017.10.02 05:15:55.946,1.32864,1.32872,1.25,1.57
2017.10.02 05:15:56.048,1.32864,1.32872,1.25,2.32
2017.10.02 05:15:58.746,1.32863,1.3287,1.19,1.57
2017.10.02 05:15:59.258,1.32863,1.3287,1.25,1.57
2017.10.02 05:16:00.211,1.32863,1.3287,1.00,1.57
2017.10.02 05:16:00.364,1.32861,1.32869,1.00,2.92
2017.10.02 05:16:00.416,1.3286,1.32869,1.87,4.05
2017.10.02 05:16:01.075,1.3286,1.32868,1.25,2.92
2017.10.02 05:16:01.577,1.3286,1.32868,1.25,2.92
2017.10.02 05:16:01.887,1.3286,1.32869,2.81,2.32
2017.10.02 05:16:04.376,1.3286,1.32869,2.81,2.32
2017.10.02 05:16:04.918,1.3286,1.32868,1.31,1.57
2017.10.02 05:16:05.223,1.32856,1.32862,1.25,1.20
2017.10.02 05:16:05.970,1.32854,1.3286,1.00,1.00
2017.10.02 05:16:06.021,1.32852,1.3286,1.25,1.44
2017.10.02 05:16:06.270,1.32854,1.32862,1.25,1.31
2017.10.02 05:16:08.668,1.32853,1.32862,3.00,1.25
2017.10.02 05:16:11.108,1.32854,1.32863,1.56,1.89
2017.10.02 05:16:11.623,1.32854,1.32863,1.56,1.37
2017.10.02 05:16:12.196,1.32857,1.32864,1.00,1.19
2017.10.02 05:16:12.298,1.32856,1.32865,3.00,2.25
2017.10.02 05:16:12.802,1.32856,1.32865,3.60,1.31
2017.10.02 05:16:13.711,1.32856,1.32865,2.06,1.12
2017.10.02 05:16:14.261,1.32855,1.32864,3.26,1.25
2017.10.02 05:16:14.517,1.32855,1.32864,2.44,1.37
2017.10.02 05:16:15.750,1.32855,1.32864,2.44,1.37
2017.10.02 05:16:17.596,1.32854,1.32863,1.87,1.31
2017.10.02 05:16:18.113,1.32854,1.32863,1.69,1.31
2017.10.02 05:16:18.758,1.32854,1.32863,1.69,1.31
2017.10.02 05:16:19.286,1.32854,1.32863,1.25,1.12
2017.10.02 05:16:19.856,1.32854,1.32863,1.44,1.44
2017.10.02 05:16:21.588,1.32855,1.32864,3.30,1.69
2017.10.02 05:16:21.894,1.3286,1.32866,4.35,1.25
2017.10.02 05:16:21.945,1.32862,1.32869,1.19,1.19
2017.10.02 05:16:22.446,1.32862,1.3287,1.00,1.47
2017.10.02 05:16:25.913,1.32862,1.3287,1.37,1.19
2017.10.02 05:16:26.462,1.32862,1.32871,1.37,2.25
2017.10.02 05:16:28.103,1.32862,1.32871,2.25,1.87
2017.10.02 05:16:29.460,1.32862,1.32871,2.25,2.06
2017.10.02 05:16:30.753,1.32862,1.32871,2.06,1.87
2017.10.02 05:16:37.109,1.32862,1.32871,1.87,1.69
2017.10.02 05:16:37.263,1.32862,1.32872,4.01,2.62
2017.10.02 05:16:37.723,1.32866,1.32872,1.00,1.19
2017.10.02 05:16:37.930,1.32865,1.32874,3.37,1.44
2017.10.02 05:16:38.185,1.32864,1.32873,1.87,1.76
2017.10.02 05:16:38.544,1.32864,1.32873,2.25,2.70
2017.10.02 05:16:39.051,1.32864,1.32873,1.31,2.70
2017.10.02 05:16:41.075,1.32864,1.32873,1.12,2.06
2017.10.02 05:16:41.786,1.32862,1.32871,1.57,2.81
2017.10.02 05:16:42.092,1.32861,1.32869,1.19,2.62
2017.10.02 05:16:42.652,1.32861,1.32869,1.12,2.25
2017.10.02 05:16:43.322,1.32861,1.32869,1.50,1.00
2017.10.02 05:16:44.446,1.32861,1.3287,1.91,1.31
2017.10.02 05:16:45.461,1.32861,1.3287,1.91,1.44
2017.10.02 05:16:46.002,1.32861,1.3287,1.54,1.31
2017.10.02 05:16:46.525,1.32861,1.32869,1.00,1.44
2017.10.02 05:16:47.188,1.32861,1.32869,1.00,1.31
2017.10.02 05:16:47.740,1.32861,1.32869,1.00,1.31
2017.10.02 05:16:48.272,1.32861,1.32871,1.50,4.39
2017.10.02 05:16:48.895,1.32861,1.3287,1.00,2.44
2017.10.02 05:16:49.203,1.32859,1.32869,3.22,1.39
2017.10.02 05:16:49.407,1.32861,1.32871,1.31,4.01
2017.10.02 05:16:49.458,1.32863,1.32871,1.62,2.14
2017.10.02 05:16:49.615,1.32864,1.32873,2.62,1.69
2017.10.02 05:16:49.821,1.32862,1.32871,1.31,2.06
2017.10.02 05:16:50.412,1.32862,1.32871,1.76,2.06
2017.10.02 05:16:50.961,1.32862,1.32871,1.39,2.06
2017.10.02 05:16:51.489,1.32862,1.32871,1.39,2.06
2017.10.02 05:16:51.990,1.32863,1.32871,1.10,1.62
2017.10.02 05:16:52.107,1.32863,1.32872,1.10,4.31
2017.10.02 05:16:52.530,1.32863,1.32872,1.95,1.56
2017.10.02 05:16:52.581,1.32864,1.32873,1.19,3.37
2017.10.02 05:16:52.788,1.32864,1.32874,2.89,2.81
2017.10.02 05:16:53.793,1.32866,1.32874,1.10,2.81
2017.10.02 05:16:54.992,1.32866,1.32874,1.10,1.56
2017.10.02 05:16:55.515,1.32866,1.32874,1.10,1.56
2017.10.02 05:16:56.156,1.32866,1.32874,1.10,1.56
2017.10.02 05:16:56.949,1.32866,1.32874,1.00,1.69
2017.10.02 05:16:58.323,1.32866,1.32874,1.00,2.44
2017.10.02 05:16:58.930,1.32866,1.32874,1.00,1.69
2017.10.02 05:16:59.505,1.32864,1.32871,1.95,1.12
2017.10.02 05:17:00.021,1.32864,1.32871,1.20,1.31
2017.10.02 05:17:00.560,1.32865,1.32871,1.20,1.44
2017.10.02 05:17:01.107,1.32865,1.32871,1.95,1.19
2017.10.02 05:17:01.647,1.32865,1.32871,1.95,1.25
2017.10.02 05:17:02.992,1.32865,1.32872,2.14,1.25
2017.10.02 05:17:03.533,1.32865,1.32872,1.76,1.19
2017.10.02 05:17:04.144,1.32865,1.32872,2.51,1.25
2017.10.02 05:17:05.339,1.32866,1.32872,1.29,1.25
2017.10.02 05:17:05.852,1.32866,1.32872,1.01,1.25
2017.10.02 05:17:07.374,1.32866,1.32872,1.76,1.00
2017.10.02 05:17:07.930,1.32866,1.32872,1.29,1.19
2017.10.02 05:17:08.922,1.32866,1.32872,1.01,1.19
2017.10.02 05:17:10.607,1.32866,1.32872,1.01,1.25
2017.10.02 05:17:11.228,1.32865,1.32872,3.26,1.19
2017.10.02 05:17:12.931,1.32865,1.32872,2.14,1.19
2017.10.02 05:17:13.924,1.32865,1.32872,2.14,1.25
2017.10.02 05:17:14.556,1.32865,1.32872,1.76,1.19
2017.10.02 05:17:15.214,1.32864,1.32872,3.26,1.19
2017.10.02 05:17:15.761,1.32864,1.32872,3.45,1.19
2017.10.02 05:17:16.543,1.32864,1.32872,3.45,1.19
2017.10.02 05:17:17.087,1.32865,1.32872,1.32,1.19
2017.10.02 05:17:18.137,1.32864,1.32872,2.89,1.19
2017.10.02 05:17:18.660,1.32864,1.32872,3.26,2.44
2017.10.02 05:17:19.586,1.32864,1.32872,2.14,2.62
2017.10.02 05:17:19.892,1.32863,1.32871,1.39,2.06
2017.10.02 05:17:20.536,1.32862,1.32869,1.01,1.87
2017.10.02 05:17:21.043,1.32862,1.32869,1.26,1.37
2017.10.02 05:17:21.450,1.32863,1.32871,1.64,1.87
2017.10.02 05:17:21.961,1.32863,1.32871,4.01,1.87
2017.10.02 05:17:22.999,1.32863,1.32871,3.26,1.87
2017.10.02 05:17:23.640,1.32863,1.32871,3.64,1.87
2017.10.02 05:17:23.864,1.32863,1.32871,1.95,1.87
2017.10.02 05:17:24.794,1.32864,1.32871,1.29,1.87
2017.10.02 05:17:24.947,1.32863,1.32871,3.82,1.25
2017.10.02 05:17:25.995,1.32864,1.32871,1.64,1.25
2017.10.02 05:17:26.545,1.32864,1.32871,1.64,1.19
2017.10.02 05:17:27.166,1.32864,1.32871,1.64,1.25
2017.10.02 05:17:27.831,1.32864,1.32871,1.39,1.44
2017.10.02 05:17:28.440,1.32863,1.32871,2.89,2.06
2017.10.02 05:17:29.253,1.32863,1.32871,2.70,2.06
2017.10.02 05:17:29.459,1.3286,1.32869,4.76,5.44
2017.10.02 05:17:29.619,1.32859,1.32867,1.10,1.86
2017.10.02 05:17:29.773,1.32856,1.32866,2.70,5.06
2017.10.02 05:17:30.284,1.32855,1.32865,6.45,1.56
2017.10.02 05:17:30.743,1.32856,1.32865,2.32,1.56
2017.10.02 05:17:30.951,1.32857,1.32865,1.01,1.56
2017.10.02 05:17:31.549,1.32857,1.32865,1.10,1.87
2017.10.02 05:17:32.101,1.32857,1.32866,1.10,5.44
2017.10.02 05:17:32.992,1.32857,1.32866,1.10,6.19
2017.10.02 05:17:33.765,1.32857,1.32866,1.01,4.69
2017.10.02 05:17:34.072,1.32857,1.32866,1.39,2.81
2017.10.02 05:17:34.328,1.32861,1.3287,4.76,1.56
2017.10.02 05:17:34.481,1.32861,1.32869,1.10,1.62
2017.10.02 05:17:35.004,1.32859,1.32868,3.64,3.94
2017.10.02 05:17:35.139,1.32859,1.32868,2.44,2.81
2017.10.02 05:17:35.190,1.32857,1.32865,1.01,1.44
2017.10.02 05:17:35.846,1.32856,1.32865,1.39,1.56
2017.10.02 05:17:36.152,1.32858,1.32866,1.95,1.37
2017.10.02 05:17:36.459,1.32863,1.32871,2.32,1.37
2017.10.02 05:17:37.097,1.32864,1.32871,1.76,1.37
2017.10.02 05:17:38.084,1.32864,1.32871,1.76,1.37
2017.10.02 05:17:39.495,1.32863,1.32871,3.07,1.37
2017.10.02 05:17:39.905,1.32862,1.32871,4.01,2.62
2017.10.02 05:17:41.895,1.32862,1.32871,3.26,2.62
2017.10.02 05:17:41.946,1.32862,1.32871,3.26,2.62
2017.10.02 05:17:42.628,1.32862,1.32871,2.51,2.62
2017.10.02 05:17:43.160,1.32862,1.3287,1.01,2.06
2017.10.02 05:17:43.741,1.32861,1.32869,1.76,1.44
2017.10.02 05:17:44.484,1.32861,1.32869,2.32,1.37
2017.10.02 05:17:44.750,1.32861,1.32869,1.95,2.62
2017.10.02 05:17:44.801,1.32859,1.32868,1.39,1.87
2017.10.02 05:17:45.312,1.32858,1.32867,1.20,1.87
2017.10.02 05:17:47.362,1.32859,1.32867,1.95,1.37
2017.10.02 05:17:47.893,1.32859,1.32867,1.95,1.37
2017.10.02 05:17:48.488,1.32859,1.32868,1.39,4.50
2017.10.02 05:17:49.782,1.3286,1.32868,2.25,1.37
2017.10.02 05:17:49.951,1.32861,1.3287,2.89,2.06
2017.10.02 05:17:50.263,1.32861,1.32869,2.89,2.47
2017.10.02 05:17:50.569,1.32861,1.32867,1.39,1.87
2017.10.02 05:17:51.254,1.32861,1.32868,1.20,3.75
2017.10.02 05:17:52.391,1.32859,1.32868,1.76,3.56
2017.10.02 05:17:52.907,1.32859,1.32868,1.39,4.31
2017.10.02 05:17:54.359,1.32859,1.32868,1.39,3.56
2017.10.02 05:17:55.982,1.3286,1.32868,1.57,3.75
2017.10.02 05:17:56.136,1.32863,1.3287,1.76,1.19
2017.10.02 05:17:58.481,1.32865,1.32871,1.57,1.69
2017.10.02 05:18:00.371,1.32864,1.32871,2.32,1.87
2017.10.02 05:18:01.219,1.32863,1.32871,2.14,2.06
2017.10.02 05:18:12.352,1.32862,1.32871,2.70,2.62
2017.10.02 05:18:13.099,1.32863,1.32871,1.57,2.81
2017.10.02 05:18:14.564,1.32861,1.3287,4.76,1.87
2017.10.02 05:18:14.718,1.32861,1.32869,1.95,1.69
2017.10.02 05:18:15.032,1.3286,1.32865,1.20,1.25
2017.10.02 05:18:15.951,1.32857,1.32866,1.76,1.87
2017.10.02 05:18:16.003,1.32857,1.32866,1.57,1.87
2017.10.02 05:18:17.797,1.32857,1.32866,1.95,2.81
2017.10.02 05:18:22.180,1.32857,1.32865,2.32,1.12
2017.10.02 05:18:22.692,1.32857,1.32866,2.32,2.81
2017.10.02 05:18:27.901,1.32857,1.32866,2.32,2.06
2017.10.02 05:18:28.699,1.32857,1.32865,2.32,1.12
2017.10.02 05:18:29.242,1.32857,1.32865,2.32,1.12
2017.10.02 05:18:30.393,1.32857,1.32865,1.57,1.44
2017.10.02 05:18:31.844,1.32857,1.32865,1.57,1.44
2017.10.02 05:18:32.458,1.32858,1.32866,1.57,2.81
2017.10.02 05:18:32.665,1.32861,1.32866,1.20,1.25
2017.10.02 05:18:32.768,1.32859,1.32866,1.39,1.00
2017.10.02 05:18:33.350,1.32859,1.32866,1.39,1.19
2017.10.02 05:18:34.296,1.32857,1.32864,3.07,1.69
2017.10.02 05:18:34.501,1.32855,1.32863,2.51,1.50
2017.10.02 05:18:34.741,1.32855,1.32861,2.32,1.00
2017.10.02 05:18:35.384,1.32855,1.32861,2.32,1.00
2017.10.02 05:18:35.896,1.32855,1.32861,1.20,1.00
2017.10.02 05:18:36.949,1.32855,1.32861,1.29,1.00
2017.10.02 05:18:37.494,1.32854,1.32863,4.99,1.69
2017.10.02 05:18:37.800,1.32854,1.3286,1.57,1.25
2017.10.02 05:18:38.005,1.32851,1.32859,2.55,1.00
2017.10.02 05:18:38.566,1.32851,1.32859,1.76,1.19
2017.10.02 05:18:39.401,1.32851,1.32859,1.01,1.19
2017.10.02 05:18:39.503,1.32851,1.32859,1.29,1.69
2017.10.02 05:18:40.047,1.32851,1.32859,1.29,1.69
2017.10.02 05:18:40.578,1.32851,1.32859,1.47,2.44
2017.10.02 05:18:41.252,1.32851,1.32859,1.29,2.81
2017.10.02 05:18:41.473,1.3285,1.32857,1.76,1.31
2017.10.02 05:18:41.626,1.32847,1.32856,6.45,1.56
2017.10.02 05:18:42.130,1.32847,1.32856,3.45,1.56
2017.10.02 05:18:42.597,1.32846,1.32853,1.44,2.14
2017.10.02 05:18:42.649,1.32843,1.32853,3.75,2.70
2017.10.02 05:18:43.187,1.32843,1.32851,1.37,1.12
2017.10.02 05:18:43.239,1.32843,1.3285,1.37,1.50
2017.10.02 05:18:43.783,1.32843,1.3285,1.37,1.50
2017.10.02 05:18:44.297,1.32842,1.3285,3.75,1.50
2017.10.02 05:18:44.603,1.32845,1.32851,1.19,1.25
2017.10.02 05:18:44.917,1.32844,1.32853,2.81,2.70
2017.10.02 05:18:45.438,1.32844,1.32853,2.06,1.95
2017.10.02 05:18:45.906,1.32844,1.32853,2.81,2.32
2017.10.02 05:18:46.428,1.32844,1.32853,1.56,1.57
2017.10.02 05:18:49.184,1.32844,1.32853,2.44,1.69
2017.10.02 05:18:49.337,1.32844,1.32851,1.69,1.50
2017.10.02 05:18:49.389,1.32841,1.32851,3.19,1.95
2017.10.02 05:18:49.492,1.32844,1.32852,1.69,1.19
2017.10.02 05:18:49.608,1.32843,1.32852,2.51,1.19
2017.10.02 05:18:49.761,1.32842,1.32851,6.19,1.25
2017.10.02 05:18:50.270,1.32843,1.32852,4.01,1.69
2017.10.02 05:18:50.707,1.32846,1.32855,1.19,4.87
2017.10.02 05:18:51.219,1.32846,1.32855,2.92,1.50
2017.10.02 05:18:51.592,1.32848,1.32855,1.44,1.19
2017.10.02 05:18:52.099,1.32848,1.32856,1.87,1.44
2017.10.02 05:18:52.601,1.32848,1.32857,2.66,1.19
2017.10.02 05:18:53.126,1.32849,1.32857,1.50,1.29
2017.10.02 05:18:53.759,1.3285,1.32859,1.87,3.82
2017.10.02 05:18:54.291,1.3285,1.32859,1.87,3.82
2017.10.02 05:18:55.418,1.3285,1.32859,1.50,3.82
2017.10.02 05:18:57.552,1.32849,1.32859,3.37,3.64
2017.10.02 05:18:58.642,1.3285,1.32858,1.50,1.64
2017.10.02 05:18:59.438,1.3285,1.32858,1.50,1.64
2017.10.02 05:19:00.344,1.3285,1.32858,1.81,1.01
2017.10.02 05:19:02.394,1.3285,1.32858,1.81,1.64
2017.10.02 05:19:02.962,1.3285,1.32858,1.81,1.01
2017.10.02 05:19:03.523,1.3285,1.32858,1.81,1.26
2017.10.02 05:19:03.576,1.32853,1.3286,1.19,1.69
2017.10.02 05:19:03.627,1.32854,1.32861,1.44,1.95
2017.10.02 05:19:04.102,1.32854,1.32863,1.31,4.39
2017.10.02 05:19:04.154,1.32854,1.32863,1.50,5.14
2017.10.02 05:19:04.360,1.32853,1.32861,1.50,4.57
2017.10.02 05:19:04.870,1.32852,1.32861,1.19,4.39
2017.10.02 05:19:05.387,1.32852,1.3286,1.25,1.01
2017.10.02 05:19:05.891,1.32852,1.3286,1.19,1.01
2017.10.02 05:19:06.933,1.32852,1.3286,1.25,1.01
2017.10.02 05:19:07.303,1.32852,1.32861,1.19,4.39
2017.10.02 05:19:08.075,1.32855,1.32861,1.19,2.89
2017.10.02 05:19:08.177,1.32855,1.32861,1.87,1.25
2017.10.02 05:19:08.701,1.32855,1.32863,2.62,2.51
2017.10.02 05:19:09.314,1.32856,1.32863,1.25,2.25
2017.10.02 05:19:10.005,1.32856,1.32863,2.44,2.25
2017.10.02 05:19:10.583,1.32856,1.32863,2.62,1.50
2017.10.02 05:19:12.273,1.32856,1.32863,1.12,2.32
2017.10.02 05:19:12.744,1.32856,1.32863,1.44,1.57
2017.10.02 05:19:12.955,1.32856,1.32863,1.12,1.57
2017.10.02 05:19:13.490,1.32856,1.32863,2.62,1.57
2017.10.02 05:19:13.889,1.32856,1.32863,1.44,1.57
2017.10.02 05:19:14.192,1.32861,1.32865,1.00,1.76
2017.10.02 05:19:14.376,1.32861,1.32867,1.37,1.25
2017.10.02 05:19:15.024,1.32862,1.32868,2.62,1.44
2017.10.02 05:19:15.548,1.32862,1.32868,1.44,1.12
2017.10.02 05:19:16.245,1.32862,1.32868,1.37,1.50
2017.10.02 05:19:16.991,1.32862,1.32868,1.00,1.57
2017.10.02 05:19:19.974,1.32862,1.32868,1.00,1.39
2017.10.02 05:19:20.548,1.32861,1.32868,1.25,1.39
2017.10.02 05:19:23.274,1.32861,1.32868,1.19,1.47
2017.10.02 05:19:23.377,1.32863,1.32871,2.25,1.39
2017.10.02 05:19:23.983,1.32862,1.3287,1.19,1.39
2017.10.02 05:19:26.157,1.32862,1.3287,1.25,1.85
2017.10.02 05:19:26.515,1.32862,1.3287,1.00,2.32
2017.10.02 05:19:27.666,1.32862,1.3287,1.19,1.95
2017.10.02 05:19:28.274,1.32862,1.3287,1.25,1.95
2017.10.02 05:19:31.306,1.32862,1.3287,1.00,2.32
2017.10.02 05:19:32.113,1.32862,1.3287,1.00,2.74
2017.10.02 05:19:32.658,1.32862,1.3287,1.25,2.92
2017.10.02 05:19:33.494,1.32862,1.3287,1.25,3.11
2017.10.02 05:19:34.681,1.32862,1.3287,1.00,3.11
2017.10.02 05:19:35.812,1.32858,1.32865,1.57,1.25
2017.10.02 05:19:35.864,1.32858,1.32865,1.10,4.69
2017.10.02 05:19:35.915,1.32856,1.32864,1.12,1.37
2017.10.02 05:19:37.220,1.32855,1.32863,1.69,1.20
2017.10.02 05:19:37.434,1.32855,1.32863,1.69,1.20
2017.10.02 05:19:38.297,1.32855,1.32863,1.69,1.20
2017.10.02 05:19:38.818,1.32855,1.32863,1.69,1.89
2017.10.02 05:19:39.358,1.32855,1.32863,1.69,1.89
2017.10.02 05:19:40.054,1.32855,1.32863,1.69,1.50
2017.10.02 05:19:40.692,1.32856,1.32863,1.19,1.81
2017.10.02 05:19:41.350,1.32856,1.32863,1.25,2.00
2017.10.02 05:19:41.655,1.32856,1.32863,1.25,1.44
2017.10.02 05:19:41.808,1.32856,1.32863,1.19,1.44
2017.10.02 05:19:42.112,1.32856,1.32863,1.00,1.44
2017.10.02 05:19:42.619,1.32856,1.32863,1.19,1.44
2017.10.02 05:19:44.776,1.32856,1.32863,1.25,1.44
2017.10.02 05:19:45.445,1.32857,1.32863,1.00,1.44
2017.10.02 05:19:48.621,1.32857,1.32863,1.00,1.12
2017.10.02 05:19:51.537,1.32857,1.32863,1.19,1.25
2017.10.02 05:19:52.094,1.32857,1.32863,1.00,1.32
2017.10.02 05:19:52.598,1.32857,1.32865,1.25,2.51
2017.10.02 05:19:53.512,1.32858,1.32865,1.19,2.32
2017.10.02 05:19:53.718,1.3286,1.32866,1.00,1.26
2017.10.02 05:19:53.922,1.3286,1.32866,1.19,1.26
2017.10.02 05:19:54.426,1.3286,1.32866,1.19,1.26
2017.10.02 05:19:54.941,1.3286,1.32866,1.00,1.26
2017.10.02 05:19:57.561,1.3286,1.32866,1.25,1.39
2017.10.02 05:19:59.047,1.32861,1.32868,1.00,1.95
2017.10.02 05:19:59.306,1.32862,1.32869,1.25,1.76
2017.10.02 05:19:59.663,1.32862,1.3287,1.69,2.89
2017.10.02 05:20:01.076,1.32862,1.32869,1.69,1.26
2017.10.02 05:20:01.178,1.32862,1.3287,1.69,1.20
2017.10.02 05:20:01.688,1.32862,1.3287,1.69,1.20
2017.10.02 05:20:01.970,1.32862,1.3287,1.87,1.20
2017.10.02 05:20:02.679,1.32862,1.3287,1.87,1.20
2017.10.02 05:20:02.953,1.32862,1.3287,1.87,1.20
2017.10.02 05:20:03.648,1.32862,1.3287,1.87,1.44
2017.10.02 05:20:03.801,1.32866,1.32873,1.25,1.50
2017.10.02 05:20:04.307,1.32867,1.32873,1.00,1.19
2017.10.02 05:20:06.094,1.32867,1.32873,1.00,1.39
2017.10.02 05:20:07.246,1.32867,1.32873,1.00,1.29
2017.10.02 05:20:09.595,1.32867,1.32873,1.12,1.39
2017.10.02 05:20:10.294,1.32863,1.32871,3.00,1.31
2017.10.02 05:20:10.454,1.32862,1.3287,1.25,1.87
2017.10.02 05:20:10.709,1.32862,1.3287,1.31,1.87
2017.10.02 05:20:10.761,1.32861,1.3287,1.37,2.25
2017.10.02 05:20:11.300,1.32861,1.3287,1.87,1.50
2017.10.02 05:20:11.838,1.32863,1.3287,1.25,1.50
2017.10.02 05:20:12.362,1.32863,1.3287,1.00,1.75
2017.10.02 05:20:13.610,1.32862,1.32871,1.69,4.01
2017.10.02 05:20:13.967,1.32864,1.32871,1.00,1.81
2017.10.02 05:20:14.020,1.32864,1.32871,1.25,1.50
2017.10.02 05:20:14.122,1.32865,1.32872,1.25,1.56
2017.10.02 05:20:14.173,1.32864,1.32872,1.31,1.19
2017.10.02 05:20:14.326,1.32865,1.32872,1.25,1.81
2017.10.02 05:20:14.848,1.32864,1.32871,1.25,1.75
2017.10.02 05:20:15.607,1.32864,1.32873,1.87,4.01
2017.10.02 05:20:16.151,1.32865,1.32872,1.50,1.31
2017.10.02 05:20:16.586,1.32865,1.32872,1.25,1.69
2017.10.02 05:20:16.637,1.32865,1.32872,1.00,2.06
2017.10.02 05:20:17.165,1.32863,1.32872,1.31,1.31
2017.10.02 05:20:17.486,1.32863,1.3287,1.25,1.50
2017.10.02 05:20:18.598,1.32863,1.32868,1.25,1.44
2017.10.02 05:20:19.892,1.32862,1.32868,1.25,1.44
2017.10.02 05:20:21.542,1.32862,1.32868,1.69,1.37
2017.10.02 05:20:22.172,1.32862,1.32868,1.25,1.37
2017.10.02 05:20:23.248,1.32862,1.32868,1.19,1.37
2017.10.02 05:20:24.161,1.32862,1.32868,1.25,1.37
2017.10.02 05:20:24.675,1.32862,1.32868,1.19,1.44
2017.10.02 05:20:25.798,1.32862,1.32868,1.19,1.19
2017.10.02 05:20:26.498,1.32862,1.32868,1.19,1.50
2017.10.02 05:20:26.651,1.32861,1.32868,1.91,1.50
2017.10.02 05:20:27.178,1.32861,1.32868,1.91,1.37
2017.10.02 05:20:27.840,1.32861,1.32868,1.91,1.37
2017.10.02 05:20:29.539,1.32861,1.32868,1.91,1.44
2017.10.02 05:20:30.148,1.32861,1.32868,1.91,1.44
2017.10.02 05:20:30.909,1.32861,1.32868,1.91,1.19
2017.10.02 05:20:31.851,1.32861,1.32868,2.06,1.44
2017.10.02 05:20:33.049,1.32861,1.32868,2.06,1.44
2017.10.02 05:20:33.802,1.32861,1.32868,2.06,1.44
2017.10.02 05:20:34.793,1.32861,1.32868,1.76,1.44
2017.10.02 05:20:35.120,1.32861,1.32868,2.51,1.44
2017.10.02 05:20:35.784,1.32861,1.32868,2.89,1.44
2017.10.02 05:20:36.360,1.32862,1.32868,1.29,1.44
2017.10.02 05:20:37.318,1.32862,1.32868,1.19,1.19
2017.10.02 05:20:37.923,1.32862,1.32868,1.25,1.19
2017.10.02 05:20:38.582,1.3286,1.32868,1.01,3.37
2017.10.02 05:20:38.633,1.3286,1.32866,1.10,1.50
2017.10.02 05:20:38.685,1.32858,1.32865,2.06,1.44
2017.10.02 05:20:39.221,1.32856,1.32864,1.69,1.62
2017.10.02 05:20:41.650,1.32856,1.32864,1.19,1.44
2017.10.02 05:20:42.184,1.32856,1.32864,1.19,1.44
2017.10.02 05:20:42.791,1.32856,1.32864,1.19,1.37
2017.10.02 05:20:46.088,1.3286,1.32866,1.50,1.62
2017.10.02 05:20:46.653,1.32859,1.32866,1.19,1.56
2017.10.02 05:20:46.756,1.32858,1.32866,1.87,1.62
2017.10.02 05:20:48.244,1.32858,1.32866,1.25,2.06
2017.10.02 05:20:48.778,1.32858,1.32865,1.25,1.07
2017.10.02 05:20:49.304,1.32858,1.32864,1.00,1.29
2017.10.02 05:20:50.459,1.32858,1.32863,1.25,1.07
2017.10.02 05:20:51.090,1.32856,1.32864,1.87,1.57
2017.10.02 05:20:53.049,1.32856,1.32864,1.12,1.57
2017.10.02 05:20:53.253,1.32856,1.32864,1.19,1.95
2017.10.02 05:20:53.775,1.32856,1.32864,1.25,2.70
2017.10.02 05:20:54.346,1.32856,1.32863,1.19,1.51
2017.10.02 05:20:55.096,1.32856,1.32864,1.19,2.70
2017.10.02 05:20:55.672,1.32856,1.32864,1.19,2.70
2017.10.02 05:20:57.458,1.32856,1.32864,1.19,2.70
2017.10.02 05:20:58.480,1.32856,1.32864,1.19,1.95
2017.10.02 05:20:58.992,1.32856,1.32864,1.19,1.95
2017.10.02 05:21:00.974,1.32856,1.32864,1.25,1.95
2017.10.02 05:21:03.917,1.32856,1.32864,1.19,1.95
2017.10.02 05:21:04.448,1.32856,1.32862,1.19,1.57
2017.10.02 05:21:05.085,1.32856,1.32862,1.25,1.20
2017.10.02 05:21:05.898,1.32856,1.32862,1.19,1.44
2017.10.02 05:21:07.407,1.32856,1.32862,1.25,1.37
2017.10.02 05:21:07.712,1.32852,1.3286,1.50,3.82
2017.10.02 05:21:08.201,1.32852,1.32858,1.19,1.47
2017.10.02 05:21:08.812,1.32852,1.32858,1.19,1.57
2017.10.02 05:21:09.672,1.32852,1.32858,1.19,1.20
2017.10.02 05:21:10.183,1.32851,1.32858,1.19,1.29
2017.10.02 05:21:10.693,1.32851,1.32858,1.19,1.29
2017.10.02 05:21:11.216,1.32851,1.32858,1.24,1.19
2017.10.02 05:21:11.997,1.32851,1.32858,1.24,1.19
2017.10.02 05:21:12.789,1.32851,1.32858,1.24,1.19
2017.10.02 05:21:13.098,1.32851,1.32858,2.47,1.19
2017.10.02 05:21:13.631,1.3285,1.32858,4.31,1.19
2017.10.02 05:21:14.021,1.3285,1.32858,1.69,1.39
2017.10.02 05:21:14.551,1.3285,1.32858,1.62,1.87
2017.10.02 05:21:15.068,1.3285,1.32858,2.06,1.87
2017.10.02 05:21:15.119,1.3285,1.32858,2.06,1.87
2017.10.02 05:21:15.170,1.3285,1.32858,1.62,1.87
2017.10.02 05:21:15.793,1.32849,1.32858,4.54,1.95
2017.10.02 05:21:16.347,1.3285,1.32858,1.62,1.95
2017.10.02 05:21:17.293,1.3285,1.32858,1.62,1.95
2017.10.02 05:21:18.103,1.3285,1.32858,1.62,1.95
2017.10.02 05:21:18.741,1.3285,1.32858,2.06,1.95
2017.10.02 05:21:20.185,1.3285,1.32858,1.44,1.76
2017.10.02 05:21:20.505,1.3285,1.32858,1.31,1.95
2017.10.02 05:21:20.849,1.32848,1.32855,1.69,1.00
2017.10.02 05:21:20.902,1.32847,1.32855,2.25,2.06
2017.10.02 05:21:21.482,1.32846,1.32854,1.31,2.32
2017.10.02 05:21:22.179,1.32846,1.32854,1.31,2.32
2017.10.02 05:21:23.769,1.32846,1.32854,1.62,2.14
2017.10.02 05:21:24.232,1.32844,1.32853,3.19,1.01
2017.10.02 05:21:24.741,1.32845,1.32853,1.62,1.57
2017.10.02 05:21:25.245,1.32845,1.32853,1.69,1.57
2017.10.02 05:21:26.152,1.32844,1.32853,3.56,1.20
2017.10.02 05:21:26.356,1.32843,1.32851,2.25,2.74
2017.10.02 05:21:26.859,1.32841,1.32849,3.19,1.19
2017.10.02 05:21:27.399,1.32842,1.32849,1.37,1.19
2017.10.02 05:21:28.132,1.32841,1.32849,1.50,1.57
2017.10.02 05:21:28.387,1.32841,1.32849,3.56,1.44
2017.10.02 05:21:28.942,1.32841,1.32849,5.06,1.44
2017.10.02 05:21:29.987,1.3284,1.32849,3.19,3.64
2017.10.02 05:21:30.089,1.3284,1.32846,1.50,1.25
2017.10.02 05:21:30.498,1.3284,1.32846,2.06,1.25
2017.10.02 05:21:31.149,1.3284,1.32848,2.06,1.01
2017.10.02 05:21:31.687,1.32843,1.32848,1.19,1.01
2017.10.02 05:21:32.304,1.32842,1.3285,3.56,1.39
2017.10.02 05:21:32.816,1.32842,1.3285,3.56,1.01
2017.10.02 05:21:33.797,1.32843,1.3285,1.69,1.12
2017.10.02 05:21:34.396,1.32843,1.3285,1.69,1.20
2017.10.02 05:21:34.897,1.32843,1.3285,1.69,1.25
2017.10.02 05:21:35.421,1.32843,1.3285,1.69,1.01
2017.10.02 05:21:36.303,1.32841,1.3285,2.06,2.89
2017.10.02 05:21:36.354,1.32839,1.32846,1.44,1.25
2017.10.02 05:21:36.508,1.32837,1.32845,3.37,1.37
2017.10.02 05:21:37.151,1.32839,1.32846,1.19,2.06
2017.10.02 05:21:37.253,1.3284,1.32846,1.25,1.25
2017.10.02 05:21:37.503,1.3284,1.32846,1.19,1.25
2017.10.02 05:21:37.605,1.3284,1.32846,1.25,1.25
2017.10.02 05:21:37.945,1.3284,1.32846,1.19,1.25
2017.10.02 05:21:38.487,1.3284,1.32846,1.19,1.44
2017.10.02 05:21:38.640,1.3284,1.32846,1.19,1.44
2017.10.02 05:21:39.189,1.3284,1.32846,1.25,1.12
2017.10.02 05:21:40.413,1.3284,1.32846,1.19,1.95
2017.10.02 05:21:40.916,1.3284,1.32846,1.19,1.95
2017.10.02 05:21:40.967,1.32839,1.32846,1.19,1.95
2017.10.02 05:21:41.069,1.32839,1.32846,1.19,1.95
2017.10.02 05:21:41.614,1.32839,1.32846,2.44,1.20
2017.10.02 05:21:42.576,1.32839,1.32846,2.44,1.20
2017.10.02 05:21:43.244,1.3284,1.32846,1.19,1.20
2017.10.02 05:21:43.796,1.3284,1.32846,1.19,1.20
2017.10.02 05:21:44.140,1.32842,1.32848,2.44,1.69
2017.10.02 05:21:44.243,1.32842,1.32848,2.44,1.69
2017.10.02 05:21:44.853,1.32842,1.32848,1.54,1.25
2017.10.02 05:21:45.388,1.32842,1.3285,3.60,1.95
2017.10.02 05:21:45.896,1.32843,1.3285,1.19,2.14
2017.10.02 05:21:46.351,1.32843,1.32851,1.69,2.51
2017.10.02 05:21:47.042,1.32842,1.32851,3.41,2.51
2017.10.02 05:21:47.647,1.32842,1.32851,3.00,1.95
2017.10.02 05:21:48.095,1.32842,1.3285,1.12,1.01
2017.10.02 05:21:48.198,1.32842,1.3285,1.44,1.20
2017.10.02 05:21:50.242,1.32851,1.32853,5.35,1.87
2017.10.02 05:21:50.421,1.32855,1.32861,1.12,1.87
2017.10.02 05:21:50.575,1.32853,1.3286,3.00,1.00
2017.10.02 05:21:51.085,1.32853,1.32861,1.69,1.82
2017.10.02 05:21:51.894,1.32852,1.32857,1.12,3.64
2017.10.02 05:21:51.997,1.3285,1.32853,1.25,1.00
2017.10.02 05:21:52.512,1.32849,1.32856,1.87,1.64
2017.10.02 05:21:53.202,1.32849,1.32856,1.44,1.69
2017.10.02 05:21:53.480,1.32849,1.32855,1.25,1.47
2017.10.02 05:21:54.811,1.32849,1.32855,1.25,1.57
2017.10.02 05:21:55.321,1.32849,1.32855,1.25,1.57
2017.10.02 05:21:58.458,1.3285,1.32856,1.00,2.32
2017.10.02 05:21:58.871,1.32849,1.32857,1.31,5.70
2017.10.02 05:21:58.974,1.32851,1.32859,1.69,5.17
2017.10.02 05:21:59.076,1.32852,1.3286,2.44,3.07
2017.10.02 05:21:59.230,1.32849,1.32856,1.50,1.57
2017.10.02 05:21:59.281,1.32848,1.32855,2.44,2.10
2017.10.02 05:21:59.333,1.32848,1.32854,1.31,1.20
2017.10.02 05:21:59.385,1.32847,1.32854,1.25,4.95
2017.10.02 05:21:59.739,1.32847,1.32853,2.44,1.12
2017.10.02 05:22:00.251,1.32847,1.32855,2.44,3.82
2017.10.02 05:22:00.778,1.32847,1.32855,1.25,4.57
2017.10.02 05:22:01.247,1.32846,1.32853,1.25,2.32
2017.10.02 05:22:01.298,1.32844,1.32851,1.12,1.25
2017.10.02 05:22:01.350,1.32843,1.32851,1.37,1.57
2017.10.02 05:22:01.954,1.32843,1.3285,1.69,1.37
2017.10.02 05:22:02.704,1.32842,1.3285,3.37,1.95
2017.10.02 05:22:03.114,1.32844,1.32851,1.19,3.45
2017.10.02 05:22:03.217,1.32843,1.3285,1.00,1.29
2017.10.02 05:22:04.109,1.32841,1.3285,4.87,2.14
2017.10.02 05:22:04.315,1.32841,1.32849,1.44,1.20
2017.10.02 05:22:04.418,1.32841,1.32849,1.44,1.20
2017.10.02 05:22:04.930,1.32841,1.3285,1.87,3.07
2017.10.02 05:22:05.381,1.3284,1.32848,1.69,1.47
2017.10.02 05:22:06.043,1.3284,1.32848,1.69,1.57
2017.10.02 05:22:06.999,1.3284,1.32848,1.69,1.57
2017.10.02 05:22:07.596,1.3284,1.32849,1.19,4.95
2017.10.02 05:22:08.674,1.32839,1.32849,2.25,4.20
2017.10.02 05:22:09.184,1.32839,1.32848,2.25,2.70
2017.10.02 05:22:09.717,1.3284,1.32849,4.31,2.32
2017.10.02 05:22:10.023,1.3284,1.32847,1.31,1.01
2017.10.02 05:22:10.565,1.32839,1.32846,2.44,1.00
2017.10.02 05:22:10.919,1.32839,1.32846,1.69,1.00
2017.10.02 05:22:10.970,1.32839,1.32846,2.44,1.00
2017.10.02 05:22:11.397,1.32839,1.32846,2.25,1.00
2017.10.02 05:22:12.085,1.3284,1.32846,1.25,1.00
2017.10.02 05:22:12.625,1.32839,1.32846,3.75,1.00
2017.10.02 05:22:13.267,1.3284,1.32847,1.00,1.76
2017.10.02 05:22:15.855,1.3284,1.32847,1.19,1.76
2017.10.02 05:22:16.567,1.32843,1.32849,1.69,1.95
2017.10.02 05:22:16.670,1.32845,1.32852,1.12,4.20
2017.10.02 05:22:16.721,1.32846,1.32852,1.31,1.95
2017.10.02 05:22:17.227,1.32844,1.3285,3.19,1.12
2017.10.02 05:22:17.635,1.32844,1.3285,2.44,1.01
2017.10.02 05:22:17.839,1.32843,1.32849,1.19,1.57
2017.10.02 05:22:18.094,1.32845,1.32851,2.62,1.69
2017.10.02 05:22:18.624,1.32845,1.32851,1.44,1.99
2017.10.02 05:22:19.134,1.32844,1.32849,1.44,1.00
2017.10.02 05:22:19.648,1.32844,1.32852,2.19,1.57
2017.10.02 05:22:20.110,1.32846,1.32852,2.06,1.01
2017.10.02 05:22:20.212,1.32846,1.32852,2.06,1.01
2017.10.02 05:22:20.886,1.32845,1.32852,3.19,1.01
2017.10.02 05:22:21.090,1.32845,1.32851,5.44,1.10
2017.10.02 05:22:21.603,1.32846,1.32853,1.12,4.39
2017.10.02 05:22:22.143,1.32845,1.32853,3.19,4.20
2017.10.02 05:22:22.348,1.32844,1.32852,3.37,1.01
2017.10.02 05:22:22.451,1.32844,1.32852,1.37,2.89
2017.10.02 05:22:22.995,1.32845,1.32852,3.56,1.57
2017.10.02 05:22:23.545,1.32845,1.32852,3.56,1.20
2017.10.02 05:22:23.851,1.32847,1.3285,1.37,1.00
2017.10.02 05:22:24.004,1.32846,1.32852,3.37,1.00
2017.10.02 05:22:24.913,1.32847,1.32852,1.31,1.10
2017.10.02 05:22:26.305,1.32846,1.3285,1.87,1.00
2017.10.02 05:22:26.458,1.32845,1.32852,3.75,1.10
2017.10.02 05:22:26.611,1.32845,1.32852,4.50,2.89
2017.10.02 05:22:27.144,1.32846,1.32851,1.69,1.01
2017.10.02 05:22:31.719,1.32847,1.32852,1.94,1.39
2017.10.02 05:22:31.770,1.32846,1.32852,2.62,1.20
2017.10.02 05:22:32.279,1.32847,1.32852,1.37,1.39
2017.10.02 05:22:32.535,1.32848,1.32852,1.94,1.39
2017.10.02 05:22:32.586,1.32847,1.32852,1.00,1.39
2017.10.02 05:22:32.638,1.32847,1.32852,1.87,1.20
2017.10.02 05:22:32.689,1.32847,1.32852,1.12,1.20
2017.10.02 05:22:33.202,1.32846,1.32852,4.50,1.10
2017.10.02 05:22:33.735,1.32846,1.32853,1.37,3.07
2017.10.02 05:22:34.654,1.32847,1.32852,1.50,1.10
2017.10.02 05:22:35.180,1.32847,1.32852,1.69,1.10
2017.10.02 05:22:36.409,1.32847,1.32853,3.00,3.07
2017.10.02 05:22:36.957,1.32847,1.32853,1.44,2.14
2017.10.02 05:22:37.506,1.32846,1.32852,1.50,2.32
2017.10.02 05:22:37.559,1.32845,1.32847,1.37,1.00
2017.10.02 05:22:37.662,1.32842,1.32845,2.62,1.00
2017.10.02 05:22:37.714,1.32842,1.32847,2.62,1.10
2017.10.02 05:22:37.869,1.3284,1.32846,2.62,1.10
2017.10.02 05:22:38.390,1.32841,1.32845,1.50,1.10
2017.10.02 05:22:39.137,1.32841,1.32845,1.50,1.10
2017.10.02 05:22:39.660,1.32841,1.32845,1.31,1.25
2017.10.02 05:22:40.808,1.32841,1.32848,4.72,2.14
2017.10.02 05:22:41.090,1.32846,1.3285,1.25,1.00
2017.10.02 05:22:41.645,1.32846,1.32851,1.25,1.69
2017.10.02 05:22:42.191,1.32846,1.32851,1.69,1.69
2017.10.02 05:22:42.698,1.32846,1.32851,2.44,1.69
2017.10.02 05:22:44.047,1.32846,1.32851,1.25,1.25
2017.10.02 05:22:44.565,1.32843,1.32851,1.69,1.25
2017.10.02 05:22:45.151,1.32844,1.32851,1.62,1.25
2017.10.02 05:22:45.703,1.32843,1.32851,2.44,1.25
2017.10.02 05:22:47.870,1.32843,1.32851,3.94,1.25
2017.10.02 05:22:48.664,1.32843,1.32851,2.44,1.12
2017.10.02 05:22:49.669,1.32843,1.32851,2.44,3.07
2017.10.02 05:22:51.340,1.32843,1.3285,2.44,1.39
2017.10.02 05:22:51.545,1.32842,1.32848,1.62,1.00
2017.10.02 05:22:52.185,1.32841,1.32847,1.50,1.00
2017.10.02 05:22:52.847,1.3284,1.32848,5.47,1.20
2017.10.02 05:22:53.538,1.32841,1.32848,2.00,1.00
2017.10.02 05:22:54.215,1.3284,1.32848,7.91,1.10
2017.10.02 05:22:54.827,1.32841,1.32848,1.37,1.57
2017.10.02 05:22:55.608,1.32841,1.32848,1.50,1.20
2017.10.02 05:22:56.638,1.3284,1.32848,5.25,1.44
2017.10.02 05:22:57.147,1.3284,1.32848,6.94,2.14
2017.10.02 05:22:57.461,1.3284,1.32845,2.00,1.00
2017.10.02 05:22:57.513,1.32838,1.32845,8.06,1.25
2017.10.02 05:22:57.564,1.32838,1.32844,4.69,1.31
2017.10.02 05:22:58.076,1.32838,1.32843,2.81,1.01
2017.10.02 05:22:58.652,1.32838,1.32843,3.19,1.19
2017.10.02 05:22:59.777,1.32838,1.32843,2.44,1.10
2017.10.02 05:23:00.950,1.32838,1.32843,3.19,1.10
2017.10.02 05:23:01.001,1.32838,1.32843,3.19,1.10
2017.10.02 05:23:01.968,1.32838,1.32843,2.25,1.19
2017.10.02 05:23:02.507,1.32837,1.32843,3.56,1.25
2017.10.02 05:23:02.610,1.32837,1.3284,2.44,1.00
2017.10.02 05:23:03.170,1.32836,1.3284,1.25,1.00
2017.10.02 05:23:03.680,1.32835,1.3284,1.25,1.00
2017.10.02 05:23:04.173,1.32835,1.3284,1.44,1.00
2017.10.02 05:23:04.224,1.32835,1.3284,1.12,1.00
2017.10.02 05:23:04.784,1.32834,1.3284,2.06,1.00
2017.10.02 05:23:05.294,1.32835,1.3284,1.25,1.00
2017.10.02 05:23:05.804,1.32834,1.3284,1.50,1.00
2017.10.02 05:23:07.434,1.32833,1.32839,3.94,1.00
2017.10.02 05:23:07.943,1.32833,1.32839,2.06,1.00
2017.10.02 05:23:08.053,1.32833,1.32836,2.06,1.00
2017.10.02 05:23:08.206,1.3283,1.32837,1.69,1.76
2017.10.02 05:23:09.883,1.32831,1.32837,1.19,1.01
2017.10.02 05:23:10.191,1.32833,1.3284,2.25,1.01
2017.10.02 05:23:10.497,1.32835,1.32841,1.44,1.95
2017.10.02 05:23:10.548,1.32835,1.32841,1.12,1.95
2017.10.02 05:23:10.752,1.32834,1.32841,3.56,1.95
2017.10.02 05:23:11.185,1.32834,1.32841,1.62,1.20
2017.10.02 05:23:11.481,1.32834,1.32841,2.44,1.20
2017.10.02 05:23:11.584,1.32835,1.32843,2.25,1.95
2017.10.02 05:23:11.941,1.32836,1.32842,1.44,1.39
2017.10.02 05:23:12.450,1.32836,1.32843,1.44,2.32
2017.10.02 05:23:12.995,1.32836,1.32843,2.06,1.95
2017.10.02 05:23:13.567,1.32835,1.32844,5.06,2.32
2017.10.02 05:23:14.085,1.32835,1.32844,5.44,2.32
2017.10.02 05:23:14.616,1.32836,1.32844,2.06,2.14
2017.10.02 05:23:15.014,1.32836,1.32843,1.37,1.99
2017.10.02 05:23:15.119,1.32834,1.3284,2.44,1.10
2017.10.02 05:23:15.171,1.32834,1.32841,1.87,2.89
2017.10.02 05:23:15.324,1.32835,1.32841,1.44,1.00
2017.10.02 05:23:15.680,1.32833,1.3284,2.81,1.20
2017.10.02 05:23:17.858,1.32833,1.32838,1.31,1.00
2017.10.02 05:23:17.909,1.32831,1.32838,3.56,1.00
2017.10.02 05:23:18.315,1.32831,1.32836,1.44,1.00
2017.10.02 05:23:18.624,1.32828,1.32834,2.25,1.10
2017.10.02 05:23:18.675,1.32826,1.32834,4.69,1.57
2017.10.02 05:23:18.829,1.32826,1.32833,1.31,1.39
2017.10.02 05:23:19.588,1.32826,1.32833,2.62,1.25
2017.10.02 05:23:19.639,1.32832,1.32838,1.25,2.14
2017.10.02 05:23:19.845,1.32832,1.3284,2.81,2.32
2017.10.02 05:23:20.356,1.32833,1.3284,1.12,1.47
2017.10.02 05:23:20.892,1.32832,1.32839,1.12,2.32
2017.10.02 05:23:21.198,1.32829,1.32837,1.87,3.07
2017.10.02 05:23:21.505,1.32828,1.32836,1.19,3.45
2017.10.02 05:23:21.969,1.32826,1.32836,7.69,4.39
2017.10.02 05:23:22.224,1.32827,1.32835,1.87,1.95
2017.10.02 05:23:22.527,1.32819,1.32824,2.62,4.69
2017.10.02 05:23:22.579,1.32818,1.32821,2.25,1.25
2017.10.02 05:23:23.190,1.32815,1.32821,2.62,1.00
2017.10.02 05:23:23.497,1.32815,1.32819,1.19,1.00
2017.10.02 05:23:23.548,1.32814,1.32818,1.44,1.00
2017.10.02 05:23:23.854,1.32813,1.32816,1.44,1.00
2017.10.02 05:23:24.202,1.32813,1.32818,1.19,1.57
2017.10.02 05:23:24.626,1.32815,1.32819,1.44,1.10
2017.10.02 05:23:24.934,1.32814,1.32821,1.37,1.10
2017.10.02 05:23:24.986,1.32813,1.32821,2.62,1.01
2017.10.02 05:23:25.037,1.32814,1.32819,1.44,1.10
2017.10.02 05:23:25.541,1.32814,1.32819,1.12,1.10
2017.10.02 05:23:26.055,1.32814,1.3282,1.44,2.89
2017.10.02 05:23:26.611,1.32813,1.32817,1.12,6.79
2017.10.02 05:23:26.918,1.32808,1.32813,1.44,1.76
2017.10.02 05:23:28.077,1.32808,1.32813,1.12,1.81
2017.10.02 05:23:28.493,1.32809,1.32814,1.12,1.00
2017.10.02 05:23:28.544,1.32809,1.32814,1.20,1.00
2017.10.02 05:23:28.595,1.32809,1.32816,1.20,1.12
2017.10.02 05:23:29.104,1.32811,1.32816,1.44,1.25
2017.10.02 05:23:29.449,1.32809,1.32814,1.37,1.25
2017.10.02 05:23:29.960,1.32808,1.32815,3.37,1.81
2017.10.02 05:23:30.216,1.32808,1.32815,1.87,1.87
2017.10.02 05:23:30.739,1.32808,1.32814,1.44,1.87
2017.10.02 05:23:30.995,1.32808,1.32812,1.44,1.00
2017.10.02 05:23:31.097,1.32808,1.32814,1.44,1.87
2017.10.02 05:23:31.633,1.32808,1.32813,1.19,1.87
2017.10.02 05:23:31.787,1.32811,1.32818,1.00,4.50
2017.10.02 05:23:31.839,1.32811,1.32818,1.37,1.87
2017.10.02 05:23:32.145,1.32808,1.32815,1.57,1.19
2017.10.02 05:23:32.453,1.32808,1.32816,1.57,4.12
2017.10.02 05:23:32.652,1.32807,1.32816,2.70,3.75
2017.10.02 05:23:33.163,1.32808,1.32814,1.44,1.31
2017.10.02 05:23:33.368,1.32807,1.32815,2.70,1.81
2017.10.02 05:23:33.471,1.32807,1.32814,1.47,1.31
2017.10.02 05:23:33.522,1.32807,1.32814,1.47,2.44
2017.10.02 05:23:33.625,1.32807,1.32813,1.20,2.44
2017.10.02 05:23:33.938,1.32807,1.32815,1.57,4.31
2017.10.02 05:23:34.091,1.32807,1.32814,1.20,1.25
2017.10.02 05:23:34.193,1.32807,1.32812,1.01,1.00
2017.10.02 05:23:34.449,1.32806,1.32814,2.89,1.00
2017.10.02 05:23:34.500,1.32806,1.32812,2.14,1.00
2017.10.02 05:23:34.959,1.32805,1.32812,4.01,1.00
2017.10.02 05:23:35.476,1.32807,1.32812,1.69,1.00
2017.10.02 05:23:36.039,1.32807,1.32815,2.44,1.00
2017.10.02 05:23:36.244,1.32808,1.32814,4.69,1.00
2017.10.02 05:23:36.805,1.32809,1.32814,2.06,1.00
2017.10.02 05:23:37.317,1.32809,1.32815,1.56,1.00
2017.10.02 05:23:37.470,1.32812,1.32819,1.44,1.00
2017.10.02 05:23:37.808,1.32812,1.32817,2.06,1.00
2017.10.02 05:23:38.471,1.32812,1.32818,2.06,1.00
2017.10.02 05:23:39.076,1.32812,1.32818,1.37,1.25
2017.10.02 05:23:39.435,1.32811,1.32815,1.37,1.00
2017.10.02 05:23:39.946,1.32808,1.32815,2.14,1.00
2017.10.02 05:23:40.423,1.32811,1.32816,1.44,1.25
2017.10.02 05:23:40.679,1.3281,1.32815,2.62,1.00
2017.10.02 05:23:40.730,1.32811,1.32817,1.44,1.00
2017.10.02 05:23:40.832,1.32809,1.32815,2.06,1.00
2017.10.02 05:23:41.972,1.32809,1.32817,1.37,1.00
2017.10.02 05:23:42.076,1.32813,1.32819,1.50,1.25
2017.10.02 05:23:42.383,1.32817,1.32821,1.69,1.00
2017.10.02 05:23:42.739,1.32816,1.32821,1.31,1.00
2017.10.02 05:23:43.130,1.32817,1.32824,2.44,1.00
2017.10.02 05:23:43.437,1.32817,1.3282,1.37,1.00
2017.10.02 05:23:44.098,1.32817,1.32822,1.00,1.00
2017.10.02 05:23:44.150,1.32817,1.32823,1.12,1.25
2017.10.02 05:23:44.824,1.32816,1.32823,1.87,1.25
2017.10.02 05:23:45.269,1.32817,1.32821,1.00,1.00
2017.10.02 05:23:47.556,1.32815,1.32821,1.25,1.00
2017.10.02 05:23:48.107,1.32815,1.3282,1.25,1.00
2017.10.02 05:23:48.616,1.32812,1.3282,6.07,1.19
2017.10.02 05:23:49.247,1.32812,1.3282,2.62,2.81
2017.10.02 05:23:50.404,1.32813,1.32821,2.62,2.06
2017.10.02 05:23:50.528,1.32813,1.32821,3.45,1.69
2017.10.02 05:23:50.988,1.32814,1.32818,1.44,1.00
2017.10.02 05:23:51.040,1.32812,1.32817,1.29,1.00
2017.10.02 05:23:51.347,1.32811,1.32815,1.37,1.00
2017.10.02 05:23:51.762,1.32811,1.32817,1.44,1.31
2017.10.02 05:23:52.289,1.32811,1.32817,1.12,1.12
2017.10.02 05:23:52.340,1.32811,1.32817,1.44,1.31
2017.10.02 05:23:53.056,1.32811,1.32817,1.44,1.44
2017.10.02 05:23:53.645,1.32811,1.32816,1.44,1.00
2017.10.02 05:23:54.116,1.32811,1.32817,1.37,1.19
2017.10.02 05:23:54.169,1.3281,1.32817,1.87,1.19
2017.10.02 05:23:54.323,1.3281,1.32816,3.37,1.25
2017.10.02 05:23:54.682,1.32811,1.32817,1.37,1.56
2017.10.02 05:23:54.909,1.3281,1.32817,4.12,1.25
2017.10.02 05:23:55.064,1.32811,1.32817,1.37,1.31
2017.10.02 05:23:55.588,1.3281,1.32817,4.87,1.69
2017.10.02 05:23:56.763,1.3281,1.32817,1.37,2.06
2017.10.02 05:23:57.279,1.32809,1.32816,3.82,1.31
2017.10.02 05:23:58.007,1.3281,1.32816,1.44,1.19
2017.10.02 05:23:58.160,1.32813,1.32817,1.19,1.25
2017.10.02 05:23:59.340,1.32813,1.32819,1.44,1.69
2017.10.02 05:23:59.442,1.32813,1.32818,3.37,1.00
2017.10.02 05:23:59.849,1.32812,1.32817,1.37,1.25
2017.10.02 05:24:00.384,1.32811,1.32817,3.37,1.25
2017.10.02 05:24:00.895,1.3281,1.32817,4.12,1.25
2017.10.02 05:24:01.409,1.3281,1.32816,4.12,1.00
2017.10.02 05:24:01.861,1.3281,1.32818,4.12,1.25
2017.10.02 05:24:02.393,1.32811,1.32817,1.37,1.00
2017.10.02 05:24:03.090,1.32811,1.32817,1.37,1.19
2017.10.02 05:24:03.644,1.3281,1.32817,4.12,1.25
2017.10.02 05:24:09.694,1.3281,1.32818,4.87,3.19
2017.10.02 05:24:10.319,1.32811,1.32817,3.00,1.00
2017.10.02 05:24:10.831,1.32811,1.32817,1.87,1.00
2017.10.02 05:24:12.077,1.3281,1.32817,1.87,1.19
2017.10.02 05:24:12.473,1.3281,1.32818,1.87,4.61
2017.10.02 05:24:12.575,1.3281,1.32818,1.37,2.10
2017.10.02 05:24:12.678,1.32809,1.32818,2.62,2.29
2017.10.02 05:24:13.145,1.32809,1.32816,4.12,1.19
2017.10.02 05:24:13.734,1.3281,1.32817,1.44,1.56
2017.10.02 05:24:14.269,1.3281,1.32817,1.44,1.56
2017.10.02 05:24:15.156,1.3281,1.32817,1.44,2.00
2017.10.02 05:24:15.279,1.32809,1.32817,4.87,1.75
2017.10.02 05:24:15.944,1.32809,1.32817,3.26,1.69
2017.10.02 05:24:16.262,1.3281,1.32816,1.31,1.69
2017.10.02 05:24:16.467,1.32808,1.32816,2.06,2.44
2017.10.02 05:24:16.823,1.32808,1.32814,2.81,1.00
2017.10.02 05:24:17.346,1.32808,1.32815,4.39,1.00
2017.10.02 05:24:17.654,1.32813,1.32817,1.37,1.00
2017.10.02 05:24:18.331,1.32813,1.32817,1.25,1.00
2017.10.02 05:24:18.753,1.3281,1.32816,2.44,1.69
2017.10.02 05:24:19.136,1.3281,1.32816,2.06,1.69
2017.10.02 05:24:20.309,1.3281,1.32814,2.44,1.00
2017.10.02 05:24:20.361,1.3281,1.32816,2.00,1.69
2017.10.02 05:24:20.888,1.3281,1.32816,1.69,1.69
2017.10.02 05:24:23.538,1.32815,1.32819,1.00,1.56
2017.10.02 05:24:23.641,1.32817,1.32824,1.19,4.50
2017.10.02 05:24:23.693,1.32818,1.32824,1.87,1.19
2017.10.02 05:24:23.999,1.32816,1.32819,1.19,1.00
2017.10.02 05:24:24.456,1.32815,1.32818,1.50,1.00
2017.10.02 05:24:24.711,1.32814,1.32817,1.44,1.00
2017.10.02 05:24:24.865,1.32815,1.32818,1.12,1.00
2017.10.02 05:24:25.181,1.32817,1.32819,1.19,1.00
2017.10.02 05:24:25.386,1.32815,1.3282,1.12,1.50
2017.10.02 05:24:25.438,1.32816,1.32818,1.00,1.00
2017.10.02 05:24:25.745,1.32814,1.32818,1.19,1.50
2017.10.02 05:24:26.287,1.32815,1.32819,1.44,1.50
2017.10.02 05:24:26.645,1.32814,1.32817,1.44,1.00
2017.10.02 05:24:26.951,1.32813,1.32818,1.87,1.50
2017.10.02 05:24:27.003,1.32813,1.32815,1.37,1.00
2017.10.02 05:24:27.265,1.32813,1.32816,1.50,1.00
2017.10.02 05:24:27.470,1.32812,1.32815,1.37,1.00
2017.10.02 05:24:27.979,1.32813,1.32815,1.44,1.00
2017.10.02 05:24:28.497,1.32813,1.32815,1.25,1.00
2017.10.02 05:24:29.360,1.32811,1.32815,2.19,1.00
2017.10.02 05:24:29.564,1.32811,1.32813,1.25,1.00
2017.10.02 05:24:29.718,1.32812,1.32815,1.69,1.00
2017.10.02 05:24:30.546,1.32813,1.32815,1.25,1.00
2017.10.02 05:24:31.189,1.32811,1.32815,1.44,2.25
2017.10.02 05:24:31.496,1.32809,1.32813,1.87,1.00
2017.10.02 05:24:32.009,1.32809,1.32812,1.12,1.00
2017.10.02 05:24:32.359,1.3281,1.32814,1.50,1.00
2017.10.02 05:24:32.616,1.3281,1.32813,1.25,1.00
2017.10.02 05:24:32.822,1.3281,1.32814,3.37,1.00
2017.10.02 05:24:33.129,1.32813,1.32816,1.50,1.00
2017.10.02 05:24:33.283,1.32813,1.32816,2.06,1.00
2017.10.02 05:24:33.387,1.32813,1.32816,1.50,1.00
2017.10.02 05:24:33.644,1.32812,1.32816,1.37,1.00
2017.10.02 05:24:34.155,1.32811,1.32815,1.37,1.00
2017.10.02 05:24:34.308,1.3281,1.32817,1.37,2.29
2017.10.02 05:24:34.411,1.32809,1.32811,1.44,1.50
2017.10.02 05:24:34.462,1.32807,1.32809,1.00,1.00
2017.10.02 05:24:34.630,1.32804,1.32808,1.37,1.00
2017.10.02 05:24:34.784,1.32803,1.3281,1.37,3.07
2017.10.02 05:24:34.990,1.32802,1.32806,3.00,1.00
2017.10.02 05:24:35.298,1.32806,1.3281,1.44,1.00
2017.10.02 05:24:35.513,1.32806,1.32813,1.87,2.44
2017.10.02 05:24:35.565,1.32804,1.32808,3.00,1.00
2017.10.02 05:24:36.026,1.32805,1.32809,1.37,1.00
2017.10.02 05:24:36.077,1.32807,1.32811,1.12,1.31
2017.10.02 05:24:36.129,1.3281,1.32813,1.31,1.69
2017.10.02 05:24:36.448,1.32814,1.32816,1.25,1.00
2017.10.02 05:24:36.755,1.32814,1.32817,1.87,1.00
2017.10.02 05:24:37.112,1.32814,1.32816,1.31,1.00
2017.10.02 05:24:37.587,1.32814,1.32817,1.12,1.00
2017.10.02 05:24:37.843,1.32813,1.32815,1.44,1.00
2017.10.02 05:24:37.996,1.3281,1.32815,5.25,1.00
2017.10.02 05:24:38.341,1.3281,1.32813,1.00,1.00
2017.10.02 05:24:38.651,1.32809,1.32813,1.87,1.00
2017.10.02 05:24:38.703,1.3281,1.32813,1.00,1.00
2017.10.02 05:24:38.958,1.32809,1.32812,1.37,1.00
2017.10.02 05:24:39.212,1.32809,1.32812,1.37,1.00
2017.10.02 05:24:39.675,1.3281,1.32813,1.12,1.00
2017.10.02 05:24:39.932,1.32813,1.32816,1.12,1.19
2017.10.02 05:24:39.984,1.32816,1.32817,1.00,1.00
2017.10.02 05:24:40.291,1.32812,1.32817,1.50,1.00
2017.10.02 05:24:40.394,1.32814,1.32817,1.44,1.00
2017.10.02 05:24:40.805,1.32814,1.32816,1.00,1.00
2017.10.02 05:24:41.316,1.32811,1.32814,1.31,1.00
2017.10.02 05:24:41.368,1.32812,1.32815,1.37,1.00
2017.10.02 05:24:41.419,1.32811,1.32814,1.87,1.00
2017.10.02 05:24:41.889,1.32809,1.32813,2.25,1.50
2017.10.02 05:24:42.400,1.32811,1.32813,1.69,1.50
2017.10.02 05:24:42.862,1.32809,1.32813,1.12,1.50
2017.10.02 05:24:43.026,1.32811,1.32813,1.31,1.50
2017.10.02 05:24:43.542,1.32809,1.32812,2.19,1.00
2017.10.02 05:24:44.337,1.32808,1.32812,1.87,1.50
2017.10.02 05:24:44.848,1.3281,1.32811,1.00,1.50
2017.10.02 05:24:45.558,1.32807,1.32811,1.50,1.50
2017.10.02 05:24:45.756,1.32807,1.3281,1.00,1.00
2017.10.02 05:24:45.860,1.32808,1.3281,1.69,1.00
2017.10.02 05:24:46.167,1.32811,1.32815,1.87,1.00
2017.10.02 05:24:46.678,1.32812,1.32817,1.87,1.50
2017.10.02 05:24:46.914,1.32817,1.32818,1.00,1.50
2017.10.02 05:24:47.121,1.32816,1.32819,1.69,1.00
2017.10.02 05:24:47.634,1.32815,1.32818,2.62,1.00
2017.10.02 05:24:49.192,1.32813,1.32818,1.12,1.50
2017.10.02 05:24:49.731,1.32813,1.32817,1.12,1.00
2017.10.02 05:24:50.303,1.32812,1.32817,1.12,1.00
2017.10.02 05:24:50.867,1.32813,1.32817,1.00,1.00
2017.10.02 05:24:51.121,1.32813,1.32817,1.12,1.00
2017.10.02 05:24:51.749,1.32811,1.32817,2.29,1.50
2017.10.02 05:24:52.273,1.32811,1.32817,2.81,1.50
2017.10.02 05:24:52.794,1.32812,1.32817,2.06,1.00
2017.10.02 05:24:53.601,1.32811,1.32817,1.69,1.57
2017.10.02 05:24:54.136,1.3281,1.32817,4.54,1.57
2017.10.02 05:24:54.285,1.3281,1.32817,2.29,1.10
2017.10.02 05:24:54.490,1.3281,1.32817,1.69,1.10
2017.10.02 05:24:55.000,1.32811,1.32816,1.44,1.00
2017.10.02 05:24:55.409,1.32815,1.32818,1.69,1.00
2017.10.02 05:24:55.664,1.32819,1.32824,1.19,1.57
2017.10.02 05:24:56.022,1.32817,1.32822,2.44,1.00
2017.10.02 05:24:56.074,1.32817,1.32821,1.62,1.00
2017.10.02 05:24:56.795,1.32817,1.32821,2.06,1.00
2017.10.02 05:24:57.119,1.32814,1.32818,3.19,1.00
2017.10.02 05:24:57.374,1.32816,1.32819,1.69,1.00
2017.10.02 05:24:58.038,1.32815,1.32819,2.06,1.00
2017.10.02 05:24:58.918,1.32814,1.32818,2.62,1.00
2017.10.02 05:24:59.869,1.32811,1.32815,3.56,1.00
2017.10.02 05:25:00.024,1.3281,1.32813,1.56,1.00
2017.10.02 05:25:00.381,1.32809,1.32813,1.31,1.00
2017.10.02 05:25:00.483,1.32809,1.32813,1.31,1.00
2017.10.02 05:25:00.744,1.32809,1.32812,1.12,1.50
2017.10.02 05:25:00.797,1.32807,1.3281,1.44,1.69
2017.10.02 05:25:01.174,1.32809,1.32812,1.69,1.25
2017.10.02 05:25:01.226,1.32809,1.32813,1.87,1.19
2017.10.02 05:25:01.533,1.32812,1.32815,1.50,1.00
2017.10.02 05:25:01.946,1.32813,1.32817,1.50,1.00
2017.10.02 05:25:02.050,1.32812,1.32815,2.25,1.00
2017.10.02 05:25:02.427,1.32813,1.32818,1.47,1.00
2017.10.02 05:25:02.937,1.32813,1.32817,1.47,1.00
2017.10.02 05:25:03.180,1.32816,1.32818,1.29,1.00
2017.10.02 05:25:03.747,1.32815,1.32818,1.44,1.00
2017.10.02 05:25:04.206,1.32816,1.32819,1.31,1.00
2017.10.02 05:25:04.604,1.32817,1.32821,1.57,1.00
2017.10.02 05:25:04.707,1.32816,1.32819,1.95,1.00
2017.10.02 05:25:04.912,1.32814,1.32819,2.32,1.00
2017.10.02 05:25:06.708,1.32814,1.32817,1.20,1.00
2017.10.02 05:25:06.759,1.32813,1.32817,2.32,1.00
2017.10.02 05:25:07.518,1.32813,1.32817,1.95,1.00
2017.10.02 05:25:07.723,1.32811,1.32815,1.57,1.00
2017.10.02 05:25:07.826,1.32809,1.32812,1.00,1.00
2017.10.02 05:25:08.336,1.32807,1.32812,1.37,1.00
2017.10.02 05:25:09.089,1.32809,1.32814,4.69,1.25
2017.10.02 05:25:09.397,1.32812,1.32817,1.19,1.19
2017.10.02 05:25:09.449,1.32812,1.32817,1.25,1.19
2017.10.02 05:25:09.957,1.32812,1.32815,1.44,1.00
2017.10.02 05:25:10.467,1.32812,1.32815,1.44,1.00
2017.10.02 05:25:11.475,1.3281,1.32815,1.31,1.00
2017.10.02 05:25:11.680,1.3281,1.32813,1.31,1.00
2017.10.02 05:25:12.710,1.32808,1.32813,1.87,1.00
2017.10.02 05:25:13.248,1.32808,1.32813,3.37,1.00
2017.10.02 05:25:13.752,1.32808,1.32813,2.62,1.00
2017.10.02 05:25:14.358,1.32808,1.32813,1.87,1.00
2017.10.02 05:25:14.885,1.32808,1.32813,1.87,1.00
2017.10.02 05:25:16.450,1.32808,1.32812,1.87,1.00
2017.10.02 05:25:20.792,1.32808,1.32813,1.37,1.00
2017.10.02 05:25:22.130,1.32809,1.32812,1.57,1.00
2017.10.02 05:25:22.670,1.32808,1.32811,1.57,1.00
2017.10.02 05:25:23.280,1.32808,1.32811,1.57,1.00
2017.10.02 05:25:23.924,1.32808,1.32811,1.57,1.00
2017.10.02 05:25:24.651,1.32807,1.32811,2.32,1.00
2017.10.02 05:25:25.167,1.32807,1.32811,3.26,1.00
2017.10.02 05:25:25.668,1.32807,1.32811,3.26,1.00
2017.10.02 05:25:27.240,1.32808,1.32811,1.44,1.00
2017.10.02 05:25:27.755,1.32808,1.32811,1.44,1.00
2017.10.02 05:25:28.299,1.32808,1.32811,2.32,1.00
2017.10.02 05:25:29.281,1.32808,1.32811,2.32,1.00
2017.10.02 05:25:30.078,1.32808,1.32812,1.47,1.00
2017.10.02 05:25:30.815,1.32809,1.32812,1.20,1.00
2017.10.02 05:25:31.573,1.32811,1.32813,1.69,1.00
2017.10.02 05:25:31.624,1.32813,1.32814,1.20,1.00
2017.10.02 05:25:32.165,1.32812,1.32814,1.25,1.00
2017.10.02 05:25:32.673,1.3281,1.32813,2.32,1.00
2017.10.02 05:25:32.724,1.3281,1.32814,1.95,1.00
2017.10.02 05:25:33.228,1.3281,1.32814,1.76,1.00
2017.10.02 05:25:33.763,1.3281,1.32813,1.69,1.00
2017.10.02 05:25:34.255,1.32809,1.32813,1.39,1.00
2017.10.02 05:25:34.838,1.32809,1.32813,1.20,1.00
2017.10.02 05:25:35.367,1.32809,1.32813,1.20,1.00
2017.10.02 05:25:35.900,1.32809,1.32813,1.20,1.00
2017.10.02 05:25:36.414,1.32809,1.32813,1.20,1.00
2017.10.02 05:25:36.784,1.32809,1.32811,2.32,1.00
2017.10.02 05:25:37.257,1.32807,1.3281,1.57,1.69
2017.10.02 05:25:37.308,1.32805,1.32807,3.07,1.00
2017.10.02 05:25:37.411,1.32804,1.32807,2.14,1.00
2017.10.02 05:25:37.462,1.32804,1.32807,1.39,1.00
2017.10.02 05:25:37.717,1.32804,1.32807,1.39,1.00
2017.10.02 05:25:38.267,1.32804,1.32807,1.39,1.00
2017.10.02 05:25:38.893,1.32802,1.32807,3.64,1.00
2017.10.02 05:25:39.945,1.32802,1.32807,2.32,1.25
2017.10.02 05:25:42.247,1.32802,1.32807,1.57,1.19
2017.10.02 05:25:43.373,1.32802,1.32807,1.57,1.00
2017.10.02 05:25:43.912,1.32802,1.32807,2.32,1.25
2017.10.02 05:25:45.198,1.32803,1.32807,2.32,1.19
2017.10.02 05:25:45.700,1.32802,1.32807,3.45,1.19
2017.10.02 05:25:46.247,1.32802,1.32807,2.32,1.25
2017.10.02 05:25:46.350,1.328,1.32801,1.12,1.00
2017.10.02 05:25:46.555,1.32795,1.32799,1.57,1.00
2017.10.02 05:25:46.607,1.32795,1.32799,1.20,1.31
2017.10.02 05:25:46.659,1.32796,1.32799,1.47,1.00
2017.10.02 05:25:47.200,1.32796,1.32799,1.87,1.00
2017.10.02 05:25:47.603,1.32794,1.32799,3.45,1.00
2017.10.02 05:25:47.705,1.32794,1.32797,1.39,1.00
2017.10.02 05:25:48.215,1.32792,1.32799,1.95,2.25
2017.10.02 05:25:48.637,1.32793,1.32799,1.29,1.87
2017.10.02 05:25:48.739,1.32795,1.32799,1.95,1.69
2017.10.02 05:25:48.994,1.32794,1.32799,1.39,1.25
2017.10.02 05:25:49.511,1.32793,1.32799,1.31,2.62
2017.10.02 05:25:50.052,1.32795,1.32799,3.07,1.69
2017.10.02 05:25:50.155,1.32796,1.328,6.07,1.25
2017.10.02 05:25:50.360,1.32803,1.32807,1.57,1.25
2017.10.02 05:25:50.565,1.32804,1.32808,1.29,1.19
2017.10.02 05:25:50.871,1.32805,1.32809,2.51,1.00
2017.10.02 05:25:51.024,1.32805,1.32809,2.51,1.00
2017.10.02 05:25:51.551,1.32805,1.3281,2.89,1.00
2017.10.02 05:25:52.063,1.32805,1.3281,1.39,1.00
2017.10.02 05:25:52.609,1.32806,1.3281,1.57,1.00
2017.10.02 05:25:53.127,1.32806,1.3281,1.57,1.00
2017.10.02 05:25:53.455,1.32805,1.32809,2.32,1.00
2017.10.02 05:25:53.962,1.32806,1.32809,1.44,1.00
2017.10.02 05:25:54.597,1.32806,1.32809,1.44,1.00
2017.10.02 05:25:55.150,1.32806,1.32809,1.44,1.00
2017.10.02 05:25:55.707,1.32807,1.32811,2.70,1.00
2017.10.02 05:25:55.760,1.3281,1.32812,1.69,1.00
2017.10.02 05:25:56.072,1.32815,1.32818,1.20,1.00
2017.10.02 05:25:56.379,1.32814,1.32818,1.20,1.44
2017.10.02 05:25:56.892,1.32815,1.32819,1.39,2.44
2017.10.02 05:25:57.783,1.32813,1.32818,2.14,1.37
2017.10.02 05:25:59.766,1.32814,1.32818,1.39,1.19
2017.10.02 05:26:00.022,1.32815,1.3282,2.89,1.25
2017.10.02 05:26:00.545,1.32815,1.32821,2.32,1.25
2017.10.02 05:26:01.067,1.32815,1.32821,2.32,1.25
2017.10.02 05:26:02.092,1.32817,1.32822,1.39,1.69
2017.10.02 05:26:02.144,1.32821,1.32823,1.00,1.25
2017.10.02 05:26:02.343,1.32823,1.32826,1.00,1.50
2017.10.02 05:26:02.498,1.32824,1.32828,1.20,1.19
2017.10.02 05:26:02.601,1.32823,1.32828,1.10,1.19
2017.10.02 05:26:02.652,1.32823,1.3283,1.01,2.06
2017.10.02 05:26:02.807,1.32823,1.3283,1.39,1.69
2017.10.02 05:26:03.815,1.32825,1.32829,1.57,1.19
2017.10.02 05:26:04.325,1.32826,1.32829,1.00,1.19
2017.10.02 05:26:04.529,1.32824,1.32829,1.25,1.19
2017.10.02 05:26:05.065,1.32824,1.32829,2.14,1.19
2017.10.02 05:26:05.593,1.32824,1.32829,2.70,1.19
2017.10.02 05:26:05.696,1.32829,1.32832,1.00,2.06
2017.10.02 05:26:05.748,1.32831,1.32832,1.20,1.00
2017.10.02 05:26:05.903,1.32831,1.32837,4.57,1.69
2017.10.02 05:26:06.119,1.32838,1.32843,3.07,1.50
2017.10.02 05:26:06.171,1.32839,1.32842,1.00,1.19
2017.10.02 05:26:06.224,1.32839,1.32843,3.07,1.19
2017.10.02 05:26:08.592,1.3284,1.32845,2.70,1.25
2017.10.02 05:26:09.182,1.32841,1.32845,1.00,2.44
2017.10.02 05:26:09.650,1.32839,1.32841,1.12,1.50
2017.10.02 05:26:09.702,1.32835,1.3284,2.51,1.25
2017.10.02 05:26:11.193,1.32837,1.3284,1.20,1.25
2017.10.02 05:26:12.080,1.32837,1.32841,1.20,1.19
2017.10.02 05:26:12.906,1.32838,1.32842,1.20,1.69
2017.10.02 05:26:13.455,1.32839,1.32843,1.20,1.69
2017.10.02 05:26:13.976,1.32838,1.32842,2.32,1.50
2017.10.02 05:26:14.181,1.32836,1.32842,2.70,3.75
2017.10.02 05:26:14.690,1.32836,1.32841,1.20,1.69
2017.10.02 05:26:15.700,1.32836,1.32842,1.20,3.94
2017.10.02 05:26:19.151,1.32837,1.32842,1.95,2.44
2017.10.02 05:26:19.560,1.32833,1.3284,3.64,5.44
2017.10.02 05:26:20.069,1.32833,1.32838,3.45,1.31
2017.10.02 05:26:20.487,1.32831,1.32835,1.57,1.69
2017.10.02 05:26:20.997,1.32831,1.32836,2.89,1.19
2017.10.02 05:26:22.100,1.32831,1.32836,1.20,1.69
2017.10.02 05:26:22.924,1.32831,1.32836,1.39,1.69
2017.10.02 05:26:23.332,1.3283,1.32836,4.01,2.44
2017.10.02 05:26:24.308,1.3283,1.32836,2.14,2.44
2017.10.02 05:26:24.818,1.3283,1.32836,1.95,2.44
2017.10.02 05:26:25.328,1.32831,1.32836,1.25,2.62
2017.10.02 05:26:26.243,1.32828,1.32834,3.45,1.69
2017.10.02 05:26:26.449,1.32827,1.32832,4.20,1.12
2017.10.02 05:26:26.764,1.32825,1.32831,1.95,3.00
2017.10.02 05:26:27.071,1.32828,1.32832,1.00,1.19
2017.10.02 05:26:27.480,1.32828,1.32833,1.00,1.00
2017.10.02 05:26:28.010,1.32828,1.32835,1.25,1.44
2017.10.02 05:26:28.366,1.32828,1.32836,1.19,3.37
2017.10.02 05:26:28.876,1.32829,1.32836,1.00,4.20
2017.10.02 05:26:32.053,1.32829,1.32836,1.19,2.62
2017.10.02 05:26:32.550,1.32829,1.32836,1.25,1.12
2017.10.02 05:26:32.704,1.3283,1.32837,1.19,1.19
2017.10.02 05:26:32.756,1.32829,1.32837,1.87,1.37
2017.10.02 05:26:34.642,1.32829,1.32836,1.50,1.25
2017.10.02 05:26:35.144,1.32829,1.32835,1.69,1.00
2017.10.02 05:26:35.699,1.32827,1.32833,1.19,1.00
2017.10.02 05:26:36.006,1.32826,1.32833,1.50,2.44
2017.10.02 05:26:36.312,1.32828,1.32835,1.00,1.47
2017.10.02 05:26:36.482,1.3283,1.32836,1.00,2.62
2017.10.02 05:26:36.993,1.32829,1.32836,1.19,1.25
2017.10.02 05:26:38.614,1.32832,1.32838,1.00,2.25
2017.10.02 05:26:39.073,1.32832,1.32839,1.25,1.51
2017.10.02 05:26:39.839,1.32832,1.32838,1.25,1.50
2017.10.02 05:26:41.349,1.32832,1.32838,1.00,1.56
2017.10.02 05:26:41.614,1.32829,1.32835,1.69,1.50
2017.10.02 05:26:42.249,1.32828,1.32835,1.44,1.62
2017.10.02 05:26:43.154,1.32828,1.32835,1.44,2.81
2017.10.02 05:26:43.895,1.32829,1.32836,1.44,2.51
2017.10.02 05:26:44.399,1.3283,1.32836,1.19,1.39
2017.10.02 05:26:46.098,1.3283,1.32836,1.25,1.37
2017.10.02 05:26:46.468,1.32831,1.32839,1.00,5.32
2017.10.02 05:26:47.088,1.32831,1.32839,1.19,5.51
2017.10.02 05:26:47.613,1.32831,1.32837,1.25,1.19
2017.10.02 05:26:47.879,1.32828,1.32836,1.37,1.56
2017.10.02 05:26:47.982,1.32827,1.32836,1.87,1.82
2017.10.02 05:26:48.187,1.32827,1.32836,1.87,1.95
2017.10.02 05:26:48.238,1.32828,1.32836,1.87,1.95
2017.10.02 05:26:48.863,1.32828,1.32835,1.87,1.37
2017.10.02 05:26:49.399,1.32828,1.32835,1.44,1.50
2017.10.02 05:26:49.971,1.32828,1.32835,1.12,1.57
2017.10.02 05:26:50.522,1.32828,1.32836,1.44,3.07
2017.10.02 05:26:50.625,1.32829,1.32836,1.19,2.62
2017.10.02 05:26:51.711,1.3283,1.32837,1.19,1.37
2017.10.02 05:26:51.915,1.3283,1.32838,1.62,2.70
2017.10.02 05:26:52.432,1.3283,1.32837,2.81,2.06
2017.10.02 05:26:53.455,1.3283,1.32837,1.62,2.06
2017.10.02 05:26:53.558,1.3283,1.32837,1.44,2.51
2017.10.02 05:26:53.660,1.32829,1.32835,1.25,1.12
2017.10.02 05:26:54.711,1.32829,1.32835,1.12,1.44
2017.10.02 05:26:55.405,1.32829,1.32836,1.87,1.20
2017.10.02 05:26:55.761,1.32829,1.32836,1.12,1.95
2017.10.02 05:26:59.794,1.32828,1.32835,1.37,1.57
2017.10.02 05:27:00.302,1.32829,1.32836,1.44,2.32
2017.10.02 05:27:00.809,1.32828,1.32836,1.37,2.32
2017.10.02 05:27:01.349,1.32828,1.32836,1.37,2.32
2017.10.02 05:27:01.858,1.3283,1.32836,1.25,1.19
2017.10.02 05:27:02.765,1.32829,1.32836,1.31,1.19
2017.10.02 05:27:03.277,1.3283,1.32836,1.12,1.00
2017.10.02 05:27:03.720,1.3283,1.32836,1.44,1.00
2017.10.02 05:27:04.228,1.3283,1.32836,3.56,1.00
2017.10.02 05:27:04.575,1.3283,1.32838,2.06,1.25
2017.10.02 05:27:04.848,1.3283,1.32838,2.81,1.25
2017.10.02 05:27:05.001,1.3283,1.32838,3.56,1.25
2017.10.02 05:27:05.054,1.3283,1.32838,2.62,1.87
2017.10.02 05:27:05.315,1.32829,1.32836,1.25,1.50
2017.10.02 05:27:06.035,1.32828,1.32835,1.19,1.19
2017.10.02 05:27:06.556,1.32829,1.32835,1.44,1.19
2017.10.02 05:27:07.107,1.32829,1.32836,1.37,1.44
2017.10.02 05:27:07.616,1.32829,1.32837,1.37,1.50
2017.10.02 05:27:07.937,1.32829,1.32837,1.37,1.20
2017.10.02 05:27:08.346,1.32832,1.32836,1.25,1.25
2017.10.02 05:27:08.398,1.32833,1.3284,1.00,1.87
2017.10.02 05:27:08.449,1.32833,1.3284,1.19,1.37
2017.10.02 05:27:08.958,1.32832,1.3284,1.37,1.19
2017.10.02 05:27:09.212,1.32833,1.32841,3.56,1.20
2017.10.02 05:27:09.365,1.32834,1.32842,3.56,1.00
2017.10.02 05:27:09.928,1.32834,1.32842,4.12,1.69
2017.10.02 05:27:10.081,1.32834,1.32841,1.44,1.69
2017.10.02 05:27:11.828,1.32834,1.32841,1.19,1.19
2017.10.02 05:27:12.976,1.32834,1.32841,1.25,2.62
2017.10.02 05:27:13.283,1.32833,1.32841,1.39,3.37
2017.10.02 05:27:13.848,1.32833,1.32841,1.69,1.19
2017.10.02 05:27:14.158,1.32833,1.32841,1.62,1.87
2017.10.02 05:27:14.361,1.32833,1.32839,1.31,1.00
2017.10.02 05:27:14.891,1.32833,1.32841,1.62,3.94
2017.10.02 05:27:17.563,1.32833,1.3284,1.62,1.25
2017.10.02 05:27:18.522,1.32833,1.32841,1.31,2.62
2017.10.02 05:27:19.027,1.32833,1.32842,2.06,2.70
2017.10.02 05:27:19.896,1.32834,1.32842,1.44,2.70
2017.10.02 05:27:20.253,1.32834,1.32842,1.37,1.00
2017.10.02 05:27:20.950,1.32834,1.32843,2.06,1.50
2017.10.02 05:27:21.461,1.32834,1.32843,1.62,2.70
2017.10.02 05:27:22.331,1.32834,1.32843,2.06,3.45
2017.10.02 05:27:22.841,1.32833,1.32842,2.06,1.44
2017.10.02 05:27:24.370,1.32833,1.32842,2.06,1.44
2017.10.02 05:27:24.947,1.32833,1.32842,2.81,1.25
2017.10.02 05:27:25.828,1.32833,1.32843,2.06,3.37
2017.10.02 05:27:26.700,1.32833,1.32842,3.56,2.06
2017.10.02 05:27:27.262,1.32833,1.32841,2.62,1.56
2017.10.02 05:27:27.721,1.32832,1.3284,1.37,1.87
2017.10.02 05:27:27.824,1.32829,1.32837,3.82,1.25
2017.10.02 05:27:27.875,1.32829,1.32837,1.51,1.69
2017.10.02 05:27:27.927,1.32829,1.32837,1.87,1.01
2017.10.02 05:27:28.239,1.32828,1.32836,1.44,1.19
2017.10.02 05:27:29.007,1.32828,1.32835,1.44,1.25
2017.10.02 05:27:29.548,1.32828,1.32835,2.06,1.20
2017.10.02 05:27:29.950,1.32828,1.32836,1.31,2.62
2017.10.02 05:27:31.268,1.32828,1.32835,1.12,1.69
2017.10.02 05:27:31.799,1.32828,1.32834,1.44,1.00
2017.10.02 05:27:32.756,1.32828,1.32834,1.44,1.00
2017.10.02 05:27:33.308,1.32828,1.32834,1.44,1.25
2017.10.02 05:27:33.859,1.32828,1.32834,1.44,1.00
2017.10.02 05:27:34.410,1.32828,1.32834,1.44,1.00
2017.10.02 05:27:35.037,1.32827,1.32834,1.37,1.00
2017.10.02 05:27:36.011,1.32827,1.32834,1.37,1.00
2017.10.02 05:27:38.693,1.32827,1.32835,1.66,1.87
2017.10.02 05:27:39.386,1.32828,1.32835,2.06,1.87
2017.10.02 05:27:40.149,1.32828,1.32835,2.06,1.87
2017.10.02 05:27:40.548,1.32828,1.32834,1.31,1.00
2017.10.02 05:27:41.898,1.32832,1.32837,1.19,1.95
2017.10.02 05:27:42.069,1.32836,1.32842,1.25,1.19
2017.10.02 05:27:42.172,1.32836,1.32843,1.12,1.44
2017.10.02 05:27:42.610,1.32834,1.32841,1.87,1.19
2017.10.02 05:27:43.128,1.32834,1.32841,1.12,1.19
2017.10.02 05:27:43.547,1.32834,1.32841,2.06,1.19
2017.10.02 05:27:43.701,1.32831,1.32839,3.19,1.69
2017.10.02 05:27:43.752,1.32833,1.32839,1.19,1.87
2017.10.02 05:27:43.803,1.32832,1.32839,1.00,1.87
2017.10.02 05:27:43.957,1.32831,1.32839,2.06,1.87
2017.10.02 05:27:44.008,1.32831,1.32839,3.56,1.87
2017.10.02 05:27:44.750,1.32836,1.32841,1.00,1.44
2017.10.02 05:27:45.260,1.32836,1.32841,1.19,1.19
2017.10.02 05:27:45.767,1.32836,1.32841,1.00,1.19
2017.10.02 05:27:46.299,1.32834,1.32841,2.06,1.37
2017.10.02 05:27:46.673,1.32834,1.32841,1.31,1.37
2017.10.02 05:27:46.978,1.32832,1.32837,1.44,1.00
2017.10.02 05:27:47.030,1.32831,1.32837,2.06,2.81
2017.10.02 05:27:47.081,1.32831,1.32834,1.12,1.00
2017.10.02 05:27:47.183,1.32829,1.32834,1.25,1.00
2017.10.02 05:27:47.337,1.32829,1.32834,1.19,1.00
2017.10.02 05:27:48.024,1.32829,1.32834,1.19,1.25
2017.10.02 05:27:48.557,1.32829,1.32835,1.25,1.12
2017.10.02 05:27:49.070,1.32829,1.32835,1.19,1.12
2017.10.02 05:27:51.148,1.32831,1.32838,2.06,1.44
2017.10.02 05:27:51.251,1.32832,1.32839,1.56,1.25
2017.10.02 05:27:51.353,1.32833,1.3284,2.06,1.19
2017.10.02 05:27:51.506,1.32834,1.32841,2.06,1.25
2017.10.02 05:27:52.041,1.32834,1.32841,1.31,1.69
2017.10.02 05:27:52.429,1.32833,1.32841,2.14,2.44
2017.10.02 05:27:52.945,1.32833,1.32841,1.39,2.44
2017.10.02 05:27:53.458,1.32833,1.32841,1.62,2.62
2017.10.02 05:27:54.031,1.32834,1.32841,1.87,1.69
2017.10.02 05:27:54.082,1.32834,1.32841,2.06,1.25
2017.10.02 05:27:54.612,1.32834,1.32841,1.56,1.25
2017.10.02 05:27:55.352,1.32834,1.32841,1.62,1.25
2017.10.02 05:27:55.721,1.32838,1.32845,3.04,2.25
2017.10.02 05:27:55.772,1.32838,1.32846,2.85,1.69
2017.10.02 05:27:56.078,1.32841,1.32848,2.81,1.25
2017.10.02 05:27:56.610,1.32841,1.32848,2.81,1.00
2017.10.02 05:27:56.879,1.32841,1.32848,1.56,1.00
2017.10.02 05:27:57.891,1.3284,1.32846,2.06,1.00
2017.10.02 05:27:59.462,1.32838,1.32846,4.69,1.00
2017.10.02 05:27:59.971,1.32839,1.32846,2.06,1.00
2017.10.02 05:28:00.485,1.32842,1.32847,1.37,1.25
2017.10.02 05:28:01.506,1.32841,1.32847,2.06,1.00
2017.10.02 05:28:02.018,1.32841,1.32847,1.62,1.00
2017.10.02 05:28:05.031,1.32841,1.32848,1.87,1.00
2017.10.02 05:28:05.638,1.32842,1.32848,1.69,1.00
2017.10.02 05:28:05.842,1.3284,1.32847,1.01,1.25
2017.10.02 05:28:06.097,1.32841,1.32847,1.69,1.25
2017.10.02 05:28:07.291,1.32842,1.32847,1.44,1.25
2017.10.02 05:28:08.271,1.32843,1.32847,1.19,1.25
2017.10.02 05:28:08.785,1.32843,1.32848,1.39,1.00
2017.10.02 05:28:11.852,1.32843,1.32848,1.62,1.00
2017.10.02 05:28:15.511,1.32842,1.32848,1.66,1.00
2017.10.02 05:28:15.816,1.32844,1.32851,2.51,1.25
2017.10.02 05:28:16.121,1.32846,1.32853,1.87,1.69
2017.10.02 05:28:16.478,1.32846,1.32854,3.19,1.25
2017.10.02 05:28:16.901,1.32849,1.32855,1.66,1.00
2017.10.02 05:28:17.429,1.32848,1.32855,1.69,1.00
2017.10.02 05:28:17.735,1.32842,1.32849,2.62,1.25
2017.10.02 05:28:18.162,1.32842,1.32849,1.37,1.69
2017.10.02 05:28:18.499,1.32842,1.3285,2.06,2.25
2017.10.02 05:28:19.004,1.32843,1.3285,1.37,1.50
2017.10.02 05:28:19.538,1.32843,1.3285,1.72,1.37
2017.10.02 05:28:20.647,1.32843,1.3285,1.37,1.44
2017.10.02 05:28:20.699,1.32842,1.3285,1.62,1.87
2017.10.02 05:28:20.852,1.32841,1.32848,1.37,1.87
2017.10.02 05:28:20.904,1.3284,1.32846,1.87,1.69
2017.10.02 05:28:20.957,1.32838,1.32844,2.62,1.69
2017.10.02 05:28:21.264,1.32833,1.32841,4.01,1.19
2017.10.02 05:28:21.797,1.32833,1.32841,2.32,1.31
2017.10.02 05:28:22.125,1.32834,1.32841,1.47,1.19
2017.10.02 05:28:22.633,1.32833,1.32841,2.32,1.69
2017.10.02 05:28:23.200,1.32833,1.32841,2.32,1.69
2017.10.02 05:28:23.873,1.32833,1.32841,3.26,1.69
2017.10.02 05:28:24.204,1.32838,1.32843,1.75,1.25
2017.10.02 05:28:24.714,1.32837,1.32843,1.37,1.69
2017.10.02 05:28:26.193,1.32837,1.32843,1.44,2.81
2017.10.02 05:28:26.244,1.32835,1.32843,2.06,3.00
2017.10.02 05:28:26.753,1.32836,1.32842,1.87,1.56
2017.10.02 05:28:27.716,1.32835,1.32842,1.87,1.56
2017.10.02 05:28:28.361,1.32835,1.32842,1.87,1.31
2017.10.02 05:28:28.911,1.32835,1.32841,1.87,1.25
2017.10.02 05:28:30.455,1.32835,1.32843,1.87,1.87
2017.10.02 05:28:31.014,1.32835,1.32843,2.06,1.87
2017.10.02 05:28:32.238,1.32835,1.32843,1.87,1.87
2017.10.02 05:28:33.026,1.32835,1.32842,1.87,1.25
2017.10.02 05:28:33.609,1.32835,1.32842,1.87,1.25
2017.10.02 05:28:34.130,1.32835,1.32842,1.37,1.69
2017.10.02 05:28:34.419,1.32838,1.32845,1.37,2.62
2017.10.02 05:28:34.930,1.32839,1.32845,1.37,1.69
2017.10.02 05:28:35.235,1.32837,1.32845,2.62,3.00
2017.10.02 05:28:35.988,1.32837,1.32845,1.37,3.37
2017.10.02 05:28:37.648,1.32835,1.32844,3.45,1.50
2017.10.02 05:28:38.749,1.32836,1.32843,1.44,1.25
2017.10.02 05:28:39.922,1.32835,1.32844,2.62,1.50
2017.10.02 05:28:40.444,1.32835,1.32843,3.37,1.25
2017.10.02 05:28:41.006,1.32835,1.32843,2.62,1.25
2017.10.02 05:28:42.943,1.32835,1.32843,1.87,1.25
2017.10.02 05:28:44.838,1.32835,1.32844,2.06,1.37
2017.10.02 05:28:45.152,1.32839,1.32845,1.54,1.25
2017.10.02 05:28:45.308,1.3284,1.32845,1.19,1.69
2017.10.02 05:28:45.361,1.3284,1.32845,1.25,1.25
2017.10.02 05:28:46.401,1.32838,1.32845,2.62,1.25
2017.10.02 05:28:46.952,1.32839,1.32845,1.19,1.25
2017.10.02 05:28:49.047,1.32839,1.32845,1.25,1.25
2017.10.02 05:28:49.401,1.32834,1.3284,1.56,1.25
2017.10.02 05:28:49.453,1.32832,1.32839,1.20,1.37
2017.10.02 05:28:49.606,1.32834,1.3284,1.87,3.19
2017.10.02 05:28:49.658,1.32836,1.32842,1.25,2.06
2017.10.02 05:28:49.710,1.32836,1.32842,1.44,1.69
2017.10.02 05:28:49.965,1.32836,1.32843,1.31,1.12
2017.10.02 05:28:51.141,1.32835,1.32842,1.39,2.62
2017.10.02 05:28:51.294,1.32833,1.32842,4.01,2.62
2017.10.02 05:28:51.797,1.32833,1.32842,4.01,1.87
2017.10.02 05:28:52.001,1.32836,1.32843,1.37,1.25
2017.10.02 05:28:52.588,1.32834,1.3284,2.06,1.00
2017.10.02 05:28:52.858,1.32834,1.32841,1.62,1.12
2017.10.02 05:28:53.264,1.32834,1.32841,1.62,1.12
2017.10.02 05:28:53.571,1.32832,1.32841,5.14,1.12
2017.10.02 05:28:54.096,1.32832,1.3284,2.06,2.44
2017.10.02 05:28:54.954,1.32832,1.3284,1.87,2.81
2017.10.02 05:28:55.300,1.32832,1.3284,1.44,3.37
2017.10.02 05:28:55.836,1.32832,1.3284,1.44,3.00
2017.10.02 05:28:57.082,1.32832,1.32839,1.31,1.44
2017.10.02 05:28:57.599,1.32832,1.32839,1.12,1.19
2017.10.02 05:28:58.177,1.32832,1.32839,1.44,1.19
2017.10.02 05:28:59.248,1.32831,1.32838,1.62,1.12
2017.10.02 05:28:59.649,1.32831,1.32839,1.39,1.37
2017.10.02 05:29:00.284,1.32831,1.3284,2.14,1.87
2017.10.02 05:29:00.589,1.32836,1.32845,2.81,1.87
2017.10.02 05:29:00.641,1.32836,1.32845,2.81,1.44
2017.10.02 05:29:01.208,1.32836,1.32843,3.56,1.00
2017.10.02 05:29:01.752,1.32836,1.32843,3.64,1.00
2017.10.02 05:29:02.848,1.32836,1.32843,2.51,1.00
2017.10.02 05:29:03.575,1.32836,1.32843,4.76,1.00
2017.10.02 05:29:04.085,1.32836,1.32843,1.47,1.19
2017.10.02 05:29:04.592,1.32836,1.32843,1.47,1.25
2017.10.02 05:29:05.146,1.32836,1.32844,2.44,1.69
2017.10.02 05:29:05.352,1.32837,1.32845,1.69,1.19
2017.10.02 05:29:06.345,1.32837,1.32845,1.94,1.19
2017.10.02 05:29:06.705,1.32838,1.32847,3.19,2.44
2017.10.02 05:29:08.126,1.32838,1.32847,2.81,2.62
2017.10.02 05:29:08.649,1.32838,1.32845,1.56,1.00
2017.10.02 05:29:08.860,1.32833,1.3284,1.69,1.12
2017.10.02 05:29:08.912,1.32833,1.32839,1.12,1.25
2017.10.02 05:29:09.466,1.32831,1.32839,1.56,1.25
2017.10.02 05:29:09.998,1.32831,1.32839,1.56,1.25
2017.10.02 05:29:10.342,1.32832,1.3284,2.14,1.44
2017.10.02 05:29:10.684,1.32838,1.32846,4.39,1.19
2017.10.02 05:29:11.291,1.32839,1.32847,1.39,2.44
2017.10.02 05:29:12.003,1.32838,1.32847,4.01,2.44
2017.10.02 05:29:13.510,1.32838,1.32846,4.01,1.31
2017.10.02 05:29:14.197,1.32838,1.32847,3.64,3.37
2017.10.02 05:29:14.746,1.32838,1.32847,5.14,3.37
2017.10.02 05:29:15.263,1.32838,1.32845,2.51,1.25
2017.10.02 05:29:15.912,1.32838,1.32845,2.51,1.25
2017.10.02 05:29:16.600,1.32838,1.32845,1.66,1.25
2017.10.02 05:29:18.194,1.3284,1.32845,1.57,1.87
2017.10.02 05:29:18.710,1.32838,1.32845,1.57,1.87
2017.10.02 05:29:19.601,1.32838,1.32845,2.32,2.44
2017.10.02 05:29:22.539,1.32838,1.32843,1.45,1.19
2017.10.02 05:29:22.743,1.32837,1.32844,2.89,1.25
2017.10.02 05:29:23.151,1.32838,1.32845,2.14,3.37
2017.10.02 05:29:24.595,1.32839,1.32845,1.39,1.87
2017.10.02 05:29:25.145,1.32838,1.32845,1.76,1.19
2017.10.02 05:29:25.690,1.32839,1.32845,1.39,1.69
2017.10.02 05:29:26.856,1.32839,1.32845,1.95,1.69
2017.10.02 05:29:27.364,1.3284,1.32845,1.01,1.00
2017.10.02 05:29:27.905,1.3284,1.32845,1.01,1.00
2017.10.02 05:29:28.438,1.32839,1.32845,2.32,1.00
2017.10.02 05:29:28.644,1.32835,1.32842,4.76,2.44
2017.10.02 05:29:29.053,1.32835,1.3284,1.37,1.00
2017.10.02 05:29:29.422,1.3284,1.32847,2.32,2.62
2017.10.02 05:29:29.526,1.3284,1.32846,1.10,1.19
2017.10.02 05:29:29.630,1.3284,1.32847,1.89,2.62
2017.10.02 05:29:29.834,1.32836,1.32842,2.51,1.69
2017.10.02 05:29:30.140,1.32837,1.32843,2.14,1.00
2017.10.02 05:29:30.660,1.32837,1.32843,2.14,1.00
2017.10.02 05:29:32.000,1.32837,1.32843,1.01,1.19
2017.10.02 05:29:32.647,1.32835,1.32842,3.07,1.25
2017.10.02 05:29:33.236,1.32836,1.32843,1.57,1.87
2017.10.02 05:29:33.338,1.32836,1.32844,4.01,1.50
2017.10.02 05:29:34.054,1.32838,1.32844,1.01,1.50
2017.10.02 05:29:34.652,1.32837,1.32844,2.32,1.69
2017.10.02 05:29:34.857,1.32837,1.32843,1.39,1.19
2017.10.02 05:29:35.164,1.32833,1.32839,1.57,1.31
2017.10.02 05:29:35.724,1.32833,1.32839,1.57,2.06
2017.10.02 05:29:35.776,1.32833,1.32839,1.57,1.00
2017.10.02 05:29:36.060,1.32833,1.3284,1.57,1.12
2017.10.02 05:29:36.423,1.32834,1.3284,1.10,1.87
2017.10.02 05:29:36.474,1.32833,1.3284,1.82,1.12
2017.10.02 05:29:37.420,1.32834,1.3284,1.57,1.25
2017.10.02 05:29:38.029,1.32832,1.3284,3.45,1.25
2017.10.02 05:29:38.183,1.32832,1.3284,2.32,1.25
2017.10.02 05:29:38.716,1.32834,1.3284,1.57,1.25
2017.10.02 05:29:39.287,1.32834,1.3284,1.10,2.25
2017.10.02 05:29:39.754,1.32834,1.3284,1.76,1.25
2017.10.02 05:29:40.260,1.32834,1.3284,1.76,2.44
2017.10.02 05:29:40.565,1.32834,1.3284,1.76,1.69
2017.10.02 05:29:41.216,1.32832,1.3284,4.39,1.25
2017.10.02 05:29:41.774,1.32832,1.3284,2.70,1.50
2017.10.02 05:29:41.978,1.32831,1.32838,5.14,1.69
2017.10.02 05:29:42.081,1.32831,1.32838,1.95,2.81
2017.10.02 05:29:42.133,1.3283,1.32838,5.51,3.75
2017.10.02 05:29:42.185,1.32834,1.32839,1.00,2.06
2017.10.02 05:29:42.237,1.32834,1.32839,1.12,1.00
2017.10.02 05:29:42.288,1.32834,1.3284,2.51,1.25
2017.10.02 05:29:42.810,1.32834,1.32841,1.76,1.25
2017.10.02 05:29:43.117,1.32833,1.3284,1.82,1.87
2017.10.02 05:29:43.322,1.32831,1.32838,2.32,1.00
2017.10.02 05:29:43.882,1.32831,1.32838,1.76,1.87
2017.10.02 05:29:44.277,1.32831,1.32838,2.32,1.37
2017.10.02 05:29:44.787,1.32831,1.32839,2.32,5.25
2017.10.02 05:29:45.338,1.32831,1.32839,2.32,5.25
2017.10.02 05:29:45.545,1.32831,1.32838,1.20,1.50
2017.10.02 05:29:45.596,1.32831,1.32837,1.20,1.44
2017.10.02 05:29:45.648,1.32831,1.32837,1.20,1.44
2017.10.02 05:29:46.057,1.32831,1.32838,1.20,1.37
2017.10.02 05:29:46.566,1.32831,1.32838,2.32,1.37
2017.10.02 05:29:47.072,1.3283,1.32836,2.32,1.50
2017.10.02 05:29:47.581,1.3283,1.32836,1.57,1.25
2017.10.02 05:29:48.273,1.32829,1.32835,1.62,1.00
2017.10.02 05:29:48.604,1.32827,1.32834,2.51,1.00
2017.10.02 05:29:48.757,1.32828,1.32836,2.51,3.75
2017.10.02 05:29:49.266,1.32828,1.32836,2.32,3.75
2017.10.02 05:29:50.317,1.32828,1.32836,1.20,4.87
2017.10.02 05:29:50.955,1.32828,1.32835,1.20,1.19
2017.10.02 05:29:51.566,1.32828,1.32834,1.20,1.00
2017.10.02 05:29:52.853,1.32828,1.32834,1.20,1.25
2017.10.02 05:29:53.438,1.32827,1.32833,2.32,1.25
2017.10.02 05:29:53.744,1.32824,1.3283,2.32,1.25
2017.10.02 05:29:54.036,1.32822,1.32829,2.25,1.00
2017.10.02 05:29:54.087,1.3282,1.32827,1.76,1.00
2017.10.02 05:29:54.444,1.3282,1.32827,2.51,1.00
2017.10.02 05:29:55.716,1.32821,1.32827,1.57,1.00
2017.10.02 05:29:56.538,1.32823,1.32829,2.51,1.00
2017.10.02 05:29:57.047,1.32825,1.32831,1.25,1.19
2017.10.02 05:29:57.549,1.32824,1.3283,1.12,1.25
2017.10.02 05:29:57.902,1.32824,1.3283,3.26,1.00
2017.10.02 05:29:57.954,1.32826,1.32832,1.76,1.25
2017.10.02 05:29:59.193,1.32826,1.32832,1.57,1.69
2017.10.02 05:29:59.702,1.32827,1.32834,1.57,2.44
2017.10.02 05:29:59.753,1.32827,1.32834,1.57,1.69
2017.10.02 05:29:59.855,1.32827,1.32834,1.76,1.25
2017.10.02 05:30:00.368,1.32827,1.32834,1.39,1.25
2017.10.02 05:30:00.573,1.32827,1.32834,1.76,1.69
2017.10.02 05:30:00.777,1.32827,1.32833,1.76,1.00
2017.10.02 05:30:01.319,1.32827,1.32832,1.76,1.00
2017.10.02 05:30:01.869,1.32826,1.32832,3.26,1.00
2017.10.02 05:30:02.174,1.32825,1.32831,1.57,1.00
2017.10.02 05:30:02.715,1.32826,1.32832,1.57,1.25
2017.10.02 05:30:03.588,1.32826,1.32832,1.57,1.25
2017.10.02 05:30:04.113,1.32826,1.32832,1.57,1.25
2017.10.02 05:30:04.653,1.32826,1.32832,1.57,1.69
2017.10.02 05:30:05.165,1.32825,1.32832,2.51,1.69
2017.10.02 05:30:06.063,1.32826,1.32832,1.76,1.69
2017.10.02 05:30:06.471,1.32826,1.32832,1.76,1.69
2017.10.02 05:30:07.081,1.32824,1.32832,5.51,1.25
2017.10.02 05:30:07.641,1.32825,1.32832,1.66,1.25
2017.10.02 05:30:07.877,1.32824,1.32832,5.51,1.25
2017.10.02 05:30:07.928,1.32825,1.32832,1.66,1.25
2017.10.02 05:30:08.183,1.32824,1.32832,4.39,1.25
2017.10.02 05:30:08.692,1.32824,1.32831,2.51,1.19
2017.10.02 05:30:08.998,1.32825,1.32831,1.39,1.19
2017.10.02 05:30:09.556,1.32825,1.32831,1.39,1.19
2017.10.02 05:30:10.074,1.32825,1.32831,1.57,1.19
2017.10.02 05:30:10.176,1.32826,1.32833,1.57,1.87
2017.10.02 05:30:10.940,1.32828,1.32833,1.39,1.19
2017.10.02 05:30:11.419,1.32826,1.32833,2.51,1.19
2017.10.02 05:30:11.980,1.32828,1.32833,1.20,1.19
2017.10.02 05:30:12.082,1.32828,1.32835,1.57,3.26
2017.10.02 05:30:12.185,1.3283,1.32834,1.95,1.29
2017.10.02 05:30:12.339,1.32827,1.32833,1.39,1.00
2017.10.02 05:30:12.543,1.32826,1.32833,2.32,1.50
2017.10.02 05:30:13.120,1.32826,1.32833,2.14,1.00
2017.10.02 05:30:13.833,1.32827,1.32833,1.39,1.25
2017.10.02 05:30:14.089,1.32826,1.32832,1.57,1.25
2017.10.02 05:30:14.215,1.32826,1.32831,1.57,1.31
2017.10.02 05:30:14.267,1.32823,1.32828,1.29,1.69
2017.10.02 05:30:14.318,1.32822,1.32827,1.39,1.00
2017.10.02 05:30:14.474,1.32823,1.3283,1.39,3.19
2017.10.02 05:30:14.730,1.32823,1.3283,2.51,1.00
2017.10.02 05:30:14.832,1.32825,1.3283,1.39,1.00
2017.10.02 05:30:15.340,1.32825,1.32831,1.39,2.25
2017.10.02 05:30:16.054,1.32825,1.32831,1.20,1.69
2017.10.02 05:30:16.560,1.32825,1.32831,1.39,2.06
2017.10.02 05:30:16.861,1.32823,1.3283,2.51,1.25
2017.10.02 05:30:18.888,1.32822,1.32828,1.57,1.50
2017.10.02 05:30:19.527,1.32821,1.32828,2.51,1.00
2017.10.02 05:30:20.065,1.32822,1.32828,2.32,1.00
2017.10.02 05:30:20.605,1.32822,1.32827,3.07,1.00
2017.10.02 05:30:20.657,1.32822,1.32829,3.07,1.12
2017.10.02 05:30:21.280,1.32822,1.32829,3.07,2.06
2017.10.02 05:30:22.219,1.32822,1.32829,1.20,1.87
2017.10.02 05:30:23.354,1.32822,1.32827,1.44,1.00
2017.10.02 05:30:25.810,1.3282,1.32827,3.07,1.87
2017.10.02 05:30:26.552,1.3282,1.32825,1.20,1.25
2017.10.02 05:30:26.655,1.32818,1.32825,1.57,2.44
2017.10.02 05:30:27.200,1.32818,1.32824,1.57,1.25
2017.10.02 05:30:28.869,1.32817,1.32823,1.76,1.00
2017.10.02 05:30:29.414,1.32817,1.32823,1.76,1.00
2017.10.02 05:30:30.115,1.32817,1.32825,4.01,3.19
2017.10.02 05:30:30.167,1.3282,1.32827,1.44,4.31
2017.10.02 05:30:30.270,1.3282,1.32827,1.39,2.62
2017.10.02 05:30:31.657,1.32819,1.32827,2.51,1.50
2017.10.02 05:30:31.861,1.3282,1.32827,1.76,1.50
2017.10.02 05:30:32.617,1.3282,1.32827,1.89,1.00
2017.10.02 05:30:33.672,1.32819,1.32826,1.76,1.00
2017.10.02 05:30:33.977,1.32818,1.32826,4.01,1.69
2017.10.02 05:30:34.029,1.32818,1.32825,2.51,1.00
2017.10.02 05:30:34.577,1.32818,1.32826,2.51,1.12
2017.10.02 05:30:35.086,1.32821,1.32827,1.29,1.25
2017.10.02 05:30:35.608,1.32821,1.32828,1.01,1.19
2017.10.02 05:30:35.816,1.32826,1.3283,1.00,1.19
2017.10.02 05:30:36.006,1.32827,1.32834,1.10,1.87
2017.10.02 05:30:36.058,1.32826,1.32833,3.07,1.19
2017.10.02 05:30:36.566,1.32826,1.32833,1.25,2.06
2017.10.02 05:30:37.076,1.32824,1.32831,2.51,1.25
2017.10.02 05:30:37.303,1.32824,1.3283,2.32,1.00
2017.10.02 05:30:37.813,1.32824,1.32832,1.37,2.44
2017.10.02 05:30:39.161,1.32824,1.32831,1.37,1.25
2017.10.02 05:30:40.889,1.32829,1.32833,1.25,1.00
2017.10.02 05:30:41.018,1.32829,1.32835,2.14,3.00
2017.10.02 05:30:41.326,1.32827,1.32836,1.39,2.06
2017.10.02 05:30:41.631,1.3283,1.32836,1.45,2.44
2017.10.02 05:30:42.050,1.3283,1.32835,1.00,1.25
2017.10.02 05:30:42.556,1.32828,1.32835,1.47,1.25
2017.10.02 05:30:44.353,1.32828,1.32834,1.20,1.00
2017.10.02 05:30:44.914,1.32828,1.32833,1.01,1.00
2017.10.02 05:30:49.063,1.32826,1.32831,1.39,1.31
2017.10.02 05:30:49.166,1.32823,1.3283,1.47,1.00
2017.10.02 05:30:49.222,1.32822,1.32828,1.39,1.00
2017.10.02 05:30:49.546,1.32823,1.32828,1.45,1.25
2017.10.02 05:30:50.952,1.32822,1.32828,1.39,1.25
2017.10.02 05:30:52.566,1.32821,1.32828,1.39,1.12
2017.10.02 05:30:53.071,1.32821,1.32827,1.20,1.00
2017.10.02 05:30:54.550,1.32821,1.32827,1.39,1.31
2017.10.02 05:30:54.601,1.32821,1.32827,1.39,1.25
2017.10.02 05:30:58.569,1.3282,1.32827,2.14,1.00
2017.10.02 05:31:01.980,1.3282,1.32827,2.89,1.25
2017.10.02 05:31:02.082,1.3282,1.32827,1.01,1.25
2017.10.02 05:31:02.590,1.3282,1.32827,1.29,1.00
2017.10.02 05:31:03.440,1.3282,1.32826,1.95,1.00
2017.10.02 05:31:03.593,1.32821,1.32828,1.39,3.94
2017.10.02 05:31:04.120,1.32821,1.32829,2.70,1.69
2017.10.02 05:31:04.704,1.32822,1.32829,1.89,3.04
2017.10.02 05:31:05.385,1.32821,1.32829,2.70,3.79
2017.10.02 05:31:06.222,1.32821,1.32828,2.32,1.00
2017.10.02 05:31:07.067,1.32821,1.32828,2.14,1.00
2017.10.02 05:31:07.726,1.32821,1.32829,5.32,1.50
2017.10.02 05:31:07.777,1.32822,1.32829,1.89,1.50
2017.10.02 05:31:08.186,1.32821,1.32828,2.32,1.25
2017.10.02 05:31:08.492,1.32821,1.32827,1.39,2.44
2017.10.02 05:31:10.590,1.32819,1.32827,2.89,1.19
2017.10.02 05:31:10.914,1.32819,1.32828,4.01,1.31
2017.10.02 05:31:11.686,1.32822,1.32828,1.07,1.25
2017.10.02 05:31:13.774,1.3282,1.32828,3.64,1.25
2017.10.02 05:31:14.197,1.32821,1.32828,1.82,1.25
2017.10.02 05:31:15.595,1.32821,1.32828,2.07,1.00
2017.10.02 05:31:16.781,1.32822,1.3283,1.07,3.94
2017.10.02 05:31:17.295,1.32823,1.3283,1.20,1.00
2017.10.02 05:31:17.942,1.32824,1.3283,1.57,1.00
2017.10.02 05:31:18.451,1.32824,1.3283,1.57,1.00
2017.10.02 05:31:19.009,1.32824,1.3283,1.57,1.00
2017.10.02 05:31:19.524,1.32824,1.3283,1.57,1.00
2017.10.02 05:31:20.039,1.32824,1.3283,1.57,1.00
2017.10.02 05:31:20.563,1.32824,1.3283,1.57,1.00
2017.10.02 05:31:22.232,1.32822,1.3283,2.70,1.00
2017.10.02 05:31:22.692,1.32821,1.32827,2.89,1.00
2017.10.02 05:31:23.260,1.32821,1.32827,1.39,1.00
2017.10.02 05:31:23.859,1.3282,1.32827,6.82,1.00
2017.10.02 05:31:24.382,1.3282,1.32827,4.20,1.00
2017.10.02 05:31:24.894,1.3282,1.32827,3.82,1.00
2017.10.02 05:31:26.165,1.32821,1.32827,1.07,1.00
2017.10.02 05:31:28.556,1.32821,1.32827,1.76,1.00
2017.10.02 05:31:30.031,1.32822,1.32827,1.57,1.00
2017.10.02 05:31:30.540,1.32822,1.32827,1.39,1.00
2017.10.02 05:31:31.272,1.32821,1.32827,1.76,1.00
2017.10.02 05:31:33.527,1.32821,1.32825,1.57,1.00
2017.10.02 05:31:33.630,1.32819,1.32825,1.57,1.35
2017.10.02 05:31:34.225,1.3282,1.32825,1.57,1.00
2017.10.02 05:31:34.775,1.3282,1.32825,2.51,1.00
2017.10.02 05:31:35.276,1.32821,1.32825,1.39,1.00
2017.10.02 05:31:35.327,1.32821,1.32827,2.51,1.00
2017.10.02 05:31:35.853,1.32822,1.32827,1.57,1.00
2017.10.02 05:31:35.956,1.32822,1.32827,1.95,1.00
2017.10.02 05:31:36.619,1.32822,1.32827,3.26,1.00
2017.10.02 05:31:37.008,1.32822,1.32829,2.89,1.00
2017.10.02 05:31:37.519,1.32822,1.32829,2.51,1.00
2017.10.02 05:31:37.679,1.32822,1.32829,2.51,1.00
2017.10.02 05:31:37.781,1.32822,1.32829,2.51,1.00
2017.10.02 05:31:38.671,1.32822,1.32829,1.76,1.00
2017.10.02 05:31:39.459,1.32822,1.32829,1.76,1.00
2017.10.02 05:31:39.968,1.32822,1.32829,1.57,1.00
2017.10.02 05:31:43.598,1.32822,1.32829,2.51,1.00
2017.10.02 05:31:44.118,1.32822,1.32829,2.51,1.25
2017.10.02 05:31:44.428,1.32822,1.32829,2.51,1.25
2017.10.02 05:31:45.201,1.32823,1.32829,2.32,1.00
2017.10.02 05:31:45.558,1.32821,1.32829,2.51,1.25
2017.10.02 05:31:45.610,1.32821,1.32829,2.14,1.69
2017.10.02 05:31:46.211,1.3282,1.32828,3.82,1.31
2017.10.02 05:31:46.746,1.32819,1.32825,1.47,1.25
2017.10.02 05:31:46.903,1.32818,1.32825,1.39,2.44
2017.10.02 05:31:47.312,1.32819,1.32826,1.39,2.25
2017.10.02 05:31:47.861,1.3282,1.32826,1.39,1.00
2017.10.02 05:31:49.344,1.32821,1.32828,3.82,1.19
2017.10.02 05:31:49.447,1.32824,1.32831,1.57,1.69
2017.10.02 05:31:49.963,1.32823,1.32831,1.57,1.69
2017.10.02 05:31:50.617,1.32823,1.3283,1.57,1.50
2017.10.02 05:31:50.668,1.32823,1.3283,1.57,2.06
2017.10.02 05:31:50.770,1.32822,1.32828,1.57,1.00
2017.10.02 05:31:52.415,1.32822,1.32828,1.76,1.00
2017.10.02 05:31:53.232,1.32822,1.32828,1.76,1.00
2017.10.02 05:31:53.387,1.32824,1.3283,1.39,1.44
2017.10.02 05:31:53.693,1.32824,1.3283,1.76,1.00
2017.10.02 05:31:53.745,1.32824,1.3283,1.76,1.00
2017.10.02 05:31:53.796,1.32823,1.32828,2.51,1.00
2017.10.02 05:31:54.153,1.32821,1.32828,1.76,1.25
2017.10.02 05:31:54.704,1.32821,1.32828,1.76,1.25
2017.10.02 05:31:54.857,1.32821,1.32828,1.57,1.31
2017.10.02 05:31:55.060,1.32821,1.32828,1.76,1.00
2017.10.02 05:31:55.569,1.3282,1.32828,4.76,1.25
2017.10.02 05:31:56.095,1.3282,1.32828,5.14,1.00
2017.10.02 05:31:56.433,1.3282,1.32828,3.82,1.00
2017.10.02 05:31:56.742,1.3282,1.32828,3.07,3.75
2017.10.02 05:31:56.793,1.3282,1.32828,3.07,4.50
2017.10.02 05:31:57.373,1.3282,1.32828,2.32,3.75
2017.10.02 05:31:57.907,1.3282,1.32826,1.76,2.25
2017.10.02 05:31:58.427,1.3282,1.32825,1.76,1.00
2017.10.02 05:31:59.560,1.3282,1.32825,1.76,1.00
2017.10.02 05:31:59.713,1.32818,1.32825,2.51,2.44
2017.10.02 05:31:59.764,1.32817,1.32822,1.76,1.00
2017.10.02 05:32:00.146,1.32818,1.32823,2.14,1.00
2017.10.02 05:32:00.198,1.32819,1.32825,2.89,1.25
2017.10.02 05:32:00.705,1.3282,1.32825,1.57,1.25
2017.10.02 05:32:00.809,1.3282,1.32827,2.51,1.25
2017.10.02 05:32:00.962,1.32821,1.32829,2.51,1.25
2017.10.02 05:32:01.013,1.32822,1.32829,1.57,1.25
2017.10.02 05:32:01.116,1.32821,1.32827,1.20,1.00
2017.10.02 05:32:01.630,1.3282,1.32827,2.51,1.00
2017.10.02 05:32:02.158,1.32819,1.32827,2.14,1.35
2017.10.02 05:32:02.261,1.32819,1.32827,1.76,2.25
2017.10.02 05:32:02.781,1.32819,1.32827,1.57,4.50
2017.10.02 05:32:03.306,1.32818,1.32827,1.01,5.10
2017.10.02 05:32:03.844,1.32817,1.32824,1.01,1.87
2017.10.02 05:32:04.365,1.32816,1.32823,1.76,1.25
2017.10.02 05:32:04.671,1.32814,1.32822,4.39,1.19
2017.10.02 05:32:05.355,1.32815,1.32822,1.57,2.44
2017.10.02 05:32:05.871,1.32817,1.32825,3.26,1.87
2017.10.02 05:32:06.399,1.32819,1.32825,1.26,1.25
2017.10.02 05:32:07.155,1.32817,1.32825,5.89,1.12
2017.10.02 05:32:09.115,1.32819,1.32825,1.44,1.12
2017.10.02 05:32:09.663,1.32815,1.32822,2.89,1.25
2017.10.02 05:32:10.172,1.32815,1.32822,2.51,1.25
2017.10.02 05:32:10.831,1.32815,1.32822,1.95,1.00
2017.10.02 05:32:11.365,1.32815,1.32822,1.95,1.00
2017.10.02 05:32:11.689,1.32817,1.32823,1.29,1.12
2017.10.02 05:32:11.792,1.32819,1.32825,1.57,1.00
2017.10.02 05:32:12.202,1.3282,1.32827,1.39,1.19
2017.10.02 05:32:12.712,1.32819,1.32827,1.66,1.69
2017.10.02 05:32:13.574,1.32819,1.32827,1.76,1.69
2017.10.02 05:32:14.094,1.32819,1.32826,1.57,1.44
2017.10.02 05:32:14.604,1.32817,1.32823,2.51,1.00
2017.10.02 05:32:14.706,1.32817,1.32823,1.76,1.25
2017.10.02 05:32:15.014,1.32815,1.32823,2.32,1.50
2017.10.02 05:32:15.648,1.32814,1.32822,3.45,1.69
2017.10.02 05:32:16.005,1.32815,1.32822,2.51,1.00
2017.10.02 05:32:16.311,1.32816,1.32824,3.07,1.19
2017.10.02 05:32:16.567,1.32816,1.32824,1.82,1.19
2017.10.02 05:32:17.093,1.32815,1.32822,2.32,1.69
2017.10.02 05:32:17.604,1.32814,1.32821,1.64,1.25
2017.10.02 05:32:19.704,1.32813,1.32821,1.20,1.12
2017.10.02 05:32:20.207,1.32814,1.32821,1.25,1.87
2017.10.02 05:32:20.360,1.32813,1.32821,1.20,1.50
2017.10.02 05:32:20.615,1.32814,1.32821,1.19,1.50
2017.10.02 05:32:21.165,1.32817,1.32822,1.44,1.31
2017.10.02 05:32:21.798,1.32815,1.32822,2.51,1.00
2017.10.02 05:32:22.207,1.32814,1.32821,1.95,1.50
2017.10.02 05:32:22.416,1.32811,1.32817,1.87,1.00
2017.10.02 05:32:22.773,1.32809,1.32817,2.62,1.56
2017.10.02 05:32:23.705,1.32809,1.32817,2.62,1.56
2017.10.02 05:32:24.250,1.32809,1.32817,1.87,1.50
2017.10.02 05:32:24.454,1.32807,1.32817,3.26,1.69
2017.10.02 05:32:25.825,1.32808,1.32817,1.01,1.44
2017.10.02 05:32:26.264,1.32807,1.32813,1.37,1.25
2017.10.02 05:32:26.773,1.32809,1.32816,1.44,1.44
2017.10.02 05:32:27.279,1.32809,1.32816,1.44,1.75
2017.10.02 05:32:27.900,1.32809,1.32817,1.44,2.44
2017.10.02 05:32:29.041,1.32809,1.32817,1.44,1.31
2017.10.02 05:32:30.689,1.3281,1.32817,1.19,1.50
2017.10.02 05:32:31.249,1.3281,1.32817,1.19,1.69
2017.10.02 05:32:31.784,1.32809,1.32817,1.44,2.44
2017.10.02 05:32:31.886,1.32809,1.32817,1.25,3.00
2017.10.02 05:32:32.090,1.32809,1.32817,1.44,4.54
2017.10.02 05:32:32.621,1.32808,1.32817,1.37,3.79
2017.10.02 05:32:33.904,1.32808,1.32817,1.37,3.79
2017.10.02 05:32:34.413,1.32807,1.32815,1.95,1.31
2017.10.02 05:32:34.749,1.32807,1.32815,1.95,1.81
2017.10.02 05:32:36.336,1.32808,1.32815,1.44,1.50
2017.10.02 05:32:37.331,1.32808,1.32815,1.57,1.50
2017.10.02 05:32:37.862,1.32808,1.32815,1.47,1.25
2017.10.02 05:32:38.168,1.32808,1.32815,1.95,1.50
2017.10.02 05:32:38.631,1.32808,1.32815,1.95,1.12
2017.10.02 05:32:39.140,1.32808,1.32815,1.37,1.69
2017.10.02 05:32:39.501,1.32808,1.32815,1.37,1.50
2017.10.02 05:32:41.650,1.32807,1.32815,1.37,2.25
2017.10.02 05:32:42.633,1.32807,1.32815,2.51,1.69
2017.10.02 05:32:44.584,1.32807,1.32815,2.51,1.69
2017.10.02 05:32:45.134,1.32807,1.32815,2.51,1.69
2017.10.02 05:32:45.682,1.32807,1.32815,2.51,1.69
2017.10.02 05:32:48.053,1.32808,1.32815,1.47,1.25
2017.10.02 05:32:48.853,1.32808,1.32815,2.89,1.25
2017.10.02 05:32:49.383,1.32808,1.32815,2.14,1.25
2017.10.02 05:32:49.921,1.32809,1.32815,1.01,1.25
2017.10.02 05:32:50.509,1.32809,1.32815,1.57,1.25
2017.10.02 05:32:51.237,1.3281,1.32815,1.39,1.25
2017.10.02 05:32:52.551,1.32809,1.32815,1.39,1.25
2017.10.02 05:32:53.458,1.32808,1.32815,3.94,1.25
2017.10.02 05:32:53.830,1.32807,1.32814,2.14,1.00
2017.10.02 05:32:53.881,1.32807,1.32814,2.14,1.00
2017.10.02 05:32:53.985,1.32809,1.32817,9.56,1.25
2017.10.02 05:32:54.522,1.32811,1.32818,1.31,1.19
2017.10.02 05:32:55.074,1.32809,1.32816,2.51,1.00
2017.10.02 05:32:55.228,1.32812,1.32819,1.37,1.19
2017.10.02 05:32:55.391,1.32812,1.32819,2.44,1.00
2017.10.02 05:32:58.034,1.3281,1.32816,1.50,1.25
2017.10.02 05:32:58.190,1.32808,1.32816,1.56,2.47
2017.10.02 05:32:58.306,1.32807,1.32815,2.70,1.56
2017.10.02 05:32:58.412,1.32804,1.3281,1.69,1.00
2017.10.02 05:32:58.948,1.32804,1.3281,1.56,1.00
2017.10.02 05:33:01.242,1.32804,1.3281,1.62,1.00
2017.10.02 05:33:01.748,1.32802,1.32809,1.56,1.00
2017.10.02 05:33:01.850,1.32805,1.32809,1.19,1.00
2017.10.02 05:33:01.902,1.32805,1.32811,1.37,1.00
2017.10.02 05:33:02.005,1.32804,1.32811,1.37,1.00
2017.10.02 05:33:02.057,1.32804,1.32811,1.37,1.00
2017.10.02 05:33:03.194,1.32804,1.3281,1.56,1.00
2017.10.02 05:33:03.705,1.32805,1.32811,1.62,1.00
2017.10.02 05:33:04.856,1.32804,1.3281,1.37,1.00
2017.10.02 05:33:04.908,1.32802,1.32809,1.69,1.50
2017.10.02 05:33:05.419,1.32801,1.32809,2.81,1.00
2017.10.02 05:33:06.306,1.32801,1.32809,2.14,1.00
2017.10.02 05:33:06.856,1.32801,1.32809,2.06,1.00
2017.10.02 05:33:07.810,1.32801,1.32809,1.56,1.19
2017.10.02 05:33:09.812,1.32801,1.32809,2.89,1.19
2017.10.02 05:33:10.321,1.32804,1.32809,1.44,1.00
2017.10.02 05:33:10.832,1.32804,1.32809,1.44,1.00
2017.10.02 05:33:11.878,1.32803,1.32809,1.62,1.00
2017.10.02 05:33:12.917,1.32802,1.3281,6.94,1.00
2017.10.02 05:33:13.529,1.32804,1.3281,1.37,1.00
2017.10.02 05:33:13.733,1.32804,1.3281,8.06,1.00
2017.10.02 05:33:13.784,1.32806,1.32814,1.69,1.69
2017.10.02 05:33:14.299,1.32806,1.32813,2.44,1.00
2017.10.02 05:33:15.103,1.32806,1.32813,3.19,1.00
2017.10.02 05:33:15.718,1.32806,1.32813,1.94,1.00
2017.10.02 05:33:18.385,1.32806,1.32812,1.44,1.00
2017.10.02 05:33:18.436,1.32806,1.32809,1.19,1.00
2017.10.02 05:33:18.488,1.32803,1.32809,2.06,1.00
2017.10.02 05:33:18.999,1.32803,1.3281,1.31,1.50
2017.10.02 05:33:19.102,1.32802,1.3281,1.62,2.62
2017.10.02 05:33:19.626,1.32802,1.3281,1.62,2.62
2017.10.02 05:33:20.149,1.32802,1.3281,1.76,1.87
2017.10.02 05:33:20.653,1.32801,1.32809,1.20,1.69
2017.10.02 05:33:21.189,1.32801,1.32809,1.39,1.69
2017.10.02 05:33:21.710,1.32801,1.32809,1.39,1.19
2017.10.02 05:33:22.099,1.32799,1.32806,4.20,1.25
2017.10.02 05:33:22.666,1.32802,1.32808,1.07,1.69
2017.10.02 05:33:22.973,1.32805,1.3281,1.07,1.69
2017.10.02 05:33:24.346,1.32803,1.3281,2.07,1.69
2017.10.02 05:33:25.118,1.32803,1.3281,2.07,1.69
2017.10.02 05:33:25.649,1.32803,1.32809,1.89,1.25
2017.10.02 05:33:25.955,1.32802,1.32808,1.76,1.00
2017.10.02 05:33:26.480,1.32802,1.32808,1.57,1.69
2017.10.02 05:33:26.982,1.32802,1.32808,1.57,1.25
2017.10.02 05:33:27.493,1.32802,1.32808,1.10,1.37
2017.10.02 05:33:28.058,1.32802,1.32809,1.57,1.87
2017.10.02 05:33:29.179,1.32801,1.32808,1.07,1.72
2017.10.02 05:33:29.231,1.32801,1.3281,3.07,3.75
2017.10.02 05:33:29.742,1.328,1.32809,3.64,1.69
2017.10.02 05:33:30.320,1.32802,1.32808,1.07,1.00
2017.10.02 05:33:31.056,1.328,1.32808,3.64,1.00
2017.10.02 05:33:31.565,1.32801,1.32808,1.95,1.00
2017.10.02 05:33:32.410,1.32801,1.32808,1.20,1.87
2017.10.02 05:33:32.866,1.328,1.32808,3.82,1.50
2017.10.02 05:33:33.020,1.328,1.32807,1.57,1.19
2017.10.02 05:33:33.123,1.32798,1.32804,1.95,1.25
2017.10.02 05:33:33.174,1.32796,1.32803,3.64,1.00
2017.10.02 05:33:33.704,1.32796,1.32804,1.62,1.69
2017.10.02 05:33:34.235,1.32796,1.32803,1.56,1.50
2017.10.02 05:33:34.838,1.32796,1.32803,1.31,1.69
2017.10.02 05:33:35.367,1.32796,1.32803,1.25,1.25
2017.10.02 05:33:35.737,1.32795,1.328,1.00,1.35
2017.10.02 05:33:36.250,1.32793,1.32802,2.25,1.25
2017.10.02 05:33:36.655,1.32793,1.328,1.69,1.00
2017.10.02 05:33:36.859,1.32792,1.32802,5.14,1.50
2017.10.02 05:33:36.911,1.32792,1.32801,1.87,2.25
2017.10.02 05:33:36.963,1.32791,1.328,1.50,1.56
2017.10.02 05:33:37.116,1.32791,1.32799,1.37,1.00
2017.10.02 05:33:37.620,1.32791,1.328,2.14,1.25
2017.10.02 05:33:37.875,1.3279,1.328,2.14,2.06
2017.10.02 05:33:38.130,1.32789,1.32796,1.76,1.00
2017.10.02 05:33:38.285,1.32788,1.32798,8.51,1.25
2017.10.02 05:33:38.389,1.32788,1.32797,1.76,1.19
2017.10.02 05:33:38.653,1.32794,1.32802,1.25,4.31
2017.10.02 05:33:38.763,1.32794,1.32802,1.19,2.62
2017.10.02 05:33:38.879,1.32794,1.32803,2.06,3.45
2017.10.02 05:33:39.264,1.32794,1.32801,2.14,1.00
2017.10.02 05:33:40.448,1.32795,1.32803,2.00,1.31
2017.10.02 05:33:40.499,1.32794,1.32803,6.26,1.25
2017.10.02 05:33:40.602,1.32797,1.32805,1.37,2.44
2017.10.02 05:33:41.122,1.32796,1.32805,3.19,1.19
2017.10.02 05:33:41.664,1.32796,1.32806,3.19,3.37
2017.10.02 05:33:42.073,1.32796,1.32805,2.14,1.25
2017.10.02 05:33:42.652,1.32796,1.32805,1.56,1.25
2017.10.02 05:33:43.166,1.32797,1.32805,1.87,1.25
2017.10.02 05:33:43.695,1.32797,1.32805,1.44,2.62
2017.10.02 05:33:43.899,1.32797,1.32805,1.19,4.01
2017.10.02 05:33:44.205,1.32796,1.32803,1.19,3.00
2017.10.02 05:33:44.745,1.32793,1.32801,1.31,1.19
2017.10.02 05:33:45.256,1.32792,1.32801,1.87,2.06
2017.10.02 05:33:45.776,1.32792,1.32801,1.44,2.06
2017.10.02 05:33:46.187,1.32792,1.32801,1.62,1.76
2017.10.02 05:33:46.706,1.32792,1.328,1.87,1.57
2017.10.02 05:33:47.215,1.32792,1.328,1.50,1.50
2017.10.02 05:33:47.318,1.32793,1.328,1.87,1.50
2017.10.02 05:33:47.521,1.32792,1.328,1.69,1.00
2017.10.02 05:33:47.573,1.32792,1.328,3.19,1.00
2017.10.02 05:33:48.135,1.32793,1.32801,1.62,1.12
2017.10.02 05:33:48.732,1.32793,1.328,5.06,1.00
2017.10.02 05:33:49.234,1.32793,1.328,3.56,1.25
2017.10.02 05:33:49.826,1.32793,1.328,1.62,1.25
2017.10.02 05:33:50.368,1.32793,1.32803,5.14,4.50
2017.10.02 05:33:51.455,1.32793,1.32801,1.62,1.25
2017.10.02 05:33:51.686,1.32792,1.32801,2.62,3.19
2017.10.02 05:33:52.278,1.32792,1.328,2.62,1.25
2017.10.02 05:33:52.867,1.32792,1.32801,1.19,2.62
2017.10.02 05:33:52.971,1.32792,1.328,3.19,1.25
2017.10.02 05:33:53.471,1.32794,1.32798,1.69,1.00
2017.10.02 05:33:53.524,1.32791,1.32798,1.62,1.50
2017.10.02 05:33:53.831,1.32792,1.328,2.62,3.75
2017.10.02 05:33:54.344,1.32793,1.328,1.37,2.44
2017.10.02 05:33:55.327,1.32792,1.328,1.87,1.69
2017.10.02 05:33:56.063,1.32794,1.328,1.50,1.25
2017.10.02 05:33:56.217,1.32796,1.32803,2.06,1.25
2017.10.02 05:33:56.462,1.32793,1.32802,1.56,2.70
2017.10.02 05:33:57.460,1.32793,1.32801,1.56,1.25
2017.10.02 05:33:58.011,1.32793,1.328,2.81,1.00
2017.10.02 05:33:58.528,1.32793,1.328,1.62,1.00
2017.10.02 05:33:59.215,1.32793,1.328,1.62,1.00
2017.10.02 05:34:00.061,1.32792,1.32799,2.06,1.00
2017.10.02 05:34:00.553,1.32793,1.328,1.62,1.25
2017.10.02 05:34:01.266,1.32793,1.328,2.06,1.25
2017.10.02 05:34:01.520,1.32792,1.328,4.31,1.25
2017.10.02 05:34:02.227,1.32792,1.328,3.07,2.44
2017.10.02 05:34:02.330,1.32793,1.328,1.57,1.25
2017.10.02 05:34:02.382,1.32794,1.328,1.45,1.25
2017.10.02 05:34:02.900,1.32793,1.328,1.76,1.69
2017.10.02 05:34:03.410,1.32793,1.328,1.57,1.19
2017.10.02 05:34:05.581,1.32793,1.328,1.57,1.69
2017.10.02 05:34:06.089,1.32793,1.328,1.19,3.00
2017.10.02 05:34:07.727,1.32793,1.328,1.19,3.00
2017.10.02 05:34:08.330,1.32793,1.32799,1.19,1.00
2017.10.02 05:34:09.347,1.32794,1.32801,1.44,1.19
2017.10.02 05:34:09.655,1.32796,1.32802,3.19,1.00
2017.10.02 05:34:10.208,1.32796,1.32804,3.94,1.54
2017.10.02 05:34:10.783,1.32797,1.32804,1.56,1.00
2017.10.02 05:34:11.089,1.32799,1.32806,1.19,1.24
2017.10.02 05:34:11.396,1.32796,1.32805,1.37,5.10
2017.10.02 05:34:11.901,1.32796,1.32805,1.19,3.00
2017.10.02 05:34:12.055,1.32799,1.32805,1.37,1.25
2017.10.02 05:34:12.106,1.328,1.32806,1.44,1.19
2017.10.02 05:34:12.412,1.32799,1.32802,1.50,1.00
2017.10.02 05:34:12.973,1.32797,1.32802,2.06,1.00
2017.10.02 05:34:13.025,1.32797,1.32804,2.06,1.00
2017.10.02 05:34:13.179,1.32797,1.32804,2.81,1.00
2017.10.02 05:34:13.486,1.32801,1.32807,1.31,1.25
2017.10.02 05:34:13.537,1.32802,1.32809,2.32,1.25
2017.10.02 05:34:14.064,1.32802,1.3281,4.39,1.69
2017.10.02 05:34:14.724,1.32802,1.3281,5.14,1.69
2017.10.02 05:34:15.544,1.32803,1.3281,2.06,1.69
2017.10.02 05:34:16.052,1.32803,1.3281,2.06,1.69
2017.10.02 05:34:16.574,1.32802,1.3281,3.19,1.69
2017.10.02 05:34:16.778,1.32802,1.3281,1.25,3.22
2017.10.02 05:34:17.467,1.32802,1.32809,1.00,1.25
2017.10.02 05:34:17.978,1.32802,1.32808,1.25,1.00
2017.10.02 05:34:19.809,1.32802,1.32808,1.44,1.00
2017.10.02 05:34:20.319,1.328,1.32808,2.70,1.00
2017.10.02 05:34:21.401,1.328,1.32808,1.95,1.25
2017.10.02 05:34:22.531,1.328,1.32807,1.87,1.00
2017.10.02 05:34:23.256,1.328,1.32807,1.19,1.25
2017.10.02 05:34:23.764,1.328,1.32807,1.19,1.31
2017.10.02 05:34:24.964,1.328,1.32807,1.25,1.00
2017.10.02 05:34:25.618,1.328,1.32807,1.44,1.00
2017.10.02 05:34:27.166,1.328,1.32807,1.25,2.29
2017.10.02 05:34:27.674,1.328,1.32807,1.25,2.47
2017.10.02 05:34:28.208,1.328,1.32807,1.19,2.47
2017.10.02 05:34:28.637,1.32801,1.32809,1.87,1.69
2017.10.02 05:34:28.841,1.328,1.32807,3.37,1.00
2017.10.02 05:34:29.385,1.32799,1.32807,1.95,2.44
2017.10.02 05:34:29.844,1.32799,1.32805,1.50,1.00
2017.10.02 05:34:31.245,1.32799,1.32805,1.44,1.00
2017.10.02 05:34:32.527,1.32799,1.32804,1.44,1.00
2017.10.02 05:34:35.589,1.32796,1.32804,4.39,1.50
2017.10.02 05:34:36.104,1.32796,1.32802,3.07,1.00
2017.10.02 05:34:36.609,1.32797,1.32802,1.10,1.00
2017.10.02 05:34:37.305,1.32796,1.32802,3.07,1.00
2017.10.02 05:34:38.728,1.32796,1.32802,3.00,1.00
2017.10.02 05:34:39.134,1.32795,1.328,3.19,1.00
2017.10.02 05:34:39.288,1.32793,1.32799,1.62,1.00
2017.10.02 05:34:39.339,1.32791,1.32796,2.62,1.00
2017.10.02 05:34:39.492,1.3279,1.32796,1.37,1.00
2017.10.02 05:34:40.115,1.3279,1.32796,1.87,1.00
2017.10.02 05:34:42.096,1.3279,1.32796,1.87,1.00
2017.10.02 05:34:43.806,1.3279,1.32796,1.12,1.00
2017.10.02 05:34:44.339,1.3279,1.32796,1.19,1.25
2017.10.02 05:34:44.455,1.32791,1.32796,1.19,1.25
2017.10.02 05:34:44.761,1.32793,1.32797,1.69,1.00
2017.10.02 05:34:44.812,1.32793,1.32798,2.06,1.00
2017.10.02 05:34:44.915,1.32794,1.32798,1.19,1.00
2017.10.02 05:34:45.556,1.32796,1.32799,1.25,1.00
2017.10.02 05:34:46.079,1.32796,1.32799,1.19,1.00
2017.10.02 05:34:46.626,1.32794,1.32799,1.87,1.00
2017.10.02 05:34:47.281,1.32794,1.32799,1.87,1.00
2017.10.02 05:34:47.691,1.32794,1.32799,1.87,1.00
2017.10.02 05:34:48.360,1.32793,1.32799,1.87,1.00
2017.10.02 05:34:48.869,1.32793,1.32799,1.50,1.00
2017.10.02 05:34:52.334,1.32793,1.32799,1.50,1.00
2017.10.02 05:34:53.618,1.32793,1.32799,2.25,1.00
2017.10.02 05:34:55.756,1.32793,1.32799,2.44,1.00
2017.10.02 05:35:00.497,1.32794,1.32799,1.37,1.00
2017.10.02 05:35:01.035,1.32795,1.32801,1.57,1.19
2017.10.02 05:35:01.647,1.32795,1.32801,2.32,1.19
2017.10.02 05:35:02.197,1.32795,1.32801,2.51,1.00
2017.10.02 05:35:04.851,1.32795,1.32801,2.14,1.00
2017.10.02 05:35:06.960,1.32795,1.32801,1.76,1.00
2017.10.02 05:35:07.465,1.32795,1.32801,1.76,1.00
2017.10.02 05:35:08.260,1.32795,1.32801,1.76,1.00
2017.10.02 05:35:08.764,1.32796,1.32801,1.57,1.00
2017.10.02 05:35:09.412,1.32796,1.32801,1.47,1.00
2017.10.02 05:35:09.609,1.32794,1.32796,1.25,2.85
2017.10.02 05:35:09.661,1.32791,1.32797,3.19,1.25
2017.10.02 05:35:09.765,1.32789,1.32795,1.82,1.54
2017.10.02 05:35:10.174,1.3279,1.32795,2.51,1.00
2017.10.02 05:35:11.205,1.3279,1.32795,1.50,1.00
2017.10.02 05:35:11.766,1.3279,1.32795,1.50,1.00
2017.10.02 05:35:11.817,1.32792,1.32797,1.19,1.25
2017.10.02 05:35:12.054,1.32794,1.32799,1.62,1.00
2017.10.02 05:35:12.630,1.32794,1.32799,1.62,1.00
2017.10.02 05:35:13.417,1.32794,1.32799,1.62,1.00
2017.10.02 05:35:14.311,1.32794,1.32799,1.62,1.00
2017.10.02 05:35:14.515,1.32794,1.32801,1.76,1.25
2017.10.02 05:35:15.168,1.32796,1.32801,1.29,1.00
2017.10.02 05:35:15.734,1.32796,1.32801,1.29,1.00
2017.10.02 05:35:16.248,1.32796,1.32801,1.25,1.00
2017.10.02 05:35:16.944,1.32795,1.32801,2.51,1.00
2017.10.02 05:35:17.142,1.32795,1.32801,2.14,1.00
2017.10.02 05:35:17.809,1.32795,1.32801,2.14,1.00
2017.10.02 05:35:18.757,1.32795,1.32801,2.14,1.00
2017.10.02 05:35:20.315,1.32795,1.32801,3.07,1.00
2017.10.02 05:35:20.837,1.32795,1.32801,2.51,1.00
2017.10.02 05:35:20.990,1.32795,1.32801,1.39,1.00
2017.10.02 05:35:22.136,1.32795,1.32801,1.20,1.00
2017.10.02 05:35:22.657,1.32795,1.32801,1.20,1.00
2017.10.02 05:35:25.021,1.32795,1.32801,1.39,1.00
2017.10.02 05:35:25.620,1.32795,1.32801,1.20,1.00
2017.10.02 05:35:26.243,1.32795,1.32797,1.25,1.00
2017.10.02 05:35:26.418,1.3279,1.32795,2.14,1.00
2017.10.02 05:35:26.726,1.3279,1.32795,3.26,1.00
2017.10.02 05:35:27.265,1.3279,1.32795,4.01,1.00
2017.10.02 05:35:29.494,1.3279,1.32795,3.26,1.00
2017.10.02 05:35:38.048,1.32792,1.32795,1.00,1.00
2017.10.02 05:35:38.428,1.32791,1.32796,1.76,1.00
2017.10.02 05:35:38.687,1.32794,1.32801,2.06,1.00
2017.10.02 05:35:39.804,1.32795,1.32801,2.51,1.00
2017.10.02 05:35:40.665,1.32795,1.32801,1.76,1.00
2017.10.02 05:35:41.124,1.32798,1.32801,1.44,1.00
2017.10.02 05:35:41.281,1.32804,1.32809,3.07,1.25
2017.10.02 05:35:41.384,1.32806,1.32813,1.57,2.06
2017.10.02 05:35:41.734,1.32808,1.32814,1.01,1.00
2017.10.02 05:35:42.255,1.32807,1.32815,2.51,2.62
2017.10.02 05:35:42.776,1.32808,1.32815,1.39,1.12
2017.10.02 05:35:43.373,1.32808,1.32815,1.39,1.87
2017.10.02 05:35:45.065,1.32808,1.32815,1.70,1.44
2017.10.02 05:35:45.506,1.32808,1.32813,1.20,3.60
2017.10.02 05:35:45.661,1.32805,1.32813,1.39,8.47
2017.10.02 05:35:46.171,1.32805,1.32814,3.07,3.97
2017.10.02 05:35:47.542,1.32805,1.32813,2.32,4.16
2017.10.02 05:35:47.594,1.32805,1.32812,1.57,1.85
2017.10.02 05:35:47.747,1.32804,1.3281,1.39,1.00
2017.10.02 05:35:48.054,1.32804,1.32812,3.07,1.69
2017.10.02 05:35:48.969,1.32806,1.32813,1.01,3.19
2017.10.02 05:35:49.173,1.32807,1.32814,2.32,1.50
2017.10.02 05:35:49.673,1.32806,1.32814,1.20,1.50
2017.10.02 05:35:49.984,1.32805,1.32813,1.57,2.29
2017.10.02 05:35:50.291,1.32807,1.32815,1.39,3.97
2017.10.02 05:35:50.835,1.32808,1.32814,1.39,1.00
2017.10.02 05:35:51.367,1.32808,1.32815,1.76,2.44
2017.10.02 05:35:51.979,1.32809,1.32816,1.95,1.00
2017.10.02 05:35:52.388,1.32811,1.32817,1.76,1.00
2017.10.02 05:35:52.571,1.32812,1.32819,1.51,1.69
2017.10.02 05:35:52.726,1.32813,1.32821,1.39,3.19
2017.10.02 05:35:52.985,1.32814,1.32821,1.89,2.81
2017.10.02 05:35:53.190,1.32815,1.32822,1.39,1.69
2017.10.02 05:35:53.700,1.32816,1.32824,1.95,2.44
2017.10.02 05:35:54.328,1.32816,1.32824,2.89,1.69
2017.10.02 05:35:54.841,1.32817,1.32824,1.95,1.19
2017.10.02 05:35:55.004,1.32818,1.32825,2.06,1.00
2017.10.02 05:35:55.572,1.32819,1.32826,1.19,1.69
2017.10.02 05:35:55.675,1.32817,1.32824,2.07,1.54
2017.10.02 05:35:55.828,1.32816,1.32823,1.51,2.44
2017.10.02 05:35:56.376,1.32815,1.32823,2.14,4.35
2017.10.02 05:35:57.848,1.32815,1.32823,2.70,1.00
2017.10.02 05:35:58.396,1.32815,1.32824,2.70,3.79
2017.10.02 05:35:58.602,1.32814,1.32823,1.76,3.22
2017.10.02 05:35:59.370,1.32815,1.32822,1.39,1.25
2017.10.02 05:36:00.133,1.32814,1.32822,1.76,1.19
2017.10.02 05:36:00.640,1.32815,1.32823,1.39,2.62
2017.10.02 05:36:01.065,1.32815,1.32823,2.51,2.62
2017.10.02 05:36:01.525,1.32816,1.32824,2.51,1.50
2017.10.02 05:36:03.299,1.32816,1.32824,2.89,2.10
2017.10.02 05:36:03.806,1.32816,1.32824,1.57,2.85
2017.10.02 05:36:03.957,1.32815,1.32822,2.89,1.00
2017.10.02 05:36:04.502,1.32815,1.32823,3.82,1.50
2017.10.02 05:36:05.159,1.32816,1.32823,1.57,1.12
2017.10.02 05:36:06.098,1.32815,1.32824,3.07,3.04
2017.10.02 05:36:06.604,1.32815,1.32823,3.07,1.00
2017.10.02 05:36:07.989,1.32815,1.32823,2.32,1.35
2017.10.02 05:36:08.299,1.32816,1.32824,5.14,1.00
2017.10.02 05:36:10.222,1.32816,1.32824,3.64,1.60
2017.10.02 05:36:11.580,1.32816,1.32824,2.70,1.60
2017.10.02 05:36:13.950,1.32817,1.32824,1.01,1.85
2017.10.02 05:36:15.192,1.32815,1.32821,2.14,1.00
2017.10.02 05:36:15.350,1.32813,1.32821,1.20,1.72
2017.10.02 05:36:16.430,1.32813,1.32821,1.39,1.35
2017.10.02 05:36:16.941,1.32813,1.32821,1.20,1.35
2017.10.02 05:36:17.145,1.32815,1.32822,1.19,2.44
2017.10.02 05:36:17.655,1.32816,1.32822,1.29,1.35
2017.10.02 05:36:19.823,1.32817,1.32823,1.39,1.05
2017.10.02 05:36:21.965,1.32817,1.32825,1.20,3.41
2017.10.02 05:36:22.562,1.32817,1.32825,1.01,2.47
2017.10.02 05:36:23.099,1.32817,1.32825,1.29,1.60
2017.10.02 05:36:23.864,1.32817,1.32825,1.01,1.85
2017.10.02 05:36:24.979,1.32817,1.32825,1.20,2.29
2017.10.02 05:36:25.632,1.32817,1.32824,1.20,1.35
2017.10.02 05:36:26.730,1.32817,1.32824,1.01,3.79
2017.10.02 05:36:27.759,1.32816,1.32823,1.01,1.12
2017.10.02 05:36:28.306,1.32816,1.32823,1.10,1.62
2017.10.02 05:36:29.138,1.32813,1.32821,1.57,1.12
2017.10.02 05:36:30.157,1.32812,1.32821,2.51,2.44
2017.10.02 05:36:30.685,1.32814,1.32821,1.69,1.00
2017.10.02 05:36:31.765,1.32816,1.32821,1.25,1.00
2017.10.02 05:36:33.277,1.32816,1.32821,2.32,1.00
2017.10.02 05:36:33.893,1.32816,1.32823,3.07,1.12
2017.10.02 05:36:34.527,1.32816,1.32823,1.76,1.44
2017.10.02 05:36:34.629,1.32814,1.32821,3.45,1.19
2017.10.02 05:36:35.266,1.32813,1.32821,2.70,1.25
2017.10.02 05:36:36.103,1.32814,1.32821,1.07,1.25
2017.10.02 05:36:37.416,1.32813,1.32821,2.06,2.47
2017.10.02 05:36:38.520,1.32814,1.3282,1.39,1.00
2017.10.02 05:36:38.675,1.32816,1.32822,1.01,1.00
2017.10.02 05:36:39.097,1.32819,1.32825,1.00,2.85
2017.10.02 05:36:39.149,1.32819,1.32825,1.25,1.25
2017.10.02 05:36:39.893,1.32818,1.32825,1.01,1.25
2017.10.02 05:36:40.422,1.32817,1.32824,2.14,1.05
2017.10.02 05:36:41.038,1.32817,1.32824,2.14,1.05
2017.10.02 05:36:41.309,1.32816,1.32823,2.14,1.85
2017.10.02 05:36:42.174,1.32816,1.32822,1.87,1.16
2017.10.02 05:36:42.690,1.32816,1.32823,1.19,2.10
2017.10.02 05:36:44.401,1.32816,1.32823,1.69,1.54
2017.10.02 05:36:45.147,1.32816,1.32823,1.69,1.72
2017.10.02 05:36:45.999,1.32816,1.32823,1.87,1.72
2017.10.02 05:36:46.288,1.32814,1.32821,1.07,1.87
2017.10.02 05:36:46.892,1.32814,1.32822,2.32,2.25
2017.10.02 05:36:49.253,1.32815,1.32822,1.00,1.54
2017.10.02 05:36:52.402,1.32815,1.32822,1.00,1.12
2017.10.02 05:36:52.907,1.32816,1.32822,1.12,1.00
2017.10.02 05:36:53.500,1.32816,1.32822,1.20,1.00
2017.10.02 05:36:54.007,1.32816,1.32822,1.95,1.00
2017.10.02 05:36:57.715,1.32816,1.32822,2.06,1.35
2017.10.02 05:36:57.859,1.32814,1.3282,4.76,1.00
2017.10.02 05:36:58.994,1.32815,1.3282,2.14,1.00
2017.10.02 05:37:00.411,1.32816,1.32821,1.57,1.00
2017.10.02 05:37:00.514,1.32817,1.32825,4.20,1.25
2017.10.02 05:37:01.063,1.32818,1.32825,2.51,1.50
2017.10.02 05:37:01.884,1.32819,1.32826,4.20,1.00
2017.10.02 05:37:02.400,1.32821,1.32827,1.01,1.50
2017.10.02 05:37:02.707,1.32821,1.32825,1.87,1.00
2017.10.02 05:37:02.760,1.32821,1.32827,2.32,1.00
2017.10.02 05:37:03.285,1.32821,1.32827,6.26,1.00
2017.10.02 05:37:03.390,1.32824,1.32829,1.44,1.00
2017.10.02 05:37:03.738,1.32826,1.32831,2.51,1.00
2017.10.02 05:37:04.044,1.32827,1.32832,1.26,1.00
2017.10.02 05:37:04.350,1.32827,1.32834,1.26,2.29
2017.10.02 05:37:05.065,1.32827,1.32834,2.32,2.29
2017.10.02 05:37:05.593,1.32827,1.32834,2.14,2.29
2017.10.02 05:37:05.851,1.32827,1.32834,1.95,2.29
2017.10.02 05:37:06.409,1.32827,1.32833,2.32,1.05
2017.10.02 05:37:08.019,1.32826,1.32833,2.89,1.16
2017.10.02 05:37:08.566,1.32826,1.32833,2.14,1.05
2017.10.02 05:37:09.469,1.32827,1.32833,1.20,1.05
2017.10.02 05:37:11.191,1.32827,1.32835,1.20,3.22
2017.10.02 05:37:12.840,1.32827,1.32835,1.47,1.72
2017.10.02 05:37:13.342,1.32827,1.32835,1.95,1.72
2017.10.02 05:37:13.877,1.32827,1.32835,4.39,1.54
2017.10.02 05:37:14.095,1.32827,1.32832,1.57,1.00
2017.10.02 05:37:14.250,1.32826,1.32831,1.20,1.25
2017.10.02 05:37:15.900,1.32826,1.32831,1.20,1.25
2017.10.02 05:37:15.951,1.32826,1.32831,1.50,1.00
2017.10.02 05:37:16.491,1.32826,1.32832,1.57,1.00
2017.10.02 05:37:17.682,1.32826,1.32832,1.57,1.00
2017.10.02 05:37:17.976,1.32826,1.32832,1.20,1.00
2017.10.02 05:37:20.017,1.32826,1.32832,2.51,1.00
2017.10.02 05:37:20.068,1.32826,1.32832,2.32,1.00
2017.10.02 05:37:20.541,1.32828,1.32834,1.20,1.00
2017.10.02 05:37:20.592,1.32829,1.32836,3.94,1.37
2017.10.02 05:37:20.746,1.32831,1.32838,2.32,1.19
2017.10.02 05:37:20.951,1.32831,1.32839,1.95,1.50
2017.10.02 05:37:21.718,1.32832,1.32839,2.51,1.69
2017.10.02 05:37:21.770,1.32835,1.32842,1.44,2.25
2017.10.02 05:37:21.822,1.32835,1.32842,2.70,1.12
2017.10.02 05:37:21.873,1.32835,1.32843,2.70,1.87
2017.10.02 05:37:22.660,1.32836,1.32844,1.20,4.16
2017.10.02 05:37:26.717,1.32835,1.32843,2.14,1.72
2017.10.02 05:37:31.596,1.32835,1.32843,1.07,1.87
2017.10.02 05:37:32.128,1.32833,1.32841,2.51,1.69
2017.10.02 05:37:32.710,1.32833,1.3284,1.20,1.69
2017.10.02 05:37:32.761,1.32833,1.3284,1.29,1.87
2017.10.02 05:37:34.008,1.32833,1.3284,1.29,2.25
2017.10.02 05:37:34.730,1.32831,1.32839,3.82,1.19
2017.10.02 05:37:34.781,1.32831,1.32839,1.76,3.19
2017.10.02 05:37:34.834,1.32831,1.32837,1.57,1.50
2017.10.02 05:37:34.937,1.32827,1.32833,1.76,1.69
2017.10.02 05:37:35.071,1.32825,1.32831,1.70,1.25
2017.10.02 05:37:35.123,1.32824,1.32831,1.39,3.37
2017.10.02 05:37:37.542,1.32823,1.32831,2.51,4.50
2017.10.02 05:37:38.086,1.32823,1.32829,1.39,1.00
2017.10.02 05:37:38.878,1.32821,1.32828,2.44,1.05
2017.10.02 05:37:38.930,1.32818,1.32824,3.82,1.19
2017.10.02 05:37:38.981,1.32818,1.32825,1.19,2.85
2017.10.02 05:37:39.033,1.32816,1.32825,1.76,4.54
2017.10.02 05:37:40.688,1.32816,1.32824,2.07,1.19
2017.10.02 05:37:41.821,1.32816,1.32824,2.14,1.69
2017.10.02 05:37:42.335,1.32816,1.32823,1.47,1.00
2017.10.02 05:37:43.879,1.32818,1.32824,1.01,1.25
2017.10.02 05:37:43.982,1.32819,1.32827,1.44,3.37
2017.10.02 05:37:44.287,1.3282,1.32828,1.37,1.31
2017.10.02 05:37:46.102,1.32819,1.32829,3.56,3.07
2017.10.02 05:37:48.499,1.3282,1.32829,1.56,2.62
2017.10.02 05:37:50.455,1.32819,1.32828,1.62,1.69
2017.10.02 05:37:50.506,1.32819,1.32826,1.62,1.00
2017.10.02 05:37:50.558,1.32818,1.32826,1.37,1.69
2017.10.02 05:37:51.067,1.32817,1.32824,2.44,1.00
2017.10.02 05:37:54.141,1.32816,1.32824,2.81,1.69
2017.10.02 05:37:54.802,1.32815,1.32824,2.06,2.06
2017.10.02 05:37:56.172,1.32818,1.32824,1.19,1.56
2017.10.02 05:37:56.377,1.32818,1.32828,2.62,1.87
2017.10.02 05:37:56.429,1.32818,1.32825,2.06,1.00
2017.10.02 05:37:56.782,1.32816,1.32824,2.06,1.19
2017.10.02 05:37:58.094,1.32816,1.32824,1.31,1.69
2017.10.02 05:37:58.637,1.32816,1.32824,1.31,1.69
2017.10.02 05:37:59.323,1.32816,1.32824,1.31,1.69
2017.10.02 05:37:59.638,1.32816,1.32826,1.31,2.70
2017.10.02 05:38:00.327,1.32816,1.32825,1.31,2.25
2017.10.02 05:38:00.379,1.32818,1.32825,1.31,1.25
2017.10.02 05:38:00.431,1.32819,1.32825,1.69,1.25
2017.10.02 05:38:00.608,1.3282,1.32828,1.37,1.25
2017.10.02 05:38:00.660,1.3282,1.32828,1.37,1.25
2017.10.02 05:38:01.404,1.3282,1.32828,1.44,1.19
2017.10.02 05:38:02.545,1.32819,1.32828,5.81,1.25
2017.10.02 05:38:02.800,1.32822,1.3283,2.25,1.31
2017.10.02 05:38:03.310,1.32823,1.32831,1.44,2.25
2017.10.02 05:38:03.362,1.32822,1.3283,1.69,1.25
2017.10.02 05:38:03.896,1.32823,1.32831,1.31,1.50
2017.10.02 05:38:04.397,1.32823,1.3283,1.31,1.00
2017.10.02 05:38:06.102,1.32823,1.3283,1.31,1.00
2017.10.02 05:38:06.306,1.32822,1.3283,2.44,1.25
2017.10.02 05:38:06.459,1.32822,1.3283,1.19,2.81
2017.10.02 05:38:07.040,1.32822,1.3283,1.00,4.69
2017.10.02 05:38:09.210,1.32824,1.3283,1.25,1.50
2017.10.02 05:38:09.415,1.32825,1.32833,1.87,1.69
2017.10.02 05:38:10.109,1.32829,1.32833,1.25,1.00
2017.10.02 05:38:10.160,1.3283,1.32837,1.19,1.87
2017.10.02 05:38:10.264,1.32832,1.32839,1.12,1.25
2017.10.02 05:38:10.774,1.32832,1.32841,3.19,2.89
2017.10.02 05:38:11.296,1.32832,1.32841,3.19,1.57
2017.10.02 05:38:12.085,1.32832,1.32842,1.69,2.81
2017.10.02 05:38:12.640,1.32832,1.3284,2.81,1.00
2017.10.02 05:38:13.153,1.32833,1.32842,1.31,4.57
2017.10.02 05:38:14.195,1.32831,1.3284,1.87,4.12
2017.10.02 05:38:14.645,1.32831,1.32838,1.19,1.69
2017.10.02 05:38:15.298,1.32829,1.32837,1.69,1.87
2017.10.02 05:38:15.350,1.32832,1.32839,2.10,1.87
2017.10.02 05:38:15.454,1.32835,1.32841,1.00,3.19
2017.10.02 05:38:15.557,1.32832,1.3284,2.62,1.69
2017.10.02 05:38:15.764,1.32831,1.3284,2.25,2.25
2017.10.02 05:38:18.117,1.32832,1.32839,1.19,1.00
2017.10.02 05:38:22.238,1.32831,1.32839,2.25,1.50
2017.10.02 05:38:22.746,1.32831,1.32839,2.25,1.69
2017.10.02 05:38:23.679,1.32831,1.32839,2.25,1.44
2017.10.02 05:38:27.360,1.32831,1.32837,1.19,1.69
2017.10.02 05:38:27.411,1.32829,1.32837,1.87,1.25
2017.10.02 05:38:27.463,1.32829,1.32837,1.19,1.19
2017.10.02 05:38:27.769,1.32828,1.32834,1.25,1.37
2017.10.02 05:38:28.125,1.32828,1.32834,1.44,1.25
2017.10.02 05:38:28.645,1.32828,1.32834,1.25,1.19
2017.10.02 05:38:29.308,1.32828,1.32835,1.25,1.87
2017.10.02 05:38:29.733,1.32831,1.32838,1.00,2.70
2017.10.02 05:38:30.339,1.3283,1.32838,1.00,1.62
2017.10.02 05:38:30.804,1.32832,1.3284,2.44,4.69
2017.10.02 05:38:30.855,1.32832,1.3284,2.06,3.19
2017.10.02 05:38:31.445,1.32832,1.3284,3.19,1.87
2017.10.02 05:38:31.778,1.32832,1.3284,3.56,1.87
2017.10.02 05:38:31.933,1.32832,1.3284,2.81,1.87
2017.10.02 05:38:35.619,1.32833,1.32839,1.19,1.00
2017.10.02 05:38:35.824,1.32832,1.32839,1.31,1.19
2017.10.02 05:38:36.327,1.32832,1.32839,1.19,1.25
2017.10.02 05:38:38.104,1.32832,1.32839,1.19,1.19
2017.10.02 05:38:39.255,1.32832,1.32839,1.37,1.25
2017.10.02 05:38:40.246,1.32832,1.32839,1.31,1.44
2017.10.02 05:38:40.747,1.32832,1.32839,1.19,1.25
2017.10.02 05:38:42.192,1.32832,1.32839,1.44,1.19
2017.10.02 05:38:42.797,1.32832,1.32839,1.44,1.25
2017.10.02 05:38:43.305,1.32832,1.32839,1.62,1.19
2017.10.02 05:38:45.715,1.32832,1.32839,1.37,1.25
2017.10.02 05:38:45.919,1.32832,1.32839,1.37,1.19
2017.10.02 05:38:46.554,1.32832,1.32839,1.44,1.87
2017.10.02 05:38:47.066,1.32831,1.32838,1.37,1.69
2017.10.02 05:38:47.774,1.32831,1.32838,1.37,1.69
2017.10.02 05:38:48.432,1.32832,1.32839,1.50,1.31
2017.10.02 05:38:48.949,1.32832,1.3284,1.69,3.00
2017.10.02 05:38:49.616,1.32832,1.3284,1.69,2.62
2017.10.02 05:38:49.947,1.32836,1.3284,1.19,1.25
2017.10.02 05:38:50.101,1.32837,1.32844,1.50,2.06
2017.10.02 05:38:50.254,1.32836,1.32845,3.37,2.06
2017.10.02 05:38:50.306,1.32836,1.32845,3.37,2.06
2017.10.02 05:38:50.840,1.32836,1.32843,2.62,1.19
2017.10.02 05:38:52.153,1.32836,1.32843,2.62,1.44
2017.10.02 05:38:52.550,1.32836,1.32842,1.00,1.37
2017.10.02 05:38:53.081,1.32836,1.32842,1.50,1.44
2017.10.02 05:38:54.113,1.32836,1.32842,1.00,1.25
2017.10.02 05:38:54.449,1.32836,1.32842,1.00,1.19
2017.10.02 05:38:54.958,1.32836,1.32842,1.00,1.44
2017.10.02 05:38:55.265,1.32834,1.3284,1.19,1.44
2017.10.02 05:38:56.447,1.32833,1.3284,1.69,1.37
2017.10.02 05:38:56.499,1.32833,1.3284,1.25,1.62
2017.10.02 05:38:57.199,1.32833,1.3284,1.25,2.81
2017.10.02 05:38:58.157,1.32833,1.3284,1.25,2.81
2017.10.02 05:38:58.658,1.32833,1.3284,1.25,3.56
2017.10.02 05:38:59.916,1.32833,1.3284,1.25,2.81
2017.10.02 05:39:00.614,1.32833,1.32839,2.29,1.19
2017.10.02 05:39:00.665,1.32836,1.32841,2.25,1.01
2017.10.02 05:39:00.820,1.32834,1.32843,2.81,1.31
2017.10.02 05:39:00.872,1.32834,1.32843,1.69,2.06
2017.10.02 05:39:03.929,1.32835,1.32842,1.19,1.12
2017.10.02 05:39:06.578,1.32835,1.32842,1.69,1.44
2017.10.02 05:39:11.322,1.32835,1.32842,1.69,1.00
2017.10.02 05:39:12.563,1.32835,1.32842,1.19,1.19
2017.10.02 05:39:13.280,1.32834,1.32841,4.12,1.12
2017.10.02 05:39:13.611,1.32834,1.3284,2.44,1.19
2017.10.02 05:39:14.137,1.32836,1.32841,1.25,1.19
2017.10.02 05:39:15.340,1.32834,1.32841,1.44,1.87
2017.10.02 05:39:16.562,1.32834,1.32839,1.19,1.00
2017.10.02 05:39:16.920,1.32834,1.32839,1.19,1.50
2017.10.02 05:39:17.023,1.32834,1.32839,1.19,1.44
2017.10.02 05:39:17.125,1.32834,1.32838,1.00,1.25
2017.10.02 05:39:18.193,1.32834,1.32838,1.00,1.19
2017.10.02 05:39:18.245,1.32834,1.32838,1.00,1.00
2017.10.02 05:39:20.183,1.32829,1.32836,2.70,1.19
2017.10.02 05:39:20.936,1.3283,1.32836,1.69,1.00
2017.10.02 05:39:21.038,1.32832,1.32837,1.00,1.44
2017.10.02 05:39:21.563,1.32832,1.32837,1.00,1.25
2017.10.02 05:39:22.546,1.32829,1.32835,2.06,1.25
2017.10.02 05:39:22.852,1.32827,1.32833,1.69,1.44
2017.10.02 05:39:23.365,1.32827,1.32833,1.69,1.44
2017.10.02 05:39:23.887,1.32827,1.32833,1.69,1.44
2017.10.02 05:39:24.200,1.32827,1.32833,1.69,1.12
2017.10.02 05:39:24.455,1.32827,1.32832,1.19,1.19
2017.10.02 05:39:25.401,1.32825,1.32829,2.44,1.00
2017.10.02 05:39:25.453,1.32823,1.3283,2.62,1.12
2017.10.02 05:39:25.555,1.32824,1.3283,1.69,1.19
2017.10.02 05:39:25.912,1.32824,1.32831,1.87,2.62
2017.10.02 05:39:26.699,1.32823,1.32831,4.69,1.19
2017.10.02 05:39:26.953,1.32824,1.32832,5.06,1.25
2017.10.02 05:39:27.799,1.32824,1.32832,2.06,1.19
2017.10.02 05:39:28.344,1.32824,1.32832,2.81,1.19
2017.10.02 05:39:29.019,1.32824,1.32831,1.31,1.00
2017.10.02 05:39:29.327,1.32829,1.32836,1.12,1.87
2017.10.02 05:39:29.867,1.32829,1.32836,1.44,1.44
2017.10.02 05:39:30.392,1.32829,1.32836,1.44,1.12
2017.10.02 05:39:30.715,1.32829,1.32834,1.19,1.25
2017.10.02 05:39:31.249,1.32829,1.32834,1.19,1.19
2017.10.02 05:39:33.716,1.32829,1.32834,1.19,1.25
2017.10.02 05:39:34.247,1.32829,1.32834,1.44,1.19
2017.10.02 05:39:34.792,1.32829,1.32834,1.44,1.25
2017.10.02 05:39:37.754,1.32828,1.32834,1.69,1.57
2017.10.02 05:39:38.264,1.32828,1.32834,1.69,1.57
2017.10.02 05:39:38.315,1.32828,1.32834,1.25,1.57
2017.10.02 05:39:40.479,1.32828,1.32834,1.25,2.32
2017.10.02 05:39:43.014,1.32828,1.32832,1.25,1.00
2017.10.02 05:39:45.099,1.32828,1.32831,1.00,1.00
2017.10.02 05:39:45.201,1.32824,1.3283,1.00,1.37
2017.10.02 05:39:45.304,1.32822,1.32828,1.69,1.20
2017.10.02 05:39:45.610,1.32821,1.32825,1.12,1.00
2017.10.02 05:39:45.815,1.32818,1.32824,1.69,1.00
2017.10.02 05:39:46.440,1.32817,1.32823,1.87,1.25
2017.10.02 05:39:47.035,1.32817,1.32823,1.87,1.25
2017.10.02 05:39:47.702,1.32817,1.32823,1.50,1.25
2017.10.02 05:39:49.084,1.32818,1.32823,1.37,1.25
2017.10.02 05:39:49.597,1.32818,1.32823,1.44,1.25
2017.10.02 05:39:50.687,1.32818,1.32823,1.69,1.25
2017.10.02 05:39:51.578,1.32817,1.32823,1.25,1.69
2017.10.02 05:39:52.138,1.32816,1.32823,2.62,2.06
2017.10.02 05:39:52.685,1.32815,1.32823,4.31,2.06
2017.10.02 05:39:53.199,1.32815,1.32821,2.62,1.25
2017.10.02 05:39:54.109,1.32817,1.32821,1.25,1.25
2017.10.02 05:39:54.264,1.32818,1.32824,1.69,1.44
2017.10.02 05:39:54.369,1.32819,1.32824,1.87,1.19
2017.10.02 05:39:54.474,1.32818,1.32824,2.06,1.44
2017.10.02 05:39:56.483,1.32817,1.32824,1.69,1.57
2017.10.02 05:39:57.552,1.32818,1.32824,1.00,1.39
2017.10.02 05:39:58.252,1.32817,1.32824,3.19,1.57
2017.10.02 05:39:59.983,1.32817,1.32823,1.00,1.29
2017.10.02 05:40:00.237,1.32817,1.32824,3.75,1.12
2017.10.02 05:40:00.442,1.32817,1.32823,1.50,1.01
2017.10.02 05:40:01.004,1.32817,1.32823,3.19,1.01
2017.10.02 05:40:01.625,1.32817,1.32825,1.69,2.44
2017.10.02 05:40:02.156,1.32817,1.32825,1.25,1.31
2017.10.02 05:40:02.675,1.32817,1.32825,1.19,2.06
2017.10.02 05:40:02.726,1.32817,1.32825,2.44,2.44
2017.10.02 05:40:02.829,1.32817,1.32825,2.44,1.76
2017.10.02 05:40:03.358,1.32817,1.32824,2.06,1.37
2017.10.02 05:40:03.900,1.32817,1.32823,1.69,1.19
2017.10.02 05:40:04.403,1.32817,1.32823,1.25,1.44
2017.10.02 05:40:06.426,1.32816,1.32822,1.44,1.31
2017.10.02 05:40:06.478,1.32814,1.3282,1.00,1.44
2017.10.02 05:40:06.581,1.32811,1.32817,2.62,1.00
2017.10.02 05:40:06.632,1.3281,1.32817,2.44,1.00
2017.10.02 05:40:07.639,1.3281,1.32817,2.62,1.00
2017.10.02 05:40:09.064,1.3281,1.32817,2.81,1.25
2017.10.02 05:40:10.041,1.32811,1.32817,1.44,1.00
2017.10.02 05:40:11.605,1.32811,1.32817,1.25,1.25
2017.10.02 05:40:16.132,1.3281,1.32816,2.62,1.00
2017.10.02 05:40:16.185,1.32808,1.32814,3.00,1.25
2017.10.02 05:40:16.236,1.32808,1.32813,2.06,1.19
2017.10.02 05:40:16.339,1.32806,1.32812,1.12,1.19
2017.10.02 05:40:16.594,1.32806,1.32812,1.87,1.19
2017.10.02 05:40:17.488,1.32804,1.32812,4.12,1.19
2017.10.02 05:40:18.664,1.32806,1.32812,1.25,1.12
2017.10.02 05:40:19.172,1.32806,1.32812,1.25,1.44
2017.10.02 05:40:19.703,1.32806,1.32811,1.25,1.44
2017.10.02 05:40:22.004,1.32805,1.32811,1.19,1.12
2017.10.02 05:40:24.996,1.32804,1.32811,3.00,2.25
2017.10.02 05:40:25.048,1.32803,1.32811,1.69,2.44
2017.10.02 05:40:25.253,1.32801,1.32808,1.25,1.12
2017.10.02 05:40:26.331,1.32801,1.32808,1.25,1.44
2017.10.02 05:40:28.103,1.328,1.32808,3.19,1.62
2017.10.02 05:40:28.620,1.328,1.32807,1.19,1.44
2017.10.02 05:40:29.120,1.32798,1.32805,1.25,1.12
2017.10.02 05:40:30.164,1.32799,1.32805,1.00,1.12
2017.10.02 05:40:30.792,1.32798,1.32807,1.12,2.06
2017.10.02 05:40:30.996,1.32802,1.32807,1.50,1.19
2017.10.02 05:40:31.048,1.32802,1.32808,3.94,1.19
2017.10.02 05:40:31.100,1.32803,1.32812,1.25,3.64
2017.10.02 05:40:31.609,1.32803,1.32811,1.25,1.69
2017.10.02 05:40:32.127,1.32802,1.32811,1.87,1.69
2017.10.02 05:40:32.852,1.32802,1.32811,1.44,1.56
2017.10.02 05:40:33.524,1.32802,1.32811,1.69,2.06
2017.10.02 05:40:33.881,1.32799,1.32808,5.14,1.44
2017.10.02 05:40:34.203,1.32799,1.32808,2.62,2.06
2017.10.02 05:40:34.505,1.32799,1.32807,1.69,1.62
2017.10.02 05:40:42.052,1.32799,1.32806,1.00,1.37
2017.10.02 05:40:42.555,1.328,1.32808,1.00,2.62
2017.10.02 05:40:43.064,1.328,1.32809,2.44,1.31
2017.10.02 05:40:43.933,1.328,1.32809,2.81,1.37
2017.10.02 05:40:44.255,1.32803,1.32811,1.54,2.81
2017.10.02 05:40:44.357,1.32804,1.32811,1.25,2.44
2017.10.02 05:40:44.882,1.32803,1.32811,1.44,1.62
2017.10.02 05:40:45.403,1.32803,1.32811,1.87,3.56
2017.10.02 05:40:46.000,1.32803,1.32811,1.87,3.37
2017.10.02 05:40:46.766,1.32803,1.32809,1.87,1.25
2017.10.02 05:40:47.364,1.32803,1.32809,1.87,1.19
2017.10.02 05:40:48.052,1.32803,1.32809,1.87,1.25
2017.10.02 05:40:48.401,1.32805,1.32812,1.49,2.25
2017.10.02 05:40:48.618,1.32811,1.32819,1.19,1.87
2017.10.02 05:40:48.925,1.3281,1.32818,1.31,1.37
2017.10.02 05:40:49.284,1.3281,1.32817,1.31,1.44
2017.10.02 05:40:49.871,1.3281,1.32817,1.31,1.44
2017.10.02 05:40:50.401,1.3281,1.32817,1.50,1.44
2017.10.02 05:40:51.053,1.32809,1.32817,1.75,1.44
2017.10.02 05:40:51.207,1.32809,1.32817,2.25,1.44
2017.10.02 05:40:51.734,1.32809,1.32816,2.00,1.19
2017.10.02 05:40:52.303,1.32808,1.32816,3.19,1.25
2017.10.02 05:40:52.700,1.32808,1.32816,3.56,1.25
2017.10.02 05:40:53.233,1.32808,1.32816,2.44,1.19
2017.10.02 05:40:53.810,1.32809,1.32816,1.37,1.25
2017.10.02 05:40:54.314,1.32809,1.32816,1.44,1.19
2017.10.02 05:40:56.605,1.3281,1.32818,1.87,1.87
2017.10.02 05:40:57.701,1.32812,1.32819,1.19,1.62
2017.10.02 05:40:58.028,1.32815,1.3282,1.19,1.19
2017.10.02 05:40:58.182,1.32816,1.32823,1.19,1.87
2017.10.02 05:40:58.704,1.32815,1.32823,3.19,1.87
2017.10.02 05:40:59.724,1.32817,1.32824,1.19,1.87
2017.10.02 05:41:00.951,1.32817,1.32824,1.56,1.87
2017.10.02 05:41:02.012,1.32815,1.32822,2.25,1.37
2017.10.02 05:41:02.167,1.32814,1.32822,1.94,1.87
2017.10.02 05:41:02.320,1.32814,1.32822,1.12,2.62
2017.10.02 05:41:03.236,1.32814,1.32822,1.44,2.62
2017.10.02 05:41:03.391,1.32817,1.32825,1.00,2.44
2017.10.02 05:41:03.442,1.32819,1.32825,1.00,2.62
2017.10.02 05:41:03.494,1.32819,1.32825,1.25,1.44
2017.10.02 05:41:03.749,1.32818,1.32825,1.19,1.69
2017.10.02 05:41:03.801,1.32815,1.32823,1.31,1.56
2017.10.02 05:41:04.340,1.32814,1.32823,1.19,1.87
2017.10.02 05:41:05.090,1.32813,1.32822,1.69,2.25
2017.10.02 05:41:05.635,1.32812,1.3282,2.06,1.37
2017.10.02 05:41:06.817,1.32811,1.3282,5.51,1.87
2017.10.02 05:41:08.250,1.32811,1.3282,3.56,2.62
2017.10.02 05:41:09.021,1.32811,1.3282,3.94,2.62
2017.10.02 05:41:09.601,1.32812,1.3282,1.19,1.37
2017.10.02 05:41:10.681,1.32812,1.3282,1.44,1.37
2017.10.02 05:41:11.331,1.32812,1.3282,1.12,2.81
2017.10.02 05:41:12.656,1.32812,1.3282,1.12,1.62
2017.10.02 05:41:13.206,1.32812,1.3282,1.44,3.56
2017.10.02 05:41:13.808,1.32811,1.32819,1.69,1.37
2017.10.02 05:41:14.348,1.32811,1.32819,2.00,2.25
2017.10.02 05:41:14.903,1.32812,1.32819,1.19,2.62
2017.10.02 05:41:15.538,1.3281,1.32818,1.75,2.25
2017.10.02 05:41:15.593,1.32809,1.32817,2.81,1.37
2017.10.02 05:41:15.928,1.32808,1.32816,1.37,3.94
2017.10.02 05:41:16.337,1.32808,1.32814,1.00,2.06
2017.10.02 05:41:18.686,1.32808,1.32814,1.25,1.87
2017.10.02 05:41:19.202,1.32808,1.32814,1.25,1.87
2017.10.02 05:41:20.126,1.32808,1.32814,1.00,2.06
2017.10.02 05:41:20.638,1.32807,1.32814,1.12,3.94
2017.10.02 05:41:22.214,1.32807,1.32814,1.12,2.62
2017.10.02 05:41:24.895,1.32807,1.32814,1.12,3.19
2017.10.02 05:41:25.886,1.32807,1.32814,1.12,2.44
2017.10.02 05:41:26.604,1.32807,1.32814,1.25,3.75
2017.10.02 05:41:27.151,1.32807,1.32814,1.25,3.00
2017.10.02 05:41:27.917,1.32807,1.32814,1.12,2.44
2017.10.02 05:41:28.125,1.32809,1.32814,1.00,1.44
2017.10.02 05:41:28.177,1.32809,1.32817,1.69,1.87
2017.10.02 05:41:28.486,1.32809,1.32815,1.69,1.44
2017.10.02 05:41:28.588,1.32808,1.32817,1.31,2.44
2017.10.02 05:41:29.131,1.32807,1.32815,1.50,1.44
2017.10.02 05:41:29.644,1.32807,1.32816,1.50,1.62
2017.10.02 05:41:30.187,1.32807,1.32815,1.37,1.44
2017.10.02 05:41:30.733,1.32807,1.32815,1.19,1.87
2017.10.02 05:41:32.389,1.32807,1.32815,1.19,1.87
2017.10.02 05:41:33.506,1.32808,1.32814,1.00,4.72
2017.10.02 05:41:33.626,1.32806,1.32811,1.25,1.00
2017.10.02 05:41:33.677,1.32805,1.3281,1.00,1.44
2017.10.02 05:41:35.049,1.32805,1.3281,1.00,1.62
2017.10.02 05:41:35.570,1.32805,1.3281,1.00,1.31
2017.10.02 05:41:36.146,1.32801,1.3281,1.37,1.44
2017.10.02 05:41:39.268,1.32803,1.32809,1.00,1.44
2017.10.02 05:41:39.804,1.32803,1.32809,1.00,1.44
2017.10.02 05:41:40.211,1.32803,1.32809,1.00,1.12
2017.10.02 05:41:41.452,1.32803,1.32809,1.20,1.12
2017.10.02 05:41:41.808,1.32806,1.32814,1.25,2.62
2017.10.02 05:41:41.860,1.32807,1.32814,1.45,3.37
2017.10.02 05:41:41.962,1.32806,1.32814,1.39,3.37
2017.10.02 05:41:43.003,1.32806,1.32814,2.14,1.87
2017.10.02 05:41:43.747,1.32806,1.32814,2.14,1.37
2017.10.02 05:41:45.394,1.32806,1.32814,1.25,1.37
2017.10.02 05:41:46.797,1.32806,1.32813,1.00,1.62
2017.10.02 05:41:46.998,1.32806,1.32813,1.00,1.62
2017.10.02 05:41:47.391,1.32806,1.32813,1.00,1.69
2017.10.02 05:41:47.493,1.32806,1.32813,1.00,1.56
2017.10.02 05:41:48.465,1.32806,1.32813,1.00,1.56
2017.10.02 05:41:53.108,1.32806,1.32813,1.20,1.56
2017.10.02 05:41:54.694,1.32806,1.32813,1.61,1.44
2017.10.02 05:41:54.746,1.32809,1.32815,1.69,1.00
2017.10.02 05:41:55.053,1.32811,1.32818,1.39,1.19
2017.10.02 05:41:55.258,1.32811,1.32818,2.89,1.19
2017.10.02 05:41:55.771,1.32812,1.32818,1.01,1.25
2017.10.02 05:41:56.288,1.32813,1.32819,1.00,2.06
2017.10.02 05:41:56.848,1.32812,1.32819,1.10,2.06
2017.10.02 05:41:56.950,1.32811,1.32819,2.70,2.06
2017.10.02 05:41:57.104,1.32811,1.32819,3.45,2.06
2017.10.02 05:41:57.358,1.32812,1.32819,1.57,2.06
2017.10.02 05:41:57.631,1.32812,1.32819,2.32,2.06
2017.10.02 05:41:57.733,1.32812,1.32819,1.10,2.81
2017.10.02 05:41:57.886,1.32812,1.32819,2.32,2.06
2017.10.02 05:41:58.397,1.32812,1.32819,3.07,1.31
2017.10.02 05:41:58.499,1.32812,1.32819,3.07,1.31
2017.10.02 05:41:58.790,1.32812,1.32819,3.07,1.31
2017.10.02 05:41:58.943,1.32812,1.32819,2.32,1.31
2017.10.02 05:41:59.184,1.32813,1.32819,1.37,1.31
2017.10.02 05:41:59.687,1.32813,1.32819,1.56,1.12
2017.10.02 05:42:00.455,1.32813,1.32819,1.31,1.44
2017.10.02 05:42:01.091,1.32812,1.32819,2.32,1.12
2017.10.02 05:42:01.614,1.32812,1.32819,2.14,1.37
2017.10.02 05:42:02.129,1.32812,1.32819,2.14,1.44
2017.10.02 05:42:02.644,1.32812,1.3282,2.89,1.87
2017.10.02 05:42:03.450,1.32812,1.3282,2.89,1.87
2017.10.02 05:42:03.501,1.32812,1.3282,2.14,1.87
2017.10.02 05:42:04.857,1.32811,1.3282,2.92,4.69
2017.10.02 05:42:04.959,1.32813,1.3282,1.00,3.19
2017.10.02 05:42:05.505,1.32811,1.3282,3.67,3.94
2017.10.02 05:42:06.052,1.32811,1.3282,3.67,3.94
2017.10.02 05:42:06.598,1.32812,1.3282,1.25,4.69
2017.10.02 05:42:07.147,1.32812,1.3282,1.31,3.19
2017.10.02 05:42:07.670,1.32812,1.3282,1.31,3.94
2017.10.02 05:42:08.203,1.32812,1.3282,1.31,3.19
2017.10.02 05:42:08.840,1.32813,1.3282,1.00,3.94
2017.10.02 05:42:09.350,1.32812,1.3282,1.19,3.19
2017.10.02 05:42:09.889,1.32813,1.3282,1.25,2.44
2017.10.02 05:42:10.650,1.32812,1.3282,1.69,4.69
2017.10.02 05:42:11.175,1.32811,1.32819,1.01,3.56
2017.10.02 05:42:11.430,1.32811,1.32818,1.39,1.37
2017.10.02 05:42:12.675,1.32811,1.32817,1.01,1.87
2017.10.02 05:42:13.147,1.32809,1.32816,1.57,3.56
2017.10.02 05:42:13.686,1.32809,1.32816,1.01,2.06
2017.10.02 05:42:14.100,1.32809,1.32816,2.14,1.62
2017.10.02 05:42:14.604,1.32809,1.32816,1.39,2.06
2017.10.02 05:42:16.195,1.32807,1.32814,2.32,2.62
2017.10.02 05:42:16.400,1.32806,1.32812,1.25,1.44
2017.10.02 05:42:16.927,1.32804,1.32813,2.89,1.31
2017.10.02 05:42:17.461,1.32806,1.32813,1.07,1.31
2017.10.02 05:42:18.145,1.32806,1.32813,1.57,1.44
2017.10.02 05:42:18.650,1.32806,1.32813,1.57,1.44
2017.10.02 05:42:19.242,1.32806,1.32813,1.57,1.44
2017.10.02 05:42:19.293,1.32806,1.32813,1.57,1.44
2017.10.02 05:42:19.651,1.32805,1.32811,2.14,1.19
2017.10.02 05:42:19.805,1.32802,1.32809,2.32,1.25
2017.10.02 05:42:20.351,1.32802,1.32809,1.01,1.37
2017.10.02 05:42:20.901,1.32803,1.32809,1.00,2.62
2017.10.02 05:42:21.402,1.32803,1.32809,1.00,2.62
2017.10.02 05:42:21.962,1.32803,1.32809,1.00,1.37
2017.10.02 05:42:22.065,1.32802,1.32809,1.25,2.25
2017.10.02 05:42:22.590,1.32802,1.32808,1.00,2.06
2017.10.02 05:42:22.896,1.32801,1.32807,1.01,1.19
2017.10.02 05:42:23.354,1.32799,1.32806,1.19,1.87
2017.10.02 05:42:23.476,1.32799,1.32806,1.25,2.06
2017.10.02 05:42:24.247,1.32799,1.32806,1.01,2.06
2017.10.02 05:42:24.909,1.32799,1.32806,1.25,2.06
2017.10.02 05:42:25.420,1.32799,1.32806,1.25,2.81
2017.10.02 05:42:26.051,1.32799,1.32806,1.25,2.62
2017.10.02 05:42:26.600,1.32799,1.32806,1.25,2.62
2017.10.02 05:42:27.141,1.32799,1.32806,1.25,2.62
2017.10.02 05:42:28.341,1.32799,1.32806,1.25,2.62
2017.10.02 05:42:29.494,1.32799,1.32805,1.25,1.44
2017.10.02 05:42:30.030,1.32799,1.32805,1.25,1.44
2017.10.02 05:42:30.541,1.32799,1.32805,1.25,1.44
2017.10.02 05:42:31.001,1.32799,1.32805,1.25,1.87
2017.10.02 05:42:31.529,1.32799,1.32805,1.25,1.87
2017.10.02 05:42:32.974,1.328,1.32806,1.00,1.31
2017.10.02 05:42:33.027,1.32801,1.32807,1.19,1.44
2017.10.02 05:42:33.541,1.32802,1.32808,1.01,1.87
2017.10.02 05:42:34.061,1.32802,1.32808,1.10,1.44
2017.10.02 05:42:35.243,1.32802,1.32808,1.10,1.44
2017.10.02 05:42:35.778,1.32802,1.32808,1.10,1.37
2017.10.02 05:42:36.351,1.32802,1.32808,1.10,1.37
2017.10.02 05:42:38.436,1.32802,1.32807,1.00,1.56
2017.10.02 05:42:39.002,1.32805,1.32809,1.00,1.31
2017.10.02 05:42:39.211,1.32805,1.32811,1.10,1.37
2017.10.02 05:42:39.416,1.32806,1.32813,1.01,1.87
2017.10.02 05:42:39.925,1.32807,1.32813,1.10,1.56
2017.10.02 05:42:42.197,1.3281,1.32814,1.12,1.87
2017.10.02 05:42:42.300,1.32811,1.32816,1.25,1.12
2017.10.02 05:42:42.454,1.32813,1.3282,1.10,6.19
2017.10.02 05:42:43.737,1.32815,1.3282,1.37,1.37
2017.10.02 05:42:43.839,1.32815,1.32823,2.70,2.25
2017.10.02 05:42:44.429,1.32815,1.32823,3.45,1.87
2017.10.02 05:42:44.996,1.32815,1.32822,1.76,2.06
2017.10.02 05:42:45.304,1.32814,1.32819,1.00,1.69
2017.10.02 05:42:45.909,1.32814,1.32819,1.00,1.69
2017.10.02 05:42:46.217,1.32811,1.32819,1.10,4.31
2017.10.02 05:42:47.799,1.32811,1.32817,1.20,2.81
2017.10.02 05:42:48.403,1.32811,1.32817,1.00,2.81
2017.10.02 05:42:50.645,1.32811,1.32817,1.50,1.44
2017.10.02 05:42:51.187,1.32811,1.32817,1.50,1.44
2017.10.02 05:42:51.735,1.32811,1.32817,1.39,1.44
2017.10.02 05:42:52.516,1.3281,1.32817,2.32,2.62
2017.10.02 05:42:53.396,1.32811,1.32817,1.39,1.87
2017.10.02 05:42:53.891,1.32811,1.32817,1.39,1.87
2017.10.02 05:42:54.255,1.3281,1.32817,2.14,2.62
2017.10.02 05:42:54.665,1.32811,1.32815,1.20,1.37
2017.10.02 05:42:54.717,1.32809,1.32815,1.25,1.37
2017.10.02 05:42:55.226,1.32808,1.32813,1.20,1.62
2017.10.02 05:42:56.001,1.32808,1.32813,1.00,1.62
2017.10.02 05:42:56.748,1.32808,1.32813,1.00,1.62
2017.10.02 05:42:57.291,1.32808,1.32813,1.25,1.37
2017.10.02 05:42:57.889,1.32806,1.32813,2.51,1.37
2017.10.02 05:42:58.405,1.32806,1.32813,1.57,2.62
2017.10.02 05:42:58.911,1.32806,1.32813,1.95,1.87
2017.10.02 05:43:00.198,1.32806,1.32813,1.95,1.87
2017.10.02 05:43:01.572,1.32806,1.32813,2.70,1.37
2017.10.02 05:43:02.151,1.32806,1.32813,2.70,1.37
2017.10.02 05:43:02.362,1.32806,1.32813,2.70,1.37
2017.10.02 05:43:02.927,1.32806,1.32813,1.20,1.37
2017.10.02 05:43:03.849,1.32806,1.32813,1.20,1.62
2017.10.02 05:43:04.002,1.32806,1.32814,4.01,1.62
2017.10.02 05:43:04.627,1.32806,1.32812,1.57,1.44
2017.10.02 05:43:05.202,1.32806,1.32812,1.57,1.44
2017.10.02 05:43:05.785,1.32806,1.32812,1.57,1.44
2017.10.02 05:43:06.455,1.32805,1.32812,2.32,1.44
2017.10.02 05:43:06.506,1.32805,1.32812,2.70,1.44
2017.10.02 05:43:06.922,1.32805,1.32813,3.45,1.37
2017.10.02 05:43:07.653,1.32805,1.32813,3.64,1.37
2017.10.02 05:43:08.165,1.32805,1.32813,3.45,1.37
2017.10.02 05:43:09.738,1.32806,1.32813,1.76,1.37
2017.10.02 05:43:12.444,1.32806,1.32813,1.95,1.37
2017.10.02 05:43:13.184,1.32806,1.32813,1.57,1.37
2017.10.02 05:43:13.749,1.32806,1.32813,1.57,1.37
2017.10.02 05:43:14.497,1.32806,1.32813,1.57,1.37
2017.10.02 05:43:15.652,1.32806,1.32813,1.89,1.37
2017.10.02 05:43:16.200,1.32806,1.32813,1.76,1.37
2017.10.02 05:43:16.742,1.32807,1.32814,1.57,1.44
2017.10.02 05:43:17.253,1.32808,1.32815,1.39,2.06
2017.10.02 05:43:17.858,1.32808,1.32815,1.76,1.69
2017.10.02 05:43:18.854,1.32809,1.32815,1.19,1.69
2017.10.02 05:43:20.341,1.32809,1.32815,1.44,2.44
2017.10.02 05:43:20.938,1.32809,1.32815,1.19,1.69
2017.10.02 05:43:21.693,1.32809,1.32815,1.19,1.69
2017.10.02 05:43:22.225,1.32809,1.32815,1.19,1.00
2017.10.02 05:43:23.361,1.32809,1.32815,1.19,1.69
2017.10.02 05:43:24.570,1.32809,1.32815,1.00,1.19
2017.10.02 05:43:24.895,1.32811,1.32819,1.45,2.06
2017.10.02 05:43:25.354,1.32811,1.32819,1.10,2.44
2017.10.02 05:43:26.368,1.32811,1.32818,1.57,1.12
2017.10.02 05:43:26.419,1.32811,1.32818,2.32,1.12
2017.10.02 05:43:28.197,1.32812,1.32818,1.20,1.19
2017.10.02 05:43:28.733,1.32812,1.32818,1.45,1.00
2017.10.02 05:43:29.240,1.32811,1.32818,2.32,1.12
2017.10.02 05:43:30.080,1.32811,1.32818,2.14,1.25
2017.10.02 05:43:30.583,1.32811,1.32818,2.14,1.19
2017.10.02 05:43:33.620,1.32812,1.32819,1.45,2.06
2017.10.02 05:43:33.722,1.32811,1.32819,1.20,2.06
2017.10.02 05:43:33.823,1.32811,1.32818,1.20,1.19
2017.10.02 05:43:34.129,1.32814,1.3282,1.10,1.00
2017.10.02 05:43:34.180,1.32815,1.32822,1.20,3.37
2017.10.02 05:43:34.743,1.32815,1.32822,1.45,3.75
2017.10.02 05:43:35.252,1.32815,1.32821,1.95,1.69
2017.10.02 05:43:35.800,1.32814,1.32821,3.07,1.69
2017.10.02 05:43:36.308,1.32814,1.32821,2.70,1.19
2017.10.02 05:43:37.453,1.32816,1.32821,1.07,1.44
2017.10.02 05:43:37.962,1.32814,1.32822,2.14,1.87
2017.10.02 05:43:38.470,1.32815,1.32822,1.47,1.87
2017.10.02 05:43:38.775,1.32814,1.32821,2.14,1.19
2017.10.02 05:43:39.343,1.32814,1.32821,1.95,1.25
2017.10.02 05:43:40.749,1.32814,1.32821,2.89,1.19
2017.10.02 05:43:41.251,1.32814,1.32821,2.14,1.25
2017.10.02 05:43:41.581,1.32814,1.32821,2.89,1.19
2017.10.02 05:43:41.683,1.32814,1.32821,2.14,1.25
2017.10.02 05:43:42.226,1.32815,1.32821,1.57,1.19
2017.10.02 05:43:42.755,1.32815,1.32821,1.39,1.00
2017.10.02 05:43:43.286,1.32816,1.32821,1.20,1.19
2017.10.02 05:43:43.867,1.32814,1.32821,2.70,1.00
2017.10.02 05:43:44.426,1.32814,1.32821,3.26,2.44
2017.10.02 05:43:44.988,1.32814,1.32821,3.64,1.69
2017.10.02 05:43:47.072,1.32815,1.32821,2.14,1.19
2017.10.02 05:43:47.609,1.32813,1.3282,1.57,1.19
2017.10.02 05:43:48.118,1.32813,1.3282,1.76,1.00
2017.10.02 05:43:49.166,1.32814,1.3282,1.07,1.00
2017.10.02 05:43:49.716,1.32814,1.3282,1.07,1.19
2017.10.02 05:43:50.251,1.32813,1.3282,2.14,1.25
2017.10.02 05:43:50.684,1.32815,1.32821,1.70,1.44
2017.10.02 05:43:50.787,1.32814,1.32821,2.32,2.62
2017.10.02 05:43:50.940,1.32813,1.32818,1.20,1.50
2017.10.02 05:43:50.992,1.32811,1.32818,2.14,3.19
2017.10.02 05:43:51.400,1.32809,1.32815,1.39,1.00
2017.10.02 05:43:51.503,1.32807,1.32814,2.70,1.25
2017.10.02 05:43:52.036,1.32807,1.32814,2.14,1.19
2017.10.02 05:43:52.565,1.32807,1.32814,2.51,1.12
2017.10.02 05:43:53.430,1.32808,1.32814,1.07,1.25
2017.10.02 05:43:54.072,1.32807,1.32815,3.26,1.12
2017.10.02 05:43:54.615,1.32809,1.32816,1.57,1.37
2017.10.02 05:43:55.193,1.32808,1.32816,3.07,1.44
2017.10.02 05:43:55.787,1.32808,1.32816,1.76,2.62
2017.10.02 05:43:56.296,1.32808,1.32815,3.26,1.25
2017.10.02 05:43:56.832,1.32809,1.32816,1.39,1.69
2017.10.02 05:43:57.400,1.32809,1.32816,1.39,2.44
2017.10.02 05:43:57.937,1.32809,1.32816,1.57,2.44
2017.10.02 05:43:58.477,1.32809,1.32816,1.57,1.50
2017.10.02 05:44:01.401,1.32809,1.32816,1.57,1.50
2017.10.02 05:44:03.050,1.32809,1.32816,1.57,1.50
2017.10.02 05:44:03.860,1.32809,1.32815,1.57,1.00
2017.10.02 05:44:05.983,1.32809,1.32816,1.57,1.50
2017.10.02 05:44:06.494,1.32809,1.32816,1.76,1.50
2017.10.02 05:44:06.704,1.32809,1.32816,1.76,1.50
2017.10.02 05:44:07.389,1.32809,1.32816,1.76,1.50
2017.10.02 05:44:07.989,1.32809,1.32816,1.76,1.50
2017.10.02 05:44:08.694,1.32809,1.32816,1.76,1.50
2017.10.02 05:44:09.197,1.32808,1.32816,2.51,1.69
2017.10.02 05:44:10.751,1.32808,1.32816,1.69,2.81
2017.10.02 05:44:10.803,1.32807,1.32815,1.39,1.50
2017.10.02 05:44:10.855,1.32806,1.32814,1.95,2.06
2017.10.02 05:44:10.978,1.32806,1.32813,1.10,1.31
2017.10.02 05:44:11.080,1.32803,1.32809,1.47,1.25
2017.10.02 05:44:11.183,1.32801,1.32809,4.39,1.25
2017.10.02 05:44:11.235,1.32801,1.32809,3.64,1.25
2017.10.02 05:44:11.286,1.32801,1.32809,3.64,1.25
2017.10.02 05:44:13.215,1.32802,1.3281,1.45,2.06
2017.10.02 05:44:16.075,1.32801,1.3281,1.57,2.06
2017.10.02 05:44:16.619,1.32801,1.3281,2.32,3.37
2017.10.02 05:44:17.249,1.32801,1.32809,2.14,1.87
2017.10.02 05:44:17.801,1.32801,1.32809,1.10,2.25
2017.10.02 05:44:19.088,1.32801,1.32809,1.10,2.25
2017.10.02 05:44:19.627,1.32801,1.32809,1.10,2.25
2017.10.02 05:44:25.504,1.32801,1.32808,1.00,1.69
2017.10.02 05:44:25.975,1.32801,1.32807,1.20,1.87
2017.10.02 05:44:26.128,1.32799,1.32806,1.10,1.50
2017.10.02 05:44:26.638,1.32799,1.32806,1.10,1.50
2017.10.02 05:44:27.833,1.32798,1.32806,1.39,1.50
2017.10.02 05:44:27.884,1.32797,1.32807,3.82,5.06
2017.10.02 05:44:28.540,1.32797,1.32806,4.57,2.62
2017.10.02 05:44:29.042,1.32797,1.32806,3.26,2.62
2017.10.02 05:44:29.573,1.32797,1.32806,2.14,1.87
2017.10.02 05:44:30.840,1.32797,1.32806,2.55,1.50
2017.10.02 05:44:32.641,1.32797,1.32807,4.05,5.06
2017.10.02 05:44:33.149,1.32798,1.32806,1.89,1.81
2017.10.02 05:44:33.465,1.32797,1.32805,4.01,1.31
2017.10.02 05:44:34.002,1.32797,1.32805,3.26,1.31
2017.10.02 05:44:34.510,1.32797,1.32805,2.66,1.19
2017.10.02 05:44:35.041,1.32797,1.32805,2.47,1.25
2017.10.02 05:44:35.643,1.32797,1.32805,2.47,1.44
2017.10.02 05:44:38.647,1.32796,1.32804,1.76,1.19
2017.10.02 05:44:39.194,1.32796,1.32804,1.76,1.19
2017.10.02 05:44:39.296,1.32796,1.32803,1.00,1.19
2017.10.02 05:44:39.860,1.32796,1.32803,1.95,1.25
2017.10.02 05:44:40.765,1.32796,1.32803,1.95,1.19
2017.10.02 05:44:41.293,1.32796,1.32803,1.10,1.37
2017.10.02 05:44:43.631,1.32796,1.32803,1.95,1.44
2017.10.02 05:44:48.290,1.32796,1.32803,1.95,1.19
2017.10.02 05:44:48.342,1.32796,1.32804,2.51,1.25
2017.10.02 05:44:48.444,1.32799,1.32806,1.20,2.62
2017.10.02 05:44:48.597,1.32799,1.32806,1.95,1.25
2017.10.02 05:44:49.891,1.32799,1.32806,1.39,1.19
2017.10.02 05:44:50.539,1.32799,1.32806,1.10,1.12
2017.10.02 05:44:51.059,1.32799,1.32806,1.29,1.25
2017.10.02 05:44:51.436,1.32799,1.32806,1.29,1.19
2017.10.02 05:44:51.538,1.32799,1.32806,2.51,1.25
2017.10.02 05:44:52.052,1.328,1.32806,1.64,1.19
2017.10.02 05:44:52.641,1.328,1.32806,1.64,1.19
2017.10.02 05:44:53.152,1.32799,1.32806,1.76,1.19
2017.10.02 05:44:53.661,1.32798,1.32806,1.89,1.19
2017.10.02 05:44:56.190,1.32799,1.32806,1.70,1.25
2017.10.02 05:44:56.702,1.328,1.32806,1.26,1.25
2017.10.02 05:44:56.961,1.32799,1.32806,1.39,1.69
2017.10.02 05:44:57.176,1.328,1.32805,1.45,1.25
2017.10.02 05:44:57.482,1.328,1.32805,1.45,1.19
2017.10.02 05:44:57.585,1.32799,1.32805,1.76,1.19
2017.10.02 05:44:58.198,1.32799,1.32805,1.39,1.44
2017.10.02 05:44:59.325,1.32799,1.32806,1.20,2.06
2017.10.02 05:44:59.846,1.32799,1.32806,1.20,1.62
2017.10.02 05:45:00.307,1.32799,1.32807,2.51,2.06
2017.10.02 05:45:00.842,1.32799,1.32807,2.14,3.56
2017.10.02 05:45:01.469,1.32799,1.32807,2.14,2.06
2017.10.02 05:45:02.608,1.32799,1.32807,2.14,2.06
2017.10.02 05:45:03.128,1.32799,1.32807,2.14,1.87
2017.10.02 05:45:03.652,1.32799,1.32807,2.14,1.87
2017.10.02 05:45:03.805,1.32799,1.32806,2.14,1.87
2017.10.02 05:45:04.185,1.32799,1.32806,1.01,1.87
2017.10.02 05:45:05.456,1.32799,1.32806,1.01,1.87
2017.10.02 05:45:05.968,1.32799,1.32807,1.01,2.81
2017.10.02 05:45:07.391,1.32799,1.32806,1.01,1.62
2017.10.02 05:45:08.775,1.32799,1.32806,1.01,1.62
2017.10.02 05:45:10.136,1.32799,1.32806,1.64,1.87
2017.10.02 05:45:10.518,1.32799,1.32806,1.64,1.87
2017.10.02 05:45:11.034,1.32799,1.32806,1.64,1.69
2017.10.02 05:45:12.974,1.32799,1.32806,1.64,1.69
2017.10.02 05:45:13.939,1.32799,1.32806,1.64,1.25
2017.10.02 05:45:14.539,1.32799,1.32807,2.14,1.37
2017.10.02 05:45:15.040,1.328,1.32807,1.20,1.44
2017.10.02 05:45:15.144,1.32801,1.32807,1.70,1.44
2017.10.02 05:45:15.274,1.32801,1.32809,2.70,1.31
2017.10.02 05:45:15.377,1.32801,1.32809,3.07,1.44
2017.10.02 05:45:15.785,1.32801,1.32808,1.70,3.37
2017.10.02 05:45:15.836,1.328,1.32808,1.29,3.37
2017.10.02 05:45:16.000,1.32799,1.32807,1.39,1.54
2017.10.02 05:45:16.778,1.32799,1.32807,1.76,1.69
2017.10.02 05:45:17.298,1.32799,1.32807,1.76,1.69
2017.10.02 05:45:18.542,1.32799,1.32807,1.76,1.69
2017.10.02 05:45:19.085,1.32799,1.32807,1.76,1.69
2017.10.02 05:45:19.593,1.32799,1.32807,1.76,1.19
2017.10.02 05:45:21.736,1.32799,1.32807,1.76,1.19
2017.10.02 05:45:22.437,1.32799,1.32807,1.39,1.19
2017.10.02 05:45:22.852,1.32797,1.32807,3.64,1.75
2017.10.02 05:45:23.791,1.32797,1.32804,1.01,1.87
2017.10.02 05:45:24.208,1.32796,1.32804,1.29,1.87
2017.10.02 05:45:24.719,1.32796,1.32805,3.26,1.87
2017.10.02 05:45:26.236,1.32797,1.32805,1.10,1.44
2017.10.02 05:45:28.348,1.328,1.32806,1.00,1.37
2017.10.02 05:45:28.884,1.328,1.32807,1.00,2.06
2017.10.02 05:45:28.936,1.328,1.32807,1.00,2.06
2017.10.02 05:45:29.165,1.328,1.32807,1.00,2.06
2017.10.02 05:45:29.691,1.32799,1.32807,1.76,2.06
2017.10.02 05:45:29.997,1.32801,1.32807,1.10,1.31
2017.10.02 05:45:30.698,1.32801,1.32807,1.57,1.31
2017.10.02 05:45:31.363,1.32801,1.32807,1.57,1.31
2017.10.02 05:45:33.122,1.32801,1.32807,1.10,1.31
2017.10.02 05:45:33.704,1.32801,1.32807,1.10,1.31
2017.10.02 05:45:36.483,1.32801,1.32807,1.57,1.31
2017.10.02 05:45:37.276,1.32803,1.32808,2.10,1.44
2017.10.02 05:45:37.586,1.32809,1.32814,1.00,2.06
2017.10.02 05:45:37.927,1.32808,1.32813,1.25,2.81
2017.10.02 05:45:38.452,1.32807,1.32812,2.81,1.25
2017.10.02 05:45:38.944,1.32807,1.32812,1.00,2.06
2017.10.02 05:45:39.454,1.32807,1.32812,1.00,2.06
2017.10.02 05:45:39.966,1.32807,1.32811,1.19,1.44
2017.10.02 05:45:40.553,1.32807,1.32811,1.00,1.44
2017.10.02 05:45:41.067,1.32806,1.32811,1.00,1.37
2017.10.02 05:45:41.590,1.32806,1.32812,1.00,3.19
2017.10.02 05:45:42.947,1.32805,1.32812,1.25,3.94
2017.10.02 05:45:46.200,1.32804,1.3281,1.19,1.31
2017.10.02 05:45:46.744,1.32804,1.3281,1.19,1.62
2017.10.02 05:45:47.283,1.32804,1.3281,1.69,2.06
2017.10.02 05:45:48.738,1.32805,1.3281,1.39,1.87
2017.10.02 05:45:49.249,1.32805,1.32811,1.76,1.37
2017.10.02 05:45:50.915,1.32806,1.32811,1.00,2.06
2017.10.02 05:45:51.570,1.32806,1.32811,1.00,1.87
2017.10.02 05:45:52.007,1.32805,1.32809,1.25,1.56
2017.10.02 05:45:52.110,1.32799,1.32806,4.31,1.50
2017.10.02 05:45:52.213,1.32798,1.32806,1.66,4.69
2017.10.02 05:45:52.724,1.32798,1.32805,1.25,3.19
2017.10.02 05:45:54.499,1.32798,1.32804,1.25,1.87
2017.10.02 05:45:55.041,1.32798,1.32804,1.25,2.81
2017.10.02 05:45:55.547,1.32798,1.32803,1.25,1.50
2017.10.02 05:45:56.640,1.32798,1.32803,1.00,2.44
2017.10.02 05:45:56.946,1.32796,1.32802,1.00,3.56
2017.10.02 05:45:57.467,1.32796,1.32801,1.00,1.00
2017.10.02 05:45:58.684,1.32796,1.32801,1.00,1.12
2017.10.02 05:45:59.266,1.32796,1.32801,1.00,1.69
2017.10.02 05:45:59.803,1.32796,1.32801,1.00,1.00
2017.10.02 05:46:01.037,1.32796,1.32801,1.00,1.37
2017.10.02 05:46:01.348,1.32796,1.32801,1.00,1.69
2017.10.02 05:46:01.855,1.32796,1.32801,1.00,1.25
2017.10.02 05:46:02.138,1.32799,1.32802,1.00,1.25
2017.10.02 05:46:02.292,1.32797,1.32802,1.00,1.31
2017.10.02 05:46:02.395,1.32795,1.32802,1.01,1.31
2017.10.02 05:46:03.491,1.32795,1.32802,1.00,2.44
2017.10.02 05:46:05.738,1.32795,1.32801,1.01,1.25
2017.10.02 05:46:06.275,1.32795,1.32801,1.29,1.25
2017.10.02 05:46:07.239,1.32795,1.32801,1.01,1.00
2017.10.02 05:46:07.783,1.32795,1.32801,1.25,1.69
2017.10.02 05:46:08.298,1.32794,1.328,1.50,1.00
2017.10.02 05:46:08.847,1.32795,1.328,1.19,1.19
2017.10.02 05:46:09.433,1.32795,1.328,1.25,1.19
2017.10.02 05:46:09.484,1.32796,1.32801,1.00,2.06
2017.10.02 05:46:11.439,1.32796,1.32801,1.00,1.31
2017.10.02 05:46:12.184,1.32796,1.32801,1.00,1.31
2017.10.02 05:46:12.784,1.32796,1.32801,1.25,1.31
2017.10.02 05:46:14.436,1.32796,1.32801,1.25,1.69
2017.10.02 05:46:16.435,1.32796,1.32801,1.25,1.50
2017.10.02 05:46:18.265,1.32797,1.328,1.00,1.00
2017.10.02 05:46:18.873,1.32795,1.32801,1.29,1.31
2017.10.02 05:46:20.574,1.32795,1.32802,1.19,3.37
2017.10.02 05:46:25.171,1.32795,1.328,1.25,1.25
2017.10.02 05:46:27.389,1.32796,1.32802,1.05,6.00
2017.10.02 05:46:27.441,1.32799,1.32802,2.29,4.50
2017.10.02 05:46:27.594,1.32804,1.3281,1.25,3.94
2017.10.02 05:46:28.104,1.32802,1.3281,2.32,2.06
2017.10.02 05:46:28.645,1.32802,1.3281,1.57,1.69
2017.10.02 05:46:28.697,1.32802,1.3281,3.26,1.44
2017.10.02 05:46:28.940,1.32801,1.32808,2.32,1.31
2017.10.02 05:46:28.991,1.328,1.32806,2.14,1.19
2017.10.02 05:46:29.145,1.32799,1.32805,1.20,1.44
2017.10.02 05:46:29.824,1.32799,1.32805,1.39,1.44
2017.10.02 05:46:30.375,1.32799,1.32805,1.01,1.12
2017.10.02 05:46:30.528,1.32798,1.32805,3.45,1.25
2017.10.02 05:46:31.383,1.32799,1.32805,1.01,1.25
2017.10.02 05:46:31.760,1.328,1.32805,1.39,1.25
2017.10.02 05:46:32.270,1.328,1.32806,1.70,1.19
2017.10.02 05:46:33.695,1.32799,1.32806,2.70,1.19
2017.10.02 05:46:34.210,1.32798,1.32805,1.95,1.44
2017.10.02 05:46:34.730,1.32798,1.32805,1.95,1.12
2017.10.02 05:46:35.068,1.32798,1.32805,1.57,1.44
2017.10.02 05:46:35.599,1.32798,1.32804,2.14,1.69
2017.10.02 05:46:36.139,1.32798,1.32804,1.00,1.87
2017.10.02 05:46:36.292,1.32796,1.32802,1.25,1.25
2017.10.02 05:46:36.923,1.32796,1.32802,1.44,1.25
2017.10.02 05:46:37.129,1.32798,1.32803,2.44,2.44
2017.10.02 05:46:37.372,1.328,1.32805,1.00,1.69
2017.10.02 05:46:37.792,1.32801,1.32808,1.10,1.87
2017.10.02 05:46:41.589,1.32801,1.32808,1.00,2.06
2017.10.02 05:46:41.691,1.328,1.32806,1.20,1.62
2017.10.02 05:46:41.794,1.32799,1.32806,1.00,2.81
2017.10.02 05:46:42.672,1.32799,1.32804,1.00,1.25
2017.10.02 05:46:43.202,1.32799,1.32805,1.00,1.31
2017.10.02 05:46:43.357,1.32799,1.32805,1.00,1.31
2017.10.02 05:46:43.458,1.32799,1.32805,1.00,1.31
2017.10.02 05:46:43.817,1.32799,1.32805,1.00,1.12
2017.10.02 05:46:44.405,1.32799,1.32804,1.00,1.25
2017.10.02 05:46:45.171,1.32799,1.32805,1.10,1.87
2017.10.02 05:46:45.766,1.32799,1.32805,1.10,2.06
2017.10.02 05:46:46.276,1.32799,1.32805,1.00,1.87
2017.10.02 05:46:46.396,1.32799,1.32804,1.00,1.87
2017.10.02 05:46:46.962,1.32799,1.32804,1.00,1.87
2017.10.02 05:46:48.368,1.32796,1.32803,1.10,3.00
2017.10.02 05:46:48.696,1.32794,1.32801,1.10,3.56
2017.10.02 05:46:49.420,1.32794,1.32799,1.00,1.25
2017.10.02 05:46:49.941,1.32796,1.32801,1.25,1.00
2017.10.02 05:46:52.717,1.32796,1.32802,1.00,1.87
2017.10.02 05:47:01.187,1.32796,1.32803,1.20,1.50
2017.10.02 05:47:01.738,1.32796,1.32803,1.57,1.87
2017.10.02 05:47:02.778,1.32796,1.32803,1.10,2.06
2017.10.02 05:47:03.386,1.32796,1.32802,1.20,1.19
2017.10.02 05:47:04.464,1.32796,1.32802,1.01,1.00
2017.10.02 05:47:05.011,1.32796,1.32803,1.10,2.44
2017.10.02 05:47:05.748,1.32796,1.32803,1.29,2.25
2017.10.02 05:47:06.448,1.32796,1.32803,1.29,2.25
2017.10.02 05:47:08.475,1.32796,1.32803,1.29,2.44
2017.10.02 05:47:09.088,1.32796,1.32803,1.00,2.06
2017.10.02 05:47:10.566,1.32796,1.32803,1.19,1.87
2017.10.02 05:47:11.017,1.32796,1.32803,1.00,1.87
2017.10.02 05:47:13.424,1.32796,1.32803,1.39,1.87
2017.10.02 05:47:14.756,1.32796,1.32803,1.20,2.25
2017.10.02 05:47:15.396,1.32796,1.32803,1.20,2.25
2017.10.02 05:47:15.930,1.32796,1.32803,1.39,1.87
2017.10.02 05:47:17.199,1.32796,1.32803,1.20,1.12
2017.10.02 05:47:21.614,1.32796,1.32803,1.57,1.50
2017.10.02 05:47:24.724,1.32796,1.32804,1.01,1.62
2017.10.02 05:47:25.680,1.32796,1.32804,1.39,1.62
2017.10.02 05:47:26.051,1.32796,1.32804,1.39,1.69
2017.10.02 05:47:27.183,1.32796,1.32803,1.01,1.25
2017.10.02 05:47:27.723,1.32796,1.328,1.25,3.60
2017.10.02 05:47:27.919,1.32793,1.32799,1.25,3.75
2017.10.02 05:47:28.178,1.32795,1.32802,1.37,2.25
2017.10.02 05:47:28.486,1.32788,1.32793,1.00,2.25
2017.10.02 05:47:29.498,1.32788,1.32793,1.00,1.44
2017.10.02 05:47:31.657,1.3279,1.32794,1.12,2.62
2017.10.02 05:47:31.810,1.32794,1.328,1.25,2.25
2017.10.02 05:47:32.311,1.32795,1.32801,1.00,2.06
2017.10.02 05:47:33.293,1.32795,1.32801,1.00,1.56
2017.10.02 05:47:34.072,1.32795,1.32799,1.00,1.37
2017.10.02 05:47:34.123,1.32793,1.32799,1.00,2.06
2017.10.02 05:47:35.112,1.32793,1.32797,1.00,1.12
2017.10.02 05:47:38.815,1.32789,1.32791,1.10,1.00
2017.10.02 05:47:38.919,1.32786,1.3279,1.00,1.00
2017.10.02 05:47:39.581,1.32785,1.32791,1.25,2.06
2017.10.02 05:47:41.889,1.32785,1.3279,1.00,1.87
2017.10.02 05:47:42.525,1.32785,1.32788,1.00,1.00
2017.10.02 05:47:43.072,1.32785,1.32789,1.00,1.87
2017.10.02 05:47:43.722,1.32785,1.32789,1.00,1.87
2017.10.02 05:47:43.773,1.32782,1.32789,1.57,1.87
2017.10.02 05:47:44.368,1.32782,1.32789,1.56,1.87
2017.10.02 05:47:45.376,1.32781,1.32785,1.25,1.25
2017.10.02 05:47:45.897,1.3278,1.32788,2.70,1.87
2017.10.02 05:47:46.201,1.3278,1.32786,1.95,1.25
2017.10.02 05:47:46.406,1.32778,1.32784,3.82,1.19
2017.10.02 05:47:46.457,1.32778,1.32784,1.87,2.62
2017.10.02 05:47:46.920,1.32779,1.32786,2.25,1.00
2017.10.02 05:47:46.972,1.3278,1.32787,2.32,1.00
2017.10.02 05:47:47.579,1.3278,1.32786,2.32,1.00
2017.10.02 05:47:49.002,1.3278,1.32789,3.82,2.06
2017.10.02 05:47:49.179,1.32778,1.32787,2.62,2.62
2017.10.02 05:47:49.333,1.32779,1.32787,1.87,2.44
2017.10.02 05:47:49.845,1.3278,1.32788,3.07,1.44
2017.10.02 05:47:50.544,1.3278,1.32788,1.87,1.44
2017.10.02 05:47:52.207,1.3278,1.32788,1.50,2.62
2017.10.02 05:47:52.258,1.3278,1.32788,1.31,2.25
2017.10.02 05:47:52.535,1.3278,1.32788,1.25,2.06
2017.10.02 05:47:52.638,1.32777,1.32784,1.95,1.31
2017.10.02 05:47:53.149,1.32776,1.32783,3.82,1.19
2017.10.02 05:47:53.827,1.32776,1.32783,3.82,1.25
2017.10.02 05:47:56.088,1.32776,1.32784,2.89,2.06
2017.10.02 05:47:56.140,1.32777,1.32784,2.70,1.25
2017.10.02 05:47:56.344,1.32779,1.32787,3.45,1.19
2017.10.02 05:47:56.853,1.32781,1.32788,1.31,2.06
2017.10.02 05:47:59.342,1.32781,1.32788,1.20,1.87
2017.10.02 05:47:59.848,1.32781,1.32788,1.76,1.19
2017.10.02 05:47:59.900,1.32781,1.32789,1.95,1.72
2017.10.02 05:48:00.418,1.32781,1.32788,1.87,1.31
2017.10.02 05:48:01.396,1.32781,1.32788,1.32,1.91
2017.10.02 05:48:01.947,1.32781,1.32788,1.32,1.30
2017.10.02 05:48:03.369,1.3278,1.32788,3.07,2.44
2017.10.02 05:48:03.674,1.3278,1.32787,1.50,1.19
2017.10.02 05:48:04.253,1.3278,1.32787,1.62,1.19
2017.10.02 05:48:04.951,1.3278,1.32787,1.31,1.44
2017.10.02 05:48:06.272,1.32779,1.32787,1.37,1.19
2017.10.02 05:48:06.533,1.32779,1.32787,1.25,2.44
2017.10.02 05:48:06.925,1.32776,1.32784,1.57,1.56
2017.10.02 05:48:07.027,1.32774,1.32781,3.07,1.25
2017.10.02 05:48:07.079,1.32773,1.32781,1.76,2.62
2017.10.02 05:48:07.604,1.32773,1.32781,1.20,2.62
2017.10.02 05:48:08.212,1.32773,1.32781,1.20,2.62
2017.10.02 05:48:08.520,1.32776,1.32783,4.57,1.19
2017.10.02 05:48:08.673,1.32775,1.32783,1.20,1.50
2017.10.02 05:48:09.480,1.32775,1.32783,1.20,2.81
2017.10.02 05:48:10.608,1.32777,1.32784,1.10,1.25
2017.10.02 05:48:10.659,1.32777,1.32785,2.51,1.44
2017.10.02 05:48:11.168,1.32779,1.32786,1.50,1.44
2017.10.02 05:48:11.949,1.32778,1.32784,1.57,1.00
2017.10.02 05:48:12.497,1.32778,1.32784,1.19,1.50
2017.10.02 05:48:13.464,1.32778,1.32784,1.19,1.69
2017.10.02 05:48:14.195,1.32777,1.32784,1.10,2.62
2017.10.02 05:48:14.649,1.32777,1.32784,1.95,3.00
2017.10.02 05:48:17.614,1.32777,1.32784,1.95,1.69
2017.10.02 05:48:18.142,1.32777,1.32784,2.51,1.12
2017.10.02 05:48:20.698,1.32777,1.32784,1.10,1.87
2017.10.02 05:48:22.445,1.32777,1.32783,1.20,1.25
2017.10.02 05:48:22.992,1.32777,1.32783,1.10,1.25
2017.10.02 05:48:23.978,1.32778,1.32784,1.00,1.12
2017.10.02 05:48:24.528,1.32779,1.32785,1.12,1.12
2017.10.02 05:48:29.072,1.32778,1.32785,1.95,1.87
2017.10.02 05:48:29.331,1.32778,1.32782,1.69,1.00
2017.10.02 05:48:29.856,1.32778,1.32782,1.00,1.00
2017.10.02 05:48:30.892,1.32778,1.32783,1.00,1.25
2017.10.02 05:48:35.090,1.32776,1.32783,2.51,1.12
2017.10.02 05:48:40.647,1.32776,1.32783,4.20,1.25
2017.10.02 05:48:41.156,1.32776,1.32783,4.01,1.25
2017.10.02 05:48:42.367,1.32776,1.32783,4.01,1.25
2017.10.02 05:48:43.121,1.32776,1.32783,4.61,1.12
2017.10.02 05:48:43.692,1.32776,1.32783,4.61,1.12
2017.10.02 05:48:44.239,1.32776,1.32784,4.61,1.87
2017.10.02 05:48:45.011,1.32776,1.32784,3.86,1.87
2017.10.02 05:48:47.937,1.32776,1.32784,3.11,1.87
2017.10.02 05:48:48.643,1.32776,1.32784,3.11,1.87
2017.10.02 05:48:49.256,1.32776,1.32784,3.11,1.87
2017.10.02 05:48:56.525,1.32777,1.32784,1.34,1.87
2017.10.02 05:48:56.830,1.3278,1.32788,4.01,1.50
2017.10.02 05:48:56.932,1.32781,1.32789,2.55,1.50
2017.10.02 05:48:58.052,1.32782,1.32789,1.31,1.25
2017.10.02 05:48:58.644,1.32782,1.32789,1.39,1.00
2017.10.02 05:48:59.568,1.32782,1.32789,1.95,1.00
2017.10.02 05:49:00.117,1.32782,1.32789,1.20,1.00
2017.10.02 05:49:00.625,1.32781,1.32789,4.01,1.69
2017.10.02 05:49:01.343,1.32781,1.32789,3.82,1.69
2017.10.02 05:49:02.856,1.32781,1.32789,4.42,1.31
2017.10.02 05:49:03.062,1.3278,1.32786,2.70,1.00
2017.10.02 05:49:03.480,1.32782,1.32789,1.29,1.87
2017.10.02 05:49:03.583,1.32783,1.32789,1.20,1.00
2017.10.02 05:49:04.093,1.32783,1.3279,2.74,1.00
2017.10.02 05:49:04.634,1.32783,1.3279,2.74,1.00
2017.10.02 05:49:05.162,1.32783,1.32791,2.14,1.87
2017.10.02 05:49:05.671,1.32783,1.32791,1.95,3.00
2017.10.02 05:49:06.856,1.32783,1.32791,1.87,3.19
2017.10.02 05:49:08.543,1.32783,1.32791,1.69,3.19
2017.10.02 05:49:08.887,1.32784,1.32793,1.69,2.25
2017.10.02 05:49:09.097,1.32784,1.32793,1.87,2.06
2017.10.02 05:49:09.250,1.32784,1.32792,1.87,1.37
2017.10.02 05:49:09.455,1.32782,1.3279,1.87,6.56
2017.10.02 05:49:09.557,1.32781,1.32789,1.37,3.04
2017.10.02 05:49:10.376,1.32781,1.32788,2.14,1.44
2017.10.02 05:49:10.582,1.32778,1.32788,2.06,5.06
2017.10.02 05:49:10.736,1.32778,1.32786,1.50,1.12
2017.10.02 05:49:11.300,1.32781,1.32787,1.00,1.19
2017.10.02 05:49:11.811,1.3278,1.32788,1.87,1.44
2017.10.02 05:49:12.388,1.32781,1.32788,1.00,1.69
2017.10.02 05:49:13.967,1.32783,1.32789,1.20,1.00
2017.10.02 05:49:14.482,1.32783,1.3279,1.20,1.12
2017.10.02 05:49:19.539,1.32783,1.3279,1.00,1.31
2017.10.02 05:49:21.495,1.32783,1.3279,1.25,1.31
2017.10.02 05:49:24.397,1.32783,1.3279,1.87,1.12
2017.10.02 05:49:24.925,1.32783,1.3279,1.87,1.12
2017.10.02 05:49:27.980,1.32781,1.32789,3.07,1.12
2017.10.02 05:49:29.290,1.32781,1.32789,2.89,2.44
2017.10.02 05:49:29.800,1.32781,1.32789,1.57,1.62
2017.10.02 05:49:30.403,1.32781,1.32789,1.57,1.69
2017.10.02 05:49:31.066,1.32781,1.32789,1.29,2.25
2017.10.02 05:49:35.600,1.32781,1.32789,1.61,3.19
2017.10.02 05:49:38.454,1.32781,1.32789,1.01,1.87
2017.10.02 05:49:38.761,1.32779,1.32786,1.76,1.00
2017.10.02 05:49:39.296,1.32778,1.32785,1.87,1.00
2017.10.02 05:49:39.835,1.32778,1.32785,1.25,1.12
2017.10.02 05:49:40.336,1.32778,1.32784,1.25,1.50
2017.10.02 05:49:40.884,1.32778,1.32783,1.01,1.00
2017.10.02 05:49:42.406,1.32778,1.32784,1.12,1.25
2017.10.02 05:49:43.058,1.32775,1.32782,1.76,1.79
2017.10.02 05:49:43.161,1.32773,1.32778,1.69,1.69
2017.10.02 05:49:43.263,1.32772,1.32778,1.00,3.19
2017.10.02 05:49:45.518,1.32772,1.32778,1.29,1.69
2017.10.02 05:49:46.637,1.32772,1.32778,1.39,1.00
2017.10.02 05:49:47.684,1.32775,1.3278,1.10,1.25
2017.10.02 05:49:48.017,1.32777,1.32783,1.25,1.19
2017.10.02 05:49:49.182,1.32777,1.32783,1.19,1.19
2017.10.02 05:49:49.731,1.32777,1.32783,1.29,1.19
2017.10.02 05:49:50.821,1.32777,1.32785,1.20,4.31
2017.10.02 05:49:51.143,1.32777,1.32785,1.29,3.37
2017.10.02 05:49:51.297,1.32779,1.32785,1.99,1.44
2017.10.02 05:49:51.817,1.32778,1.32786,3.26,2.25
2017.10.02 05:49:52.426,1.32779,1.32785,1.76,1.87
2017.10.02 05:49:52.478,1.32779,1.32784,1.39,1.19
2017.10.02 05:49:52.733,1.32776,1.32784,2.14,1.87
2017.10.02 05:49:52.886,1.32776,1.32784,2.14,1.87
2017.10.02 05:49:53.461,1.32776,1.32784,2.14,1.87
2017.10.02 05:49:53.996,1.32777,1.32784,1.39,1.87
2017.10.02 05:49:54.637,1.32777,1.32784,1.39,1.87
2017.10.02 05:49:54.791,1.32776,1.32782,1.00,1.37
2017.10.02 05:49:55.151,1.32776,1.32783,2.70,1.44
2017.10.02 05:49:55.660,1.32776,1.32784,3.26,2.62
2017.10.02 05:49:55.814,1.32776,1.32784,1.29,2.44
2017.10.02 05:49:56.689,1.32776,1.32784,2.14,3.19
2017.10.02 05:49:57.234,1.32776,1.32784,2.14,2.06
2017.10.02 05:49:58.936,1.32776,1.32784,3.82,1.31
2017.10.02 05:49:59.100,1.32778,1.32784,1.20,1.31
2017.10.02 05:49:59.650,1.32778,1.32785,1.10,1.62
2017.10.02 05:50:00.444,1.32778,1.32785,1.00,1.62
2017.10.02 05:50:00.946,1.32778,1.32785,1.10,1.44
2017.10.02 05:50:01.352,1.32778,1.32784,1.10,1.19
2017.10.02 05:50:01.686,1.32778,1.32784,1.10,1.00
2017.10.02 05:50:01.789,1.32776,1.32781,2.14,1.31
2017.10.02 05:50:01.841,1.32775,1.32783,1.76,4.69
2017.10.02 05:50:01.944,1.32775,1.3278,1.25,1.19
2017.10.02 05:50:02.098,1.32773,1.3278,1.10,1.62
2017.10.02 05:50:02.202,1.32774,1.3278,1.20,1.62
2017.10.02 05:50:02.305,1.32773,1.3278,1.10,1.31
2017.10.02 05:50:02.937,1.32773,1.3278,1.95,1.62
2017.10.02 05:50:03.928,1.32773,1.32781,1.01,2.06
2017.10.02 05:50:04.540,1.32773,1.32781,1.01,2.06
2017.10.02 05:50:04.795,1.32773,1.3278,1.01,1.44
2017.10.02 05:50:05.312,1.32773,1.32781,2.89,1.87
2017.10.02 05:50:05.872,1.32773,1.32781,2.14,1.50
2017.10.02 05:50:06.489,1.32773,1.3278,2.70,1.31
2017.10.02 05:50:06.872,1.32773,1.32781,2.89,1.87
2017.10.02 05:50:08.099,1.32774,1.32781,1.29,1.37
2017.10.02 05:50:08.548,1.32776,1.32782,1.20,1.19
2017.10.02 05:50:08.600,1.32778,1.32784,1.00,1.50
2017.10.02 05:50:08.702,1.32778,1.32785,1.29,1.12
2017.10.02 05:50:08.856,1.32778,1.32785,2.14,1.44
2017.10.02 05:50:09.113,1.32779,1.32786,2.32,1.37
2017.10.02 05:50:09.622,1.32779,1.32786,1.20,1.37
2017.10.02 05:50:09.968,1.32778,1.32783,1.00,1.31
2017.10.02 05:50:10.020,1.32778,1.32783,1.00,1.31
2017.10.02 05:50:10.225,1.32778,1.32783,1.00,2.06
2017.10.02 05:50:10.429,1.32778,1.32783,1.01,1.87
2017.10.02 05:50:10.688,1.32778,1.32783,1.01,1.87
2017.10.02 05:50:10.942,1.32778,1.32783,1.29,1.87
2017.10.02 05:50:11.045,1.32778,1.32783,1.29,1.87
2017.10.02 05:50:11.549,1.32778,1.32783,1.01,1.12
2017.10.02 05:50:12.059,1.32779,1.32785,1.00,1.87
2017.10.02 05:50:12.213,1.32779,1.32787,1.25,2.81
2017.10.02 05:50:12.764,1.32779,1.32785,1.25,1.44
2017.10.02 05:50:14.089,1.32779,1.32785,1.20,1.12
2017.10.02 05:50:14.140,1.32779,1.32785,1.20,1.44
2017.10.02 05:50:14.677,1.32779,1.32785,1.12,1.25
2017.10.02 05:50:15.238,1.3278,1.32786,1.00,1.69
2017.10.02 05:50:15.849,1.3278,1.32785,1.00,1.62
2017.10.02 05:50:16.370,1.3278,1.32785,1.00,1.62
2017.10.02 05:50:16.897,1.3278,1.32785,1.00,1.31
2017.10.02 05:50:17.116,1.3278,1.32785,1.00,1.31
2017.10.02 05:50:18.894,1.3278,1.32786,1.00,1.56
2017.10.02 05:50:19.201,1.32784,1.3279,1.95,1.31
2017.10.02 05:50:19.252,1.32784,1.32789,1.95,1.19
2017.10.02 05:50:19.560,1.32781,1.32788,1.50,4.91
2017.10.02 05:50:20.110,1.32781,1.32786,1.00,1.50
2017.10.02 05:50:20.721,1.32781,1.32786,1.00,1.44
2017.10.02 05:50:21.258,1.32781,1.32786,1.00,1.12
2017.10.02 05:50:21.776,1.32781,1.32786,1.00,1.62
2017.10.02 05:50:22.297,1.32781,1.32786,1.00,1.62
2017.10.02 05:50:22.949,1.32781,1.32786,1.00,1.62
2017.10.02 05:50:23.533,1.32781,1.32786,1.00,1.44
2017.10.02 05:50:24.076,1.32781,1.32787,1.00,1.62
2017.10.02 05:50:24.837,1.32781,1.32787,1.00,1.56
2017.10.02 05:50:25.355,1.32781,1.32787,1.00,1.56
2017.10.02 05:50:26.207,1.32781,1.32787,1.00,1.62
2017.10.02 05:50:27.252,1.32781,1.32787,1.00,1.56
2017.10.02 05:50:27.755,1.32781,1.32785,1.00,1.19
2017.10.02 05:50:28.238,1.32778,1.32782,1.00,1.69
2017.10.02 05:50:28.341,1.32776,1.32781,1.00,1.37
2017.10.02 05:50:28.444,1.32776,1.32781,1.25,1.25
2017.10.02 05:50:29.019,1.32776,1.32781,1.12,1.19
2017.10.02 05:50:29.521,1.32776,1.32781,1.12,1.25
2017.10.02 05:50:30.054,1.32776,1.32781,1.12,1.19
2017.10.02 05:50:30.564,1.32776,1.32782,1.25,1.62
2017.10.02 05:50:31.107,1.32776,1.32782,1.25,1.62
2017.10.02 05:50:32.991,1.32776,1.32782,1.25,1.62
2017.10.02 05:50:35.449,1.32776,1.32782,1.00,2.06
2017.10.02 05:50:35.748,1.32774,1.32779,1.00,1.00
2017.10.02 05:50:35.850,1.32774,1.32779,1.00,1.19
2017.10.02 05:50:36.396,1.32772,1.32778,1.95,1.37
2017.10.02 05:50:37.687,1.32772,1.32778,1.10,1.62
2017.10.02 05:50:38.245,1.32772,1.32778,1.10,1.62
2017.10.02 05:50:39.551,1.32772,1.32778,1.10,1.37
2017.10.02 05:50:40.060,1.32772,1.32779,2.14,1.37
2017.10.02 05:50:40.111,1.32774,1.3278,1.00,1.37
2017.10.02 05:50:40.264,1.32774,1.3278,1.00,1.37
2017.10.02 05:50:40.427,1.32774,1.3278,1.00,1.37
2017.10.02 05:50:40.580,1.32774,1.3278,1.00,1.37
2017.10.02 05:50:41.023,1.32775,1.32781,1.25,1.87
2017.10.02 05:50:43.708,1.32775,1.32781,1.00,2.25
2017.10.02 05:50:44.217,1.32775,1.32781,1.10,1.44
2017.10.02 05:50:51.190,1.32777,1.32782,1.00,1.50
2017.10.02 05:50:53.947,1.32777,1.32782,1.00,2.44
2017.10.02 05:50:54.305,1.32775,1.32782,1.20,1.50
2017.10.02 05:50:54.856,1.32776,1.32782,1.00,2.25
2017.10.02 05:50:55.246,1.32776,1.32782,1.00,1.50
2017.10.02 05:50:55.760,1.32776,1.32782,1.00,2.06
2017.10.02 05:50:57.278,1.32776,1.32782,1.00,1.69
2017.10.02 05:50:57.431,1.32776,1.32782,1.00,1.62
2017.10.02 05:50:57.635,1.32778,1.32783,1.00,1.69
2017.10.02 05:50:57.788,1.32778,1.32785,1.25,1.87
2017.10.02 05:50:57.840,1.3278,1.32785,1.00,1.87
2017.10.02 05:50:58.607,1.3278,1.32786,1.00,2.06
2017.10.02 05:50:58.943,1.3278,1.32786,1.00,1.62
2017.10.02 05:51:01.153,1.3278,1.32785,1.00,1.44
2017.10.02 05:51:01.679,1.3278,1.32787,1.00,5.81
2017.10.02 05:51:03.046,1.32778,1.32784,1.00,1.87
2017.10.02 05:51:03.557,1.32778,1.32784,1.00,1.37
2017.10.02 05:51:04.083,1.32777,1.32784,1.10,3.94
2017.10.02 05:51:04.441,1.32777,1.32784,1.10,2.06
2017.10.02 05:51:08.188,1.32777,1.3278,1.00,2.44
2017.10.02 05:51:08.341,1.32773,1.3278,1.10,4.69
2017.10.02 05:51:08.876,1.3277,1.32777,1.01,1.87
2017.10.02 05:51:10.278,1.32769,1.32774,1.10,1.44
2017.10.02 05:51:10.686,1.32768,1.32772,1.00,1.44
2017.10.02 05:51:11.246,1.32768,1.32772,1.00,1.12
2017.10.02 05:51:12.153,1.32768,1.32773,1.00,1.56
2017.10.02 05:51:16.085,1.32768,1.32774,1.00,2.06
2017.10.02 05:51:16.597,1.32768,1.32774,1.00,3.19
2017.10.02 05:51:17.103,1.32768,1.32774,1.00,2.44
2017.10.02 05:51:18.563,1.32769,1.32774,1.00,2.06
2017.10.02 05:51:19.210,1.32769,1.32773,1.00,1.56
2017.10.02 05:51:29.255,1.32767,1.32772,1.10,1.62
2017.10.02 05:51:34.818,1.32769,1.32773,1.00,1.62
2017.10.02 05:51:35.967,1.32767,1.32773,1.00,1.62
2017.10.02 05:51:37.112,1.32767,1.32774,1.35,1.56
2017.10.02 05:51:37.164,1.32769,1.32774,1.00,1.56
2017.10.02 05:51:37.682,1.32769,1.32774,1.00,1.56
2017.10.02 05:51:38.186,1.32769,1.32774,1.00,1.56
2017.10.02 05:51:40.218,1.32769,1.32774,1.00,2.06
2017.10.02 05:51:41.370,1.32769,1.32774,1.00,2.06
2017.10.02 05:51:41.898,1.32769,1.32773,1.00,1.87
2017.10.02 05:51:42.670,1.32769,1.32774,1.00,1.37
2017.10.02 05:51:44.597,1.32769,1.32774,1.00,1.37
2017.10.02 05:51:46.149,1.32769,1.32774,1.00,1.62
2017.10.02 05:51:47.448,1.32769,1.32773,1.00,1.37
2017.10.02 05:51:48.602,1.32769,1.32774,1.35,1.87
2017.10.02 05:51:48.653,1.3277,1.32775,1.35,1.31
2017.10.02 05:51:48.756,1.32771,1.32777,1.24,1.44
2017.10.02 05:51:48.961,1.32773,1.32779,1.10,1.31
2017.10.02 05:51:49.500,1.32772,1.32777,1.00,1.25
2017.10.02 05:51:50.035,1.32772,1.32779,1.10,2.81
2017.10.02 05:51:50.801,1.32772,1.32777,1.10,1.25
2017.10.02 05:51:53.299,1.32772,1.32778,1.10,1.12
2017.10.02 05:51:54.612,1.32772,1.32778,1.10,1.44
2017.10.02 05:51:55.270,1.32773,1.3278,1.60,1.31
2017.10.02 05:51:55.576,1.32775,1.32782,1.19,1.37
2017.10.02 05:51:55.729,1.32777,1.32784,1.12,5.06
2017.10.02 05:51:56.003,1.32776,1.32782,1.20,1.62
2017.10.02 05:51:56.540,1.32776,1.32782,1.01,1.37
2017.10.02 05:52:00.450,1.32776,1.32782,1.19,1.19
2017.10.02 05:52:00.958,1.32776,1.32781,1.00,1.19
2017.10.02 05:52:02.141,1.32776,1.32779,1.00,1.00
2017.10.02 05:52:02.642,1.32776,1.32781,1.00,1.31
2017.10.02 05:52:03.321,1.32776,1.32779,1.00,1.00
2017.10.02 05:52:05.288,1.32774,1.32779,1.01,1.25
2017.10.02 05:52:07.104,1.32774,1.32779,1.95,1.12
2017.10.02 05:52:07.486,1.32774,1.32779,1.10,1.12
2017.10.02 05:52:07.640,1.32774,1.32781,3.11,1.69
2017.10.02 05:52:07.691,1.32774,1.32781,3.30,1.25
2017.10.02 05:52:09.948,1.32775,1.32783,1.89,3.37
2017.10.02 05:52:11.142,1.32774,1.32782,2.92,1.19
2017.10.02 05:52:12.054,1.32775,1.32782,1.39,1.19
2017.10.02 05:52:12.583,1.32775,1.32782,1.25,1.37
2017.10.02 05:52:13.121,1.32774,1.32782,3.30,1.44
2017.10.02 05:52:13.638,1.32774,1.32783,4.61,4.31
2017.10.02 05:52:14.164,1.32774,1.32782,2.70,3.37
2017.10.02 05:52:14.595,1.32774,1.3278,1.20,1.00
2017.10.02 05:52:14.698,1.32774,1.3278,1.20,1.00
2017.10.02 05:52:14.819,1.32774,1.3278,1.01,1.00
2017.10.02 05:52:14.977,1.32774,1.32777,1.01,1.00
2017.10.02 05:52:15.501,1.32773,1.32777,1.00,1.00
2017.10.02 05:52:16.033,1.32773,1.32776,1.00,1.00
2017.10.02 05:52:19.705,1.32773,1.32777,1.00,1.00
2017.10.02 05:52:20.692,1.32773,1.32779,1.00,3.19
2017.10.02 05:52:20.798,1.32775,1.3278,1.35,2.06
2017.10.02 05:52:20.900,1.32776,1.32782,1.00,3.56
2017.10.02 05:52:21.106,1.32778,1.32785,1.10,4.31
2017.10.02 05:52:21.571,1.32779,1.32782,1.00,1.00
2017.10.02 05:52:22.113,1.32779,1.32785,1.10,2.06
2017.10.02 05:52:25.970,1.3278,1.32785,1.20,2.06
2017.10.02 05:52:26.551,1.32779,1.32785,1.95,1.19
2017.10.02 05:52:26.704,1.32779,1.32787,2.32,1.69
2017.10.02 05:52:28.056,1.32781,1.32787,1.20,1.44
2017.10.02 05:52:28.537,1.32779,1.32784,2.89,1.25
2017.10.02 05:52:28.843,1.3278,1.32784,1.20,1.50
2017.10.02 05:52:28.988,1.32779,1.32783,1.31,1.00
2017.10.02 05:52:29.497,1.3278,1.32783,1.95,1.00
2017.10.02 05:52:30.033,1.3278,1.32783,1.00,1.00
2017.10.02 05:52:30.608,1.3278,1.32782,1.00,1.00
2017.10.02 05:52:31.639,1.3278,1.32785,2.14,1.87
2017.10.02 05:52:31.690,1.32781,1.32787,1.95,1.62
2017.10.02 05:52:31.844,1.32784,1.32789,1.20,1.25
2017.10.02 05:52:32.370,1.32784,1.32789,1.20,1.25
2017.10.02 05:52:33.017,1.32784,1.32789,1.20,1.12
2017.10.02 05:52:33.586,1.32784,1.32789,1.95,1.25
2017.10.02 05:52:37.477,1.32785,1.3279,1.95,1.87
2017.10.02 05:52:42.490,1.32785,1.3279,1.95,1.25
2017.10.02 05:52:43.480,1.32785,1.32791,2.14,1.50
2017.10.02 05:52:43.532,1.32785,1.32791,2.14,1.12
2017.10.02 05:52:43.860,1.32785,1.32791,1.39,2.44
2017.10.02 05:52:44.385,1.32784,1.32791,4.57,2.44
2017.10.02 05:52:47.945,1.32785,1.3279,1.39,1.19
2017.10.02 05:52:48.489,1.32784,1.32791,4.57,1.50
2017.10.02 05:52:48.998,1.32784,1.3279,3.07,1.19
2017.10.02 05:52:49.591,1.32784,1.32791,1.20,2.25
2017.10.02 05:52:50.297,1.32784,1.32791,3.82,2.25
2017.10.02 05:52:50.709,1.32784,1.32788,2.32,1.25
2017.10.02 05:52:51.219,1.32784,1.32787,1.20,1.00
2017.10.02 05:52:53.477,1.32784,1.32786,1.20,1.00
2017.10.02 05:52:54.017,1.32784,1.32787,1.20,2.25
2017.10.02 05:52:55.877,1.32784,1.32787,1.20,2.25
2017.10.02 05:52:57.547,1.32784,1.32787,1.95,1.12
2017.10.02 05:53:01.700,1.32784,1.32788,1.00,1.37
2017.10.02 05:53:01.802,1.32783,1.32787,1.10,1.50
2017.10.02 05:53:02.311,1.32783,1.32787,1.10,1.19
2017.10.02 05:53:03.068,1.32783,1.32788,1.10,2.44
2017.10.02 05:53:03.273,1.3278,1.32783,1.20,1.25
2017.10.02 05:53:04.446,1.3278,1.32786,1.20,2.81
2017.10.02 05:53:06.518,1.3278,1.32787,3.07,1.50
2017.10.02 05:53:06.571,1.32781,1.32787,3.64,1.12
2017.10.02 05:53:07.083,1.32781,1.32788,3.07,1.69
2017.10.02 05:53:07.994,1.32781,1.32788,3.45,1.25
2017.10.02 05:53:08.607,1.32782,1.32788,1.10,1.31
2017.10.02 05:53:09.728,1.32781,1.32788,4.57,1.25
2017.10.02 05:53:10.246,1.32782,1.32787,1.10,1.00
2017.10.02 05:53:10.750,1.32781,1.32787,5.70,1.00
2017.10.02 05:53:11.647,1.32783,1.32788,1.20,1.25
2017.10.02 05:53:12.188,1.32783,1.32789,1.20,2.62
2017.10.02 05:53:13.625,1.32783,1.32789,1.39,1.87
2017.10.02 05:53:14.134,1.32783,1.32789,1.39,1.44
2017.10.02 05:53:15.398,1.32783,1.32789,1.39,1.44
2017.10.02 05:53:16.788,1.32783,1.32788,1.20,1.69
2017.10.02 05:53:16.994,1.32782,1.32785,1.01,1.00
2017.10.02 05:53:17.147,1.3278,1.32785,1.01,1.19
2017.10.02 05:53:17.657,1.3278,1.32784,1.25,1.19
2017.10.02 05:53:18.448,1.32779,1.32784,1.20,1.25
2017.10.02 05:53:18.653,1.32779,1.32782,1.20,1.00
2017.10.02 05:53:19.776,1.32778,1.32782,2.14,1.19
2017.10.02 05:53:20.306,1.32777,1.32781,1.95,1.19
2017.10.02 05:53:21.089,1.32777,1.32782,1.20,2.25
2017.10.02 05:53:21.397,1.32773,1.32778,1.76,1.19
2017.10.02 05:53:22.722,1.32773,1.32779,1.39,1.19
2017.10.02 05:53:22.825,1.32773,1.32779,1.01,1.31
2017.10.02 05:53:23.364,1.32771,1.32777,2.32,2.06
2017.10.02 05:53:23.672,1.32771,1.32776,2.14,1.31
2017.10.02 05:53:24.534,1.32771,1.32776,1.39,2.25
2017.10.02 05:53:25.050,1.32771,1.32777,1.39,3.19
2017.10.02 05:53:25.357,1.32769,1.32774,1.10,1.31
2017.10.02 05:53:25.561,1.3277,1.32777,4.39,3.19
2017.10.02 05:53:25.664,1.32772,1.32778,1.57,1.87
2017.10.02 05:53:25.767,1.32773,1.32779,1.39,1.00
2017.10.02 05:53:26.382,1.32774,1.32782,1.70,3.94
2017.10.02 05:53:27.923,1.32774,1.32781,1.31,1.69
2017.10.02 05:53:28.473,1.32775,1.32781,1.25,1.44
2017.10.02 05:53:28.576,1.32775,1.32781,2.14,1.00
2017.10.02 05:53:29.139,1.32774,1.32783,3.26,3.19
2017.10.02 05:53:29.659,1.32775,1.32782,3.26,1.37
2017.10.02 05:53:30.168,1.32776,1.32781,1.00,1.44
2017.10.02 05:53:30.325,1.32774,1.32781,1.20,1.31
2017.10.02 05:53:30.376,1.32776,1.3278,1.00,1.19
2017.10.02 05:53:30.581,1.32774,1.3278,1.50,1.69
2017.10.02 05:53:30.785,1.32774,1.32782,2.70,3.56
2017.10.02 05:53:31.948,1.32774,1.3278,1.76,1.19
2017.10.02 05:53:32.460,1.32774,1.32782,1.01,3.94
2017.10.02 05:53:32.563,1.32774,1.32782,2.89,2.06
2017.10.02 05:53:33.096,1.32775,1.32782,2.70,2.62
2017.10.02 05:53:34.195,1.32775,1.32782,2.14,2.06
2017.10.02 05:53:35.587,1.32775,1.32781,1.20,1.31
2017.10.02 05:53:36.094,1.32775,1.32781,1.20,1.44
2017.10.02 05:53:36.600,1.32775,1.32782,1.20,2.06
2017.10.02 05:53:36.753,1.32777,1.32782,1.00,1.31
2017.10.02 05:53:37.292,1.32778,1.32783,1.00,1.62
2017.10.02 05:53:38.257,1.32778,1.32783,1.50,1.56
2017.10.02 05:53:39.198,1.32779,1.32783,1.00,1.44
2017.10.02 05:53:40.610,1.32779,1.32783,1.00,1.37
2017.10.02 05:53:41.204,1.32779,1.32783,1.00,1.37
2017.10.02 05:53:41.712,1.32778,1.32784,2.44,2.06
2017.10.02 05:53:42.421,1.32779,1.32784,1.00,2.06
2017.10.02 05:53:42.949,1.32779,1.32784,1.00,3.19
2017.10.02 05:53:44.006,1.32779,1.32784,1.00,2.06
2017.10.02 05:53:44.544,1.32778,1.32784,1.25,2.06
2017.10.02 05:53:44.849,1.32776,1.32782,1.01,1.62
2017.10.02 05:53:45.367,1.32776,1.32782,2.14,1.56
2017.10.02 05:53:45.915,1.32776,1.32782,1.39,1.62
2017.10.02 05:53:47.197,1.32776,1.32782,2.14,1.62
2017.10.02 05:53:47.726,1.32776,1.32782,1.01,1.56
2017.10.02 05:53:48.068,1.32787,1.32788,1.57,1.25
2017.10.02 05:53:48.222,1.32787,1.32794,2.32,1.19
2017.10.02 05:53:48.273,1.32786,1.32793,2.51,1.31
2017.10.02 05:53:48.794,1.32787,1.32793,2.89,1.37
2017.10.02 05:53:48.900,1.32787,1.32795,3.45,2.06
2017.10.02 05:53:49.413,1.32787,1.32795,2.14,2.06
2017.10.02 05:53:49.924,1.32787,1.32795,3.45,1.37
2017.10.02 05:53:50.263,1.32787,1.32795,1.12,2.81
2017.10.02 05:53:50.722,1.32787,1.32795,1.50,1.87
2017.10.02 05:53:51.232,1.32786,1.32795,1.37,1.87
2017.10.02 05:53:51.750,1.32786,1.32794,4.12,1.37
2017.10.02 05:53:51.903,1.32786,1.32794,2.62,1.37
2017.10.02 05:53:52.414,1.32786,1.32794,2.44,1.37
2017.10.02 05:53:52.939,1.32786,1.32794,1.50,1.87
2017.10.02 05:53:53.486,1.32786,1.32794,1.69,1.87
2017.10.02 05:53:55.816,1.32786,1.32794,1.69,1.87
2017.10.02 05:53:57.704,1.32786,1.32794,1.19,1.87
2017.10.02 05:53:58.213,1.32786,1.32794,1.69,1.87
2017.10.02 05:53:59.917,1.32786,1.32794,3.94,1.44
2017.10.02 05:54:00.434,1.32787,1.32794,1.44,1.44
2017.10.02 05:54:00.795,1.32787,1.32794,1.75,1.12
2017.10.02 05:54:00.847,1.32787,1.32794,1.44,1.12
2017.10.02 05:54:02.036,1.32788,1.32795,1.44,1.37
2017.10.02 05:54:02.191,1.32786,1.32793,2.25,1.19
2017.10.02 05:54:02.346,1.32785,1.32791,1.25,1.12
2017.10.02 05:54:02.500,1.32785,1.32792,1.69,1.37
2017.10.02 05:54:02.704,1.32785,1.32792,1.44,1.37
2017.10.02 05:54:02.977,1.32786,1.32792,1.19,1.37
2017.10.02 05:54:03.080,1.32786,1.32793,1.25,2.62
2017.10.02 05:54:03.615,1.32785,1.32793,1.25,2.06
2017.10.02 05:54:04.124,1.32785,1.32791,1.54,1.12
2017.10.02 05:54:04.644,1.32785,1.32793,1.25,2.44
2017.10.02 05:54:05.110,1.32785,1.32793,1.44,2.06
2017.10.02 05:54:05.753,1.32785,1.32793,3.75,1.25
2017.10.02 05:54:06.390,1.32785,1.32793,2.25,1.44
2017.10.02 05:54:07.081,1.32787,1.32793,1.00,1.12
2017.10.02 05:54:07.695,1.32785,1.32793,1.87,1.44
2017.10.02 05:54:08.401,1.32785,1.32793,2.62,1.12
2017.10.02 05:54:08.734,1.32785,1.32793,1.87,1.44
2017.10.02 05:54:08.897,1.32786,1.32793,1.37,1.25
2017.10.02 05:54:09.101,1.32785,1.32793,1.87,1.44
2017.10.02 05:54:09.253,1.32785,1.32793,2.25,1.12
2017.10.02 05:54:09.900,1.32786,1.32793,1.44,1.44
2017.10.02 05:54:10.437,1.32785,1.32793,1.87,1.44
2017.10.02 05:54:10.991,1.32785,1.32792,2.62,1.25
2017.10.02 05:54:11.620,1.32785,1.32792,1.87,1.19
2017.10.02 05:54:12.286,1.32785,1.32792,2.62,1.25
2017.10.02 05:54:13.466,1.32785,1.32792,1.87,1.19
2017.10.02 05:54:13.973,1.32785,1.32792,3.75,1.00
2017.10.02 05:54:14.488,1.32785,1.32792,2.81,1.00
2017.10.02 05:54:14.961,1.32785,1.3279,1.44,1.00
2017.10.02 05:54:15.117,1.32783,1.32789,1.19,1.19
2017.10.02 05:54:15.662,1.32783,1.32789,1.44,1.25
2017.10.02 05:54:16.199,1.32783,1.3279,1.44,2.06
2017.10.02 05:54:16.488,1.32783,1.3279,1.44,1.69
2017.10.02 05:54:17.752,1.32784,1.32791,1.05,2.81
2017.10.02 05:54:18.292,1.32785,1.32791,1.25,1.50
2017.10.02 05:54:19.044,1.32785,1.32791,1.19,1.00
2017.10.02 05:54:19.557,1.32785,1.32791,1.00,1.00
2017.10.02 05:54:20.062,1.32785,1.32791,1.19,1.00
2017.10.02 05:54:20.590,1.32785,1.32791,1.25,1.25
2017.10.02 05:54:21.351,1.32785,1.32791,1.44,1.25
2017.10.02 05:54:22.477,1.32785,1.32791,1.12,1.25
2017.10.02 05:54:22.726,1.32785,1.32791,1.12,1.44
2017.10.02 05:54:23.057,1.32785,1.32791,1.44,1.44
2017.10.02 05:54:23.752,1.32785,1.32791,1.69,1.44
2017.10.02 05:54:24.260,1.32785,1.32791,1.12,1.44
2017.10.02 05:54:24.799,1.32785,1.32791,1.12,1.12
2017.10.02 05:54:26.099,1.32785,1.32791,1.44,1.12
2017.10.02 05:54:26.253,1.32785,1.32791,1.50,1.25
2017.10.02 05:54:27.436,1.32785,1.32791,1.31,1.25
2017.10.02 05:54:28.046,1.32785,1.3279,1.62,1.00
2017.10.02 05:54:28.708,1.32785,1.3279,1.62,1.19
2017.10.02 05:54:29.233,1.32785,1.32792,1.69,1.87
2017.10.02 05:54:29.284,1.32785,1.32792,1.62,1.87
2017.10.02 05:54:29.806,1.32785,1.32792,1.62,1.87
2017.10.02 05:54:30.340,1.32783,1.3279,3.86,1.00
2017.10.02 05:54:30.899,1.32783,1.3279,4.61,1.00
2017.10.02 05:54:32.042,1.32785,1.3279,1.44,1.25
2017.10.02 05:54:32.547,1.32785,1.3279,1.44,1.19
2017.10.02 05:54:34.336,1.32784,1.32789,1.50,1.19
2017.10.02 05:54:34.844,1.32784,1.32789,1.19,1.25
2017.10.02 05:54:35.606,1.32782,1.32789,2.00,1.19
2017.10.02 05:54:36.137,1.32782,1.32789,1.76,1.19
2017.10.02 05:54:36.645,1.32782,1.32789,3.11,1.19
2017.10.02 05:54:37.204,1.32783,1.32789,1.75,1.19
2017.10.02 05:54:37.255,1.32783,1.32789,1.81,1.00
2017.10.02 05:54:37.662,1.32784,1.32791,1.80,2.25
2017.10.02 05:54:37.830,1.32785,1.32792,4.31,1.37
2017.10.02 05:54:38.188,1.32788,1.32793,1.50,1.37
2017.10.02 05:54:38.240,1.32788,1.32794,1.67,1.44
2017.10.02 05:54:38.393,1.3279,1.32795,1.86,1.12
2017.10.02 05:54:38.495,1.3279,1.32796,1.87,5.44
2017.10.02 05:54:38.547,1.32789,1.32796,1.44,3.94
2017.10.02 05:54:38.701,1.32788,1.32793,1.50,1.00
2017.10.02 05:54:38.804,1.32786,1.32791,1.31,1.00
2017.10.02 05:54:38.855,1.32785,1.32791,2.62,1.19
2017.10.02 05:54:39.357,1.32785,1.32791,1.94,1.44
2017.10.02 05:54:40.165,1.32784,1.32791,3.19,1.69
2017.10.02 05:54:40.931,1.32784,1.32791,2.32,1.87
2017.10.02 05:54:41.450,1.32784,1.3279,1.31,1.37
2017.10.02 05:54:42.147,1.32784,1.3279,1.31,1.87
2017.10.02 05:54:42.848,1.32784,1.3279,1.31,1.87
2017.10.02 05:54:43.361,1.32784,1.3279,1.31,1.44
2017.10.02 05:54:43.588,1.32784,1.3279,1.69,1.44
2017.10.02 05:54:43.690,1.32784,1.3279,1.69,1.87
2017.10.02 05:54:44.339,1.32784,1.3279,1.19,1.87
2017.10.02 05:54:44.876,1.32784,1.3279,1.19,1.87
2017.10.02 05:54:45.562,1.32782,1.3279,2.74,2.62
2017.10.02 05:54:46.375,1.32783,1.3279,2.85,1.87
2017.10.02 05:54:46.528,1.32784,1.3279,1.05,1.87
2017.10.02 05:54:46.579,1.32783,1.3279,1.86,1.87
2017.10.02 05:54:47.251,1.32783,1.3279,2.29,1.87
2017.10.02 05:54:47.302,1.32784,1.3279,1.49,1.87
2017.10.02 05:54:48.457,1.32784,1.3279,1.49,1.87
2017.10.02 05:54:48.964,1.32783,1.3279,2.29,3.75
2017.10.02 05:54:49.067,1.32783,1.3279,1.44,3.75
2017.10.02 05:54:49.586,1.32783,1.32789,2.29,1.44
2017.10.02 05:54:50.093,1.32784,1.32789,1.49,1.25
2017.10.02 05:54:50.602,1.32786,1.3279,1.00,1.19
2017.10.02 05:54:50.927,1.32786,1.32792,1.44,1.87
2017.10.02 05:54:51.897,1.32786,1.32792,1.69,1.87
2017.10.02 05:54:52.241,1.32787,1.32792,1.00,1.87
2017.10.02 05:54:55.949,1.32787,1.32792,1.44,1.87
2017.10.02 05:54:56.730,1.32787,1.32792,1.31,1.44
2017.10.02 05:54:56.833,1.32789,1.32794,1.31,2.06
2017.10.02 05:54:56.993,1.32789,1.32794,1.69,1.31
2017.10.02 05:54:57.557,1.3279,1.32794,1.00,1.31
2017.10.02 05:54:58.145,1.3279,1.32794,1.00,2.06
2017.10.02 05:54:58.552,1.3279,1.32794,1.25,2.06
2017.10.02 05:54:59.188,1.3279,1.32794,1.25,1.19
2017.10.02 05:54:59.392,1.32788,1.32791,1.00,1.25
2017.10.02 05:54:59.630,1.32784,1.32789,1.00,1.44
2017.10.02 05:55:00.156,1.32784,1.32791,1.31,2.62
2017.10.02 05:55:00.706,1.32784,1.32791,1.50,1.44
2017.10.02 05:55:01.641,1.32784,1.3279,1.37,1.25
2017.10.02 05:55:05.272,1.32784,1.32791,1.72,1.12
2017.10.02 05:55:06.949,1.32784,1.32791,2.47,1.87
2017.10.02 05:55:07.777,1.32784,1.32791,1.72,1.87
2017.10.02 05:55:08.099,1.32784,1.32791,1.72,1.87
2017.10.02 05:55:10.505,1.32784,1.3279,1.25,1.37
2017.10.02 05:55:11.649,1.32784,1.32791,1.54,2.62
2017.10.02 05:55:12.498,1.32784,1.32791,1.87,1.87
2017.10.02 05:55:13.006,1.32784,1.32791,1.87,1.87
2017.10.02 05:55:14.004,1.32784,1.32791,2.47,1.87
2017.10.02 05:55:14.313,1.32795,1.32797,1.00,1.12
2017.10.02 05:55:14.833,1.32796,1.32798,1.37,1.69
2017.10.02 05:55:15.388,1.32796,1.328,2.06,1.87
2017.10.02 05:55:15.598,1.32798,1.32802,1.00,1.87
2017.10.02 05:55:16.113,1.32799,1.32802,1.00,1.37
2017.10.02 05:55:16.788,1.32799,1.32803,1.31,1.87
2017.10.02 05:55:17.399,1.32799,1.32803,1.31,1.44
2017.10.02 05:55:17.741,1.32793,1.32797,1.25,2.66
2017.10.02 05:55:17.978,1.32793,1.32797,1.37,1.25
2017.10.02 05:55:18.547,1.32793,1.32797,1.37,1.19
2017.10.02 05:55:19.166,1.32787,1.32791,1.00,3.04
2017.10.02 05:55:19.477,1.32785,1.32787,1.00,1.25
2017.10.02 05:55:20.000,1.32786,1.32788,1.00,1.31
2017.10.02 05:55:20.502,1.32785,1.3279,1.00,1.44
2017.10.02 05:55:20.810,1.32788,1.3279,1.50,1.19
2017.10.02 05:55:21.327,1.32788,1.3279,1.00,1.00
2017.10.02 05:55:21.642,1.32783,1.32786,1.69,3.37
2017.10.02 05:55:21.796,1.32783,1.32786,1.69,1.25
2017.10.02 05:55:21.848,1.32783,1.32786,1.69,1.19
2017.10.02 05:55:22.413,1.32783,1.32786,1.50,1.44
2017.10.02 05:55:23.340,1.32783,1.32787,1.50,1.87
2017.10.02 05:55:24.096,1.32783,1.32787,1.87,1.25
2017.10.02 05:55:24.605,1.32785,1.32788,1.00,1.44
2017.10.02 05:55:24.708,1.32785,1.32789,1.25,1.87
2017.10.02 05:55:25.238,1.32785,1.32789,1.25,1.87
2017.10.02 05:55:25.989,1.32785,1.32789,1.25,1.37
2017.10.02 05:55:26.639,1.32785,1.32789,1.25,1.37
2017.10.02 05:55:27.143,1.32785,1.32789,1.25,1.37
2017.10.02 05:55:27.814,1.32785,1.32788,1.12,1.44
2017.10.02 05:55:28.345,1.32784,1.32788,1.00,2.62
2017.10.02 05:55:28.848,1.32784,1.32787,1.00,1.19
2017.10.02 05:55:30.307,1.32782,1.32786,1.50,1.44
2017.10.02 05:55:31.072,1.32782,1.32787,1.25,1.87
2017.10.02 05:55:31.534,1.32782,1.32787,1.00,1.87
2017.10.02 05:55:32.252,1.32783,1.32787,2.44,1.44
2017.10.02 05:55:32.303,1.32783,1.32789,2.62,1.87
2017.10.02 05:55:32.500,1.32786,1.32792,1.00,2.25
2017.10.02 05:55:33.033,1.32787,1.32792,1.00,2.25
2017.10.02 05:55:34.678,1.32787,1.32792,1.25,1.37
2017.10.02 05:55:35.225,1.32787,1.32792,1.00,1.37
2017.10.02 05:55:35.930,1.32787,1.32792,1.00,1.37
2017.10.02 05:55:36.686,1.32787,1.32791,1.00,1.37
2017.10.02 05:55:37.094,1.32785,1.32789,1.00,1.37
2017.10.02 05:55:37.382,1.32785,1.32789,1.00,1.37
2017.10.02 05:55:37.902,1.32785,1.32789,1.25,1.37
2017.10.02 05:55:38.725,1.32785,1.32789,2.81,1.19
2017.10.02 05:55:38.777,1.32785,1.32789,5.62,1.19
2017.10.02 05:55:38.828,1.32786,1.32792,6.37,2.25
2017.10.02 05:55:39.032,1.3279,1.32795,12.94,2.25
2017.10.02 05:55:39.237,1.3279,1.32795,1.25,3.00
2017.10.02 05:55:39.746,1.3279,1.32795,1.19,3.00
2017.10.02 05:55:41.041,1.3279,1.32795,1.25,1.87
2017.10.02 05:55:42.847,1.32791,1.32795,1.00,1.37
2017.10.02 05:55:43.470,1.32791,1.32795,1.19,1.44
2017.10.02 05:55:44.252,1.3279,1.32795,1.25,1.37
2017.10.02 05:55:44.493,1.32788,1.32793,1.25,1.50
2017.10.02 05:55:45.505,1.32789,1.32793,1.00,1.87
2017.10.02 05:55:45.607,1.3279,1.32795,1.00,1.87
2017.10.02 05:55:45.887,1.32788,1.32793,1.25,1.87
2017.10.02 05:55:46.495,1.32786,1.32792,3.19,1.37
2017.10.02 05:55:47.337,1.32787,1.32792,1.19,1.37
2017.10.02 05:55:49.094,1.32786,1.32793,3.37,1.37
2017.10.02 05:55:51.654,1.32788,1.32793,1.19,2.62
2017.10.02 05:55:52.209,1.32787,1.32793,1.19,1.87
2017.10.02 05:55:53.562,1.32788,1.32793,1.31,1.19
2017.10.02 05:55:53.739,1.32789,1.32795,1.87,1.44
2017.10.02 05:55:53.894,1.32789,1.32793,1.19,1.19
2017.10.02 05:55:53.996,1.32787,1.32792,1.69,1.37
2017.10.02 05:55:54.760,1.3279,1.32792,1.25,1.19
2017.10.02 05:55:54.912,1.3279,1.32795,4.69,2.62
2017.10.02 05:55:55.421,1.32791,1.32795,1.25,1.37
2017.10.02 05:55:56.248,1.32789,1.32796,2.81,1.37
2017.10.02 05:55:56.401,1.32789,1.32795,1.00,1.62
2017.10.02 05:55:56.453,1.32787,1.32793,1.00,1.31
2017.10.02 05:55:56.607,1.32786,1.32792,1.25,1.37
2017.10.02 05:55:58.312,1.32786,1.32793,1.50,1.31
2017.10.02 05:56:00.227,1.32786,1.32793,1.00,1.87
2017.10.02 05:56:01.336,1.32785,1.32792,1.25,1.50
2017.10.02 05:56:02.375,1.32785,1.32792,1.00,2.06
2017.10.02 05:56:02.981,1.32785,1.32792,1.00,2.06
2017.10.02 05:56:04.078,1.32785,1.32792,1.00,1.62
2017.10.02 05:56:04.527,1.32787,1.32794,1.31,3.75
2017.10.02 05:56:04.579,1.32788,1.32794,2.29,2.25
2017.10.02 05:56:05.097,1.32789,1.32795,1.19,1.37
2017.10.02 05:56:06.896,1.32788,1.32794,1.00,1.44
2017.10.02 05:56:06.998,1.32786,1.32794,1.87,2.06
2017.10.02 05:56:07.698,1.32786,1.32794,1.87,3.56
2017.10.02 05:56:10.603,1.32786,1.32793,1.87,1.62
2017.10.02 05:56:11.609,1.32789,1.32794,2.66,1.44
2017.10.02 05:56:11.660,1.32792,1.32798,1.31,1.50
2017.10.02 05:56:13.153,1.32793,1.32798,1.00,1.44
2017.10.02 05:56:14.050,1.3279,1.32797,1.69,1.24
2017.10.02 05:56:14.103,1.32789,1.32794,1.00,1.05
2017.10.02 05:56:14.411,1.32781,1.32787,1.19,2.06
2017.10.02 05:56:14.758,1.3278,1.32786,1.00,1.44
2017.10.02 05:56:15.167,1.32776,1.32783,1.69,1.87
2017.10.02 05:56:15.320,1.32776,1.32781,1.00,1.19
2017.10.02 05:56:15.888,1.32776,1.32781,1.19,1.19
2017.10.02 05:56:16.042,1.32774,1.32779,1.12,1.60
2017.10.02 05:56:16.145,1.32772,1.32776,1.44,1.00
2017.10.02 05:56:16.196,1.3277,1.32776,3.00,1.00
2017.10.02 05:56:16.249,1.3277,1.32776,1.31,2.70
2017.10.02 05:56:16.353,1.32766,1.32775,2.06,3.45
2017.10.02 05:56:16.404,1.32766,1.32775,2.44,2.32
2017.10.02 05:56:16.710,1.3277,1.32775,1.25,1.19
2017.10.02 05:56:19.101,1.32768,1.32775,2.62,1.19
2017.10.02 05:56:19.671,1.3277,1.32775,1.00,1.19
2017.10.02 05:56:20.081,1.3277,1.32777,1.25,1.57
2017.10.02 05:56:20.287,1.32772,1.32777,1.00,1.20
2017.10.02 05:56:22.009,1.3277,1.32777,1.12,1.29
2017.10.02 05:56:22.519,1.3277,1.32776,1.25,2.32
2017.10.02 05:56:23.735,1.32769,1.32776,1.00,2.14
2017.10.02 05:56:25.468,1.32767,1.32775,1.19,1.01
2017.10.02 05:56:26.092,1.32767,1.32774,1.00,1.20
2017.10.02 05:56:26.597,1.32767,1.32774,1.19,1.01
2017.10.02 05:56:27.619,1.32767,1.32774,1.19,1.20
2017.10.02 05:56:28.461,1.32765,1.32773,1.25,2.89
2017.10.02 05:56:28.563,1.32765,1.32771,1.25,1.39
2017.10.02 05:56:28.615,1.32763,1.32771,3.75,1.39
2017.10.02 05:56:29.139,1.32766,1.32774,1.00,1.01
2017.10.02 05:56:30.383,1.32766,1.32773,1.00,3.37
2017.10.02 05:56:32.591,1.32766,1.32772,1.25,2.81
2017.10.02 05:56:34.116,1.32766,1.32772,1.19,2.81
2017.10.02 05:56:34.630,1.32766,1.32772,1.19,3.56
2017.10.02 05:56:38.096,1.32766,1.3277,1.00,1.00
2017.10.02 05:56:38.561,1.32763,1.3277,2.06,3.67
2017.10.02 05:56:38.612,1.32759,1.32765,3.00,1.19
2017.10.02 05:56:38.664,1.3276,1.32764,1.19,1.57
2017.10.02 05:56:38.975,1.32756,1.32763,1.44,4.76
2017.10.02 05:56:39.231,1.32758,1.32763,1.44,1.00
2017.10.02 05:56:39.741,1.32758,1.32765,1.44,1.95
2017.10.02 05:56:40.581,1.32757,1.32765,1.87,1.70
2017.10.02 05:56:40.838,1.32756,1.32764,3.19,1.57
2017.10.02 05:56:40.940,1.32753,1.32762,4.87,1.76
2017.10.02 05:56:41.451,1.32753,1.3276,1.69,1.76
2017.10.02 05:56:41.989,1.32753,1.3276,1.25,1.45
2017.10.02 05:56:42.498,1.32753,1.3276,1.19,1.01
2017.10.02 05:56:43.429,1.32753,1.32761,1.00,3.45
2017.10.02 05:56:43.936,1.32752,1.32761,1.69,3.82
2017.10.02 05:56:44.550,1.32752,1.3276,2.06,1.01
2017.10.02 05:56:45.822,1.32752,1.3276,1.50,1.20
2017.10.02 05:56:45.874,1.32754,1.3276,4.50,1.25
2017.10.02 05:56:46.029,1.32757,1.32764,1.49,1.76
2017.10.02 05:56:46.999,1.32758,1.32765,1.00,1.31
2017.10.02 05:56:47.800,1.32758,1.32765,1.50,1.29
2017.10.02 05:56:48.323,1.32758,1.32766,1.25,3.19
2017.10.02 05:56:48.783,1.32758,1.32766,1.62,3.45
2017.10.02 05:56:48.936,1.32758,1.32766,1.00,2.44
2017.10.02 05:56:53.896,1.32759,1.32765,1.25,1.19
2017.10.02 05:56:54.303,1.32759,1.32766,1.44,1.25
2017.10.02 05:56:55.604,1.32759,1.32767,2.06,1.44
2017.10.02 05:56:56.705,1.32759,1.32768,3.56,2.70
2017.10.02 05:56:57.805,1.32759,1.32768,3.94,1.95
2017.10.02 05:56:58.599,1.32761,1.32768,1.19,1.87
2017.10.02 05:56:59.122,1.32761,1.32768,1.31,1.87
2017.10.02 05:57:00.102,1.32761,1.32768,1.31,1.19
2017.10.02 05:57:00.388,1.32761,1.32769,2.62,1.29
2017.10.02 05:57:00.987,1.32761,1.32768,1.37,1.25
2017.10.02 05:57:02.995,1.32761,1.32767,2.44,1.19
2017.10.02 05:57:03.047,1.32759,1.32767,1.56,2.66
2017.10.02 05:57:03.099,1.32758,1.32764,1.00,1.44
2017.10.02 05:57:03.634,1.32758,1.32764,1.19,1.44
2017.10.02 05:57:03.922,1.32758,1.32766,1.69,2.14
2017.10.02 05:57:04.025,1.32758,1.32765,1.50,1.95
2017.10.02 05:57:04.535,1.32756,1.32764,1.37,1.20
2017.10.02 05:57:04.791,1.32758,1.32765,2.62,1.69
2017.10.02 05:57:05.358,1.32759,1.32765,1.00,1.00
2017.10.02 05:57:05.894,1.32764,1.32767,1.25,1.76
2017.10.02 05:57:05.997,1.32764,1.32768,1.19,1.00
2017.10.02 05:57:06.507,1.32763,1.3277,1.31,3.30
2017.10.02 05:57:07.052,1.32763,1.32769,1.19,1.34
2017.10.02 05:57:07.424,1.32762,1.3277,2.06,4.80
2017.10.02 05:57:07.527,1.32762,1.32769,1.31,4.05
2017.10.02 05:57:08.035,1.3276,1.32767,1.87,1.24
2017.10.02 05:57:08.552,1.3276,1.32768,1.19,2.92
2017.10.02 05:57:09.080,1.3276,1.32768,1.00,2.92
2017.10.02 05:57:09.587,1.3276,1.32767,1.00,1.20
2017.10.02 05:57:09.896,1.3276,1.32766,1.00,4.61
2017.10.02 05:57:10.432,1.3276,1.32765,1.00,1.57
2017.10.02 05:57:11.197,1.3276,1.32766,1.00,2.32
2017.10.02 05:57:12.590,1.3276,1.32766,1.00,1.12
2017.10.02 05:57:13.150,1.32759,1.32765,1.25,1.19
2017.10.02 05:57:14.216,1.3276,1.32766,1.00,4.95
2017.10.02 05:57:14.720,1.32759,1.32765,1.25,1.37
2017.10.02 05:57:15.240,1.32759,1.32765,1.19,1.37
2017.10.02 05:57:16.047,1.32759,1.32765,2.06,1.05
2017.10.02 05:57:16.352,1.32759,1.32766,1.19,5.17
2017.10.02 05:57:16.878,1.32759,1.32765,1.31,1.10
2017.10.02 05:57:17.892,1.32759,1.32765,1.31,1.01
2017.10.02 05:57:18.654,1.32759,1.32765,1.19,1.61
2017.10.02 05:57:19.200,1.32759,1.32765,1.19,1.61
2017.10.02 05:57:19.719,1.32759,1.32765,1.19,1.61
2017.10.02 05:57:20.232,1.32759,1.32764,1.31,1.15
2017.10.02 05:57:20.754,1.32759,1.32764,1.19,3.04
2017.10.02 05:57:20.909,1.32757,1.32765,2.00,1.99
2017.10.02 05:57:21.493,1.32758,1.32766,1.44,3.67
2017.10.02 05:57:21.697,1.32758,1.32765,1.44,1.89
2017.10.02 05:57:21.903,1.32758,1.32764,1.50,1.05
2017.10.02 05:57:22.415,1.32758,1.32765,1.44,1.25
2017.10.02 05:57:23.180,1.32758,1.32765,1.44,2.36
2017.10.02 05:57:25.362,1.32758,1.32764,1.50,1.05
2017.10.02 05:57:25.892,1.32758,1.32765,1.44,1.89
2017.10.02 05:57:26.397,1.32758,1.32764,1.12,1.60
2017.10.02 05:57:27.074,1.32758,1.32763,1.12,1.19
2017.10.02 05:57:27.593,1.32758,1.32763,1.19,1.44
2017.10.02 05:57:28.140,1.32757,1.32764,1.87,3.30
2017.10.02 05:57:28.598,1.32757,1.32763,1.25,1.91
2017.10.02 05:57:28.700,1.32755,1.32761,1.69,1.80
2017.10.02 05:57:29.208,1.32755,1.32763,1.25,3.56
2017.10.02 05:57:29.841,1.32757,1.32764,2.81,1.39
2017.10.02 05:57:29.994,1.3276,1.32767,1.25,1.39
2017.10.02 05:57:30.149,1.32761,1.32765,1.25,1.44
2017.10.02 05:57:30.924,1.3276,1.32765,1.25,1.20
2017.10.02 05:57:31.435,1.3276,1.32765,1.25,1.57
2017.10.02 05:57:31.895,1.3276,1.32765,1.56,1.07
2017.10.02 05:57:32.197,1.32762,1.32768,1.19,3.67
2017.10.02 05:57:32.649,1.3276,1.32767,2.62,1.44
2017.10.02 05:57:32.752,1.32762,1.32768,2.06,1.57
2017.10.02 05:57:32.858,1.32765,1.32769,1.69,1.00
2017.10.02 05:57:32.910,1.32765,1.32772,1.25,2.62
2017.10.02 05:57:32.963,1.32765,1.32772,2.06,1.47
2017.10.02 05:57:33.118,1.32766,1.32772,1.00,1.80
2017.10.02 05:57:33.171,1.32766,1.32768,4.50,1.19
2017.10.02 05:57:33.324,1.32769,1.32772,1.00,1.44
2017.10.02 05:57:33.376,1.3277,1.32774,2.81,1.31
2017.10.02 05:57:33.428,1.32773,1.32776,1.00,1.12
2017.10.02 05:57:34.906,1.32772,1.32777,2.44,1.44
2017.10.02 05:57:36.013,1.32772,1.32777,2.44,1.44
2017.10.02 05:57:36.065,1.32769,1.32776,1.87,1.87
2017.10.02 05:57:36.117,1.32766,1.32773,1.37,2.89
2017.10.02 05:57:36.168,1.32765,1.32771,1.69,1.62
2017.10.02 05:57:36.475,1.32766,1.32774,1.87,4.95
2017.10.02 05:57:36.731,1.32764,1.3277,1.25,1.37
2017.10.02 05:57:37.243,1.32764,1.3277,1.87,1.44
2017.10.02 05:57:37.396,1.32765,1.32772,1.25,1.12
2017.10.02 05:57:37.549,1.32765,1.32772,1.25,1.81
2017.10.02 05:57:38.088,1.32765,1.32772,1.69,1.81
2017.10.02 05:57:38.853,1.32765,1.32772,1.69,1.12
2017.10.02 05:57:39.515,1.32765,1.32772,1.69,1.50
2017.10.02 05:57:40.943,1.32764,1.32772,1.87,2.14
2017.10.02 05:57:40.994,1.32762,1.32769,1.44,1.44
2017.10.02 05:57:41.149,1.32759,1.32767,2.62,4.57
2017.10.02 05:57:41.200,1.32761,1.32767,1.19,2.51
2017.10.02 05:57:41.507,1.32764,1.3277,2.44,1.20
2017.10.02 05:57:42.122,1.32764,1.32771,1.87,1.82
2017.10.02 05:57:42.649,1.32765,1.32772,1.19,3.07
2017.10.02 05:57:45.597,1.32765,1.32772,1.25,2.14
2017.10.02 05:57:46.153,1.32765,1.32772,1.19,1.95
2017.10.02 05:57:50.196,1.32766,1.32772,1.69,1.95
2017.10.02 05:57:50.703,1.32766,1.32772,1.00,1.95
2017.10.02 05:57:51.444,1.32766,1.32773,1.00,2.14
2017.10.02 05:57:51.496,1.32766,1.32773,1.69,1.95
2017.10.02 05:57:51.752,1.3277,1.32777,1.19,2.70
2017.10.02 05:57:52.110,1.32769,1.32776,1.69,2.17
2017.10.02 05:57:52.517,1.32766,1.32774,3.00,4.61
2017.10.02 05:57:52.724,1.32768,1.32773,1.19,1.91
2017.10.02 05:57:53.234,1.32767,1.32773,1.87,1.10
2017.10.02 05:57:53.285,1.32767,1.32774,2.44,1.39
2017.10.02 05:57:53.491,1.32771,1.32776,1.19,1.01
2017.10.02 05:57:54.156,1.3277,1.32777,1.69,2.51
2017.10.02 05:57:55.174,1.32772,1.32778,1.00,1.76
2017.10.02 05:57:55.276,1.32771,1.32777,1.25,2.14
2017.10.02 05:57:55.755,1.3277,1.32775,2.06,1.00
2017.10.02 05:57:56.268,1.32772,1.32777,1.19,1.70
2017.10.02 05:57:56.844,1.32773,1.32778,1.19,3.45
2017.10.02 05:57:57.251,1.32774,1.32779,1.25,1.01
2017.10.02 05:57:59.042,1.32774,1.32781,1.19,2.17
2017.10.02 05:58:01.736,1.32774,1.32781,1.19,3.97
2017.10.02 05:58:02.387,1.32774,1.32781,1.19,1.87
2017.10.02 05:58:03.516,1.32774,1.32781,1.19,1.12
2017.10.02 05:58:04.040,1.32774,1.32781,1.19,1.72
2017.10.02 05:58:06.451,1.32775,1.32781,1.25,1.87
2017.10.02 05:58:06.502,1.32771,1.3278,3.75,1.37
2017.10.02 05:58:06.554,1.32771,1.32778,2.25,1.60
2017.10.02 05:58:06.708,1.32767,1.32774,1.19,1.16
2017.10.02 05:58:06.964,1.32766,1.32774,1.69,2.85
2017.10.02 05:58:07.270,1.32766,1.3277,1.25,1.00
2017.10.02 05:58:07.373,1.32759,1.32767,4.01,2.85
2017.10.02 05:58:07.899,1.32759,1.32767,1.69,3.37
2017.10.02 05:58:08.459,1.32759,1.32766,1.69,1.12
2017.10.02 05:58:08.889,1.32759,1.32766,1.25,1.50
2017.10.02 05:58:11.001,1.32759,1.32765,1.25,1.44
2017.10.02 05:58:11.512,1.32759,1.32765,1.25,1.12
2017.10.02 05:58:12.073,1.32759,1.32765,1.25,1.69
2017.10.02 05:58:12.589,1.32757,1.32765,1.69,1.69
2017.10.02 05:58:13.142,1.32757,1.32765,1.69,1.87
2017.10.02 05:58:13.689,1.32757,1.32765,1.69,1.87
2017.10.02 05:58:14.442,1.32757,1.32765,1.69,2.44
2017.10.02 05:58:14.986,1.32759,1.32765,1.25,1.25
2017.10.02 05:58:16.585,1.32759,1.32765,1.25,1.37
2017.10.02 05:58:16.789,1.32763,1.32766,1.00,1.44
2017.10.02 05:58:16.841,1.32761,1.32768,1.00,3.00
2017.10.02 05:58:16.892,1.32763,1.32767,1.00,1.19
2017.10.02 05:58:17.046,1.32764,1.32769,1.00,1.19
2017.10.02 05:58:17.100,1.32765,1.3277,1.25,1.31
2017.10.02 05:58:17.204,1.32763,1.32769,1.25,3.00
2017.10.02 05:58:18.846,1.32763,1.32768,1.69,1.12
2017.10.02 05:58:21.301,1.32763,1.32768,1.25,1.56
2017.10.02 05:58:21.607,1.32768,1.32772,1.25,1.69
2017.10.02 05:58:21.658,1.32768,1.32775,1.25,5.32
2017.10.02 05:58:21.709,1.32767,1.32775,1.87,6.75
2017.10.02 05:58:22.118,1.32768,1.32775,1.25,5.25
2017.10.02 05:58:22.687,1.32769,1.32775,1.00,3.97
2017.10.02 05:58:22.840,1.32767,1.32775,1.12,4.91
2017.10.02 05:58:23.524,1.32768,1.32774,1.00,1.37
2017.10.02 05:58:24.043,1.32771,1.32775,1.00,2.25
2017.10.02 05:58:24.096,1.32771,1.32776,2.06,1.00
2017.10.02 05:58:24.148,1.32772,1.32776,1.87,1.00
2017.10.02 05:58:24.334,1.32773,1.3278,1.00,2.00
2017.10.02 05:58:24.846,1.32774,1.3278,1.00,1.31
2017.10.02 05:58:25.110,1.32774,1.3278,1.00,1.31
2017.10.02 05:58:25.735,1.32774,1.32781,1.00,1.69
2017.10.02 05:58:26.244,1.32775,1.32782,1.25,3.75
2017.10.02 05:58:27.767,1.32775,1.32782,1.00,2.25
2017.10.02 05:58:30.121,1.32776,1.32782,1.00,2.06
2017.10.02 05:58:30.650,1.32775,1.32781,1.69,1.37
2017.10.02 05:58:32.096,1.32775,1.32782,1.69,1.57
2017.10.02 05:58:32.813,1.32776,1.32782,1.19,1.50
2017.10.02 05:58:32.915,1.32776,1.32784,1.19,3.07
2017.10.02 05:58:33.474,1.32776,1.32783,1.19,1.47
2017.10.02 05:58:36.092,1.32776,1.32783,1.00,1.66
2017.10.02 05:58:36.499,1.32776,1.32783,1.31,1.47
2017.10.02 05:58:37.066,1.32776,1.32783,1.00,2.14
2017.10.02 05:58:37.321,1.32776,1.32783,1.31,2.70
2017.10.02 05:58:37.372,1.32776,1.32783,1.00,2.70
2017.10.02 05:58:39.240,1.32776,1.32783,1.19,5.17
2017.10.02 05:58:39.750,1.32776,1.32782,1.31,1.24
2017.10.02 05:58:40.005,1.32776,1.32783,3.37,1.99
2017.10.02 05:58:40.259,1.32776,1.32782,1.87,1.24
2017.10.02 05:58:41.540,1.32776,1.32781,1.69,1.25
2017.10.02 05:58:44.785,1.32776,1.32781,1.00,1.25
2017.10.02 05:58:46.679,1.32776,1.32781,1.19,1.12
2017.10.02 05:58:47.184,1.32776,1.32781,3.00,1.25
2017.10.02 05:58:47.344,1.32776,1.32783,3.37,1.01
2017.10.02 05:58:47.396,1.32781,1.32783,1.19,1.25
2017.10.02 05:58:47.448,1.32782,1.32785,1.19,1.31
2017.10.02 05:58:47.499,1.32783,1.32786,1.19,1.25
2017.10.02 05:58:47.602,1.32783,1.32788,1.19,1.44
2017.10.02 05:58:47.653,1.32783,1.32788,1.12,1.44
2017.10.02 05:58:47.806,1.32783,1.32788,1.44,1.25
2017.10.02 05:58:48.641,1.32784,1.32788,1.00,1.44
2017.10.02 05:58:49.155,1.32783,1.32788,1.00,1.44
2017.10.02 05:58:49.688,1.32781,1.32788,2.44,1.44
2017.10.02 05:58:50.195,1.32781,1.32788,2.81,1.44
2017.10.02 05:58:51.090,1.32781,1.32788,2.44,1.31
2017.10.02 05:58:51.357,1.32781,1.32788,2.81,1.44
2017.10.02 05:58:52.819,1.32781,1.32788,2.25,1.44
2017.10.02 05:58:53.374,1.32781,1.32785,1.50,1.25
2017.10.02 05:58:54.133,1.32781,1.32785,2.06,1.25
2017.10.02 05:58:54.706,1.32783,1.32785,1.00,1.25
2017.10.02 05:58:54.757,1.32785,1.32789,1.25,1.25
2017.10.02 05:58:56.591,1.32784,1.32789,1.00,1.25
2017.10.02 05:58:58.993,1.32786,1.32789,1.00,1.25
2017.10.02 05:58:59.450,1.32784,1.32789,1.25,1.25
2017.10.02 05:58:59.501,1.32786,1.32789,1.00,1.25
2017.10.02 05:58:59.705,1.32784,1.32789,1.69,1.25
2017.10.02 05:58:59.960,1.32784,1.32789,1.56,1.25
2017.10.02 05:59:00.163,1.32785,1.32789,1.25,1.12
2017.10.02 05:59:00.498,1.32787,1.32792,1.00,3.07
2017.10.02 05:59:00.804,1.3279,1.32796,1.19,1.57
2017.10.02 05:59:01.415,1.32791,1.32797,1.25,2.32
2017.10.02 05:59:01.570,1.32791,1.32798,1.25,5.74
2017.10.02 05:59:02.389,1.32791,1.32796,1.00,2.32
2017.10.02 05:59:02.921,1.32791,1.32797,1.00,1.01
2017.10.02 05:59:03.089,1.32791,1.32797,1.00,1.01
2017.10.02 05:59:03.243,1.32791,1.32797,1.00,1.01
2017.10.02 05:59:03.760,1.32791,1.32797,1.00,3.86
2017.10.02 05:59:04.360,1.32791,1.32797,1.00,3.11
2017.10.02 05:59:06.139,1.32791,1.32797,1.00,2.92
2017.10.02 05:59:06.649,1.32791,1.32796,1.00,1.95
2017.10.02 05:59:06.802,1.32791,1.32796,1.00,1.47
2017.10.02 05:59:07.361,1.32791,1.32797,1.00,2.32
2017.10.02 05:59:07.868,1.32791,1.32795,1.00,1.20
2017.10.02 05:59:08.386,1.32791,1.32796,1.00,2.32
2017.10.02 05:59:08.953,1.32791,1.32795,1.00,1.44
2017.10.02 05:59:09.056,1.32788,1.32796,2.06,1.95
2017.10.02 05:59:09.158,1.32787,1.32793,2.06,1.20
2017.10.02 05:59:09.465,1.32786,1.32792,1.00,1.99
2017.10.02 05:59:09.567,1.32786,1.32792,1.00,1.39
2017.10.02 05:59:09.758,1.32784,1.32791,1.87,1.20
2017.10.02 05:59:09.962,1.32786,1.32792,1.00,2.92
2017.10.02 05:59:10.114,1.32784,1.32791,1.69,1.20
2017.10.02 05:59:10.217,1.32788,1.32793,1.69,2.14
2017.10.02 05:59:10.269,1.32789,1.32795,1.25,1.95
2017.10.02 05:59:10.793,1.3279,1.32796,1.00,1.57
2017.10.02 05:59:12.205,1.32791,1.32796,1.00,1.20
2017.10.02 05:59:12.307,1.32791,1.32797,1.00,1.26
2017.10.02 05:59:12.822,1.32792,1.32796,1.00,1.25
2017.10.02 05:59:13.127,1.3279,1.32797,1.00,1.99
2017.10.02 05:59:13.230,1.32788,1.32794,1.50,1.79
2017.10.02 05:59:13.467,1.32787,1.32793,1.00,1.15
2017.10.02 05:59:13.519,1.32789,1.32795,1.00,4.05
2017.10.02 05:59:13.725,1.32791,1.32796,1.25,1.50
2017.10.02 05:59:14.236,1.32792,1.32797,1.00,1.20
2017.10.02 05:59:14.389,1.32791,1.32796,1.00,1.05
2017.10.02 05:59:14.935,1.32791,1.32797,1.00,1.57
2017.10.02 05:59:15.445,1.32792,1.32797,1.00,2.17
2017.10.02 05:59:16.436,1.32792,1.32797,1.00,1.42
2017.10.02 05:59:16.940,1.32792,1.32797,1.00,1.42
2017.10.02 05:59:17.889,1.32792,1.32797,1.00,1.42
2017.10.02 05:59:19.369,1.3279,1.32797,1.00,1.42
2017.10.02 05:59:20.527,1.3279,1.32797,1.00,2.55
2017.10.02 05:59:23.311,1.32791,1.32797,1.00,2.55
2017.10.02 05:59:23.741,1.32793,1.32798,1.00,1.01
2017.10.02 05:59:23.843,1.32796,1.328,1.00,1.76
2017.10.02 05:59:23.894,1.32796,1.32801,1.00,1.57
2017.10.02 05:59:24.396,1.32797,1.32803,1.00,1.37
2017.10.02 05:59:25.077,1.32798,1.32804,1.00,1.47
2017.10.02 05:59:25.521,1.32796,1.32804,1.25,1.95
2017.10.02 05:59:26.031,1.32797,1.32804,1.00,1.80
2017.10.02 05:59:28.197,1.32795,1.32802,3.75,1.37
2017.10.02 05:59:28.249,1.32795,1.32802,1.69,2.32
2017.10.02 05:59:28.778,1.32796,1.32801,1.00,1.47
2017.10.02 05:59:29.291,1.32797,1.32801,1.00,1.44
2017.10.02 05:59:29.800,1.32798,1.32801,1.00,1.19
2017.10.02 05:59:29.903,1.32798,1.32803,1.00,1.37
2017.10.02 05:59:32.505,1.32801,1.32804,1.00,1.25
2017.10.02 05:59:32.710,1.32804,1.32809,1.00,1.57
2017.10.02 05:59:32.813,1.32802,1.32809,1.87,1.37
2017.10.02 05:59:33.068,1.32804,1.32809,1.00,1.47
2017.10.02 05:59:33.628,1.32803,1.3281,1.50,2.32
2017.10.02 05:59:34.166,1.32803,1.3281,1.50,2.32
2017.10.02 05:59:34.703,1.32803,1.3281,1.50,2.32
2017.10.02 05:59:35.112,1.32801,1.3281,2.62,1.57
2017.10.02 05:59:35.389,1.32801,1.32808,1.12,1.44
2017.10.02 05:59:35.916,1.32801,1.32809,1.12,1.87
2017.10.02 05:59:36.444,1.32801,1.32809,1.12,1.37
2017.10.02 05:59:37.124,1.32801,1.32805,1.12,1.00
2017.10.02 05:59:37.228,1.32798,1.32804,1.00,1.44
2017.10.02 05:59:37.737,1.32797,1.32804,1.25,3.07
2017.10.02 05:59:37.891,1.32795,1.32801,1.87,1.19
2017.10.02 05:59:38.249,1.32793,1.32801,1.19,4.20
2017.10.02 05:59:38.758,1.32793,1.32799,1.00,1.44
2017.10.02 05:59:42.504,1.32793,1.32801,1.25,2.32
2017.10.02 05:59:42.810,1.32793,1.32799,1.25,2.62
2017.10.02 05:59:43.379,1.32793,1.32798,1.25,1.00
2017.10.02 05:59:43.888,1.32793,1.32799,1.25,4.50
2017.10.02 05:59:44.437,1.32794,1.32797,1.00,1.00
2017.10.02 05:59:44.764,1.32792,1.32797,1.19,3.64
2017.10.02 05:59:44.817,1.32792,1.32797,1.69,1.00
2017.10.02 05:59:45.326,1.32792,1.32796,1.19,1.00
2017.10.02 05:59:46.247,1.32791,1.32797,2.44,3.56
2017.10.02 05:59:46.941,1.32791,1.32797,2.44,1.57
2017.10.02 05:59:46.992,1.32791,1.32797,2.44,3.45
2017.10.02 05:59:48.332,1.32792,1.32797,1.00,2.19
2017.10.02 05:59:48.539,1.32787,1.32792,1.69,1.69
2017.10.02 05:59:48.590,1.32787,1.32793,1.25,2.04
2017.10.02 05:59:49.243,1.32786,1.32792,1.25,4.01
2017.10.02 05:59:49.787,1.32787,1.3279,1.00,1.00
2017.10.02 05:59:50.297,1.32788,1.32791,1.00,1.00
2017.10.02 05:59:50.820,1.32787,1.32792,1.00,1.47
2017.10.02 05:59:51.126,1.32785,1.32789,1.69,1.10
2017.10.02 05:59:53.559,1.32784,1.32789,1.00,1.57
2017.10.02 05:59:53.763,1.32786,1.32789,1.00,2.81
2017.10.02 05:59:54.276,1.32785,1.32789,1.00,1.39
2017.10.02 05:59:54.781,1.32785,1.32789,1.00,2.19
2017.10.02 05:59:55.306,1.32784,1.32789,1.00,2.89
2017.10.02 05:59:55.873,1.32783,1.32789,1.69,3.82
2017.10.02 05:59:56.431,1.32784,1.32789,1.00,3.64
2017.10.02 05:59:56.992,1.32783,1.32789,1.50,3.82
2017.10.02 05:59:58.239,1.32784,1.32787,1.00,1.00
2017.10.02 05:59:58.645,1.32782,1.32786,1.50,1.54
2017.10.02 05:59:58.697,1.3278,1.32785,1.69,1.91
2017.10.02 05:59:58.748,1.3278,1.32784,1.25,1.57
2017.10.02 05:59:59.106,1.32777,1.32782,1.25,1.29
2017.10.02 05:59:59.209,1.32776,1.3278,1.50,1.01
2017.10.02 05:59:59.615,1.32777,1.3278,1.00,1.70
2017.10.02 05:59:59.718,1.32777,1.3278,1.00,1.01
2017.10.02 05:59:59.820,1.32776,1.32779,1.00,1.07
