2011.09.02 12:00:01.657,1.0947,1.09486,1.13,1.96
2011.09.02 12:00:02.275,1.0947,1.09487,1.13,2.71
2011.09.02 12:00:02.745,1.0947,1.09486,1.50,1.58
2011.09.02 12:00:03.196,1.09472,1.09487,1.50,1.50
2011.09.02 12:00:03.790,1.09475,1.0949,2.25,1.50
2011.09.02 12:00:04.030,1.09477,1.09493,1.13,1.21
2011.09.02 12:00:04.598,1.09477,1.09493,1.13,1.13
2011.09.02 12:00:05.729,1.09477,1.09493,1.88,1.13
2011.09.02 12:00:07.017,1.09477,1.09493,1.88,1.50
2011.09.02 12:00:08.061,1.09479,1.09494,1.13,2.25
2011.09.02 12:00:08.187,1.0948,1.09495,1.13,2.93
2011.09.02 12:00:09.093,1.09479,1.09495,1.13,2.85
2011.09.02 12:00:09.687,1.0948,1.09495,1.88,2.93
2011.09.02 12:00:10.049,1.09477,1.09493,1.13,2.63
2011.09.02 12:00:10.509,1.09476,1.09489,1.13,1.50
2011.09.02 12:00:11.077,1.09476,1.09492,1.13,1.13
2011.09.02 12:00:11.504,1.09476,1.09492,1.88,1.13
2011.09.02 12:00:12.335,1.09477,1.09493,1.50,1.88
2011.09.02 12:00:13.488,1.09475,1.09491,1.13,1.50
2011.09.02 12:00:14.758,1.09475,1.09491,1.50,1.50
2011.09.02 12:00:18.416,1.09474,1.09488,2.63,1.50
2011.09.02 12:00:18.986,1.09472,1.09488,1.50,1.50
2011.09.02 12:00:20.256,1.09472,1.09487,2.25,1.50
2011.09.02 12:00:24.226,1.09472,1.09486,1.50,1.50
2011.09.02 12:00:24.687,1.09472,1.09487,3.00,1.50
2011.09.02 12:00:24.809,1.09472,1.09487,2.25,1.50
2011.09.02 12:00:25.379,1.09472,1.09484,1.50,2.25
2011.09.02 12:00:25.499,1.09472,1.09485,1.50,1.50
2011.09.02 12:00:25.725,1.09472,1.09485,1.13,1.50
2011.09.02 12:00:26.088,1.09468,1.09484,3.38,1.88
2011.09.02 12:00:26.552,1.09468,1.09482,1.13,1.50
2011.09.02 12:00:26.690,1.09462,1.09478,1.88,2.25
2011.09.02 12:00:26.807,1.09461,1.09475,2.25,1.50
2011.09.02 12:00:27.172,1.09465,1.09479,1.13,2.33
2011.09.02 12:00:27.540,1.09461,1.09478,2.25,1.50
2011.09.02 12:00:28.128,1.09465,1.09478,1.13,1.50
2011.09.02 12:00:28.478,1.09466,1.09478,1.50,1.50
2011.09.02 12:00:29.411,1.09467,1.09478,2.25,1.50
2011.09.02 12:00:29.664,1.09469,1.09482,2.25,2.25
2011.09.02 12:00:29.790,1.09471,1.09482,1.50,2.25
2011.09.02 12:00:30.150,1.09471,1.09486,1.50,1.58
2011.09.02 12:00:30.744,1.09474,1.09486,2.25,1.58
2011.09.02 12:00:30.992,1.09482,1.09491,1.50,1.58
2011.09.02 12:00:31.574,1.09482,1.09493,1.50,1.43
2011.09.02 12:00:32.493,1.09483,1.09494,1.13,1.58
2011.09.02 12:00:32.738,1.09483,1.09496,1.13,3.31
2011.09.02 12:00:33.110,1.09477,1.09493,1.50,3.00
2011.09.02 12:00:33.229,1.09475,1.09489,1.50,2.25
2011.09.02 12:00:33.351,1.09472,1.09488,1.13,1.88
2011.09.02 12:00:34.464,1.09469,1.09484,2.25,1.13
2011.09.02 12:00:34.589,1.09468,1.09484,1.13,1.88
2011.09.02 12:00:34.710,1.09468,1.09484,1.13,1.96
2011.09.02 12:00:35.276,1.09468,1.09482,1.13,1.58
2011.09.02 12:00:35.852,1.09468,1.09482,1.13,1.96
2011.09.02 12:00:36.456,1.09468,1.09482,1.13,1.96
2011.09.02 12:00:36.821,1.09469,1.09485,1.13,1.58
2011.09.02 12:00:37.385,1.0947,1.09486,1.13,1.21
2011.09.02 12:00:38.867,1.0947,1.09486,1.13,3.83
2011.09.02 12:00:40.807,1.0947,1.09486,1.88,1.96
2011.09.02 12:00:40.926,1.09471,1.09486,1.13,1.21
2011.09.02 12:00:42.489,1.09472,1.09487,1.13,1.96
2011.09.02 12:00:42.609,1.09474,1.09488,1.13,2.33
2011.09.02 12:00:42.968,1.09477,1.0949,1.13,1.58
2011.09.02 12:00:43.587,1.09477,1.0949,1.88,1.50
2011.09.02 12:00:44.629,1.09478,1.0949,1.50,1.50
2011.09.02 12:00:45.734,1.0948,1.0949,1.50,1.50
2011.09.02 12:00:45.967,1.0948,1.09494,1.50,3.31
2011.09.02 12:00:46.088,1.0948,1.09494,1.50,2.56
2011.09.02 12:00:46.771,1.0948,1.09494,1.50,3.31
2011.09.02 12:00:47.262,1.09478,1.09494,1.88,4.06
2011.09.02 12:00:47.395,1.09474,1.0949,1.13,1.50
2011.09.02 12:00:47.748,1.09474,1.09491,1.50,1.58
2011.09.02 12:00:48.352,1.09478,1.09492,1.88,2.71
2011.09.02 12:00:48.608,1.09476,1.0949,1.13,1.13
2011.09.02 12:00:49.187,1.09476,1.0949,1.13,1.13
2011.09.02 12:00:49.415,1.09476,1.0949,1.13,1.88
2011.09.02 12:00:50.306,1.09476,1.09491,1.13,1.21
2011.09.02 12:00:50.886,1.09476,1.09492,1.13,1.21
2011.09.02 12:00:51.887,1.09477,1.09492,1.50,1.21
2011.09.02 12:00:53.135,1.09478,1.09493,1.13,1.58
2011.09.02 12:00:53.610,1.09476,1.09492,1.13,1.88
2011.09.02 12:00:54.133,1.09476,1.09493,1.88,1.21
2011.09.02 12:00:54.946,1.09477,1.09493,1.13,1.21
2011.09.02 12:00:55.295,1.09479,1.09494,1.50,4.06
2011.09.02 12:00:55.650,1.09473,1.09489,1.50,1.21
2011.09.02 12:00:55.767,1.09472,1.09487,1.13,1.50
2011.09.02 12:00:56.106,1.09472,1.09488,1.13,1.96
2011.09.02 12:00:56.808,1.09472,1.09488,1.13,1.96
2011.09.02 12:00:57.264,1.09474,1.09488,1.13,1.58
2011.09.02 12:00:58.116,1.09471,1.09487,2.25,1.50
2011.09.02 12:00:59.359,1.09476,1.0949,1.13,3.46
2011.09.02 12:01:00.167,1.09476,1.0949,1.13,3.46
2011.09.02 12:01:00.725,1.09476,1.0949,1.13,2.71
2011.09.02 12:01:02.133,1.09472,1.09488,2.25,1.58
2011.09.02 12:01:02.257,1.09472,1.09486,1.88,1.13
2011.09.02 12:01:03.148,1.09469,1.09485,1.13,1.13
2011.09.02 12:01:03.706,1.0947,1.09484,1.13,1.21
2011.09.02 12:01:04.278,1.0947,1.09486,1.50,3.46
2011.09.02 12:01:04.855,1.0947,1.09486,1.50,1.96
2011.09.02 12:01:05.221,1.0947,1.09487,1.50,2.33
2011.09.02 12:01:06.056,1.0947,1.09486,1.50,1.58
2011.09.02 12:01:06.417,1.09475,1.09489,1.13,2.33
2011.09.02 12:01:06.660,1.0947,1.09486,1.50,1.50
2011.09.02 12:01:06.780,1.0947,1.09484,1.50,1.50
2011.09.02 12:01:06.897,1.0947,1.09486,1.50,2.25
2011.09.02 12:01:07.515,1.09469,1.09485,1.50,1.13
2011.09.02 12:01:12.610,1.09469,1.09484,1.50,1.13
2011.09.02 12:01:13.087,1.09468,1.09481,1.50,1.88
2011.09.02 12:01:13.211,1.09464,1.0948,1.88,1.13
2011.09.02 12:01:13.341,1.09462,1.09478,2.85,1.50
2011.09.02 12:01:13.577,1.09464,1.0948,1.13,1.13
2011.09.02 12:01:14.631,1.09464,1.09481,1.88,3.83
2011.09.02 12:01:15.182,1.09467,1.09483,1.50,2.33
2011.09.02 12:01:15.658,1.0947,1.09483,1.13,1.58
2011.09.02 12:01:15.777,1.09469,1.09483,1.13,1.58
2011.09.02 12:01:16.896,1.09468,1.09483,1.88,1.58
2011.09.02 12:01:22.928,1.09468,1.09483,1.13,2.33
2011.09.02 12:01:23.050,1.09465,1.0948,1.50,1.13
2011.09.02 12:01:23.409,1.09461,1.09474,2.25,1.50
2011.09.02 12:01:24.381,1.09461,1.09478,2.25,1.58
2011.09.02 12:01:26.020,1.09461,1.09478,1.50,1.58
2011.09.02 12:01:26.585,1.0946,1.09478,1.50,2.33
2011.09.02 12:01:28.570,1.09458,1.09472,3.75,1.50
2011.09.02 12:01:28.809,1.09458,1.09475,3.75,1.50
2011.09.02 12:01:29.385,1.09458,1.09473,3.00,1.50
2011.09.02 12:01:29.945,1.09458,1.09474,2.25,1.50
2011.09.02 12:01:30.659,1.09458,1.09474,2.25,1.58
2011.09.02 12:01:33.237,1.09458,1.09474,1.13,1.96
2011.09.02 12:01:33.805,1.09455,1.09472,3.00,1.50
2011.09.02 12:01:34.285,1.09458,1.09474,1.50,2.71
2011.09.02 12:01:37.704,1.09458,1.09473,1.13,1.13
2011.09.02 12:01:38.265,1.09459,1.09474,1.13,1.96
2011.09.02 12:01:39.232,1.09457,1.09473,1.50,1.13
2011.09.02 12:01:39.356,1.09457,1.09473,1.13,1.13
2011.09.02 12:01:41.048,1.09455,1.09471,1.88,1.13
2011.09.02 12:01:41.407,1.09453,1.0947,2.25,1.58
2011.09.02 12:01:41.995,1.09455,1.09471,1.13,2.71
2011.09.02 12:01:42.347,1.09453,1.09468,1.88,1.88
2011.09.02 12:01:42.708,1.09453,1.09468,1.13,1.21
2011.09.02 12:01:43.296,1.09455,1.09469,1.13,1.96
2011.09.02 12:01:45.151,1.09454,1.09469,1.50,3.46
2011.09.02 12:01:46.212,1.09452,1.09464,1.50,1.13
2011.09.02 12:01:46.820,1.09453,1.09467,1.13,1.58
2011.09.02 12:01:46.942,1.09453,1.09469,1.13,2.71
2011.09.02 12:01:48.869,1.09452,1.09468,1.50,2.33
2011.09.02 12:01:49.347,1.09452,1.09467,1.13,1.13
2011.09.02 12:01:50.946,1.09453,1.09468,1.13,1.21
2011.09.02 12:01:51.548,1.09453,1.09467,1.13,1.13
2011.09.02 12:01:52.820,1.09452,1.09465,1.13,1.50
2011.09.02 12:01:53.451,1.09452,1.09467,1.88,1.88
2011.09.02 12:01:53.581,1.09452,1.09467,2.25,1.13
2011.09.02 12:01:54.596,1.09452,1.09466,1.88,1.50
2011.09.02 12:01:54.971,1.09452,1.09463,1.50,1.50
2011.09.02 12:01:55.576,1.09452,1.09466,1.88,1.50
2011.09.02 12:01:58.340,1.09452,1.09468,3.75,1.58
2011.09.02 12:01:58.462,1.09453,1.0947,1.50,2.33
2011.09.02 12:02:00.947,1.09453,1.09468,1.13,1.50
2011.09.02 12:02:01.074,1.09453,1.09468,1.13,1.50
2011.09.02 12:02:01.776,1.09453,1.09468,1.13,2.33
2011.09.02 12:02:02.016,1.09453,1.09469,1.50,1.58
2011.09.02 12:02:03.049,1.09454,1.09466,1.13,1.50
2011.09.02 12:02:03.168,1.09454,1.09467,1.13,1.58
2011.09.02 12:02:03.293,1.09453,1.09462,1.35,1.50
2011.09.02 12:02:03.659,1.09456,1.09473,3.00,2.33
2011.09.02 12:02:03.782,1.09457,1.09473,1.50,1.50
2011.09.02 12:02:04.393,1.09457,1.09471,1.35,1.50
2011.09.02 12:02:04.550,1.09451,1.09466,1.13,1.50
2011.09.02 12:02:04.668,1.09451,1.09468,1.88,2.63
2011.09.02 12:02:05.129,1.09451,1.09468,2.25,1.88
2011.09.02 12:02:05.248,1.09453,1.09468,1.13,2.63
2011.09.02 12:02:05.919,1.09453,1.09468,1.50,1.50
2011.09.02 12:02:06.602,1.09455,1.09472,2.25,2.71
2011.09.02 12:02:06.730,1.09458,1.09472,1.50,1.21
2011.09.02 12:02:07.077,1.09457,1.09473,1.13,1.13
2011.09.02 12:02:07.199,1.09459,1.09474,1.13,1.58
2011.09.02 12:02:07.944,1.09463,1.09478,2.25,1.21
2011.09.02 12:02:08.081,1.09463,1.09479,2.25,1.21
2011.09.02 12:02:08.658,1.09464,1.0948,1.50,1.58
2011.09.02 12:02:09.253,1.09465,1.09481,1.50,2.56
2011.09.02 12:02:09.857,1.09464,1.09481,1.88,2.48
2011.09.02 12:02:10.217,1.09466,1.09483,1.50,2.33
2011.09.02 12:02:10.786,1.09467,1.09481,1.50,1.13
2011.09.02 12:02:11.457,1.09468,1.09483,1.50,1.58
2011.09.02 12:02:11.819,1.09467,1.09483,1.13,1.96
2011.09.02 12:02:12.617,1.09466,1.09483,1.13,1.21
2011.09.02 12:02:12.978,1.09467,1.09483,1.13,1.21
2011.09.02 12:02:15.166,1.09467,1.09484,1.88,1.96
2011.09.02 12:02:16.488,1.09471,1.09486,1.13,2.33
2011.09.02 12:02:16.613,1.09472,1.09486,1.50,1.58
2011.09.02 12:02:17.217,1.09472,1.09487,1.50,1.13
2011.09.02 12:02:18.021,1.09472,1.09486,1.13,1.50
2011.09.02 12:02:18.138,1.09469,1.09486,2.25,2.25
2011.09.02 12:02:18.376,1.09469,1.09484,1.50,1.50
2011.09.02 12:02:18.607,1.09469,1.09486,2.25,2.25
2011.09.02 12:02:18.836,1.09469,1.09486,1.13,1.96
2011.09.02 12:02:21.405,1.09469,1.09483,1.50,1.13
2011.09.02 12:02:21.975,1.09468,1.09485,3.38,2.33
2011.09.02 12:02:22.209,1.09468,1.09481,1.50,1.13
2011.09.02 12:02:22.328,1.09465,1.09479,2.25,1.50
2011.09.02 12:02:22.688,1.09465,1.09479,1.13,1.13
2011.09.02 12:02:22.919,1.09467,1.09481,1.50,1.58
2011.09.02 12:02:23.265,1.09468,1.09482,1.50,1.21
2011.09.02 12:02:25.686,1.09469,1.09485,1.50,1.96
2011.09.02 12:02:26.420,1.09468,1.09485,1.50,2.33
2011.09.02 12:02:27.790,1.09471,1.09484,1.50,1.21
2011.09.02 12:02:32.567,1.09472,1.09485,1.50,1.58
2011.09.02 12:02:32.930,1.09472,1.09487,1.50,1.58
2011.09.02 12:02:33.171,1.09472,1.09487,1.50,1.58
2011.09.02 12:02:33.406,1.09471,1.09487,2.25,1.58
2011.09.02 12:02:33.639,1.09473,1.09485,1.50,1.21
2011.09.02 12:02:34.457,1.09471,1.09485,2.25,1.21
2011.09.02 12:02:35.250,1.09473,1.09487,1.50,1.58
2011.09.02 12:02:35.613,1.09473,1.09488,2.25,1.13
2011.09.02 12:02:36.207,1.09474,1.09489,1.13,1.50
2011.09.02 12:02:38.375,1.09474,1.0949,1.88,1.96
2011.09.02 12:02:38.905,1.09474,1.0949,1.88,1.96
2011.09.02 12:02:41.796,1.09474,1.0949,1.13,1.58
2011.09.02 12:02:41.917,1.09473,1.0949,5.25,1.58
2011.09.02 12:02:43.365,1.09474,1.09488,1.13,1.13
2011.09.02 12:02:43.951,1.09474,1.09488,1.13,1.13
2011.09.02 12:02:48.399,1.09473,1.09488,1.88,1.13
2011.09.02 12:02:48.648,1.09471,1.09486,1.13,1.13
2011.09.02 12:02:49.776,1.09471,1.09486,1.13,1.13
2011.09.02 12:02:50.347,1.09471,1.09488,1.88,1.58
2011.09.02 12:02:51.033,1.09478,1.09489,1.13,2.33
2011.09.02 12:02:51.289,1.09478,1.09494,1.88,1.96
2011.09.02 12:02:51.528,1.09478,1.09494,2.25,1.58
2011.09.02 12:02:52.387,1.09478,1.09494,1.88,3.00
2011.09.02 12:02:52.749,1.09476,1.09492,3.00,1.58
2011.09.02 12:02:53.108,1.09478,1.09494,1.50,3.08
2011.09.02 12:02:55.068,1.09478,1.09494,1.50,1.58
2011.09.02 12:03:00.646,1.0948,1.09495,1.13,1.96
2011.09.02 12:03:00.889,1.0948,1.09495,1.13,1.21
2011.09.02 12:03:01.458,1.09481,1.09495,1.88,1.21
2011.09.02 12:03:02.044,1.09477,1.09494,2.25,3.00
2011.09.02 12:03:02.615,1.09475,1.09492,2.63,1.96
2011.09.02 12:03:02.972,1.09478,1.09493,1.13,1.58
2011.09.02 12:03:03.325,1.09478,1.09494,1.88,1.13
2011.09.02 12:03:04.041,1.09481,1.09495,1.88,1.96
2011.09.02 12:03:05.386,1.09479,1.09495,1.50,2.63
2011.09.02 12:03:08.057,1.09479,1.09494,1.50,1.13
2011.09.02 12:03:08.410,1.09477,1.09493,2.63,1.88
2011.09.02 12:03:12.157,1.09478,1.09494,1.88,1.96
2011.09.02 12:03:12.630,1.09482,1.09495,1.13,2.33
2011.09.02 12:03:12.990,1.09488,1.09497,1.13,1.13
2011.09.02 12:03:13.110,1.09489,1.09499,1.50,1.50
2011.09.02 12:03:13.228,1.0949,1.095,1.13,1.50
2011.09.02 12:03:13.348,1.09489,1.09503,1.50,1.50
2011.09.02 12:03:13.467,1.0949,1.09503,1.13,1.50
2011.09.02 12:03:13.818,1.09491,1.09503,1.50,1.50
2011.09.02 12:03:14.267,1.0949,1.09504,1.13,2.10
2011.09.02 12:03:15.666,1.09492,1.09504,1.50,2.85
2011.09.02 12:03:16.008,1.09491,1.09504,1.88,2.85
2011.09.02 12:03:16.596,1.09491,1.09504,1.13,2.85
2011.09.02 12:03:16.725,1.09491,1.09504,1.13,2.85
2011.09.02 12:03:22.842,1.09494,1.09504,1.50,2.10
2011.09.02 12:03:25.849,1.09495,1.09506,1.88,1.50
2011.09.02 12:03:26.333,1.09494,1.09505,1.50,1.13
2011.09.02 12:03:26.584,1.09492,1.09505,1.50,1.13
2011.09.02 12:03:28.438,1.09492,1.09504,1.50,1.50
2011.09.02 12:03:29.028,1.09493,1.09507,1.50,2.10
2011.09.02 12:03:29.379,1.09496,1.09505,1.50,1.50
2011.09.02 12:03:29.978,1.09496,1.09507,1.50,2.10
2011.09.02 12:03:30.098,1.09496,1.09505,1.50,1.50
2011.09.02 12:03:32.380,1.09494,1.09507,1.88,2.48
2011.09.02 12:03:33.063,1.09494,1.09504,1.50,1.13
2011.09.02 12:03:33.432,1.0949,1.09501,2.25,1.13
2011.09.02 12:03:34.054,1.09486,1.095,1.50,2.10
2011.09.02 12:03:34.187,1.09484,1.09498,1.13,2.48
2011.09.02 12:03:34.883,1.09485,1.09498,1.50,2.10
2011.09.02 12:03:35.488,1.09482,1.09496,1.50,1.50
2011.09.02 12:03:36.907,1.09481,1.09496,1.50,1.50
2011.09.02 12:03:37.029,1.09479,1.09494,1.50,1.88
2011.09.02 12:03:37.260,1.09479,1.09494,1.50,2.63
2011.09.02 12:03:37.896,1.09476,1.09489,1.50,1.50
2011.09.02 12:03:38.259,1.09475,1.09489,1.13,1.50
2011.09.02 12:03:42.049,1.09475,1.0949,1.50,1.88
2011.09.02 12:03:42.508,1.09476,1.09493,1.50,1.88
2011.09.02 12:03:43.532,1.09476,1.09491,1.13,1.50
2011.09.02 12:03:43.658,1.09475,1.09491,2.48,1.50
2011.09.02 12:03:47.383,1.09475,1.09491,1.13,2.25
2011.09.02 12:03:50.945,1.09476,1.0949,1.13,2.25
2011.09.02 12:03:51.068,1.09478,1.0949,1.13,1.50
2011.09.02 12:03:52.214,1.09478,1.09492,1.13,2.63
2011.09.02 12:03:53.332,1.09478,1.09492,1.13,2.25
2011.09.02 12:03:55.476,1.09476,1.09492,1.13,1.88
2011.09.02 12:03:57.733,1.09476,1.09489,1.13,1.50
2011.09.02 12:04:00.374,1.09474,1.09488,2.25,1.88
2011.09.02 12:04:00.920,1.09471,1.09484,2.63,1.50
2011.09.02 12:04:01.407,1.09471,1.09484,1.13,2.25
2011.09.02 12:04:01.988,1.09471,1.09482,1.13,1.50
2011.09.02 12:04:03.634,1.09469,1.09482,1.50,1.50
2011.09.02 12:04:03.883,1.09468,1.09482,1.88,1.50
2011.09.02 12:04:10.289,1.09468,1.09482,1.13,1.50
2011.09.02 12:04:12.455,1.09467,1.09482,2.48,1.50
2011.09.02 12:04:12.924,1.09467,1.09476,1.50,1.50
2011.09.02 12:04:13.173,1.09461,1.09477,1.13,2.63
2011.09.02 12:04:13.418,1.09461,1.09474,1.13,1.50
2011.09.02 12:04:15.729,1.09459,1.09473,1.13,1.50
2011.09.02 12:04:16.094,1.09455,1.09468,1.50,1.88
2011.09.02 12:04:16.459,1.09451,1.09464,1.35,1.50
2011.09.02 12:04:16.581,1.09451,1.09467,1.50,2.25
2011.09.02 12:04:16.711,1.0945,1.09465,2.10,1.88
2011.09.02 12:04:17.437,1.0945,1.09464,2.10,1.50
2011.09.02 12:04:17.567,1.09449,1.09463,1.50,1.13
2011.09.02 12:04:18.146,1.09449,1.09463,1.50,1.21
2011.09.02 12:04:18.503,1.09447,1.09454,1.50,1.22
2011.09.02 12:04:18.632,1.09439,1.09452,1.50,1.50
2011.09.02 12:04:18.761,1.09438,1.09452,1.13,2.25
2011.09.02 12:04:18.877,1.09439,1.09454,1.50,1.22
2011.09.02 12:04:19.245,1.09442,1.09458,1.88,2.89
2011.09.02 12:04:19.608,1.09445,1.09459,1.50,1.50
2011.09.02 12:04:20.229,1.09448,1.09462,1.13,1.50
2011.09.02 12:04:20.351,1.09448,1.09462,1.88,1.50
2011.09.02 12:04:20.590,1.09454,1.09464,1.50,1.13
2011.09.02 12:04:20.711,1.09449,1.09464,1.50,1.13
2011.09.02 12:04:20.840,1.09451,1.09465,1.88,1.13
2011.09.02 12:04:21.537,1.09451,1.09466,1.88,1.73
2011.09.02 12:04:21.898,1.09454,1.0947,1.88,2.48
2011.09.02 12:04:22.826,1.09456,1.0947,1.50,1.73
2011.09.02 12:04:23.335,1.09455,1.09471,1.13,1.13
2011.09.02 12:04:24.055,1.09457,1.09473,2.25,1.13
2011.09.02 12:04:24.422,1.09462,1.09476,2.25,1.50
2011.09.02 12:04:24.552,1.09465,1.09479,1.13,2.10
2011.09.02 12:04:24.921,1.09466,1.0948,1.13,1.50
2011.09.02 12:04:25.170,1.09467,1.09483,2.63,1.96
2011.09.02 12:04:25.766,1.09467,1.09482,1.88,1.50
2011.09.02 12:04:26.326,1.09467,1.09481,2.63,1.50
2011.09.02 12:04:26.815,1.09463,1.09479,1.88,1.13
2011.09.02 12:04:27.298,1.09463,1.09477,1.88,1.50
2011.09.02 12:04:29.457,1.09461,1.09476,3.38,1.13
2011.09.02 12:04:30.222,1.09459,1.09475,1.13,1.21
2011.09.02 12:04:30.697,1.09458,1.09475,1.13,1.96
2011.09.02 12:04:31.344,1.09459,1.09475,1.13,1.21
2011.09.02 12:04:32.848,1.09459,1.09475,1.13,1.21
2011.09.02 12:04:33.627,1.09459,1.09475,3.38,1.96
2011.09.02 12:04:34.083,1.09458,1.09473,1.88,1.50
2011.09.02 12:04:34.208,1.09458,1.09473,1.13,1.50
2011.09.02 12:04:35.167,1.09458,1.09474,1.88,1.96
2011.09.02 12:04:35.932,1.09458,1.09474,1.13,1.96
2011.09.02 12:04:36.180,1.09457,1.09471,1.50,1.13
2011.09.02 12:04:36.425,1.09455,1.09471,1.88,1.50
2011.09.02 12:04:36.788,1.09454,1.0947,2.25,3.08
2011.09.02 12:04:38.054,1.09456,1.0947,1.50,1.96
2011.09.02 12:04:39.649,1.09456,1.0947,1.50,1.21
2011.09.02 12:04:40.215,1.09456,1.09471,1.50,1.13
2011.09.02 12:04:40.727,1.09455,1.09471,1.13,1.13
2011.09.02 12:04:40.972,1.09453,1.09469,1.13,1.50
2011.09.02 12:04:42.261,1.09457,1.0947,1.13,1.58
2011.09.02 12:04:42.503,1.09458,1.09473,1.50,1.21
2011.09.02 12:04:43.126,1.09455,1.09471,1.13,1.13
2011.09.02 12:04:44.166,1.09455,1.09471,1.13,1.88
2011.09.02 12:04:44.286,1.09455,1.09472,2.63,1.58
2011.09.02 12:04:45.516,1.09455,1.09471,1.13,1.13
2011.09.02 12:04:47.388,1.09457,1.09473,1.50,2.33
2011.09.02 12:04:48.203,1.09456,1.09473,1.13,2.33
2011.09.02 12:04:48.568,1.09456,1.0947,1.50,1.50
2011.09.02 12:04:48.808,1.09454,1.09468,1.13,1.13
2011.09.02 12:04:49.517,1.09454,1.09469,1.13,1.88
2011.09.02 12:04:50.251,1.09452,1.09468,3.38,1.13
2011.09.02 12:04:50.849,1.09452,1.09468,1.13,1.96
2011.09.02 12:04:51.087,1.09451,1.09468,2.25,1.58
2011.09.02 12:04:51.648,1.09452,1.09468,1.13,2.71
2011.09.02 12:04:52.152,1.09451,1.09466,1.50,1.88
2011.09.02 12:04:52.518,1.09447,1.09462,1.50,2.25
2011.09.02 12:04:56.895,1.09446,1.0946,1.88,1.50
2011.09.02 12:04:58.732,1.09449,1.09461,1.50,2.25
2011.09.02 12:04:58.862,1.09449,1.09464,1.50,1.50
2011.09.02 12:04:59.222,1.09449,1.09464,1.50,1.50
2011.09.02 12:04:59.908,1.0945,1.09466,1.50,1.58
2011.09.02 12:05:00.032,1.09454,1.09468,1.35,1.13
2011.09.02 12:05:00.398,1.09458,1.09471,1.50,1.50
2011.09.02 12:05:00.997,1.09461,1.09477,2.25,1.50
2011.09.02 12:05:01.136,1.09467,1.09484,2.63,1.50
2011.09.02 12:05:01.378,1.09467,1.09482,1.13,1.13
2011.09.02 12:05:01.979,1.09467,1.09484,1.88,1.88
2011.09.02 12:05:03.018,1.09468,1.09484,1.88,1.13
2011.09.02 12:05:03.900,1.09468,1.09484,1.88,1.88
2011.09.02 12:05:04.025,1.09468,1.09483,1.13,1.50
2011.09.02 12:05:04.387,1.09469,1.09483,1.50,1.50
2011.09.02 12:05:04.958,1.09471,1.09483,2.25,1.50
2011.09.02 12:05:05.081,1.09474,1.09485,1.50,1.50
2011.09.02 12:05:05.440,1.09474,1.09489,2.25,2.25
2011.09.02 12:05:06.029,1.09474,1.0949,1.50,1.88
2011.09.02 12:05:06.529,1.09473,1.09486,1.88,1.50
2011.09.02 12:05:06.900,1.09473,1.0949,2.25,1.50
2011.09.02 12:05:07.947,1.09476,1.09492,1.13,2.63
2011.09.02 12:05:08.071,1.09478,1.09492,1.50,1.50
2011.09.02 12:05:08.683,1.0948,1.09493,1.13,1.50
2011.09.02 12:05:09.484,1.09479,1.09494,1.50,1.13
2011.09.02 12:05:09.859,1.09482,1.09496,1.13,1.96
2011.09.02 12:05:10.198,1.09482,1.09496,1.13,1.21
2011.09.02 12:05:10.889,1.09482,1.09495,1.13,1.50
2011.09.02 12:05:12.130,1.09482,1.09496,1.13,1.96
2011.09.02 12:05:12.716,1.09482,1.09496,1.13,1.21
2011.09.02 12:05:13.858,1.09482,1.09496,1.13,1.96
2011.09.02 12:05:13.987,1.09479,1.09494,1.50,1.50
2011.09.02 12:05:14.112,1.09477,1.09492,1.50,1.13
2011.09.02 12:05:14.244,1.09476,1.09492,2.25,2.71
2011.09.02 12:05:14.733,1.09474,1.09485,1.50,1.50
2011.09.02 12:05:14.861,1.09469,1.09483,1.88,1.13
2011.09.02 12:05:15.226,1.09474,1.0949,1.88,2.18
2011.09.02 12:05:15.747,1.09473,1.09489,2.25,1.50
2011.09.02 12:05:15.991,1.09473,1.0949,1.50,1.58
2011.09.02 12:05:16.109,1.09473,1.0949,1.50,1.58
2011.09.02 12:05:16.698,1.09476,1.09492,1.50,2.33
2011.09.02 12:05:17.061,1.09478,1.09493,1.88,1.50
2011.09.02 12:05:17.748,1.09479,1.09494,1.13,1.21
2011.09.02 12:05:18.728,1.09472,1.09489,1.50,1.58
2011.09.02 12:05:19.321,1.09474,1.09489,1.13,1.50
2011.09.02 12:05:19.694,1.0947,1.09484,2.10,1.13
2011.09.02 12:05:19.939,1.09466,1.09481,2.85,1.13
2011.09.02 12:05:20.062,1.09466,1.09481,1.35,2.63
2011.09.02 12:05:20.658,1.09464,1.09481,1.73,2.71
2011.09.02 12:05:21.338,1.09464,1.09478,2.48,1.50
2011.09.02 12:05:21.458,1.09464,1.09479,1.73,1.88
2011.09.02 12:05:22.063,1.09465,1.09479,1.73,1.13
2011.09.02 12:05:22.314,1.09462,1.09477,1.13,1.88
2011.09.02 12:05:22.444,1.09464,1.09479,1.88,1.50
2011.09.02 12:05:22.571,1.09464,1.09478,1.13,1.50
2011.09.02 12:05:22.701,1.09464,1.09478,1.88,1.50
2011.09.02 12:05:23.617,1.09464,1.0948,1.50,1.50
2011.09.02 12:05:25.959,1.09464,1.0948,3.00,1.50
2011.09.02 12:05:29.795,1.09474,1.0949,1.13,1.13
2011.09.02 12:05:30.376,1.09474,1.0949,1.13,1.06
2011.09.02 12:05:30.837,1.09473,1.09488,1.13,1.35
2011.09.02 12:05:30.957,1.09473,1.09489,1.13,1.96
2011.09.02 12:05:31.298,1.0947,1.09486,1.88,1.13
2011.09.02 12:05:32.356,1.0947,1.09486,1.50,1.58
2011.09.02 12:05:32.916,1.09469,1.09486,2.25,2.33
2011.09.02 12:05:33.145,1.09471,1.09486,1.13,1.58
2011.09.02 12:05:33.750,1.0947,1.09485,1.13,1.21
2011.09.02 12:05:33.869,1.09469,1.09482,1.50,1.13
2011.09.02 12:05:33.990,1.09466,1.09478,1.13,1.50
2011.09.02 12:05:34.458,1.09464,1.09478,1.50,2.25
2011.09.02 12:05:35.047,1.09462,1.09478,3.00,1.58
2011.09.02 12:05:35.606,1.09464,1.0948,1.13,2.71
2011.09.02 12:05:36.706,1.09464,1.0948,1.50,2.71
2011.09.02 12:05:38.576,1.09465,1.09481,1.50,1.58
2011.09.02 12:05:38.928,1.09467,1.09481,2.25,1.58
2011.09.02 12:05:39.486,1.09467,1.09481,2.25,1.58
2011.09.02 12:05:41.104,1.0947,1.09486,1.50,1.58
2011.09.02 12:05:41.468,1.09476,1.09488,2.25,1.50
2011.09.02 12:05:41.708,1.09476,1.09492,3.00,1.58
2011.09.02 12:05:42.498,1.09475,1.09492,3.00,1.58
2011.09.02 12:05:44.502,1.09479,1.09494,1.50,1.21
2011.09.02 12:05:45.090,1.0948,1.09496,1.50,1.58
2011.09.02 12:05:45.207,1.0948,1.09496,1.50,3.08
2011.09.02 12:05:45.445,1.09479,1.09494,2.25,1.58
2011.09.02 12:05:45.817,1.09475,1.09486,1.50,1.50
2011.09.02 12:05:46.187,1.09466,1.09481,1.50,1.50
2011.09.02 12:05:46.311,1.09466,1.0948,1.50,1.50
2011.09.02 12:05:46.862,1.09468,1.09481,1.13,1.50
2011.09.02 12:05:48.008,1.09469,1.09481,1.13,1.58
2011.09.02 12:05:48.367,1.09466,1.09483,5.25,1.50
2011.09.02 12:05:48.607,1.0947,1.09483,1.13,1.50
2011.09.02 12:05:48.732,1.09469,1.09485,1.50,1.58
2011.09.02 12:05:49.202,1.09467,1.09482,1.50,1.50
2011.09.02 12:05:49.784,1.0947,1.09482,2.25,1.50
2011.09.02 12:05:49.910,1.0947,1.09487,3.00,1.58
2011.09.02 12:05:50.750,1.0947,1.09487,2.25,1.58
2011.09.02 12:05:50.871,1.09471,1.09487,1.50,2.33
2011.09.02 12:05:51.241,1.09469,1.09486,1.50,2.25
2011.09.02 12:05:51.838,1.09468,1.09484,1.13,1.13
2011.09.02 12:05:52.548,1.09468,1.09483,2.25,1.58
2011.09.02 12:05:53.119,1.09469,1.09484,1.50,2.33
2011.09.02 12:05:54.336,1.09469,1.09484,3.00,1.58
2011.09.02 12:05:56.500,1.09472,1.09484,2.25,1.58
2011.09.02 12:05:56.742,1.09472,1.09487,2.25,1.58
2011.09.02 12:05:56.987,1.09471,1.09487,3.00,1.58
2011.09.02 12:05:57.581,1.09471,1.09486,1.50,1.58
2011.09.02 12:05:59.468,1.09473,1.09487,2.25,1.58
2011.09.02 12:06:00.071,1.09477,1.0949,1.13,2.33
2011.09.02 12:06:00.636,1.09476,1.0949,1.13,2.71
2011.09.02 12:06:03.241,1.09472,1.09489,1.50,1.96
2011.09.02 12:06:03.359,1.09472,1.09489,1.50,1.96
2011.09.02 12:06:04.076,1.09471,1.09482,1.50,1.50
2011.09.02 12:06:04.419,1.09468,1.09485,3.75,1.50
2011.09.02 12:06:04.651,1.09469,1.09481,1.50,1.50
2011.09.02 12:06:04.769,1.09469,1.09485,2.25,1.58
2011.09.02 12:06:09.559,1.09469,1.09485,2.25,1.58
2011.09.02 12:06:09.791,1.09471,1.09487,1.50,1.58
2011.09.02 12:06:10.346,1.09474,1.0949,1.88,1.96
2011.09.02 12:06:10.577,1.09474,1.0949,1.88,1.96
2011.09.02 12:06:11.052,1.09479,1.09491,1.13,1.58
2011.09.02 12:06:11.181,1.09479,1.09493,1.88,1.50
2011.09.02 12:06:12.116,1.09477,1.09492,1.50,1.88
2011.09.02 12:06:12.569,1.09477,1.09493,2.63,1.96
2011.09.02 12:06:13.126,1.09477,1.09493,2.63,1.96
2011.09.02 12:06:14.318,1.09477,1.09491,1.88,1.50
2011.09.02 12:06:17.896,1.09477,1.09491,2.25,1.50
2011.09.02 12:06:18.030,1.0948,1.09494,1.50,1.50
2011.09.02 12:06:18.848,1.0948,1.09497,2.25,1.96
2011.09.02 12:06:19.782,1.09481,1.09497,1.13,1.96
2011.09.02 12:06:20.152,1.09481,1.09493,2.25,1.50
2011.09.02 12:06:20.797,1.09484,1.09497,1.50,1.50
2011.09.02 12:06:20.927,1.09483,1.09499,1.50,1.21
2011.09.02 12:06:21.508,1.09484,1.09498,1.13,1.21
2011.09.02 12:06:22.115,1.09485,1.09499,1.50,1.21
2011.09.02 12:06:22.479,1.09486,1.09498,1.50,1.58
2011.09.02 12:06:22.725,1.09476,1.0949,1.50,1.13
2011.09.02 12:06:23.410,1.09474,1.09488,1.88,1.58
2011.09.02 12:06:23.772,1.0948,1.09495,1.88,1.96
2011.09.02 12:06:23.901,1.09481,1.09497,2.63,1.21
2011.09.02 12:06:24.150,1.09481,1.09497,1.88,1.96
2011.09.02 12:06:24.499,1.09481,1.09495,1.50,1.50
2011.09.02 12:06:25.087,1.09478,1.09492,1.13,1.13
2011.09.02 12:06:25.427,1.09478,1.09491,1.13,1.50
2011.09.02 12:06:26.135,1.0948,1.09492,1.13,1.50
2011.09.02 12:06:26.616,1.0948,1.09496,1.88,2.71
2011.09.02 12:06:27.219,1.09481,1.09495,1.13,1.58
2011.09.02 12:06:27.910,1.09481,1.09495,1.13,1.58
2011.09.02 12:06:30.445,1.09481,1.09495,1.13,1.58
2011.09.02 12:06:32.119,1.09482,1.09497,1.13,1.96
2011.09.02 12:06:32.242,1.09487,1.09498,1.13,1.58
2011.09.02 12:06:32.495,1.09491,1.09506,2.25,4.50
2011.09.02 12:06:33.208,1.09495,1.0951,1.13,1.73
2011.09.02 12:06:34.142,1.09494,1.09509,1.50,1.13
2011.09.02 12:06:34.716,1.09493,1.09509,1.13,1.13
2011.09.02 12:06:35.288,1.09493,1.09509,1.13,1.13
2011.09.02 12:06:35.987,1.09492,1.09508,1.13,1.88
2011.09.02 12:06:36.701,1.09493,1.09508,1.50,1.13
2011.09.02 12:06:37.474,1.09494,1.09509,1.50,1.88
2011.09.02 12:06:38.598,1.09494,1.0951,2.25,1.58
2011.09.02 12:06:39.176,1.09495,1.09511,1.13,1.96
2011.09.02 12:06:39.908,1.09494,1.0951,1.13,1.21
2011.09.02 12:06:40.495,1.09494,1.09508,1.13,1.50
2011.09.02 12:06:40.853,1.0949,1.09499,1.50,1.13
2011.09.02 12:06:40.983,1.09485,1.09495,1.88,1.50
2011.09.02 12:06:41.516,1.09481,1.09498,2.25,1.58
2011.09.02 12:06:42.832,1.09483,1.09498,3.00,1.50
2011.09.02 12:06:42.967,1.09484,1.09499,2.25,1.50
2011.09.02 12:06:44.255,1.09485,1.09501,2.25,2.63
2011.09.02 12:06:44.386,1.09488,1.09502,1.13,1.50
2011.09.02 12:06:45.087,1.09485,1.09501,1.50,1.50
2011.09.02 12:06:46.709,1.09488,1.09502,1.50,1.50
2011.09.02 12:06:47.300,1.09485,1.09501,2.25,2.63
2011.09.02 12:06:47.421,1.09485,1.09499,1.50,1.13
2011.09.02 12:06:48.159,1.0948,1.09496,1.50,1.50
2011.09.02 12:06:48.757,1.0948,1.09496,1.50,1.50
2011.09.02 12:06:50.057,1.0948,1.09494,1.13,1.13
2011.09.02 12:06:50.182,1.09477,1.09491,3.00,1.13
2011.09.02 12:06:50.551,1.09474,1.0949,3.51,1.58
2011.09.02 12:06:51.121,1.09474,1.09486,1.26,1.13
2011.09.02 12:06:51.467,1.09474,1.09484,1.26,1.50
2011.09.02 12:06:52.211,1.09474,1.09486,2.01,1.58
2011.09.02 12:06:53.712,1.09471,1.09482,1.50,1.88
2011.09.02 12:06:54.174,1.09471,1.09481,1.50,1.13
2011.09.02 12:06:54.550,1.09468,1.09479,1.50,1.96
2011.09.02 12:06:55.148,1.09468,1.09479,1.50,1.21
2011.09.02 12:06:56.769,1.09468,1.09482,1.88,1.21
2011.09.02 12:06:57.363,1.09468,1.0948,1.88,1.50
2011.09.02 12:07:00.090,1.09468,1.09481,1.88,1.50
2011.09.02 12:07:00.732,1.09469,1.09483,1.13,2.33
2011.09.02 12:07:00.852,1.09472,1.09487,1.50,1.50
2011.09.02 12:07:01.091,1.09473,1.09486,2.25,1.50
2011.09.02 12:07:01.463,1.09476,1.09492,1.13,2.18
2011.09.02 12:07:02.030,1.09477,1.09492,1.13,1.43
2011.09.02 12:07:02.491,1.09477,1.09492,1.13,1.43
2011.09.02 12:07:03.657,1.09477,1.09492,1.88,1.43
2011.09.02 12:07:03.780,1.09476,1.09491,1.13,1.50
2011.09.02 12:07:04.337,1.09476,1.09492,1.13,2.33
2011.09.02 12:07:04.946,1.09476,1.09491,1.13,1.50
2011.09.02 12:07:05.505,1.09476,1.09491,1.13,1.50
2011.09.02 12:07:05.625,1.09475,1.09488,1.50,2.25
2011.09.02 12:07:05.991,1.09468,1.0948,2.25,2.63
2011.09.02 12:07:06.111,1.09467,1.0948,1.13,1.50
2011.09.02 12:07:06.347,1.09467,1.0948,1.13,1.98
2011.09.02 12:07:07.024,1.09467,1.09478,1.13,1.74
2011.09.02 12:07:07.160,1.09466,1.09479,1.88,1.50
2011.09.02 12:07:07.291,1.09464,1.09476,1.50,1.50
2011.09.02 12:07:07.417,1.09462,1.09478,2.63,1.88
2011.09.02 12:07:07.542,1.09462,1.09475,1.13,1.50
2011.09.02 12:07:07.910,1.09462,1.09475,1.50,1.50
2011.09.02 12:07:08.480,1.09462,1.09476,2.25,1.50
2011.09.02 12:07:08.597,1.09462,1.09476,1.50,1.13
2011.09.02 12:07:08.719,1.0946,1.09474,2.25,1.50
2011.09.02 12:07:08.841,1.0946,1.09473,1.50,2.25
2011.09.02 12:07:09.716,1.0946,1.09476,4.50,1.50
2011.09.02 12:07:11.156,1.09461,1.09476,1.50,1.88
2011.09.02 12:07:11.519,1.0946,1.09473,1.88,1.50
2011.09.02 12:07:11.757,1.0946,1.09474,1.88,1.88
2011.09.02 12:07:12.107,1.09461,1.09474,2.25,1.50
2011.09.02 12:07:12.349,1.09465,1.0948,1.13,2.33
2011.09.02 12:07:12.588,1.09465,1.0948,1.13,1.50
2011.09.02 12:07:14.700,1.09464,1.0948,2.63,1.88
2011.09.02 12:07:14.943,1.09469,1.09483,1.50,1.50
2011.09.02 12:07:15.075,1.09472,1.09488,1.13,3.38
2011.09.02 12:07:15.202,1.09472,1.09484,1.13,1.50
2011.09.02 12:07:16.685,1.09468,1.09484,2.63,1.88
2011.09.02 12:07:16.833,1.09464,1.09479,1.50,1.50
2011.09.02 12:07:17.205,1.09458,1.09469,3.00,1.50
2011.09.02 12:07:17.333,1.09457,1.09471,1.50,1.13
2011.09.02 12:07:17.941,1.09457,1.09473,2.25,1.58
2011.09.02 12:07:18.179,1.09457,1.09472,1.50,1.88
2011.09.02 12:07:19.499,1.09455,1.09466,1.50,1.96
2011.09.02 12:07:19.620,1.09455,1.09466,1.50,1.96
2011.09.02 12:07:22.282,1.09455,1.09466,1.50,1.88
2011.09.02 12:07:23.892,1.09454,1.09461,1.50,1.13
2011.09.02 12:07:24.140,1.09449,1.09465,1.88,1.58
2011.09.02 12:07:24.492,1.09448,1.09461,2.25,1.88
2011.09.02 12:07:25.087,1.09446,1.09461,1.50,2.63
2011.09.02 12:07:25.880,1.09447,1.09461,1.13,1.50
2011.09.02 12:07:28.030,1.09448,1.09463,1.88,1.88
2011.09.02 12:07:28.274,1.09452,1.09465,1.13,1.50
2011.09.02 12:07:28.638,1.09454,1.09466,1.50,2.25
2011.09.02 12:07:29.206,1.09454,1.09466,1.50,1.50
2011.09.02 12:07:30.199,1.09454,1.09469,1.50,1.50
2011.09.02 12:07:30.828,1.09454,1.09468,1.50,1.13
2011.09.02 12:07:36.019,1.09456,1.09471,1.50,2.33
2011.09.02 12:07:36.597,1.09456,1.09471,1.50,1.50
2011.09.02 12:07:36.961,1.09457,1.09473,1.13,2.25
2011.09.02 12:07:37.572,1.09457,1.09469,1.50,1.13
2011.09.02 12:07:38.085,1.09456,1.09472,1.88,1.13
2011.09.02 12:07:39.237,1.09456,1.09472,1.50,1.50
2011.09.02 12:07:39.837,1.09456,1.09471,1.88,1.50
2011.09.02 12:07:40.405,1.09456,1.09472,1.88,1.88
2011.09.02 12:07:40.533,1.09455,1.09471,2.63,1.13
2011.09.02 12:07:40.665,1.09456,1.09471,1.50,1.13
2011.09.02 12:07:42.558,1.09456,1.09471,1.50,2.33
2011.09.02 12:07:43.297,1.09454,1.09465,1.50,1.13
2011.09.02 12:07:43.890,1.09454,1.09464,1.50,1.88
2011.09.02 12:07:44.930,1.09454,1.09463,1.50,1.88
2011.09.02 12:07:45.055,1.09452,1.09466,1.13,1.50
2011.09.02 12:07:45.184,1.09449,1.09466,2.63,1.21
2011.09.02 12:07:45.311,1.09449,1.09465,1.88,1.88
2011.09.02 12:07:45.895,1.09448,1.09463,1.88,1.21
2011.09.02 12:07:46.859,1.09448,1.09464,1.88,1.21
2011.09.02 12:07:47.586,1.09454,1.09466,1.13,1.58
2011.09.02 12:07:47.709,1.09454,1.09468,1.13,1.58
2011.09.02 12:07:48.415,1.09454,1.09468,1.13,1.58
2011.09.02 12:07:48.544,1.09454,1.09469,1.88,1.58
2011.09.02 12:07:50.334,1.09456,1.09471,1.13,1.58
2011.09.02 12:07:51.596,1.09456,1.09472,2.63,1.96
2011.09.02 12:07:51.958,1.09457,1.09472,1.50,1.58
2011.09.02 12:07:55.498,1.0946,1.09472,2.25,1.58
2011.09.02 12:07:55.865,1.0947,1.09478,1.13,1.50
2011.09.02 12:07:56.351,1.0947,1.09481,1.13,1.50
2011.09.02 12:07:56.711,1.0947,1.09484,1.13,1.13
2011.09.02 12:07:58.408,1.0947,1.09485,1.50,2.25
2011.09.02 12:07:59.287,1.0947,1.09485,1.50,1.50
2011.09.02 12:08:00.841,1.0947,1.09486,1.50,1.50
2011.09.02 12:08:00.965,1.09473,1.09489,1.88,1.13
2011.09.02 12:08:01.091,1.09473,1.09487,1.13,1.50
2011.09.02 12:08:01.843,1.09471,1.09485,1.13,1.13
2011.09.02 12:08:01.978,1.09469,1.09485,1.50,1.13
2011.09.02 12:08:02.458,1.09468,1.09484,1.50,1.13
2011.09.02 12:08:02.820,1.09467,1.09482,3.00,1.50
2011.09.02 12:08:05.234,1.09468,1.09485,1.50,1.88
2011.09.02 12:08:05.589,1.09467,1.09482,3.00,1.50
2011.09.02 12:08:06.255,1.09468,1.09484,1.50,1.50
2011.09.02 12:08:06.721,1.09468,1.09484,3.00,1.50
2011.09.02 12:08:08.918,1.0947,1.09484,1.50,1.50
2011.09.02 12:08:10.070,1.0947,1.09484,1.13,1.50
2011.09.02 12:08:10.435,1.09467,1.0948,2.25,1.50
2011.09.02 12:08:10.805,1.0946,1.09476,1.88,1.13
2011.09.02 12:08:11.431,1.09459,1.09474,1.50,1.88
2011.09.02 12:08:12.131,1.0946,1.09475,2.25,1.13
2011.09.02 12:08:12.928,1.09458,1.09474,1.88,1.88
2011.09.02 12:08:13.162,1.09457,1.09472,2.25,1.88
2011.09.02 12:08:13.291,1.09456,1.0947,1.13,1.50
2011.09.02 12:08:13.422,1.09456,1.09471,1.13,1.50
2011.09.02 12:08:14.005,1.09453,1.09469,1.13,1.88
2011.09.02 12:08:16.332,1.09451,1.09467,1.50,1.50
2011.09.02 12:08:17.029,1.09453,1.09467,3.38,1.50
2011.09.02 12:08:17.151,1.09455,1.09467,1.50,1.50
2011.09.02 12:08:17.273,1.09457,1.09467,1.50,1.50
2011.09.02 12:08:17.638,1.09457,1.09472,2.25,1.35
2011.09.02 12:08:18.728,1.09458,1.09472,1.50,1.35
2011.09.02 12:08:20.032,1.09463,1.09475,1.50,1.58
2011.09.02 12:08:20.384,1.09467,1.09477,1.13,1.50
2011.09.02 12:08:20.750,1.09465,1.09477,1.88,1.50
2011.09.02 12:08:20.869,1.09465,1.09478,1.88,1.50
2011.09.02 12:08:21.351,1.09464,1.09476,1.13,1.50
2011.09.02 12:08:21.827,1.09464,1.09477,1.13,1.50
2011.09.02 12:08:23.227,1.09464,1.09477,1.50,1.50
2011.09.02 12:08:24.387,1.09465,1.09477,1.88,1.50
2011.09.02 12:08:25.478,1.09465,1.09477,1.88,1.50
2011.09.02 12:08:26.621,1.09467,1.09478,1.50,1.50
2011.09.02 12:08:26.749,1.09467,1.09483,2.25,2.25
2011.09.02 12:08:27.232,1.09469,1.09484,1.13,1.50
2011.09.02 12:08:29.649,1.09469,1.09486,1.88,1.88
2011.09.02 12:08:30.781,1.0947,1.09486,1.13,1.50
2011.09.02 12:08:33.985,1.09471,1.09486,1.13,1.13
2011.09.02 12:08:35.248,1.09467,1.09482,2.25,1.13
2011.09.02 12:08:35.615,1.09467,1.09476,1.50,1.50
2011.09.02 12:08:35.745,1.0946,1.09473,1.50,1.50
2011.09.02 12:08:35.988,1.09458,1.0947,1.50,1.13
2011.09.02 12:08:37.673,1.09458,1.09471,1.50,1.50
2011.09.02 12:08:38.044,1.09458,1.09466,1.50,1.50
2011.09.02 12:08:38.172,1.09458,1.09468,1.50,1.88
2011.09.02 12:08:38.417,1.09458,1.09469,1.50,1.13
2011.09.02 12:08:41.637,1.09458,1.0947,1.50,1.13
2011.09.02 12:08:45.180,1.09458,1.09472,1.50,1.21
2011.09.02 12:08:45.868,1.09459,1.09473,1.13,1.96
2011.09.02 12:08:47.289,1.0946,1.09477,2.25,2.33
2011.09.02 12:08:47.653,1.09463,1.09477,1.50,1.58
2011.09.02 12:08:47.899,1.09464,1.09482,1.50,2.33
2011.09.02 12:08:48.142,1.09462,1.09478,1.13,1.13
2011.09.02 12:08:52.361,1.09462,1.09477,1.13,1.13
2011.09.02 12:08:53.816,1.09462,1.09477,1.13,1.13
2011.09.02 12:08:55.760,1.09462,1.09476,1.13,1.13
2011.09.02 12:08:56.327,1.09462,1.09476,1.13,1.13
2011.09.02 12:08:56.838,1.09461,1.09475,1.13,1.13
2011.09.02 12:08:57.417,1.09461,1.09474,1.13,1.50
2011.09.02 12:08:59.076,1.09461,1.09475,1.13,1.13
2011.09.02 12:09:01.098,1.09462,1.09476,1.13,1.50
2011.09.02 12:09:01.457,1.09473,1.09485,1.50,1.50
2011.09.02 12:09:01.810,1.09473,1.0949,1.50,1.50
2011.09.02 12:09:02.380,1.09475,1.09491,2.25,1.88
2011.09.02 12:09:05.817,1.09475,1.09491,1.50,1.50
2011.09.02 12:09:10.634,1.09474,1.0949,2.63,1.13
2011.09.02 12:09:10.868,1.09474,1.0949,1.88,1.88
2011.09.02 12:09:11.445,1.09474,1.0949,1.13,1.88
2011.09.02 12:09:12.174,1.09477,1.0949,1.13,1.50
2011.09.02 12:09:13.537,1.09479,1.09494,1.13,2.63
2011.09.02 12:09:13.902,1.0949,1.09503,1.50,1.21
2011.09.02 12:09:14.273,1.09489,1.09504,1.13,1.13
2011.09.02 12:09:14.867,1.09488,1.09502,1.13,1.13
2011.09.02 12:09:15.338,1.09484,1.095,1.88,1.13
2011.09.02 12:09:15.851,1.09482,1.09498,1.50,1.50
2011.09.02 12:09:16.088,1.09479,1.09497,1.88,1.88
2011.09.02 12:09:16.765,1.09479,1.09496,1.88,1.13
2011.09.02 12:09:20.387,1.09479,1.09497,1.50,2.33
2011.09.02 12:09:21.074,1.09478,1.09494,1.50,1.58
2011.09.02 12:09:21.208,1.09477,1.09493,2.63,1.13
2011.09.02 12:09:21.806,1.09477,1.09492,1.50,1.58
2011.09.02 12:09:22.499,1.09477,1.09493,2.25,1.21
2011.09.02 12:09:22.980,1.09477,1.09493,1.50,1.21
2011.09.02 12:09:23.102,1.09478,1.09494,1.50,1.58
2011.09.02 12:09:23.340,1.09478,1.09493,1.50,1.50
2011.09.02 12:09:24.056,1.09477,1.09494,3.75,1.58
2011.09.02 12:09:24.305,1.09482,1.09494,1.50,1.58
2011.09.02 12:09:24.677,1.09485,1.09495,1.50,1.58
2011.09.02 12:09:24.924,1.09486,1.09502,1.50,1.50
2011.09.02 12:09:26.836,1.09486,1.09502,1.13,1.88
2011.09.02 12:09:28.069,1.09485,1.095,1.13,1.50
2011.09.02 12:09:28.418,1.09482,1.09498,2.25,1.50
2011.09.02 12:09:29.027,1.09484,1.09498,2.25,1.50
2011.09.02 12:09:29.589,1.09484,1.095,4.50,1.50
2011.09.02 12:09:30.061,1.09484,1.09499,3.00,1.13
2011.09.02 12:09:30.182,1.09484,1.09499,2.25,1.88
2011.09.02 12:09:30.639,1.09487,1.09499,4.50,1.88
2011.09.02 12:09:30.901,1.09485,1.09502,2.63,1.58
2011.09.02 12:09:31.139,1.09486,1.09502,1.50,1.58
2011.09.02 12:09:31.478,1.09487,1.09501,1.50,1.21
2011.09.02 12:09:33.546,1.09487,1.09502,1.50,1.21
2011.09.02 12:09:35.680,1.09488,1.09504,2.63,1.21
2011.09.02 12:09:35.920,1.09491,1.09502,1.50,1.21
2011.09.02 12:09:38.227,1.09491,1.09505,1.50,3.08
2011.09.02 12:09:38.855,1.09488,1.09505,1.50,6.08
2011.09.02 12:09:39.098,1.09488,1.09505,1.50,5.33
2011.09.02 12:09:39.460,1.09494,1.09506,1.50,1.21
2011.09.02 12:09:39.699,1.0949,1.09506,1.88,1.21
2011.09.02 12:09:41.517,1.09494,1.09506,1.50,1.13
2011.09.02 12:09:42.248,1.09491,1.09508,1.50,3.00
2011.09.02 12:09:42.370,1.09491,1.09506,1.50,2.25
2011.09.02 12:09:42.600,1.0949,1.09506,2.25,2.25
2011.09.02 12:09:44.933,1.0949,1.09503,1.50,2.25
2011.09.02 12:09:45.063,1.09485,1.09501,2.63,1.50
2011.09.02 12:09:45.186,1.09485,1.09501,2.25,3.00
2011.09.02 12:09:46.083,1.09484,1.09498,1.13,1.13
2011.09.02 12:09:46.579,1.09484,1.09498,1.13,3.38
2011.09.02 12:09:46.939,1.09487,1.09496,1.50,1.21
2011.09.02 12:09:47.399,1.09482,1.09497,1.88,1.58
2011.09.02 12:09:48.446,1.09482,1.09497,1.50,1.58
2011.09.02 12:09:48.679,1.09482,1.09495,1.50,1.50
2011.09.02 12:09:48.801,1.09477,1.09492,2.63,1.13
2011.09.02 12:09:48.920,1.09478,1.09492,1.13,1.13
2011.09.02 12:09:49.159,1.09476,1.09492,1.88,1.21
2011.09.02 12:09:49.401,1.09476,1.09492,2.25,1.58
2011.09.02 12:09:49.531,1.09475,1.09491,4.35,1.50
2011.09.02 12:09:50.078,1.09475,1.09489,1.35,1.13
2011.09.02 12:09:50.824,1.09475,1.0949,2.10,2.33
2011.09.02 12:09:51.406,1.09476,1.09491,1.50,1.58
2011.09.02 12:09:53.930,1.09475,1.09489,1.35,1.13
2011.09.02 12:09:54.158,1.09475,1.09491,2.10,4.58
2011.09.02 12:09:54.732,1.09475,1.09491,2.10,4.58
2011.09.02 12:09:54.982,1.09476,1.09491,1.13,3.08
2011.09.02 12:09:55.469,1.09477,1.09493,1.50,1.50
2011.09.02 12:09:56.048,1.09477,1.09494,2.25,1.13
2011.09.02 12:09:56.939,1.09479,1.09496,1.13,2.33
2011.09.02 12:09:57.302,1.09489,1.09503,1.44,3.83
2011.09.02 12:09:57.420,1.09491,1.09504,1.39,1.50
2011.09.02 12:09:57.541,1.0949,1.09505,1.55,1.50
2011.09.02 12:09:57.887,1.09489,1.09504,1.50,1.50
2011.09.02 12:09:58.454,1.09491,1.09506,4.50,1.50
2011.09.02 12:09:58.590,1.09495,1.09508,1.50,1.50
2011.09.02 12:09:58.711,1.09495,1.0951,1.50,1.50
2011.09.02 12:10:01.679,1.09495,1.09511,1.50,1.13
2011.09.02 12:10:03.408,1.09494,1.09511,2.25,1.88
2011.09.02 12:10:05.399,1.09494,1.09511,1.50,2.63
2011.09.02 12:10:05.749,1.0949,1.09505,1.88,1.50
2011.09.02 12:10:09.248,1.0949,1.09504,1.50,1.50
2011.09.02 12:10:11.387,1.0949,1.09506,1.50,1.50
2011.09.02 12:10:11.507,1.09491,1.09508,2.25,1.21
2011.09.02 12:10:13.095,1.0949,1.09504,1.50,1.13
2011.09.02 12:10:13.667,1.0948,1.09494,1.88,1.73
2011.09.02 12:10:13.800,1.09476,1.09491,3.75,2.10
2011.09.02 12:10:13.921,1.09476,1.09488,1.50,1.58
2011.09.02 12:10:14.174,1.09472,1.09488,2.10,1.73
2011.09.02 12:10:14.305,1.09473,1.09489,1.50,1.73
2011.09.02 12:10:14.550,1.0947,1.09488,2.63,2.48
2011.09.02 12:10:14.909,1.09472,1.0949,2.25,2.33
2011.09.02 12:10:15.441,1.09472,1.09489,1.50,1.50
2011.09.02 12:10:15.788,1.0947,1.09486,3.38,1.58
2011.09.02 12:10:20.136,1.09471,1.09488,1.88,1.58
2011.09.02 12:10:20.378,1.09471,1.09486,2.25,1.13
2011.09.02 12:10:20.737,1.0947,1.09482,1.50,1.50
2011.09.02 12:10:20.978,1.0947,1.09484,1.13,1.50
2011.09.02 12:10:21.563,1.0947,1.09485,1.13,1.50
2011.09.02 12:10:22.280,1.09472,1.09489,1.13,1.58
2011.09.02 12:10:23.498,1.09472,1.09489,1.13,1.58
2011.09.02 12:10:24.427,1.09474,1.09489,1.13,1.50
2011.09.02 12:10:24.780,1.09474,1.0949,1.13,1.50
2011.09.02 12:10:25.128,1.09475,1.0949,1.13,1.50
2011.09.02 12:10:25.631,1.0948,1.09492,1.13,1.50
2011.09.02 12:10:25.757,1.09482,1.09498,1.88,2.10
2011.09.02 12:10:26.797,1.09483,1.09498,1.13,1.35
2011.09.02 12:10:27.487,1.09486,1.09499,1.13,1.58
2011.09.02 12:10:27.853,1.09491,1.09505,1.13,1.50
2011.09.02 12:10:27.983,1.0949,1.09505,1.13,1.50
2011.09.02 12:10:28.532,1.09487,1.09505,1.50,1.58
2011.09.02 12:10:28.771,1.09486,1.09501,2.63,1.50
2011.09.02 12:10:28.890,1.09486,1.09502,3.38,1.50
2011.09.02 12:10:29.431,1.09487,1.09502,1.13,1.50
2011.09.02 12:10:29.785,1.09494,1.09507,2.25,1.58
2011.09.02 12:10:29.909,1.09495,1.09511,1.13,1.58
2011.09.02 12:10:30.028,1.09498,1.09514,1.50,1.58
2011.09.02 12:10:30.151,1.09498,1.09515,1.50,2.33
2011.09.02 12:10:31.388,1.09493,1.09511,1.50,1.58
2011.09.02 12:10:31.747,1.09492,1.09508,1.88,1.50
2011.09.02 12:10:32.678,1.09493,1.09508,3.00,1.50
2011.09.02 12:10:32.804,1.09499,1.09513,1.50,1.58
2011.09.02 12:10:32.939,1.09506,1.09517,1.50,2.33
2011.09.02 12:10:33.065,1.09504,1.09517,1.88,2.25
2011.09.02 12:10:33.194,1.09505,1.0952,1.50,1.50
2011.09.02 12:10:33.780,1.09508,1.09523,1.13,1.50
2011.09.02 12:10:34.139,1.09508,1.09526,1.88,1.58
2011.09.02 12:10:34.709,1.09509,1.09526,1.13,1.58
2011.09.02 12:10:35.538,1.09509,1.09526,1.13,1.58
2011.09.02 12:10:35.778,1.09507,1.09523,1.13,1.50
2011.09.02 12:10:36.437,1.09506,1.09523,1.50,1.50
2011.09.02 12:10:36.561,1.09505,1.09519,1.88,1.50
2011.09.02 12:10:36.933,1.09503,1.09519,5.25,1.50
2011.09.02 12:10:37.299,1.09506,1.09522,1.13,1.50
2011.09.02 12:10:37.420,1.09506,1.09522,1.13,1.50
2011.09.02 12:10:37.669,1.09507,1.09522,1.13,2.33
2011.09.02 12:10:38.028,1.09507,1.09521,1.88,1.58
2011.09.02 12:10:38.947,1.09507,1.09524,1.13,1.58
2011.09.02 12:10:39.312,1.09506,1.09522,1.13,1.58
2011.09.02 12:10:39.440,1.09505,1.09522,1.13,2.33
2011.09.02 12:10:40.037,1.09504,1.09521,1.88,1.58
2011.09.02 12:10:40.386,1.09504,1.09518,1.13,1.58
2011.09.02 12:10:40.733,1.09506,1.09519,1.13,1.58
2011.09.02 12:10:42.249,1.09505,1.09521,1.50,1.58
2011.09.02 12:10:42.860,1.09505,1.09521,1.50,1.58
2011.09.02 12:10:43.448,1.09505,1.09521,1.88,2.33
2011.09.02 12:10:44.870,1.09506,1.09521,1.13,2.33
2011.09.02 12:10:45.220,1.09509,1.09522,1.13,1.50
2011.09.02 12:10:45.339,1.09509,1.09523,1.13,2.10
2011.09.02 12:10:45.697,1.09509,1.09523,1.13,1.35
2011.09.02 12:10:46.455,1.09511,1.09526,1.13,1.58
2011.09.02 12:10:46.585,1.09511,1.09526,1.13,1.58
2011.09.02 12:10:46.940,1.09512,1.0953,1.88,2.33
2011.09.02 12:10:47.061,1.09513,1.0953,1.13,1.58
2011.09.02 12:10:47.543,1.09513,1.09527,1.13,1.50
2011.09.02 12:10:48.509,1.09513,1.09525,1.13,1.50
2011.09.02 12:10:48.969,1.09513,1.09525,1.13,1.50
2011.09.02 12:10:49.536,1.09513,1.09527,1.13,1.50
2011.09.02 12:10:51.468,1.09511,1.09527,2.25,2.25
2011.09.02 12:10:52.837,1.09509,1.09525,2.63,1.50
2011.09.02 12:10:53.753,1.09507,1.09526,2.25,2.71
2011.09.02 12:10:54.478,1.09507,1.09522,1.50,1.50
2011.09.02 12:10:55.517,1.09506,1.09522,2.25,1.50
2011.09.02 12:10:56.097,1.09507,1.09523,1.50,1.58
2011.09.02 12:10:56.339,1.09509,1.09523,1.13,1.58
2011.09.02 12:10:57.037,1.09509,1.09524,1.13,1.58
2011.09.02 12:11:00.497,1.0951,1.09524,1.13,1.58
2011.09.02 12:11:00.732,1.0951,1.09524,1.13,1.58
2011.09.02 12:11:00.860,1.0951,1.09524,1.88,1.50
2011.09.02 12:11:01.088,1.0951,1.09526,1.88,1.50
2011.09.02 12:11:02.947,1.0951,1.09525,1.50,1.50
2011.09.02 12:11:06.741,1.09507,1.09522,2.25,1.18
2011.09.02 12:11:06.871,1.09506,1.09518,1.50,1.56
2011.09.02 12:11:07.112,1.09503,1.09518,2.25,1.56
2011.09.02 12:11:07.698,1.09504,1.0952,1.13,1.56
2011.09.02 12:11:10.976,1.09504,1.0952,1.13,1.56
2011.09.02 12:11:11.999,1.09504,1.0952,1.13,1.61
2011.09.02 12:11:14.698,1.09504,1.0952,1.13,2.36
2011.09.02 12:11:15.051,1.09505,1.09521,1.50,1.61
2011.09.02 12:11:15.923,1.09506,1.09521,1.13,2.36
2011.09.02 12:11:16.430,1.09506,1.09521,1.13,1.61
2011.09.02 12:11:17.689,1.09504,1.09521,2.63,2.36
2011.09.02 12:11:23.237,1.09505,1.09521,1.13,1.69
2011.09.02 12:11:24.306,1.09504,1.09521,2.63,1.69
2011.09.02 12:11:24.888,1.09505,1.09522,1.50,3.04
2011.09.02 12:11:25.927,1.09504,1.0952,1.13,1.61
2011.09.02 12:11:27.879,1.09503,1.0952,3.38,1.61
2011.09.02 12:11:29.615,1.09505,1.0952,1.13,1.50
2011.09.02 12:11:30.136,1.09505,1.09522,1.88,2.18
2011.09.02 12:11:30.258,1.09507,1.09522,1.13,1.43
2011.09.02 12:11:31.197,1.09508,1.09521,1.13,1.50
2011.09.02 12:11:31.777,1.09508,1.09521,1.13,1.50
2011.09.02 12:11:32.443,1.09507,1.09521,1.13,1.50
2011.09.02 12:11:32.930,1.09507,1.09525,1.88,2.25
2011.09.02 12:11:33.976,1.09507,1.09525,2.63,1.50
2011.09.02 12:11:34.744,1.09509,1.09525,1.50,1.50
2011.09.02 12:11:35.645,1.09509,1.09525,1.50,1.50
2011.09.02 12:11:36.151,1.0951,1.09525,1.13,1.50
2011.09.02 12:11:36.269,1.0951,1.09528,2.63,3.08
2011.09.02 12:11:36.391,1.09511,1.09528,1.50,2.33
2011.09.02 12:11:36.809,1.0951,1.09528,1.88,1.58
2011.09.02 12:11:37.407,1.0951,1.09524,1.13,1.50
2011.09.02 12:11:37.762,1.0951,1.09522,1.13,1.50
2011.09.02 12:11:38.010,1.0951,1.09525,1.88,1.50
2011.09.02 12:11:38.483,1.09512,1.09527,1.50,1.50
2011.09.02 12:11:39.070,1.09512,1.09528,1.50,1.50
2011.09.02 12:11:39.187,1.09511,1.09527,1.50,1.50
2011.09.02 12:11:40.428,1.09512,1.09528,1.50,1.50
2011.09.02 12:11:40.547,1.09511,1.09527,1.50,1.50
2011.09.02 12:11:41.185,1.09511,1.09527,1.88,1.50
2011.09.02 12:11:41.976,1.09512,1.09528,1.13,1.50
2011.09.02 12:11:43.426,1.09513,1.09528,1.13,1.50
2011.09.02 12:11:45.299,1.09516,1.09529,1.50,2.33
2011.09.02 12:11:45.838,1.09517,1.0953,1.50,1.50
2011.09.02 12:11:46.198,1.09519,1.09531,1.50,1.50
2011.09.02 12:11:46.789,1.09519,1.09533,1.50,1.58
2011.09.02 12:11:46.908,1.09519,1.09533,1.50,2.33
2011.09.02 12:11:47.273,1.09515,1.0953,2.25,1.58
2011.09.02 12:11:47.401,1.09515,1.09531,1.50,1.58
2011.09.02 12:11:47.997,1.09515,1.0953,1.88,1.58
2011.09.02 12:11:48.857,1.09515,1.09531,1.88,1.58
2011.09.02 12:11:50.937,1.09515,1.09531,2.63,1.58
2011.09.02 12:11:51.517,1.09515,1.0953,1.88,1.50
2011.09.02 12:11:52.638,1.09515,1.0953,1.88,1.50
2011.09.02 12:11:55.530,1.09516,1.09533,1.13,4.58
2011.09.02 12:11:56.123,1.09519,1.09533,1.88,1.50
2011.09.02 12:11:56.728,1.09519,1.09535,1.88,1.50
2011.09.02 12:11:59.426,1.09521,1.09535,1.13,1.50
2011.09.02 12:11:59.792,1.09521,1.09538,1.88,3.08
2011.09.02 12:12:00.038,1.09523,1.09538,1.50,1.50
2011.09.02 12:12:00.629,1.09523,1.0954,1.50,1.50
2011.09.02 12:12:01.047,1.09529,1.0954,1.35,1.50
2011.09.02 12:12:01.171,1.09527,1.09542,2.20,2.71
2011.09.02 12:12:01.412,1.09526,1.09544,3.19,1.50
2011.09.02 12:12:03.812,1.09527,1.09543,1.50,1.50
2011.09.02 12:12:03.943,1.09525,1.09542,2.25,1.50
2011.09.02 12:12:04.194,1.09524,1.0954,3.00,1.50
2011.09.02 12:12:05.048,1.09524,1.0954,1.50,1.50
2011.09.02 12:12:06.277,1.09524,1.0954,1.50,1.50
2011.09.02 12:12:08.710,1.09524,1.0954,1.50,2.25
2011.09.02 12:12:09.074,1.09521,1.09531,1.35,1.50
2011.09.02 12:12:09.776,1.09518,1.09531,1.50,1.50
2011.09.02 12:12:11.219,1.09519,1.09533,1.50,1.58
2011.09.02 12:12:11.808,1.09519,1.09531,1.50,1.50
2011.09.02 12:12:13.339,1.09513,1.0953,1.50,1.13
2011.09.02 12:12:13.457,1.09512,1.09527,1.50,1.50
2011.09.02 12:12:13.700,1.09511,1.09525,1.13,1.50
2011.09.02 12:12:13.938,1.09508,1.09525,2.63,1.50
2011.09.02 12:12:14.057,1.09508,1.09525,1.88,1.50
2011.09.02 12:12:14.419,1.09508,1.09525,2.63,1.58
2011.09.02 12:12:15.361,1.09508,1.09524,1.13,1.50
2011.09.02 12:12:15.698,1.09508,1.09524,1.88,1.50
2011.09.02 12:12:16.309,1.09508,1.09525,1.88,1.58
2011.09.02 12:12:16.887,1.09508,1.09525,1.13,1.58
2011.09.02 12:12:17.798,1.0951,1.09525,1.13,1.58
2011.09.02 12:12:18.840,1.09508,1.09525,1.88,2.33
2011.09.02 12:12:19.089,1.09508,1.09525,2.25,2.33
2011.09.02 12:12:19.702,1.09511,1.09525,1.13,1.58
2011.09.02 12:12:20.052,1.09513,1.09526,1.13,1.58
2011.09.02 12:12:20.660,1.09511,1.09527,1.50,1.50
2011.09.02 12:12:20.903,1.09508,1.09523,1.13,1.50
2011.09.02 12:12:21.031,1.09507,1.0952,1.73,1.50
2011.09.02 12:12:21.389,1.09507,1.0952,1.88,1.50
2011.09.02 12:12:21.998,1.09505,1.09522,2.10,2.33
2011.09.02 12:12:22.570,1.09505,1.0952,1.35,1.50
2011.09.02 12:12:22.690,1.09505,1.09522,1.35,3.08
2011.09.02 12:12:22.919,1.09505,1.09519,1.35,1.50
2011.09.02 12:12:25.295,1.09505,1.09522,1.35,3.08
2011.09.02 12:12:25.658,1.09504,1.09519,1.73,1.50
2011.09.02 12:12:26.227,1.09504,1.09521,3.23,1.58
2011.09.02 12:12:26.353,1.09507,1.09522,1.13,1.58
2011.09.02 12:12:26.949,1.09507,1.09522,1.13,1.58
2011.09.02 12:12:29.196,1.09506,1.09522,1.13,1.58
2011.09.02 12:12:29.571,1.09507,1.09522,1.13,1.50
2011.09.02 12:12:30.629,1.09508,1.09524,1.13,1.50
2011.09.02 12:12:32.790,1.09509,1.09526,1.13,3.08
2011.09.02 12:12:32.916,1.09508,1.09523,1.50,1.50
2011.09.02 12:12:33.382,1.09508,1.09524,1.50,1.50
2011.09.02 12:12:33.620,1.09508,1.09523,2.25,1.50
2011.09.02 12:12:34.858,1.09508,1.09524,1.88,2.25
2011.09.02 12:12:35.214,1.09513,1.09526,1.13,1.58
2011.09.02 12:12:35.584,1.09513,1.09526,1.13,1.50
2011.09.02 12:12:35.830,1.09514,1.09528,1.13,1.50
2011.09.02 12:12:39.161,1.09514,1.09527,1.13,2.25
2011.09.02 12:12:39.497,1.09514,1.09527,1.13,1.50
2011.09.02 12:12:41.178,1.09514,1.09528,1.50,1.50
2011.09.02 12:12:42.178,1.09515,1.09529,1.13,1.58
2011.09.02 12:12:42.407,1.09515,1.09529,1.13,2.33
2011.09.02 12:12:44.019,1.09515,1.09529,1.13,2.33
2011.09.02 12:12:44.866,1.09515,1.09529,1.13,2.33
2011.09.02 12:12:45.669,1.09516,1.09529,1.13,1.58
2011.09.02 12:12:47.057,1.09515,1.09529,1.50,1.58
2011.09.02 12:12:47.516,1.09515,1.09528,1.50,1.50
2011.09.02 12:12:49.049,1.09515,1.09529,1.88,2.33
2011.09.02 12:12:49.630,1.09516,1.09529,1.13,1.58
2011.09.02 12:12:50.197,1.09515,1.09529,1.13,2.33
2011.09.02 12:12:52.987,1.09514,1.09529,1.88,2.33
2011.09.02 12:12:54.592,1.09512,1.09526,1.88,1.50
2011.09.02 12:12:55.191,1.09513,1.09529,1.13,2.33
2011.09.02 12:12:56.180,1.09513,1.09528,1.13,1.50
2011.09.02 12:12:58.617,1.09514,1.09528,1.50,1.50
2011.09.02 12:12:58.986,1.09528,1.09535,3.75,2.25
2011.09.02 12:12:59.110,1.0952,1.09535,1.19,1.50
2011.09.02 12:12:59.349,1.09523,1.09532,1.50,1.50
2011.09.02 12:12:59.470,1.09523,1.09536,1.50,1.50
2011.09.02 12:13:00.366,1.09522,1.09537,1.50,1.50
2011.09.02 12:13:00.505,1.09522,1.09535,1.50,1.50
2011.09.02 12:13:03.782,1.09522,1.09533,1.50,1.50
2011.09.02 12:13:03.906,1.0952,1.09533,1.50,1.50
2011.09.02 12:13:04.490,1.0952,1.09535,1.50,1.50
2011.09.02 12:13:04.608,1.0952,1.09536,1.50,1.50
2011.09.02 12:13:07.296,1.0952,1.09534,1.50,1.50
2011.09.02 12:13:07.527,1.0952,1.09536,1.50,1.50
2011.09.02 12:13:07.868,1.0952,1.09535,1.50,1.50
2011.09.02 12:13:10.105,1.09519,1.09535,2.63,1.50
2011.09.02 12:13:10.452,1.0952,1.09536,2.25,1.50
2011.09.02 12:13:10.981,1.09522,1.09536,2.25,1.50
2011.09.02 12:13:11.354,1.09525,1.09541,1.50,1.88
2011.09.02 12:13:11.959,1.09525,1.09541,1.50,1.50
2011.09.02 12:13:12.528,1.09526,1.09542,1.50,1.50
2011.09.02 12:13:12.889,1.09529,1.09543,1.88,1.50
2011.09.02 12:13:13.248,1.09529,1.09543,1.50,1.50
2011.09.02 12:13:14.235,1.09529,1.09541,1.50,1.50
2011.09.02 12:13:14.712,1.09525,1.09541,2.63,1.50
2011.09.02 12:13:18.596,1.09525,1.09541,2.25,1.50
2011.09.02 12:13:21.712,1.09524,1.09536,1.35,1.50
2011.09.02 12:13:21.845,1.09523,1.09536,1.50,1.50
2011.09.02 12:13:21.968,1.09521,1.09536,1.13,1.50
2011.09.02 12:13:24.262,1.09519,1.0953,1.50,1.50
2011.09.02 12:13:24.623,1.09516,1.09532,1.50,1.58
2011.09.02 12:13:25.276,1.09516,1.09532,1.50,2.33
2011.09.02 12:13:25.399,1.09513,1.09528,2.25,1.50
2011.09.02 12:13:26.059,1.09514,1.0953,1.50,2.33
2011.09.02 12:13:26.657,1.09513,1.09529,1.50,1.58
2011.09.02 12:13:27.959,1.09513,1.09527,1.50,1.50
2011.09.02 12:13:28.079,1.09512,1.09527,1.50,1.50
2011.09.02 12:13:31.209,1.09512,1.09528,2.25,2.33
2011.09.02 12:13:32.518,1.09515,1.09528,1.50,1.58
2011.09.02 12:13:32.871,1.09522,1.09537,1.13,2.33
2011.09.02 12:13:33.109,1.09522,1.09539,1.13,3.08
2011.09.02 12:13:33.457,1.09521,1.09539,2.63,1.58
2011.09.02 12:13:34.127,1.09521,1.09537,1.88,1.58
2011.09.02 12:13:35.550,1.09521,1.09537,1.50,1.96
2011.09.02 12:13:35.670,1.09529,1.0954,1.50,1.58
2011.09.02 12:13:35.914,1.09531,1.09543,1.50,1.50
2011.09.02 12:13:36.041,1.09533,1.09548,1.50,4.43
2011.09.02 12:13:36.161,1.09535,1.09548,1.50,3.68
2011.09.02 12:13:36.405,1.09531,1.09545,1.50,2.25
2011.09.02 12:13:36.959,1.0953,1.09545,1.50,2.25
2011.09.02 12:13:37.548,1.09529,1.09545,1.50,3.83
2011.09.02 12:13:38.031,1.09529,1.09543,1.50,1.50
2011.09.02 12:13:38.393,1.09521,1.0954,3.00,1.21
2011.09.02 12:13:38.519,1.09523,1.09542,1.13,4.96
2011.09.02 12:13:38.873,1.09523,1.0954,1.88,1.58
2011.09.02 12:13:39.479,1.0953,1.09542,1.13,2.33
2011.09.02 12:13:39.727,1.0953,1.09544,1.13,2.10
2011.09.02 12:13:41.539,1.09532,1.09544,1.50,1.35
2011.09.02 12:13:41.890,1.09533,1.09546,1.50,2.18
2011.09.02 12:13:42.008,1.09532,1.09546,1.50,2.18
2011.09.02 12:13:42.569,1.09533,1.09546,1.50,1.43
2011.09.02 12:13:43.257,1.09533,1.09544,1.50,1.43
2011.09.02 12:13:43.611,1.0953,1.09537,1.50,1.50
2011.09.02 12:13:43.974,1.09538,1.09543,4.13,1.58
2011.09.02 12:13:44.103,1.09537,1.09548,1.50,1.58
2011.09.02 12:13:44.229,1.09539,1.09556,1.13,3.00
2011.09.02 12:13:44.349,1.09539,1.09557,2.63,2.25
2011.09.02 12:13:44.471,1.09538,1.09554,1.13,1.50
2011.09.02 12:13:44.709,1.09539,1.09555,1.88,1.50
2011.09.02 12:13:45.179,1.09539,1.09555,1.88,1.50
2011.09.02 12:13:45.765,1.09538,1.09555,1.88,3.00
2011.09.02 12:13:46.910,1.09542,1.09555,1.50,2.25
2011.09.02 12:13:47.269,1.09548,1.09561,1.13,1.50
2011.09.02 12:13:47.497,1.09547,1.09562,1.50,1.35
2011.09.02 12:13:49.174,1.09548,1.09564,1.50,2.25
2011.09.02 12:13:49.538,1.09549,1.09563,1.50,1.50
2011.09.02 12:13:52.940,1.0955,1.09566,1.50,1.50
2011.09.02 12:13:53.657,1.0955,1.09564,1.50,1.50
2011.09.02 12:13:53.779,1.0955,1.09566,2.25,1.50
2011.09.02 12:13:54.018,1.09553,1.09567,1.50,1.50
2011.09.02 12:13:54.358,1.0955,1.09567,1.50,2.25
2011.09.02 12:13:54.478,1.0955,1.09567,1.50,2.25
2011.09.02 12:13:54.950,1.09553,1.09567,2.25,2.25
2011.09.02 12:13:55.193,1.09557,1.0957,1.50,1.50
2011.09.02 12:13:55.322,1.09558,1.09572,1.50,1.50
2011.09.02 12:13:55.437,1.09559,1.09572,1.50,1.50
2011.09.02 12:13:56.250,1.09559,1.09571,1.50,1.50
2011.09.02 12:13:57.270,1.09557,1.09571,1.50,1.50
2011.09.02 12:13:57.390,1.09556,1.09571,2.25,1.50
2011.09.02 12:13:57.619,1.09556,1.09573,2.25,1.50
2011.09.02 12:13:58.626,1.09556,1.09571,2.25,1.50
2011.09.02 12:13:59.708,1.09556,1.09573,2.63,1.50
2011.09.02 12:14:00.832,1.09556,1.09572,3.38,1.50
2011.09.02 12:14:01.322,1.09558,1.09574,1.50,1.50
2011.09.02 12:14:01.444,1.09561,1.09578,1.50,2.25
2011.09.02 12:14:01.789,1.09563,1.09578,1.50,1.50
2011.09.02 12:14:02.386,1.09565,1.09578,1.50,1.88
2011.09.02 12:14:03.218,1.09565,1.09579,1.50,2.48
2011.09.02 12:14:06.115,1.09566,1.09581,2.25,1.50
2011.09.02 12:14:06.241,1.09567,1.09581,1.50,1.50
2011.09.02 12:14:06.599,1.0957,1.09581,1.50,1.50
2011.09.02 12:14:07.177,1.09567,1.09581,2.25,1.50
2011.09.02 12:14:07.759,1.09567,1.09581,2.25,1.50
2011.09.02 12:14:08.770,1.09572,1.09581,1.50,1.50
2011.09.02 12:14:09.229,1.09572,1.09581,1.50,1.50
2011.09.02 12:14:09.584,1.09572,1.09583,1.50,1.50
2011.09.02 12:14:09.716,1.09569,1.09584,1.50,1.35
2011.09.02 12:14:09.841,1.09572,1.09584,1.50,1.35
2011.09.02 12:14:09.959,1.09569,1.09584,2.25,1.35
2011.09.02 12:14:10.082,1.09569,1.0958,1.50,1.50
2011.09.02 12:14:10.737,1.09569,1.09579,1.13,1.50
2011.09.02 12:14:10.865,1.09569,1.09582,1.13,1.50
2011.09.02 12:14:12.076,1.09567,1.09579,2.25,1.50
2011.09.02 12:14:12.321,1.09566,1.09579,1.13,1.50
2011.09.02 12:14:13.117,1.09566,1.0958,1.50,1.50
2011.09.02 12:14:13.475,1.09566,1.09584,2.25,1.21
2011.09.02 12:14:13.597,1.09566,1.09581,1.50,1.50
2011.09.02 12:14:13.720,1.09567,1.09586,1.50,3.46
2011.09.02 12:14:14.142,1.09568,1.09586,1.50,2.71
2011.09.02 12:14:14.277,1.09566,1.09584,2.25,3.68
2011.09.02 12:14:14.638,1.09574,1.09588,1.50,1.58
2011.09.02 12:14:15.001,1.09572,1.09584,1.13,1.50
2011.09.02 12:14:15.351,1.09575,1.0959,1.88,1.50
2011.09.02 12:14:15.471,1.09575,1.09592,1.88,2.25
2011.09.02 12:14:15.596,1.09573,1.09588,1.88,2.25
2011.09.02 12:14:16.203,1.09574,1.0959,2.25,1.50
2011.09.02 12:14:16.781,1.09575,1.09591,1.50,3.00
2011.09.02 12:14:16.924,1.09579,1.09594,1.13,1.50
2011.09.02 12:14:17.176,1.09579,1.09594,1.13,1.50
2011.09.02 12:14:19.981,1.09579,1.09595,1.13,3.75
2011.09.02 12:14:21.734,1.09581,1.09595,1.88,2.25
2011.09.02 12:14:22.320,1.09581,1.09595,1.13,2.25
2011.09.02 12:14:22.798,1.09575,1.09593,2.63,2.10
2011.09.02 12:14:23.351,1.09575,1.09592,1.13,3.46
2011.09.02 12:14:23.909,1.09575,1.09592,1.13,2.71
2011.09.02 12:14:24.907,1.09575,1.09591,1.13,1.50
2011.09.02 12:14:25.489,1.09575,1.09592,2.63,1.58
2011.09.02 12:14:26.409,1.0958,1.09593,1.13,2.93
2011.09.02 12:14:26.770,1.09583,1.09595,1.88,1.50
2011.09.02 12:14:27.347,1.09585,1.09595,1.50,1.50
2011.09.02 12:14:30.503,1.09579,1.09595,2.25,1.50
2011.09.02 12:14:35.230,1.09579,1.09593,1.50,1.88
2011.09.02 12:14:35.357,1.09578,1.09593,2.25,3.23
2011.09.02 12:14:35.725,1.09574,1.09585,1.50,1.21
2011.09.02 12:14:35.856,1.09569,1.09585,1.50,1.21
2011.09.02 12:14:36.099,1.09566,1.09582,1.88,1.88
2011.09.02 12:14:36.670,1.09567,1.09583,1.13,1.13
2011.09.02 12:14:37.184,1.09569,1.09584,2.25,1.58
2011.09.02 12:14:37.324,1.09569,1.09585,1.50,2.33
2011.09.02 12:14:37.689,1.09566,1.09583,1.88,1.58
2011.09.02 12:14:38.164,1.0957,1.09585,1.13,1.58
2011.09.02 12:14:38.291,1.0957,1.09586,1.13,1.50
2011.09.02 12:14:38.768,1.09569,1.09587,2.63,1.35
2011.09.02 12:14:39.011,1.09569,1.09587,1.13,2.85
2011.09.02 12:14:39.252,1.09565,1.09582,1.50,1.50
2011.09.02 12:14:39.379,1.09564,1.09579,1.88,1.58
2011.09.02 12:14:39.921,1.09564,1.09579,1.13,1.58
2011.09.02 12:14:40.055,1.0956,1.09576,1.50,1.50
2011.09.02 12:14:40.424,1.09559,1.09574,1.50,1.50
2011.09.02 12:14:41.008,1.09557,1.09573,1.88,1.50
2011.09.02 12:14:41.606,1.09559,1.09574,1.13,1.50
2011.09.02 12:14:42.562,1.09562,1.09576,2.85,1.88
2011.09.02 12:14:42.685,1.09564,1.09581,2.25,1.58
2011.09.02 12:14:42.811,1.09567,1.09581,1.50,1.50
2011.09.02 12:14:43.050,1.09568,1.09584,1.50,1.50
2011.09.02 12:14:43.402,1.0957,1.09584,1.50,1.50
2011.09.02 12:14:43.767,1.0957,1.09586,1.50,1.50
2011.09.02 12:14:45.581,1.0957,1.09584,1.50,2.25
2011.09.02 12:14:45.938,1.09573,1.09587,1.50,1.50
2011.09.02 12:14:46.542,1.0957,1.09585,1.50,1.88
2011.09.02 12:14:47.022,1.09566,1.09582,1.50,1.50
2011.09.02 12:14:47.650,1.09565,1.09581,2.25,1.50
2011.09.02 12:14:48.021,1.09563,1.09576,1.13,1.50
2011.09.02 12:14:48.262,1.09561,1.09576,2.63,1.50
2011.09.02 12:14:48.871,1.09563,1.09577,1.50,1.50
2011.09.02 12:14:49.227,1.09561,1.09575,1.13,1.50
2011.09.02 12:14:50.002,1.09558,1.0957,1.50,1.50
2011.09.02 12:14:50.123,1.09555,1.0957,2.25,1.50
2011.09.02 12:14:50.374,1.09557,1.09574,1.88,1.58
2011.09.02 12:14:50.500,1.09557,1.09572,1.13,1.50
2011.09.02 12:14:50.875,1.09562,1.09578,1.13,1.58
2011.09.02 12:14:51.003,1.09563,1.09579,1.13,1.58
2011.09.02 12:14:51.489,1.09561,1.09577,1.50,1.50
2011.09.02 12:14:52.250,1.09559,1.09577,3.23,2.25
2011.09.02 12:14:52.549,1.09559,1.09577,2.85,2.63
2011.09.02 12:14:54.005,1.09562,1.09578,1.50,1.50
2011.09.02 12:14:54.254,1.09563,1.09581,1.50,2.33
2011.09.02 12:14:55.263,1.09562,1.09581,2.63,1.58
2011.09.02 12:14:55.636,1.09565,1.09581,1.88,1.58
2011.09.02 12:14:56.007,1.09574,1.09586,1.50,1.35
2011.09.02 12:14:56.133,1.09578,1.09594,1.13,1.50
2011.09.02 12:14:56.264,1.09582,1.09595,1.50,2.25
2011.09.02 12:14:56.640,1.09583,1.09597,1.88,1.50
2011.09.02 12:14:57.185,1.09583,1.09598,1.13,1.50
2011.09.02 12:14:57.439,1.09583,1.09595,1.13,1.50
2011.09.02 12:14:57.800,1.09584,1.09594,1.50,1.50
2011.09.02 12:14:59.693,1.09569,1.09577,1.50,1.13
2011.09.02 12:14:59.945,1.0956,1.0957,1.50,1.50
2011.09.02 12:15:00.434,1.0956,1.09576,1.50,2.25
2011.09.02 12:15:01.339,1.09561,1.09578,1.13,2.33
2011.09.02 12:15:01.480,1.09547,1.09559,1.50,2.33
2011.09.02 12:15:01.610,1.09544,1.09559,1.50,2.33
2011.09.02 12:15:01.983,1.09543,1.09559,1.50,2.33
2011.09.02 12:15:02.115,1.0955,1.09566,1.50,2.42
2011.09.02 12:15:02.246,1.09553,1.09569,2.10,1.50
2011.09.02 12:15:02.380,1.09559,1.09571,1.50,2.25
2011.09.02 12:15:02.750,1.09561,1.09571,1.50,1.50
2011.09.02 12:15:03.273,1.09564,1.09577,1.50,2.25
2011.09.02 12:15:03.412,1.09565,1.09581,1.50,2.10
2011.09.02 12:15:03.534,1.09565,1.09575,1.50,1.50
2011.09.02 12:15:03.660,1.09562,1.09575,3.38,1.50
2011.09.02 12:15:03.900,1.09559,1.09574,1.50,2.25
2011.09.02 12:15:04.266,1.09556,1.09568,1.50,1.88
2011.09.02 12:15:04.639,1.09543,1.09561,2.25,2.33
2011.09.02 12:15:04.760,1.09543,1.0956,1.50,2.25
2011.09.02 12:15:05.509,1.09543,1.0956,1.50,1.50
2011.09.02 12:15:06.239,1.0955,1.09564,1.88,2.25
2011.09.02 12:15:06.603,1.09554,1.09568,2.25,1.50
2011.09.02 12:15:06.962,1.09552,1.09565,1.50,2.25
2011.09.02 12:15:07.779,1.09549,1.09565,2.25,2.25
2011.09.02 12:15:07.908,1.09548,1.09563,1.50,1.50
2011.09.02 12:15:08.872,1.09549,1.09563,1.13,1.50
2011.09.02 12:15:09.242,1.09553,1.09565,1.13,1.50
2011.09.02 12:15:09.883,1.09557,1.09568,1.50,1.50
2011.09.02 12:15:10.254,1.09563,1.09569,1.50,1.50
2011.09.02 12:15:11.081,1.09558,1.09567,1.50,1.50
2011.09.02 12:15:11.203,1.09557,1.09568,1.50,1.50
2011.09.02 12:15:11.334,1.09557,1.09567,1.50,1.50
2011.09.02 12:15:11.585,1.09561,1.09568,1.50,1.50
2011.09.02 12:15:11.714,1.09557,1.09567,2.25,1.50
2011.09.02 12:15:12.291,1.09559,1.09568,1.50,1.50
2011.09.02 12:15:12.417,1.09555,1.09565,1.50,2.25
2011.09.02 12:15:12.548,1.09553,1.09562,1.50,1.50
2011.09.02 12:15:12.671,1.0955,1.09562,1.50,1.50
2011.09.02 12:15:13.130,1.0955,1.09562,1.50,1.50
2011.09.02 12:15:13.252,1.0955,1.09562,1.50,1.50
2011.09.02 12:15:13.618,1.09547,1.09559,1.50,1.50
2011.09.02 12:15:14.209,1.09548,1.0956,1.50,1.50
2011.09.02 12:15:14.770,1.09552,1.09564,1.88,1.50
2011.09.02 12:15:15.009,1.09553,1.09565,1.88,2.25
2011.09.02 12:15:15.608,1.09555,1.09565,1.50,1.50
2011.09.02 12:15:15.971,1.09546,1.0956,1.88,1.50
2011.09.02 12:15:16.092,1.09547,1.0956,1.50,1.50
2011.09.02 12:15:16.331,1.09547,1.09558,1.50,1.50
2011.09.02 12:15:17.498,1.09547,1.0956,1.50,2.25
2011.09.02 12:15:17.743,1.09547,1.0956,1.50,1.50
2011.09.02 12:15:18.338,1.09547,1.0956,1.50,1.50
2011.09.02 12:15:19.150,1.09547,1.09559,1.50,1.50
2011.09.02 12:15:19.899,1.09547,1.09559,1.50,3.00
2011.09.02 12:15:22.110,1.09547,1.09558,1.50,1.50
2011.09.02 12:15:22.668,1.09545,1.09558,1.50,1.50
2011.09.02 12:15:22.789,1.09544,1.09558,1.50,1.50
2011.09.02 12:15:26.163,1.09544,1.0956,1.50,1.50
2011.09.02 12:15:26.750,1.09544,1.0956,2.63,1.50
2011.09.02 12:15:27.708,1.09546,1.09561,1.88,1.50
2011.09.02 12:15:28.052,1.09545,1.09557,1.50,1.50
2011.09.02 12:15:28.301,1.09545,1.0956,1.88,1.50
2011.09.02 12:15:29.239,1.09547,1.09562,2.25,1.58
2011.09.02 12:15:29.797,1.09545,1.09562,1.50,2.25
2011.09.02 12:15:30.918,1.09545,1.0956,1.50,1.50
2011.09.02 12:15:34.168,1.09546,1.0956,1.50,1.50
2011.09.02 12:15:34.726,1.09544,1.0956,1.50,2.25
2011.09.02 12:15:35.827,1.09545,1.0956,1.50,1.50
2011.09.02 12:15:36.125,1.09545,1.0956,1.50,1.50
2011.09.02 12:15:36.686,1.09543,1.09559,2.25,1.50
2011.09.02 12:15:37.430,1.09544,1.0956,1.50,1.50
2011.09.02 12:15:37.560,1.09548,1.09561,1.13,1.50
2011.09.02 12:15:38.039,1.09549,1.09562,1.50,1.50
2011.09.02 12:15:38.626,1.0955,1.09562,1.50,1.50
2011.09.02 12:15:39.767,1.09551,1.09562,1.50,1.50
2011.09.02 12:15:40.131,1.09558,1.09568,1.13,1.50
2011.09.02 12:15:40.254,1.09558,1.0957,1.13,1.50
2011.09.02 12:15:40.869,1.0956,1.09573,1.50,2.25
2011.09.02 12:15:40.994,1.0956,1.09572,1.50,2.25
2011.09.02 12:15:41.121,1.0956,1.09572,1.50,1.88
2011.09.02 12:15:41.243,1.09555,1.09572,2.25,2.63
2011.09.02 12:15:41.376,1.09555,1.0957,1.50,2.25
2011.09.02 12:15:41.745,1.09553,1.09567,1.50,2.25
2011.09.02 12:15:41.874,1.0955,1.09563,2.25,1.50
2011.09.02 12:15:42.001,1.0955,1.09563,1.50,2.25
2011.09.02 12:15:42.594,1.0955,1.09563,1.50,1.50
2011.09.02 12:15:43.245,1.09556,1.09568,1.35,2.25
2011.09.02 12:15:43.385,1.09558,1.09571,1.13,1.50
2011.09.02 12:15:43.513,1.09558,1.09573,1.13,1.50
2011.09.02 12:15:43.639,1.09558,1.09573,1.88,1.50
2011.09.02 12:15:43.867,1.09558,1.09573,1.88,1.50
2011.09.02 12:15:43.991,1.09558,1.09573,1.88,1.50
2011.09.02 12:15:44.570,1.09558,1.09575,1.88,1.58
2011.09.02 12:15:46.927,1.09556,1.09569,2.48,1.50
2011.09.02 12:15:47.517,1.09556,1.09572,4.73,1.50
2011.09.02 12:15:47.748,1.09556,1.09572,5.10,1.50
2011.09.02 12:15:47.869,1.09561,1.09577,1.13,2.71
2011.09.02 12:15:48.111,1.09559,1.09574,1.13,1.58
2011.09.02 12:15:48.349,1.09556,1.09573,2.10,1.50
2011.09.02 12:15:48.703,1.09556,1.09572,1.35,1.13
2011.09.02 12:15:48.835,1.09556,1.09565,1.35,1.50
2011.09.02 12:15:49.086,1.09546,1.09562,2.25,1.50
2011.09.02 12:15:49.620,1.09546,1.09561,1.50,1.13
2011.09.02 12:15:49.751,1.09544,1.09559,3.00,1.88
2011.09.02 12:15:49.875,1.09544,1.09559,2.25,1.96
2011.09.02 12:15:50.240,1.09545,1.09556,1.13,1.50
2011.09.02 12:15:51.635,1.09548,1.09562,1.50,1.50
2011.09.02 12:15:51.770,1.09549,1.09565,1.13,2.33
2011.09.02 12:15:52.009,1.09548,1.09562,1.13,1.50
2011.09.02 12:15:52.133,1.09546,1.09562,2.25,1.50
2011.09.02 12:15:52.739,1.09546,1.09557,1.13,1.50
2011.09.02 12:15:52.861,1.09546,1.09562,2.63,2.25
2011.09.02 12:15:53.436,1.09548,1.09563,1.13,1.50
2011.09.02 12:15:55.614,1.09547,1.09563,2.63,2.25
2011.09.02 12:15:55.850,1.09547,1.09561,1.88,1.50
2011.09.02 12:15:55.967,1.09547,1.09563,2.63,2.25
2011.09.02 12:15:57.229,1.09547,1.09562,1.13,1.50
2011.09.02 12:15:58.260,1.09546,1.09562,2.25,1.50
2011.09.02 12:16:01.671,1.09551,1.09563,1.50,1.58
2011.09.02 12:16:01.919,1.09556,1.09567,1.50,1.50
2011.09.02 12:16:02.629,1.09554,1.09567,1.50,1.50
2011.09.02 12:16:02.749,1.0955,1.09566,2.63,1.50
2011.09.02 12:16:02.983,1.09557,1.0957,1.13,2.33
2011.09.02 12:16:03.237,1.09557,1.09574,1.13,3.08
2011.09.02 12:16:03.365,1.09555,1.09565,1.50,1.50
2011.09.02 12:16:03.497,1.09552,1.09565,1.50,1.50
2011.09.02 12:16:04.019,1.09552,1.09568,2.25,1.50
2011.09.02 12:16:04.147,1.09555,1.09571,1.50,1.58
2011.09.02 12:16:04.274,1.09555,1.09572,1.13,2.33
2011.09.02 12:16:04.400,1.09555,1.0957,1.13,2.25
2011.09.02 12:16:04.957,1.09555,1.0957,2.63,2.25
2011.09.02 12:16:05.313,1.09555,1.09568,2.63,1.50
2011.09.02 12:16:05.446,1.09555,1.09568,1.13,3.00
2011.09.02 12:16:07.763,1.09555,1.09568,1.13,1.50
2011.09.02 12:16:08.122,1.09557,1.09573,1.13,1.58
2011.09.02 12:16:08.373,1.09555,1.0957,1.13,1.50
2011.09.02 12:16:08.829,1.09555,1.09566,1.13,1.50
2011.09.02 12:16:09.063,1.09552,1.09569,1.35,2.33
2011.09.02 12:16:09.195,1.09551,1.09567,1.73,1.50
2011.09.02 12:16:09.668,1.09549,1.09565,3.98,1.50
2011.09.02 12:16:11.498,1.09552,1.09567,1.73,1.50
2011.09.02 12:16:11.979,1.09553,1.09566,1.13,1.50
2011.09.02 12:16:12.557,1.09554,1.09567,1.13,1.50
2011.09.02 12:16:13.827,1.09553,1.09567,1.88,1.50
2011.09.02 12:16:14.298,1.09556,1.0957,1.13,2.25
2011.09.02 12:16:14.540,1.09559,1.09575,1.50,1.58
2011.09.02 12:16:15.117,1.09559,1.09573,3.38,1.50
2011.09.02 12:16:15.801,1.09561,1.09572,1.13,1.50
2011.09.02 12:16:16.147,1.09561,1.09574,1.13,1.50
2011.09.02 12:16:16.732,1.09557,1.09566,2.25,1.50
2011.09.02 12:16:16.968,1.09556,1.09566,1.50,1.50
2011.09.02 12:16:17.903,1.09556,1.09565,1.88,1.50
2011.09.02 12:16:18.030,1.09556,1.09568,1.88,1.50
2011.09.02 12:16:18.381,1.09558,1.09571,1.13,1.50
2011.09.02 12:16:18.826,1.09558,1.09574,1.13,3.08
2011.09.02 12:16:19.409,1.09556,1.09573,2.25,1.58
2011.09.02 12:16:19.652,1.09558,1.09574,1.50,2.33
2011.09.02 12:16:20.226,1.09558,1.09572,1.88,1.50
2011.09.02 12:16:20.476,1.09556,1.09571,1.50,1.50
2011.09.02 12:16:20.607,1.09558,1.0957,1.13,1.50
2011.09.02 12:16:20.728,1.09558,1.09572,1.13,1.50
2011.09.02 12:16:20.959,1.09558,1.09573,1.88,2.33
2011.09.02 12:16:21.077,1.09558,1.09572,1.88,1.50
2011.09.02 12:16:21.549,1.0956,1.09573,1.50,1.58
2011.09.02 12:16:21.671,1.09559,1.09576,2.25,3.08
2011.09.02 12:16:22.156,1.0956,1.09576,1.50,3.08
2011.09.02 12:16:22.523,1.09559,1.09576,2.25,3.08
2011.09.02 12:16:25.916,1.09559,1.09573,1.50,2.25
2011.09.02 12:16:27.088,1.09559,1.09573,2.25,2.33
2011.09.02 12:16:27.783,1.09564,1.09579,2.25,2.33
2011.09.02 12:16:27.910,1.09564,1.0958,3.38,1.58
2011.09.02 12:16:28.033,1.09568,1.09581,1.50,1.50
2011.09.02 12:16:28.593,1.09571,1.09587,1.88,1.50
2011.09.02 12:16:28.722,1.09571,1.09587,1.88,1.50
2011.09.02 12:16:29.318,1.09573,1.09587,1.50,1.50
2011.09.02 12:16:29.547,1.09574,1.0959,1.50,2.48
2011.09.02 12:16:29.780,1.09573,1.09588,1.50,1.50
2011.09.02 12:16:30.371,1.09573,1.09586,1.88,1.50
2011.09.02 12:16:30.839,1.09572,1.09586,1.13,1.50
2011.09.02 12:16:32.107,1.09578,1.0959,2.25,1.50
2011.09.02 12:16:32.230,1.09577,1.09594,2.63,2.07
2011.09.02 12:16:32.473,1.09577,1.09591,2.25,1.50
2011.09.02 12:16:35.109,1.09575,1.0958,1.50,1.88
2011.09.02 12:16:35.230,1.09569,1.0958,1.50,4.22
2011.09.02 12:16:35.786,1.0956,1.09574,1.50,1.50
2011.09.02 12:16:36.129,1.0956,1.09576,2.25,2.25
2011.09.02 12:16:36.698,1.09558,1.09574,1.88,1.50
2011.09.02 12:16:37.407,1.09559,1.09576,1.50,1.50
2011.09.02 12:16:38.091,1.09558,1.09575,1.88,1.50
2011.09.02 12:16:38.332,1.0956,1.09576,1.13,1.50
2011.09.02 12:16:39.380,1.0956,1.09576,1.13,1.50
2011.09.02 12:16:40.422,1.09558,1.09574,3.00,1.50
2011.09.02 12:16:40.784,1.09564,1.09574,1.13,1.50
2011.09.02 12:16:40.911,1.09564,1.0958,1.88,2.33
2011.09.02 12:16:42.961,1.09564,1.09582,1.50,1.96
2011.09.02 12:16:43.563,1.09565,1.09582,2.25,1.96
2011.09.02 12:16:43.809,1.09566,1.09584,1.88,1.50
2011.09.02 12:16:44.048,1.09565,1.09583,2.63,1.50
2011.09.02 12:16:44.497,1.09565,1.09581,1.13,1.50
2011.09.02 12:16:45.273,1.09565,1.09582,1.13,1.50
2011.09.02 12:16:45.408,1.09565,1.09581,1.88,1.50
2011.09.02 12:16:45.527,1.09565,1.09581,1.13,1.50
2011.09.02 12:16:46.871,1.09565,1.09582,1.88,1.50
2011.09.02 12:16:47.437,1.09565,1.0958,1.13,1.50
2011.09.02 12:16:48.557,1.09565,1.09582,2.63,2.25
2011.09.02 12:16:49.494,1.09565,1.09582,2.63,2.25
2011.09.02 12:16:50.176,1.09565,1.09581,1.88,1.50
2011.09.02 12:16:50.408,1.09565,1.09582,3.38,2.25
2011.09.02 12:16:50.641,1.09569,1.09582,1.50,1.50
2011.09.02 12:16:50.764,1.09572,1.09587,1.13,1.58
2011.09.02 12:16:50.893,1.09573,1.09589,1.50,1.50
2011.09.02 12:16:53.293,1.09572,1.09589,1.88,2.25
2011.09.02 12:16:53.673,1.09577,1.09594,1.13,1.58
2011.09.02 12:16:54.039,1.09577,1.09594,3.38,1.50
2011.09.02 12:16:54.157,1.09577,1.09594,1.88,1.50
2011.09.02 12:16:54.402,1.09586,1.09594,1.13,1.32
2011.09.02 12:16:54.534,1.09586,1.09597,1.13,2.25
2011.09.02 12:16:54.663,1.09586,1.09603,1.13,2.93
2011.09.02 12:16:54.912,1.09585,1.09603,2.25,2.71
2011.09.02 12:16:55.869,1.09583,1.096,1.50,1.96
2011.09.02 12:16:56.000,1.09583,1.09598,1.13,1.50
2011.09.02 12:16:56.247,1.09585,1.09602,1.50,1.58
2011.09.02 12:16:56.370,1.09585,1.09603,2.25,2.33
2011.09.02 12:16:56.968,1.09585,1.09602,1.50,1.58
2011.09.02 12:16:58.923,1.09584,1.09599,2.25,1.13
2011.09.02 12:16:59.175,1.09577,1.09593,1.50,2.25
2011.09.02 12:16:59.422,1.09573,1.09589,2.63,1.50
2011.09.02 12:16:59.786,1.09572,1.09588,1.13,1.50
2011.09.02 12:16:59.911,1.0957,1.09584,1.13,1.50
2011.09.02 12:17:00.488,1.0957,1.09584,1.13,1.50
2011.09.02 12:17:00.609,1.0957,1.09584,1.13,1.50
2011.09.02 12:17:00.730,1.09569,1.09583,1.50,1.50
2011.09.02 12:17:01.096,1.09564,1.09573,1.50,1.50
2011.09.02 12:17:01.582,1.09562,1.09573,2.25,1.50
2011.09.02 12:17:01.710,1.09562,1.09578,1.50,2.33
2011.09.02 12:17:02.659,1.09562,1.09577,1.13,1.58
2011.09.02 12:17:02.898,1.09562,1.09574,1.13,1.50
2011.09.02 12:17:03.262,1.09563,1.09576,1.50,2.33
2011.09.02 12:17:03.860,1.09563,1.09577,1.88,1.58
2011.09.02 12:17:04.660,1.09564,1.09578,1.50,1.58
2011.09.02 12:17:04.791,1.09563,1.09573,1.50,1.50
2011.09.02 12:17:04.919,1.09556,1.09569,1.50,1.50
2011.09.02 12:17:05.042,1.09553,1.09568,1.50,1.50
2011.09.02 12:17:05.180,1.09551,1.09563,1.50,1.50
2011.09.02 12:17:05.306,1.09549,1.09563,2.25,1.50
2011.09.02 12:17:05.437,1.09548,1.09563,1.35,1.50
2011.09.02 12:17:05.683,1.09548,1.09563,1.50,1.58
2011.09.02 12:17:05.809,1.09547,1.09563,1.50,2.33
2011.09.02 12:17:06.589,1.09545,1.09561,2.63,1.50
2011.09.02 12:17:06.711,1.09545,1.09557,1.88,1.50
2011.09.02 12:17:07.360,1.09547,1.09564,1.88,1.50
2011.09.02 12:17:08.610,1.09549,1.09565,1.50,1.50
2011.09.02 12:17:08.728,1.0955,1.09563,1.50,1.50
2011.09.02 12:17:09.068,1.0955,1.09563,1.50,1.50
2011.09.02 12:17:10.009,1.09551,1.09563,1.13,1.50
2011.09.02 12:17:10.371,1.09552,1.09568,1.35,1.58
2011.09.02 12:17:10.608,1.09554,1.09569,1.13,1.58
2011.09.02 12:17:10.731,1.09556,1.09569,1.35,2.33
2011.09.02 12:17:11.311,1.09555,1.09569,3.00,1.50
2011.09.02 12:17:11.900,1.09555,1.09569,2.10,1.50
2011.09.02 12:17:12.772,1.09553,1.09566,2.85,1.50
2011.09.02 12:17:12.895,1.09553,1.09568,2.10,1.50
2011.09.02 12:17:13.142,1.09552,1.09566,1.50,1.50
2011.09.02 12:17:14.456,1.09553,1.09569,1.35,1.58
2011.09.02 12:17:14.810,1.09553,1.09566,1.73,1.50
2011.09.02 12:17:14.933,1.09553,1.09566,1.35,1.50
2011.09.02 12:17:16.607,1.09554,1.09569,1.50,1.50
2011.09.02 12:17:17.170,1.09553,1.09569,2.10,1.50
2011.09.02 12:17:18.310,1.09551,1.09569,3.38,1.58
2011.09.02 12:17:18.669,1.09553,1.09565,1.35,1.50
2011.09.02 12:17:19.117,1.09553,1.09566,1.35,1.50
2011.09.02 12:17:19.597,1.09552,1.09564,1.35,1.50
2011.09.02 12:17:20.300,1.0955,1.09562,1.50,1.50
2011.09.02 12:17:20.429,1.09546,1.09562,2.25,1.50
2011.09.02 12:17:20.552,1.09545,1.0956,2.25,1.50
2011.09.02 12:17:21.149,1.09546,1.0956,1.50,1.50
2011.09.02 12:17:21.803,1.09547,1.0956,1.13,2.33
2011.09.02 12:17:22.164,1.09548,1.09563,2.25,1.50
2011.09.02 12:17:22.759,1.09551,1.09566,1.50,1.50
2011.09.02 12:17:23.569,1.09551,1.09569,1.50,3.08
2011.09.02 12:17:25.666,1.0955,1.09567,1.50,1.58
2011.09.02 12:17:26.238,1.0955,1.09568,1.50,2.33
2011.09.02 12:17:26.478,1.09551,1.09567,1.50,1.21
2011.09.02 12:17:26.829,1.09547,1.09565,3.00,1.58
2011.09.02 12:17:27.518,1.09547,1.09566,2.25,2.33
2011.09.02 12:17:28.092,1.0955,1.09566,1.13,2.33
2011.09.02 12:17:29.027,1.0955,1.09566,1.13,2.33
2011.09.02 12:17:36.020,1.09549,1.09565,1.13,2.33
2011.09.02 12:17:36.379,1.09543,1.0956,4.88,1.50
2011.09.02 12:17:36.500,1.09544,1.09561,3.00,2.33
2011.09.02 12:17:38.364,1.09544,1.09554,3.75,1.50
2011.09.02 12:17:38.492,1.09544,1.09555,3.00,1.50
2011.09.02 12:17:38.612,1.09548,1.09558,1.50,1.50
2011.09.02 12:17:38.740,1.09548,1.09558,1.50,1.58
2011.09.02 12:17:38.861,1.09543,1.09558,3.38,2.33
2011.09.02 12:17:38.981,1.09543,1.09558,2.25,2.33
2011.09.02 12:17:39.331,1.09542,1.09558,2.35,1.58
2011.09.02 12:17:40.063,1.09543,1.09559,1.60,1.58
2011.09.02 12:17:40.549,1.09544,1.09561,1.60,1.58
2011.09.02 12:17:41.669,1.09544,1.09558,3.00,1.50
2011.09.02 12:17:42.008,1.09544,1.09556,3.00,1.50
2011.09.02 12:17:44.888,1.09543,1.0955,3.00,1.50
2011.09.02 12:17:45.138,1.09534,1.09549,1.50,1.50
2011.09.02 12:17:45.265,1.09533,1.09549,2.25,2.25
2011.09.02 12:17:45.396,1.09533,1.09548,1.50,1.50
2011.09.02 12:17:47.028,1.09535,1.09547,1.13,1.50
2011.09.02 12:17:47.392,1.09543,1.09554,1.13,1.50
2011.09.02 12:17:47.511,1.09543,1.09559,1.88,2.25
2011.09.02 12:17:47.751,1.09548,1.09564,1.50,1.58
2011.09.02 12:17:48.111,1.09544,1.09554,2.25,1.50
2011.09.02 12:17:48.230,1.09544,1.0956,2.25,2.25
2011.09.02 12:17:48.349,1.09544,1.0956,2.25,2.25
2011.09.02 12:17:49.340,1.09544,1.09556,2.25,1.50
2011.09.02 12:17:49.585,1.09543,1.09559,1.50,2.25
2011.09.02 12:17:50.073,1.09542,1.09557,1.50,1.50
2011.09.02 12:17:50.548,1.09543,1.09557,1.13,1.50
2011.09.02 12:17:51.148,1.09542,1.09559,2.25,1.50
2011.09.02 12:17:51.839,1.09545,1.09561,1.13,1.50
2011.09.02 12:17:52.391,1.09545,1.09562,1.13,1.50
2011.09.02 12:17:52.509,1.09546,1.09562,1.13,1.50
2011.09.02 12:17:52.991,1.09548,1.09564,1.50,1.50
2011.09.02 12:17:53.832,1.09549,1.09566,1.88,1.58
2011.09.02 12:17:54.071,1.09551,1.09569,1.88,2.33
2011.09.02 12:17:55.003,1.0955,1.09566,2.25,1.88
2011.09.02 12:17:55.531,1.09548,1.09562,2.85,1.50
2011.09.02 12:17:55.772,1.09548,1.09564,2.85,1.50
2011.09.02 12:17:55.890,1.09548,1.09561,2.10,1.50
2011.09.02 12:17:56.244,1.0955,1.09567,1.13,2.33
2011.09.02 12:17:56.494,1.09547,1.09564,1.50,1.50
2011.09.02 12:17:56.742,1.09546,1.09564,1.13,2.33
2011.09.02 12:17:57.350,1.09546,1.09564,1.88,2.33
2011.09.02 12:17:58.300,1.09554,1.0957,1.69,1.96
2011.09.02 12:17:58.685,1.09556,1.0957,1.88,1.50
2011.09.02 12:17:58.812,1.09556,1.0957,1.88,1.50
2011.09.02 12:17:58.934,1.09558,1.0957,1.50,1.50
2011.09.02 12:17:59.544,1.09558,1.09569,1.88,1.50
2011.09.02 12:17:59.673,1.09556,1.09569,1.88,1.50
2011.09.02 12:18:00.957,1.09554,1.09568,1.50,2.25
2011.09.02 12:18:01.089,1.09552,1.09565,1.13,1.50
2011.09.02 12:18:01.339,1.09552,1.0957,2.63,2.25
2011.09.02 12:18:01.464,1.09552,1.09564,1.13,1.50
2011.09.02 12:18:02.627,1.09552,1.09564,1.13,1.50
2011.09.02 12:18:03.982,1.09552,1.09567,1.13,1.50
2011.09.02 12:18:04.599,1.0955,1.09567,2.63,1.50
2011.09.02 12:18:04.839,1.09552,1.09568,1.13,1.50
2011.09.02 12:18:05.299,1.09552,1.09567,1.13,1.50
2011.09.02 12:18:05.869,1.0955,1.09567,2.63,1.50
2011.09.02 12:18:07.923,1.0955,1.09566,1.50,1.58
2011.09.02 12:18:08.642,1.0955,1.09566,2.63,1.50
2011.09.02 12:18:08.987,1.09551,1.09568,1.50,2.33
2011.09.02 12:18:09.459,1.09556,1.09569,1.50,1.58
2011.09.02 12:18:09.707,1.0956,1.09575,1.13,1.58
2011.09.02 12:18:09.836,1.0956,1.09572,1.13,1.50
2011.09.02 12:18:10.584,1.09563,1.09579,1.50,1.50
2011.09.02 12:18:11.193,1.09561,1.09576,1.13,1.50
2011.09.02 12:18:11.551,1.09559,1.09576,2.25,1.50
2011.09.02 12:18:11.672,1.0956,1.09578,1.50,3.08
2011.09.02 12:18:11.792,1.0956,1.09573,1.50,1.50
2011.09.02 12:18:11.923,1.09558,1.09572,1.13,2.25
2011.09.02 12:18:12.278,1.09558,1.09574,1.13,1.50
2011.09.02 12:18:12.982,1.09557,1.09573,1.13,2.33
2011.09.02 12:18:13.114,1.09555,1.09567,1.50,1.50
2011.09.02 12:18:13.240,1.09553,1.09567,1.50,1.50
2011.09.02 12:18:13.754,1.09552,1.09569,1.13,2.33
2011.09.02 12:18:15.968,1.09551,1.09565,2.48,1.50
2011.09.02 12:18:17.269,1.09551,1.09566,2.48,1.50
2011.09.02 12:18:18.524,1.09551,1.09561,1.88,1.50
2011.09.02 12:18:19.077,1.09543,1.09552,1.50,1.50
2011.09.02 12:18:19.561,1.09544,1.09555,1.50,1.50
2011.09.02 12:18:20.019,1.09544,1.09555,1.50,1.50
2011.09.02 12:18:20.363,1.09544,1.09553,1.50,1.50
2011.09.02 12:18:20.612,1.09535,1.09553,1.50,1.50
2011.09.02 12:18:21.079,1.09533,1.0955,2.25,1.50
2011.09.02 12:18:21.312,1.09535,1.09553,3.00,1.58
2011.09.02 12:18:21.430,1.09539,1.09553,1.50,1.58
2011.09.02 12:18:21.948,1.09542,1.09559,1.88,1.58
2011.09.02 12:18:22.076,1.09542,1.0956,1.88,2.93
2011.09.02 12:18:22.659,1.09543,1.0956,1.13,2.93
2011.09.02 12:18:23.829,1.09545,1.0956,1.13,1.58
2011.09.02 12:18:24.294,1.09544,1.09555,1.50,1.50
2011.09.02 12:18:24.543,1.09542,1.09554,1.50,1.50
2011.09.02 12:18:25.241,1.09542,1.09553,1.50,1.50
2011.09.02 12:18:26.961,1.09542,1.09553,1.50,1.50
2011.09.02 12:18:27.769,1.09543,1.09554,1.13,1.50
2011.09.02 12:18:27.893,1.09543,1.09558,1.50,2.25
2011.09.02 12:18:28.024,1.09542,1.09554,1.50,1.50
2011.09.02 12:18:29.979,1.09542,1.09557,1.50,2.25
2011.09.02 12:18:30.899,1.09542,1.09557,1.88,1.50
2011.09.02 12:18:31.468,1.09542,1.09557,1.88,1.50
2011.09.02 12:18:32.975,1.09542,1.09556,1.88,1.50
2011.09.02 12:18:33.546,1.09542,1.09556,2.25,1.50
2011.09.02 12:18:33.779,1.09542,1.09556,1.50,1.50
2011.09.02 12:18:34.141,1.09541,1.09556,1.50,1.50
2011.09.02 12:18:34.369,1.09541,1.09556,1.50,1.50
2011.09.02 12:18:34.488,1.09541,1.09555,1.50,2.25
2011.09.02 12:18:36.080,1.09541,1.09552,1.50,1.50
2011.09.02 12:18:36.202,1.09538,1.09552,2.25,1.50
2011.09.02 12:18:36.792,1.09534,1.09549,1.50,2.25
2011.09.02 12:18:37.141,1.09535,1.09549,1.13,1.50
2011.09.02 12:18:37.588,1.09534,1.0955,1.88,1.50
2011.09.02 12:18:37.707,1.09534,1.0955,2.63,1.50
2011.09.02 12:18:38.277,1.09534,1.09549,1.88,1.50
2011.09.02 12:18:38.631,1.09534,1.09544,1.88,2.25
2011.09.02 12:18:38.749,1.09534,1.09549,1.88,2.25
2011.09.02 12:18:38.868,1.09534,1.09547,1.50,1.50
2011.09.02 12:18:38.992,1.09534,1.09547,1.50,1.50
2011.09.02 12:18:40.683,1.09533,1.09549,1.50,1.50
2011.09.02 12:18:41.055,1.09539,1.09553,1.50,1.50
2011.09.02 12:18:41.184,1.09541,1.09557,1.13,1.50
2011.09.02 12:18:43.019,1.09546,1.09562,1.13,1.58
2011.09.02 12:18:43.138,1.09546,1.09562,1.13,1.58
2011.09.02 12:18:43.959,1.09546,1.09562,2.25,1.50
2011.09.02 12:18:44.190,1.09546,1.09562,1.88,1.50
2011.09.02 12:18:44.436,1.09544,1.0956,2.25,1.96
2011.09.02 12:18:44.571,1.09541,1.09557,1.50,2.63
2011.09.02 12:18:44.690,1.09542,1.09557,1.50,2.33
2011.09.02 12:18:45.050,1.09538,1.09554,3.38,1.58
2011.09.02 12:18:45.625,1.09538,1.09552,1.50,2.33
2011.09.02 12:18:46.321,1.09538,1.09552,2.25,1.58
2011.09.02 12:18:46.886,1.09538,1.09554,2.63,1.58
2011.09.02 12:18:47.466,1.0954,1.09554,1.04,1.58
2011.09.02 12:18:48.279,1.09539,1.09554,1.13,1.58
2011.09.02 12:18:48.617,1.0954,1.09554,1.04,1.58
2011.09.02 12:18:49.563,1.09538,1.09554,2.25,1.58
2011.09.02 12:18:51.039,1.09542,1.09554,1.13,1.58
2011.09.02 12:18:51.284,1.09552,1.09564,1.50,1.58
2011.09.02 12:18:51.531,1.09552,1.0957,1.50,1.58
2011.09.02 12:18:52.119,1.09552,1.09568,1.50,1.50
2011.09.02 12:18:52.654,1.09551,1.09568,3.00,1.50
2011.09.02 12:18:52.901,1.09554,1.09572,1.50,1.96
2011.09.02 12:18:54.200,1.09554,1.09571,1.50,2.33
2011.09.02 12:18:54.322,1.09557,1.09573,1.50,2.33
2011.09.02 12:18:54.443,1.09557,1.09576,1.50,3.83
2011.09.02 12:18:54.569,1.09558,1.09576,1.50,2.33
2011.09.02 12:18:54.931,1.09558,1.09575,1.50,1.58
2011.09.02 12:18:55.512,1.09556,1.09574,2.25,2.33
2011.09.02 12:18:56.902,1.09554,1.09567,1.50,1.50
2011.09.02 12:18:57.259,1.09553,1.0956,1.50,1.50
2011.09.02 12:18:57.499,1.09545,1.0956,1.50,1.50
2011.09.02 12:18:57.957,1.09545,1.09562,1.50,1.58
2011.09.02 12:19:00.379,1.09547,1.09564,1.50,1.96
2011.09.02 12:19:00.980,1.09547,1.09564,2.25,2.71
2011.09.02 12:19:01.577,1.09547,1.09564,2.25,2.33
2011.09.02 12:19:02.659,1.09546,1.09562,1.50,1.58
2011.09.02 12:19:02.899,1.09546,1.09562,1.50,2.25
2011.09.02 12:19:03.129,1.09545,1.09562,1.50,3.08
2011.09.02 12:19:05.909,1.09545,1.09562,1.50,2.33
2011.09.02 12:19:06.956,1.09545,1.09562,1.50,1.50
2011.09.02 12:19:07.092,1.09543,1.09557,1.50,1.50
2011.09.02 12:19:07.677,1.09543,1.09556,1.50,1.50
2011.09.02 12:19:08.019,1.09543,1.09557,2.25,1.50
2011.09.02 12:19:08.367,1.09543,1.09559,1.50,2.33
2011.09.02 12:19:09.200,1.09543,1.09557,1.50,1.50
2011.09.02 12:19:09.561,1.09543,1.09554,1.50,1.50
2011.09.02 12:19:10.172,1.09544,1.09559,1.50,1.96
2011.09.02 12:19:10.933,1.09545,1.0956,2.63,1.58
2011.09.02 12:19:11.064,1.09545,1.09561,2.63,1.58
2011.09.02 12:19:11.649,1.09545,1.09561,2.63,1.58
2011.09.02 12:19:11.768,1.09546,1.09562,1.50,1.58
2011.09.02 12:19:11.891,1.09545,1.09562,2.63,1.58
2011.09.02 12:19:13.323,1.09545,1.09561,1.88,1.58
2011.09.02 12:19:13.486,1.09544,1.09561,1.13,2.33
2011.09.02 12:19:13.845,1.09544,1.09561,1.88,1.58
2011.09.02 12:19:14.213,1.09549,1.09565,1.50,1.58
2011.09.02 12:19:15.818,1.09547,1.09565,2.63,2.33
2011.09.02 12:19:16.059,1.09547,1.09563,1.50,1.50
2011.09.02 12:19:16.528,1.09544,1.09558,1.13,1.50
2011.09.02 12:19:18.027,1.09544,1.09555,1.88,1.50
2011.09.02 12:19:18.891,1.09544,1.09559,1.88,1.50
2011.09.02 12:19:20.557,1.09544,1.09559,2.25,1.50
2011.09.02 12:19:21.899,1.09544,1.09559,1.88,1.50
2011.09.02 12:19:22.648,1.09544,1.09559,1.50,2.25
2011.09.02 12:19:22.771,1.09544,1.09556,1.50,1.50
2011.09.02 12:19:24.948,1.09541,1.09556,2.63,2.25
2011.09.02 12:19:25.518,1.09541,1.09556,2.63,1.50
2011.09.02 12:19:26.672,1.09541,1.09554,2.25,1.50
2011.09.02 12:19:27.150,1.09539,1.09554,1.13,1.58
2011.09.02 12:19:27.271,1.09535,1.09554,2.63,2.33
2011.09.02 12:19:27.390,1.09535,1.09552,1.88,1.58
2011.09.02 12:19:28.833,1.09537,1.09554,1.88,3.08
2011.09.02 12:19:29.440,1.09538,1.09554,1.13,2.33
2011.09.02 12:19:30.028,1.09538,1.09554,1.13,2.33
2011.09.02 12:19:31.157,1.09538,1.09554,1.13,2.33
2011.09.02 12:19:31.546,1.09538,1.09553,1.13,1.50
2011.09.02 12:19:32.390,1.09539,1.09553,1.13,1.50
2011.09.02 12:19:32.528,1.09541,1.09554,1.13,1.50
2011.09.02 12:19:33.238,1.09541,1.09555,1.13,1.50
2011.09.02 12:19:33.819,1.0954,1.09554,1.13,1.50
2011.09.02 12:19:34.060,1.0954,1.09552,1.50,1.35
2011.09.02 12:19:34.180,1.0954,1.09552,1.50,2.25
2011.09.02 12:19:34.768,1.09539,1.09555,1.88,2.33
2011.09.02 12:19:35.339,1.09539,1.09556,1.88,1.50
2011.09.02 12:19:35.928,1.09541,1.09557,1.13,1.50
2011.09.02 12:19:36.274,1.09539,1.09552,1.50,1.35
2011.09.02 12:19:36.642,1.09541,1.09558,1.73,2.33
2011.09.02 12:19:37.658,1.09541,1.09558,1.73,1.58
2011.09.02 12:19:39.489,1.09542,1.09558,1.88,1.58
2011.09.02 12:19:39.611,1.09542,1.0956,1.88,2.33
2011.09.02 12:19:40.008,1.09543,1.09561,1.50,1.96
2011.09.02 12:19:40.253,1.09542,1.09558,1.13,2.25
2011.09.02 12:19:40.839,1.09541,1.09556,1.13,1.50
2011.09.02 12:19:41.537,1.0954,1.09556,1.13,1.50
2011.09.02 12:19:42.150,1.0954,1.09557,1.88,1.58
2011.09.02 12:19:43.327,1.0954,1.09557,1.88,2.33
2011.09.02 12:19:44.790,1.09541,1.09557,1.13,1.58
2011.09.02 12:19:45.031,1.09543,1.09559,1.50,1.58
2011.09.02 12:19:46.868,1.09543,1.09558,1.50,1.21
2011.09.02 12:19:46.995,1.09539,1.09553,1.50,1.50
2011.09.02 12:19:47.366,1.09537,1.09552,2.10,1.50
2011.09.02 12:19:47.973,1.09538,1.09557,1.50,1.21
2011.09.02 12:19:48.574,1.09537,1.09555,2.85,2.25
2011.09.02 12:19:49.136,1.09535,1.09551,1.88,1.50
2011.09.02 12:19:49.506,1.09535,1.0955,1.88,1.50
2011.09.02 12:19:49.871,1.09536,1.09553,1.13,2.33
2011.09.02 12:19:51.250,1.09539,1.09553,1.13,2.33
2011.09.02 12:19:51.890,1.09543,1.09557,1.13,1.58
2011.09.02 12:19:52.018,1.09544,1.0956,1.13,2.25
2011.09.02 12:19:52.616,1.09548,1.09566,1.50,2.71
2011.09.02 12:19:53.099,1.09548,1.09565,1.50,1.58
2011.09.02 12:19:54.765,1.09548,1.09565,1.88,2.33
2011.09.02 12:19:55.142,1.09553,1.09569,1.50,2.33
2011.09.02 12:19:55.264,1.09553,1.09569,1.50,1.58
2011.09.02 12:19:55.396,1.09559,1.09575,1.50,1.96
2011.09.02 12:19:55.525,1.09557,1.09574,3.75,1.50
2011.09.02 12:19:58.148,1.09557,1.09573,1.50,1.21
2011.09.02 12:19:58.272,1.09555,1.09573,2.25,1.96
2011.09.02 12:19:58.740,1.09554,1.09571,2.25,1.88
2011.09.02 12:19:58.859,1.09552,1.09566,1.35,1.50
2011.09.02 12:19:58.983,1.09552,1.09564,1.35,1.50
2011.09.02 12:19:59.557,1.09549,1.09566,1.35,2.25
2011.09.02 12:20:00.517,1.09551,1.09566,1.73,1.58
2011.09.02 12:20:00.653,1.09552,1.09567,1.35,1.50
2011.09.02 12:20:00.777,1.09553,1.0957,1.50,1.21
2011.09.02 12:20:00.911,1.09552,1.09569,2.10,1.50
2011.09.02 12:20:01.279,1.09548,1.09557,1.50,1.50
2011.09.02 12:20:01.530,1.09538,1.09552,1.35,2.25
2011.09.02 12:20:01.664,1.09537,1.09549,1.50,1.50
2011.09.02 12:20:01.798,1.09534,1.09544,1.50,1.88
2011.09.02 12:20:02.267,1.09528,1.0954,1.35,1.50
2011.09.02 12:20:02.405,1.09513,1.0953,1.50,1.96
2011.09.02 12:20:03.020,1.09516,1.09531,1.35,2.33
2011.09.02 12:20:03.383,1.09521,1.09536,1.50,1.58
2011.09.02 12:20:03.516,1.0952,1.09536,1.50,1.58
2011.09.02 12:20:03.883,1.09523,1.09538,1.50,1.58
2011.09.02 12:20:04.455,1.09526,1.09542,1.88,2.33
2011.09.02 12:20:04.699,1.09526,1.09542,1.13,1.58
2011.09.02 12:20:05.184,1.09523,1.09539,1.88,1.50
2011.09.02 12:20:05.553,1.09522,1.09536,1.50,1.13
2011.09.02 12:20:05.938,1.09516,1.09532,1.50,2.25
2011.09.02 12:20:06.596,1.09518,1.09531,1.50,1.21
2011.09.02 12:20:07.090,1.09517,1.09532,1.13,1.58
2011.09.02 12:20:07.693,1.09519,1.09533,1.50,2.25
2011.09.02 12:20:07.946,1.0953,1.09545,1.50,1.50
2011.09.02 12:20:08.073,1.09534,1.09545,1.50,1.50
2011.09.02 12:20:08.202,1.09534,1.09548,1.50,2.93
2011.09.02 12:20:08.443,1.09537,1.09548,6.00,1.43
2011.09.02 12:20:08.966,1.09546,1.09558,1.50,1.04
2011.09.02 12:20:09.103,1.09545,1.09559,1.50,1.58
2011.09.02 12:20:10.821,1.0954,1.09556,1.88,1.50
2011.09.02 12:20:11.060,1.09539,1.09555,1.13,1.58
2011.09.02 12:20:12.755,1.09543,1.09559,1.13,3.08
2011.09.02 12:20:13.369,1.09546,1.09562,2.25,1.58
2011.09.02 12:20:13.729,1.09549,1.09564,1.50,2.33
2011.09.02 12:20:14.550,1.09549,1.09564,1.13,1.58
2011.09.02 12:20:14.675,1.09551,1.09563,1.13,1.50
2011.09.02 12:20:15.098,1.09552,1.09563,1.13,1.50
2011.09.02 12:20:15.236,1.09554,1.09565,1.50,1.50
2011.09.02 12:20:16.300,1.09555,1.09565,1.50,1.50
2011.09.02 12:20:16.423,1.09553,1.09566,1.50,1.50
2011.09.02 12:20:16.555,1.09553,1.09569,1.50,3.08
2011.09.02 12:20:16.682,1.09553,1.09568,1.50,1.58
2011.09.02 12:20:18.029,1.09555,1.0957,1.50,1.58
2011.09.02 12:20:18.176,1.09549,1.09566,2.25,2.33
2011.09.02 12:20:18.781,1.09548,1.09564,1.50,1.21
2011.09.02 12:20:18.901,1.09547,1.09564,1.50,1.96
2011.09.02 12:20:19.262,1.09547,1.09564,1.50,1.96
2011.09.02 12:20:19.384,1.09547,1.09561,1.50,1.58
2011.09.02 12:20:19.738,1.09545,1.09558,1.13,1.50
2011.09.02 12:20:20.079,1.09544,1.0956,1.50,1.58
2011.09.02 12:20:20.417,1.09543,1.09559,1.50,1.50
2011.09.02 12:20:21.710,1.09544,1.09561,1.50,2.33
2011.09.02 12:20:22.381,1.09543,1.09559,1.13,1.50
2011.09.02 12:20:23.408,1.09542,1.09559,1.13,1.50
2011.09.02 12:20:23.641,1.09547,1.09559,1.50,1.50
2011.09.02 12:20:23.762,1.09547,1.09561,2.25,1.58
2011.09.02 12:20:24.688,1.09547,1.09561,2.25,1.58
2011.09.02 12:20:25.255,1.09548,1.09561,1.13,1.58
2011.09.02 12:20:25.607,1.09552,1.09563,1.50,1.50
2011.09.02 12:20:26.195,1.09553,1.09569,1.13,2.33
2011.09.02 12:20:26.323,1.09553,1.09568,1.13,1.50
2011.09.02 12:20:26.574,1.09557,1.09573,1.50,2.33
2011.09.02 12:20:28.070,1.09556,1.09573,1.13,2.25
2011.09.02 12:20:28.672,1.09554,1.09571,2.25,1.58
2011.09.02 12:20:28.921,1.09553,1.09567,1.88,1.50
2011.09.02 12:20:29.290,1.0955,1.09566,1.13,1.58
2011.09.02 12:20:29.887,1.09548,1.09564,1.13,1.50
2011.09.02 12:20:32.785,1.09547,1.09564,1.88,1.50
2011.09.02 12:20:32.963,1.09542,1.09557,1.88,1.50
2011.09.02 12:20:33.320,1.09541,1.09557,1.13,1.50
2011.09.02 12:20:33.892,1.0954,1.09557,1.50,1.50
2011.09.02 12:20:34.362,1.09542,1.09556,1.50,1.50
2011.09.02 12:20:34.604,1.0954,1.09558,2.25,1.50
2011.09.02 12:20:34.733,1.0954,1.09552,1.13,1.50
2011.09.02 12:20:34.867,1.09541,1.09559,1.13,3.00
2011.09.02 12:20:36.555,1.09544,1.09559,1.13,2.33
2011.09.02 12:20:37.159,1.09544,1.09561,1.88,1.58
2011.09.02 12:20:37.524,1.09537,1.09548,1.50,1.50
2011.09.02 12:20:37.656,1.09532,1.09548,1.50,1.50
2011.09.02 12:20:37.783,1.09532,1.09545,1.50,1.50
2011.09.02 12:20:37.913,1.09532,1.09547,1.50,1.50
2011.09.02 12:20:38.043,1.09531,1.09546,1.50,1.50
2011.09.02 12:20:38.708,1.09531,1.09548,2.25,1.50
2011.09.02 12:20:40.269,1.09532,1.0955,2.63,2.25
2011.09.02 12:20:41.069,1.09534,1.0955,1.50,1.88
2011.09.02 12:20:41.301,1.09532,1.0955,2.25,2.63
2011.09.02 12:20:41.539,1.09531,1.09547,1.50,1.50
2011.09.02 12:20:43.181,1.09527,1.09545,3.00,1.88
2011.09.02 12:20:43.300,1.09527,1.09545,3.00,1.88
2011.09.02 12:20:44.150,1.09527,1.09536,1.50,1.50
2011.09.02 12:20:44.392,1.09525,1.09537,1.50,2.25
2011.09.02 12:20:45.441,1.09526,1.09537,1.50,1.50
2011.09.02 12:20:45.579,1.09532,1.09539,1.13,1.50
2011.09.02 12:20:45.699,1.09532,1.09547,1.13,1.50
2011.09.02 12:20:45.820,1.09533,1.09547,1.88,1.50
2011.09.02 12:20:46.387,1.09533,1.0955,2.63,2.63
2011.09.02 12:20:46.753,1.09537,1.09552,1.50,1.50
2011.09.02 12:20:47.342,1.09536,1.0955,1.50,1.50
2011.09.02 12:20:47.460,1.09535,1.0955,1.50,1.50
2011.09.02 12:20:47.581,1.09534,1.0955,1.50,1.50
2011.09.02 12:20:49.472,1.09536,1.09552,1.88,1.50
2011.09.02 12:20:49.592,1.09538,1.09553,1.50,1.50
2011.09.02 12:20:54.362,1.09539,1.09556,1.50,2.71
2011.09.02 12:20:55.569,1.09539,1.09553,2.25,1.13
2011.09.02 12:20:55.810,1.09539,1.09552,1.50,1.13
2011.09.02 12:20:58.349,1.09536,1.09552,1.50,1.50
2011.09.02 12:20:58.926,1.09535,1.09548,1.50,1.50
2011.09.02 12:20:59.052,1.09535,1.0955,1.50,1.50
2011.09.02 12:20:59.410,1.09537,1.09551,1.50,1.50
2011.09.02 12:20:59.531,1.09534,1.09549,1.13,1.50
2011.09.02 12:21:01.131,1.09535,1.09549,1.50,1.50
2011.09.02 12:21:01.371,1.09535,1.09552,2.25,1.50
2011.09.02 12:21:01.942,1.09537,1.09553,1.50,1.88
2011.09.02 12:21:02.764,1.09537,1.09552,2.25,1.13
2011.09.02 12:21:02.894,1.09536,1.09552,2.25,1.13
2011.09.02 12:21:03.026,1.09535,1.09548,1.50,1.88
2011.09.02 12:21:03.388,1.09533,1.09544,1.50,1.50
2011.09.02 12:21:03.630,1.09529,1.09544,2.25,1.50
2011.09.02 12:21:04.342,1.09531,1.09544,1.50,1.50
2011.09.02 12:21:04.718,1.09531,1.09546,1.50,1.50
2011.09.02 12:21:04.840,1.09531,1.09547,1.50,1.50
2011.09.02 12:21:05.346,1.0953,1.09547,2.25,1.50
2011.09.02 12:21:07.348,1.09531,1.09546,2.25,1.50
2011.09.02 12:21:08.194,1.09531,1.09545,1.50,1.50
2011.09.02 12:21:10.704,1.09533,1.0955,2.25,1.96
2011.09.02 12:21:10.831,1.09534,1.0955,2.25,1.88
2011.09.02 12:21:11.073,1.09535,1.0955,1.50,1.13
2011.09.02 12:21:11.808,1.09534,1.09549,2.25,1.50
2011.09.02 12:21:12.171,1.09534,1.09549,2.25,1.13
2011.09.02 12:21:13.470,1.09534,1.09549,2.25,1.50
2011.09.02 12:21:14.147,1.09528,1.09542,1.50,1.88
2011.09.02 12:21:14.279,1.09527,1.09542,1.50,1.88
2011.09.02 12:21:14.619,1.09526,1.09542,2.25,1.88
2011.09.02 12:21:15.176,1.09526,1.09542,1.50,1.13
2011.09.02 12:21:15.298,1.09526,1.09542,2.25,1.13
2011.09.02 12:21:15.650,1.09528,1.09542,1.50,1.13
2011.09.02 12:21:16.450,1.09529,1.09542,1.50,1.50
2011.09.02 12:21:17.285,1.09526,1.09542,2.25,1.88
2011.09.02 12:21:20.327,1.09526,1.09542,1.50,1.88
2011.09.02 12:21:20.451,1.09526,1.09544,2.25,1.88
2011.09.02 12:21:21.185,1.09526,1.09542,1.50,1.13
2011.09.02 12:21:22.450,1.09527,1.09544,1.50,2.25
2011.09.02 12:21:25.062,1.09526,1.09542,2.25,2.25
2011.09.02 12:21:25.422,1.09526,1.09539,1.50,1.13
2011.09.02 12:21:25.779,1.09522,1.09537,2.25,1.13
2011.09.02 12:21:26.442,1.09525,1.09539,1.50,2.33
2011.09.02 12:21:27.017,1.09525,1.09537,1.50,1.13
2011.09.02 12:21:28.423,1.09524,1.09535,1.50,3.00
2011.09.02 12:21:28.782,1.09517,1.09529,1.50,2.63
2011.09.02 12:21:28.902,1.09518,1.09529,1.50,1.13
2011.09.02 12:21:29.339,1.09512,1.09526,2.25,1.50
2011.09.02 12:21:30.291,1.09513,1.09528,1.50,1.21
2011.09.02 12:21:30.417,1.09513,1.09528,1.13,2.33
2011.09.02 12:21:30.548,1.09515,1.09528,1.50,1.58
2011.09.02 12:21:30.678,1.09515,1.09531,1.50,1.50
2011.09.02 12:21:30.802,1.09517,1.09533,1.50,1.13
2011.09.02 12:21:30.923,1.09514,1.09533,2.63,1.88
2011.09.02 12:21:31.294,1.09516,1.09533,1.50,1.88
2011.09.02 12:21:31.886,1.09516,1.09532,2.25,2.25
2011.09.02 12:21:32.012,1.09516,1.09532,1.50,2.25
2011.09.02 12:21:32.613,1.09517,1.09531,1.50,1.50
2011.09.02 12:21:32.969,1.09517,1.09533,1.50,2.63
2011.09.02 12:21:33.890,1.09517,1.09533,2.25,1.50
2011.09.02 12:21:35.093,1.09515,1.09532,1.88,1.50
2011.09.02 12:21:35.213,1.09517,1.09533,1.50,1.58
2011.09.02 12:21:35.345,1.0952,1.09533,1.50,1.58
2011.09.02 12:21:35.714,1.09515,1.09529,1.50,1.50
2011.09.02 12:21:36.793,1.09515,1.09532,1.50,1.50
2011.09.02 12:21:36.919,1.09518,1.09535,1.50,3.46
2011.09.02 12:21:37.533,1.0952,1.09535,1.50,1.88
2011.09.02 12:21:37.900,1.0952,1.09531,1.50,1.13
2011.09.02 12:21:38.148,1.09514,1.09529,1.50,1.50
2011.09.02 12:21:38.873,1.09515,1.0953,1.50,1.50
2011.09.02 12:21:39.240,1.09504,1.09511,1.50,1.58
2011.09.02 12:21:39.920,1.09494,1.09508,1.50,2.63
2011.09.02 12:21:40.067,1.0949,1.09505,3.00,1.13
2011.09.02 12:21:40.198,1.0949,1.09503,2.25,1.13
2011.09.02 12:21:40.323,1.09489,1.09501,1.50,1.13
2011.09.02 12:21:41.171,1.09489,1.09503,2.25,1.58
2011.09.02 12:21:41.301,1.0949,1.09506,2.25,1.50
2011.09.02 12:21:42.083,1.09493,1.09509,1.50,1.96
2011.09.02 12:21:42.454,1.0949,1.09505,2.25,1.13
2011.09.02 12:21:42.822,1.09489,1.09503,1.50,1.06
2011.09.02 12:21:43.064,1.09487,1.09503,1.50,1.43
2011.09.02 12:21:43.189,1.09488,1.09503,1.50,1.43
2011.09.02 12:21:43.309,1.09487,1.09503,1.50,2.18
2011.09.02 12:21:43.979,1.09487,1.09503,1.50,2.56
2011.09.02 12:21:44.341,1.09485,1.095,1.50,1.58
2011.09.02 12:21:44.461,1.09481,1.09497,2.25,2.63
2011.09.02 12:21:44.583,1.09482,1.09497,2.25,1.13
2011.09.02 12:21:45.242,1.09482,1.09498,1.50,2.18
2011.09.02 12:21:45.603,1.09486,1.09502,1.50,1.43
2011.09.02 12:21:46.190,1.09487,1.09502,1.50,1.35
2011.09.02 12:21:46.555,1.09488,1.09504,1.50,2.33
2011.09.02 12:21:47.041,1.09491,1.09506,2.25,1.35
2011.09.02 12:21:47.510,1.09491,1.09507,2.25,1.35
2011.09.02 12:21:47.741,1.09491,1.09508,3.00,1.43
2011.09.02 12:21:49.461,1.09491,1.09507,2.25,1.81
2011.09.02 12:21:49.704,1.0949,1.09505,1.50,1.13
2011.09.02 12:21:50.070,1.09486,1.09502,1.88,1.50
2011.09.02 12:21:50.314,1.09486,1.09503,1.88,1.50
2011.09.02 12:21:50.685,1.09491,1.09504,1.13,1.50
2011.09.02 12:21:51.284,1.09491,1.09505,1.88,6.00
2011.09.02 12:21:51.418,1.0949,1.09506,1.13,2.93
2011.09.02 12:21:51.541,1.0949,1.09506,1.13,1.43
2011.09.02 12:21:51.780,1.09489,1.09506,1.50,2.18
2011.09.02 12:21:52.383,1.09487,1.09503,3.00,1.21
2011.09.02 12:21:52.742,1.09482,1.09495,2.25,2.25
2011.09.02 12:21:52.863,1.09478,1.09495,1.50,2.33
2011.09.02 12:21:53.546,1.09476,1.09492,2.63,1.50
2011.09.02 12:21:54.139,1.09476,1.09493,3.38,1.50
2011.09.02 12:21:55.138,1.09476,1.09493,3.38,1.50
2011.09.02 12:21:55.602,1.09477,1.09493,1.13,1.50
2011.09.02 12:21:55.960,1.09483,1.09498,1.50,1.58
2011.09.02 12:21:57.094,1.09482,1.09499,2.25,1.43
2011.09.02 12:21:57.465,1.09488,1.09502,1.50,2.18
2011.09.02 12:21:58.292,1.09491,1.09504,1.50,1.35
2011.09.02 12:21:58.872,1.09486,1.09503,1.50,1.96
2011.09.02 12:21:58.993,1.09486,1.09501,1.50,1.50
2011.09.02 12:21:59.593,1.09483,1.09498,2.25,1.50
2011.09.02 12:22:00.817,1.09477,1.09495,1.50,2.63
2011.09.02 12:22:02.620,1.09479,1.09495,1.13,2.25
2011.09.02 12:22:02.743,1.0948,1.09496,1.88,1.50
2011.09.02 12:22:03.668,1.09482,1.09499,3.00,1.96
2011.09.02 12:22:03.802,1.09485,1.09502,2.63,1.58
2011.09.02 12:22:04.282,1.0949,1.09507,1.50,3.83
2011.09.02 12:22:04.870,1.0949,1.09506,1.50,1.58
2011.09.02 12:22:05.553,1.09494,1.09506,1.50,1.58
2011.09.02 12:22:05.674,1.0949,1.09507,1.50,1.58
2011.09.02 12:22:06.563,1.09489,1.09506,1.13,2.33
2011.09.02 12:22:06.819,1.09488,1.09502,2.25,1.50
2011.09.02 12:22:06.943,1.09486,1.09497,1.50,1.13
2011.09.02 12:22:07.082,1.09487,1.09492,1.50,1.50
2011.09.02 12:22:07.206,1.09483,1.09495,1.50,3.00
2011.09.02 12:22:07.456,1.09479,1.09495,1.58,1.50
2011.09.02 12:22:07.587,1.09484,1.09498,1.50,2.33
2011.09.02 12:22:07.715,1.09484,1.09498,1.50,1.58
2011.09.02 12:22:08.319,1.09483,1.09499,1.50,3.08
2011.09.02 12:22:08.875,1.09483,1.095,2.25,1.50
2011.09.02 12:22:09.005,1.09487,1.095,1.13,1.50
2011.09.02 12:22:09.615,1.09487,1.095,1.13,2.25
2011.09.02 12:22:11.279,1.09488,1.095,1.13,1.50
2011.09.02 12:22:12.008,1.09495,1.09509,1.50,2.25
2011.09.02 12:22:12.136,1.09498,1.09512,1.50,2.33
2011.09.02 12:22:12.619,1.09495,1.09512,2.25,1.21
2011.09.02 12:22:12.864,1.09495,1.09512,1.50,1.96
2011.09.02 12:22:13.111,1.09496,1.09513,1.50,3.08
2011.09.02 12:22:13.356,1.09499,1.09513,1.50,1.50
2011.09.02 12:22:13.484,1.09499,1.09514,1.50,3.38
2011.09.02 12:22:13.613,1.09495,1.09512,3.00,1.50
2011.09.02 12:22:13.862,1.09495,1.09511,1.50,1.50
2011.09.02 12:22:14.476,1.09494,1.09509,1.50,1.50
2011.09.02 12:22:15.069,1.09495,1.0951,1.50,2.25
2011.09.02 12:22:15.541,1.09496,1.09512,1.50,1.96
2011.09.02 12:22:15.904,1.095,1.09512,1.50,1.50
2011.09.02 12:22:16.150,1.09501,1.09516,1.50,1.50
2011.09.02 12:22:17.490,1.09501,1.09517,3.00,1.58
2011.09.02 12:22:17.735,1.09501,1.09516,3.00,1.58
2011.09.02 12:22:17.865,1.09499,1.09513,1.88,1.50
2011.09.02 12:22:18.112,1.09499,1.09516,2.25,1.88
2011.09.02 12:22:19.500,1.09498,1.09512,1.50,1.13
2011.09.02 12:22:19.748,1.09492,1.09509,2.25,2.71
2011.09.02 12:22:20.492,1.09496,1.09511,1.50,1.58
2011.09.02 12:22:20.732,1.09496,1.09511,1.50,1.58
2011.09.02 12:22:20.967,1.09496,1.09511,1.50,2.33
2011.09.02 12:22:21.090,1.09496,1.09512,1.50,2.33
2011.09.02 12:22:21.211,1.09496,1.09512,1.50,2.33
2011.09.02 12:22:21.558,1.09496,1.09511,1.50,1.58
2011.09.02 12:22:22.157,1.09496,1.09512,1.50,3.08
2011.09.02 12:22:22.402,1.09494,1.09504,1.50,1.50
2011.09.02 12:22:22.968,1.09494,1.09505,1.50,1.50
2011.09.02 12:22:25.330,1.09489,1.09504,1.50,1.50
2011.09.02 12:22:25.450,1.09488,1.09506,1.88,2.25
2011.09.02 12:22:25.570,1.0949,1.09507,1.13,1.58
2011.09.02 12:22:26.569,1.0949,1.09507,1.13,1.58
2011.09.02 12:22:26.809,1.09491,1.09508,1.13,2.33
2011.09.02 12:22:26.932,1.09492,1.09509,2.25,1.58
2011.09.02 12:22:28.146,1.09494,1.09502,1.88,1.50
2011.09.02 12:22:28.281,1.09493,1.09509,2.63,1.50
2011.09.02 12:22:29.157,1.09494,1.0951,1.88,1.50
2011.09.02 12:22:29.829,1.09495,1.09511,1.50,1.50
2011.09.02 12:22:30.399,1.09494,1.09509,1.88,1.50
2011.09.02 12:22:30.759,1.09495,1.09509,1.13,1.50
2011.09.02 12:22:31.321,1.09497,1.09511,1.13,1.50
2011.09.02 12:22:31.447,1.09502,1.09515,1.13,2.33
2011.09.02 12:22:32.000,1.09505,1.09515,1.50,2.25
2011.09.02 12:22:32.125,1.09513,1.09522,1.50,1.50
2011.09.02 12:22:32.497,1.09514,1.09528,1.50,1.50
2011.09.02 12:22:32.860,1.09514,1.0953,1.50,1.50
2011.09.02 12:22:32.979,1.09514,1.0953,2.25,1.50
2011.09.02 12:22:33.817,1.09516,1.09529,1.50,1.50
2011.09.02 12:22:34.582,1.09514,1.0953,2.63,1.50
2011.09.02 12:22:34.932,1.09516,1.09526,2.25,1.50
2011.09.02 12:22:35.499,1.09516,1.09526,1.50,1.50
2011.09.02 12:22:35.839,1.09517,1.09526,1.50,1.50
2011.09.02 12:22:36.428,1.09518,1.09526,1.50,1.50
2011.09.02 12:22:37.432,1.09518,1.0953,2.25,1.50
2011.09.02 12:22:38.763,1.09519,1.09527,1.50,1.50
2011.09.02 12:22:38.894,1.09517,1.09526,1.50,1.50
2011.09.02 12:22:39.674,1.09517,1.09526,1.50,1.50
2011.09.02 12:22:39.805,1.09512,1.09527,1.88,1.50
2011.09.02 12:22:39.934,1.09512,1.09529,1.88,2.33
2011.09.02 12:22:40.543,1.09511,1.09527,1.50,1.50
2011.09.02 12:22:41.001,1.09512,1.09529,1.50,2.25
2011.09.02 12:22:41.122,1.09512,1.09529,1.50,1.50
2011.09.02 12:22:41.805,1.09514,1.0953,1.50,1.50
2011.09.02 12:22:41.941,1.09515,1.09529,1.50,1.50
2011.09.02 12:22:42.520,1.09514,1.09529,1.50,1.58
2011.09.02 12:22:43.110,1.09514,1.0953,1.50,4.21
2011.09.02 12:22:44.765,1.09512,1.09529,1.50,2.33
2011.09.02 12:22:45.240,1.09511,1.09529,1.88,2.33
2011.09.02 12:22:45.480,1.09512,1.09529,1.50,3.08
2011.09.02 12:22:45.718,1.09514,1.0953,1.50,3.08
2011.09.02 12:22:45.837,1.09514,1.0953,1.50,3.08
2011.09.02 12:22:46.068,1.09513,1.0953,1.50,3.08
2011.09.02 12:22:46.648,1.09515,1.0953,1.13,2.25
2011.09.02 12:22:47.864,1.09516,1.0953,1.13,2.25
2011.09.02 12:22:48.474,1.09515,1.0953,1.50,2.25
2011.09.02 12:22:48.844,1.09513,1.09529,1.88,3.00
2011.09.02 12:22:49.212,1.09509,1.09523,1.50,1.50
2011.09.02 12:22:49.328,1.09506,1.09523,1.50,1.50
2011.09.02 12:22:49.911,1.09504,1.09521,2.25,1.50
2011.09.02 12:22:51.711,1.09506,1.09523,1.50,1.96
2011.09.02 12:22:52.058,1.09504,1.09523,1.50,3.46
2011.09.02 12:22:54.549,1.09504,1.0952,1.50,1.50
2011.09.02 12:22:55.797,1.09504,1.0952,1.50,1.50
2011.09.02 12:22:55.920,1.09505,1.09523,2.25,3.08
2011.09.02 12:22:59.010,1.09505,1.09519,2.25,1.13
2011.09.02 12:22:59.373,1.09495,1.09512,1.50,1.58
2011.09.02 12:22:59.501,1.09495,1.0951,1.50,1.50
2011.09.02 12:23:00.879,1.09492,1.09509,1.88,1.50
2011.09.02 12:23:01.014,1.09492,1.09505,1.50,1.13
2011.09.02 12:23:01.383,1.09485,1.09501,1.88,2.25
2011.09.02 12:23:02.459,1.09487,1.09501,1.50,2.25
2011.09.02 12:23:03.319,1.09487,1.09501,1.50,1.50
2011.09.02 12:23:03.608,1.09491,1.09501,1.88,1.50
2011.09.02 12:23:03.741,1.09486,1.09501,2.25,1.50
2011.09.02 12:23:04.321,1.09487,1.09501,1.50,1.50
2011.09.02 12:23:04.830,1.09487,1.09501,1.13,1.58
2011.09.02 12:23:06.701,1.09488,1.09501,1.13,1.50
2011.09.02 12:23:06.832,1.09488,1.09504,1.50,1.58
2011.09.02 12:23:07.363,1.09488,1.09504,1.50,1.58
2011.09.02 12:23:07.947,1.09488,1.09504,1.88,1.50
2011.09.02 12:23:08.758,1.09488,1.09504,1.88,1.50
2011.09.02 12:23:09.349,1.09488,1.09504,1.88,1.50
2011.09.02 12:23:09.963,1.09487,1.09499,1.50,1.50
2011.09.02 12:23:10.572,1.09484,1.09498,1.50,1.50
2011.09.02 12:23:11.158,1.09484,1.09499,1.50,1.21
2011.09.02 12:23:12.507,1.09484,1.09499,1.50,1.21
2011.09.02 12:23:13.186,1.09484,1.09499,1.50,1.21
2011.09.02 12:23:13.701,1.09484,1.09499,1.50,1.21
2011.09.02 12:23:14.603,1.09487,1.09501,1.50,1.58
2011.09.02 12:23:15.193,1.09485,1.095,1.50,1.50
2011.09.02 12:23:16.128,1.09485,1.095,2.25,1.50
2011.09.02 12:23:16.500,1.09475,1.09488,1.50,1.88
2011.09.02 12:23:16.746,1.09469,1.09483,1.50,1.50
2011.09.02 12:23:16.872,1.09468,1.09481,1.13,1.50
2011.09.02 12:23:16.990,1.09467,1.09483,1.13,2.25
2011.09.02 12:23:17.590,1.09466,1.09482,1.50,1.50
2011.09.02 12:23:17.712,1.09465,1.0948,2.63,2.25
2011.09.02 12:23:18.378,1.0946,1.09473,1.50,1.50
2011.09.02 12:23:18.745,1.09465,1.09475,1.50,1.50
2011.09.02 12:23:18.877,1.09459,1.09474,3.00,1.50
2011.09.02 12:23:19.012,1.09458,1.09472,1.13,2.25
2011.09.02 12:23:19.614,1.09456,1.0947,1.13,1.50
2011.09.02 12:23:20.447,1.09458,1.09472,1.13,2.33
2011.09.02 12:23:20.815,1.09461,1.09473,1.50,1.50
2011.09.02 12:23:21.184,1.09463,1.09473,1.13,1.50
2011.09.02 12:23:21.552,1.09463,1.09474,1.88,1.50
2011.09.02 12:23:21.670,1.09463,1.09474,1.88,1.50
2011.09.02 12:23:23.794,1.09464,1.09474,1.50,1.50
2011.09.02 12:23:24.048,1.09469,1.09486,1.13,1.58
2011.09.02 12:23:24.175,1.09471,1.09487,1.13,1.58
2011.09.02 12:23:24.540,1.09471,1.09484,1.13,1.50
2011.09.02 12:23:25.348,1.09471,1.09484,1.50,1.50
2011.09.02 12:23:25.951,1.09468,1.09483,1.50,2.25
2011.09.02 12:23:26.421,1.0947,1.09483,1.50,1.50
2011.09.02 12:23:26.782,1.09471,1.09485,2.25,1.50
2011.09.02 12:23:27.019,1.09472,1.0949,2.25,1.58
2011.09.02 12:23:27.646,1.09473,1.0949,2.25,1.58
2011.09.02 12:23:28.014,1.09474,1.09491,2.25,1.96
2011.09.02 12:23:28.628,1.09473,1.0949,1.50,1.96
2011.09.02 12:23:28.872,1.09473,1.0949,3.75,1.21
2011.09.02 12:23:29.233,1.09473,1.09488,2.25,1.13
2011.09.02 12:23:30.119,1.09473,1.09491,3.00,1.58
2011.09.02 12:23:30.479,1.09475,1.09493,1.50,1.58
2011.09.02 12:23:31.151,1.09473,1.09491,2.63,1.50
2011.09.02 12:23:31.379,1.09475,1.09491,1.13,1.50
2011.09.02 12:23:31.968,1.09476,1.09493,2.25,1.58
2011.09.02 12:23:33.552,1.09476,1.09496,1.88,1.58
2011.09.02 12:23:34.581,1.09476,1.09494,1.13,2.25
2011.09.02 12:23:35.174,1.09476,1.09493,2.25,1.21
2011.09.02 12:23:35.658,1.09473,1.09491,2.25,1.50
2011.09.02 12:23:35.998,1.09474,1.09493,1.50,1.96
2011.09.02 12:23:36.847,1.09473,1.09491,2.25,2.71
2011.09.02 12:23:38.438,1.09473,1.09491,2.63,1.50
2011.09.02 12:23:38.801,1.09475,1.09489,1.50,1.50
2011.09.02 12:23:39.516,1.09472,1.09486,1.50,1.50
2011.09.02 12:23:39.643,1.09471,1.09485,1.50,1.50
2011.09.02 12:23:39.776,1.09468,1.09482,1.50,1.50
2011.09.02 12:23:40.607,1.09459,1.09472,2.25,1.50
2011.09.02 12:23:40.850,1.09459,1.09472,1.50,1.50
2011.09.02 12:23:41.090,1.09457,1.09471,1.50,1.50
2011.09.02 12:23:41.692,1.09458,1.09472,1.88,2.25
2011.09.02 12:23:41.932,1.09458,1.09471,1.50,1.13
2011.09.02 12:23:42.737,1.09457,1.09473,2.63,1.50
2011.09.02 12:23:42.871,1.09461,1.09473,1.13,1.50
2011.09.02 12:23:43.221,1.09461,1.09474,1.13,1.50
2011.09.02 12:23:43.461,1.09462,1.09478,1.13,1.50
2011.09.02 12:23:43.583,1.09463,1.09476,1.88,1.50
2011.09.02 12:23:43.941,1.09467,1.09478,1.50,1.50
2011.09.02 12:23:44.184,1.09469,1.09486,2.63,1.50
2011.09.02 12:23:44.672,1.0947,1.09488,3.00,1.50
2011.09.02 12:23:44.792,1.0947,1.09488,2.25,1.50
2011.09.02 12:23:45.032,1.0947,1.09485,1.50,1.50
2011.09.02 12:23:45.570,1.0947,1.09486,2.25,1.50
2011.09.02 12:23:45.930,1.09472,1.09487,1.50,1.50
2011.09.02 12:23:46.642,1.09474,1.09489,1.50,1.50
2011.09.02 12:23:47.340,1.09473,1.09489,1.88,1.50
2011.09.02 12:23:50.400,1.09475,1.09491,2.25,2.25
2011.09.02 12:23:53.432,1.09476,1.09493,1.50,1.50
2011.09.02 12:23:54.272,1.09476,1.09493,1.50,1.50
2011.09.02 12:23:54.849,1.09477,1.0949,1.50,1.50
2011.09.02 12:23:56.330,1.09478,1.0949,1.13,1.50
2011.09.02 12:23:56.710,1.09482,1.09499,1.13,2.18
2011.09.02 12:23:56.846,1.09486,1.09502,1.13,2.33
2011.09.02 12:23:57.095,1.09487,1.09502,1.50,1.50
2011.09.02 12:23:57.472,1.09487,1.09501,1.13,1.50
2011.09.02 12:23:57.593,1.09487,1.09501,1.13,1.50
2011.09.02 12:23:57.718,1.09488,1.09502,1.50,1.50
2011.09.02 12:23:58.231,1.09488,1.09504,2.25,1.50
2011.09.02 12:23:58.351,1.0949,1.09504,2.25,1.50
2011.09.02 12:23:59.771,1.0949,1.09505,2.25,1.50
2011.09.02 12:24:00.361,1.09491,1.09507,1.50,1.50
2011.09.02 12:24:01.007,1.0949,1.09505,2.25,1.50
2011.09.02 12:24:01.611,1.09491,1.09507,2.25,1.50
2011.09.02 12:24:02.202,1.09492,1.09509,1.50,3.00
2011.09.02 12:24:02.542,1.09491,1.09507,1.50,1.88
2011.09.02 12:24:02.905,1.09486,1.095,1.50,1.50
2011.09.02 12:24:03.035,1.09482,1.09497,1.88,1.50
2011.09.02 12:24:03.379,1.09484,1.09499,1.13,1.50
2011.09.02 12:24:03.500,1.09484,1.09501,1.13,1.50
2011.09.02 12:24:04.054,1.09484,1.09501,1.50,1.21
2011.09.02 12:24:04.181,1.09483,1.09501,1.50,1.96
2011.09.02 12:24:05.693,1.09483,1.09499,1.50,1.50
2011.09.02 12:24:05.810,1.09482,1.09499,2.25,1.58
2011.09.02 12:24:05.930,1.09482,1.09499,1.50,1.58
2011.09.02 12:24:08.651,1.09479,1.09498,1.50,1.96
2011.09.02 12:24:09.238,1.09479,1.09498,1.50,1.96
2011.09.02 12:24:15.278,1.0948,1.09496,1.50,1.50
2011.09.02 12:24:15.400,1.09479,1.09496,1.50,1.50
2011.09.02 12:24:15.520,1.09478,1.09494,1.50,1.50
2011.09.02 12:24:15.886,1.09478,1.09495,1.50,2.71
2011.09.02 12:24:16.011,1.09474,1.0949,1.88,1.50
2011.09.02 12:24:16.135,1.09473,1.0949,2.25,2.63
2011.09.02 12:24:16.264,1.09473,1.09488,1.50,1.50
2011.09.02 12:24:16.394,1.09473,1.09489,1.50,1.50
2011.09.02 12:24:16.629,1.09473,1.09489,1.50,1.50
2011.09.02 12:24:16.750,1.09473,1.09489,1.50,1.50
2011.09.02 12:24:17.288,1.09471,1.09488,2.25,1.50
2011.09.02 12:24:17.427,1.09475,1.09491,2.25,1.50
2011.09.02 12:24:18.019,1.09476,1.09494,1.50,1.58
2011.09.02 12:24:18.369,1.09477,1.09493,1.50,1.21
2011.09.02 12:24:18.493,1.09476,1.09493,2.25,1.13
2011.09.02 12:24:18.610,1.09481,1.09495,1.50,1.58
2011.09.02 12:24:19.092,1.09479,1.09495,1.50,1.58
2011.09.02 12:24:19.332,1.09476,1.09494,1.50,2.63
2011.09.02 12:24:19.951,1.09475,1.09492,1.88,1.50
2011.09.02 12:24:20.071,1.09476,1.09493,1.50,1.50
2011.09.02 12:24:20.198,1.09476,1.09493,1.50,1.50
2011.09.02 12:24:20.447,1.09478,1.09495,1.50,1.96
2011.09.02 12:24:20.811,1.09476,1.09492,2.25,1.13
2011.09.02 12:24:20.928,1.09476,1.09492,1.50,1.88
2011.09.02 12:24:21.190,1.09476,1.09493,2.25,1.13
2011.09.02 12:24:21.553,1.0948,1.09495,1.50,1.58
2011.09.02 12:24:22.483,1.09476,1.09494,1.50,2.25
2011.09.02 12:24:23.250,1.09476,1.09494,1.50,3.00
2011.09.02 12:24:23.372,1.09475,1.09492,1.50,1.21
2011.09.02 12:24:23.945,1.09477,1.09493,1.50,1.58
2011.09.02 12:24:24.313,1.09474,1.09491,1.50,1.13
2011.09.02 12:24:24.993,1.09476,1.09492,1.50,1.21
2011.09.02 12:24:25.133,1.09473,1.0949,1.88,1.50
2011.09.02 12:24:25.503,1.09473,1.0949,1.13,2.25
2011.09.02 12:24:25.633,1.09473,1.0949,1.88,2.25
2011.09.02 12:24:25.752,1.09475,1.09492,1.50,1.58
2011.09.02 12:24:27.469,1.09476,1.09491,1.13,2.25
2011.09.02 12:24:29.665,1.09478,1.09491,2.25,1.50
2011.09.02 12:24:29.917,1.09484,1.09498,1.13,2.25
2011.09.02 12:24:30.165,1.09485,1.095,1.13,2.25
2011.09.02 12:24:30.415,1.09486,1.095,1.50,1.50
2011.09.02 12:24:30.543,1.09485,1.095,1.13,1.50
2011.09.02 12:24:31.168,1.09485,1.095,1.13,1.50
2011.09.02 12:24:31.297,1.09486,1.09498,2.25,1.50
2011.09.02 12:24:31.783,1.09485,1.09498,1.88,1.50
2011.09.02 12:24:31.914,1.09485,1.095,1.13,2.25
2011.09.02 12:24:32.042,1.09485,1.095,2.63,1.50
2011.09.02 12:24:32.402,1.09492,1.09505,1.50,2.33
2011.09.02 12:24:32.524,1.09492,1.09504,1.50,1.13
2011.09.02 12:24:32.652,1.09487,1.09503,2.25,1.50
2011.09.02 12:24:32.895,1.09485,1.09501,1.13,2.25
2011.09.02 12:24:33.140,1.09484,1.09499,2.25,1.50
2011.09.02 12:24:33.782,1.09484,1.09498,1.50,2.33
2011.09.02 12:24:34.140,1.09485,1.09498,1.50,2.33
2011.09.02 12:24:34.732,1.09485,1.09497,1.50,1.96
2011.09.02 12:24:34.856,1.09485,1.09498,1.50,2.25
2011.09.02 12:24:35.220,1.09484,1.09501,1.13,3.00
2011.09.02 12:24:35.588,1.09483,1.09497,1.50,1.50
2011.09.02 12:24:36.651,1.0948,1.09497,1.50,1.58
2011.09.02 12:24:38.139,1.0948,1.09496,1.50,1.50
2011.09.02 12:24:39.511,1.09478,1.09493,2.25,1.13
2011.09.02 12:24:39.758,1.09475,1.0949,1.50,1.50
2011.09.02 12:24:39.882,1.09474,1.0949,1.50,2.63
2011.09.02 12:24:40.004,1.09474,1.09489,1.50,1.13
2011.09.02 12:24:40.252,1.09471,1.09487,2.25,1.50
2011.09.02 12:24:40.377,1.09469,1.09486,3.00,2.25
2011.09.02 12:24:40.505,1.09473,1.0949,1.50,1.96
2011.09.02 12:24:42.432,1.09471,1.09485,1.50,1.13
2011.09.02 12:24:42.675,1.09467,1.0948,1.50,1.50
2011.09.02 12:24:42.921,1.09467,1.0948,2.25,2.25
2011.09.02 12:24:43.043,1.09467,1.09479,2.25,1.50
2011.09.02 12:24:43.630,1.09467,1.0948,2.25,2.25
2011.09.02 12:24:44.202,1.09467,1.09483,1.13,2.25
2011.09.02 12:24:44.322,1.09467,1.09483,1.88,1.50
2011.09.02 12:24:44.969,1.09467,1.09483,1.88,1.50
2011.09.02 12:24:45.103,1.0947,1.09486,1.88,1.50
2011.09.02 12:24:45.440,1.09471,1.09486,2.25,1.50
2011.09.02 12:24:46.252,1.09473,1.09487,1.50,2.25
2011.09.02 12:24:46.617,1.09476,1.09487,2.25,1.50
2011.09.02 12:24:47.222,1.09476,1.09492,2.25,2.25
2011.09.02 12:24:47.339,1.09476,1.09492,2.25,2.25
2011.09.02 12:24:48.328,1.09479,1.09497,1.88,3.08
2011.09.02 12:24:48.454,1.09482,1.09498,1.50,1.96
2011.09.02 12:24:48.824,1.09479,1.09493,1.50,1.13
2011.09.02 12:24:49.192,1.09467,1.09479,1.50,1.50
2011.09.02 12:24:49.312,1.09464,1.09478,2.25,1.50
2011.09.02 12:24:49.554,1.09464,1.09475,2.25,1.50
2011.09.02 12:24:49.681,1.09464,1.09478,2.25,2.25
2011.09.02 12:24:50.406,1.09465,1.09478,1.13,1.50
2011.09.02 12:24:51.120,1.09465,1.09481,1.88,1.50
2011.09.02 12:24:51.708,1.09466,1.09483,1.50,1.58
2011.09.02 12:24:51.956,1.09468,1.09484,1.13,1.50
2011.09.02 12:24:52.325,1.09474,1.09491,1.13,1.58
2011.09.02 12:24:52.459,1.09476,1.09494,1.50,1.58
2011.09.02 12:24:53.091,1.0948,1.09496,1.50,1.50
2011.09.02 12:24:53.222,1.09481,1.09498,1.50,2.25
2011.09.02 12:24:53.347,1.09484,1.09498,1.50,1.50
2011.09.02 12:24:53.475,1.09482,1.09499,2.63,1.50
2011.09.02 12:24:54.082,1.09484,1.095,2.25,1.58
2011.09.02 12:24:54.461,1.09484,1.09501,1.88,2.25
2011.09.02 12:24:54.798,1.09484,1.09501,1.88,2.25
2011.09.02 12:24:54.920,1.09484,1.09501,1.88,2.25
2011.09.02 12:24:55.929,1.09484,1.09501,1.50,1.50
2011.09.02 12:24:56.518,1.09484,1.09501,1.88,1.50
2011.09.02 12:24:56.641,1.09484,1.09501,1.13,2.25
2011.09.02 12:24:57.006,1.09484,1.09493,1.50,1.88
2011.09.02 12:24:57.133,1.09484,1.09493,1.50,1.13
2011.09.02 12:24:57.262,1.09479,1.09495,1.13,3.83
2011.09.02 12:24:57.386,1.09479,1.09497,1.13,1.58
2011.09.02 12:24:57.516,1.09478,1.09493,1.13,1.50
2011.09.02 12:24:57.765,1.09482,1.09495,1.13,1.50
2011.09.02 12:24:57.891,1.09483,1.095,1.50,3.83
2011.09.02 12:24:58.015,1.09483,1.095,1.50,3.08
2011.09.02 12:24:59.028,1.09481,1.09497,1.50,1.50
2011.09.02 12:24:59.578,1.09481,1.09497,1.50,1.50
2011.09.02 12:25:00.040,1.09482,1.09498,1.50,1.58
2011.09.02 12:25:00.389,1.09482,1.09498,1.50,1.58
2011.09.02 12:25:00.769,1.09485,1.095,1.50,1.58
2011.09.02 12:25:01.131,1.09485,1.095,1.50,1.58
2011.09.02 12:25:01.250,1.09484,1.095,1.50,1.58
2011.09.02 12:25:01.767,1.09486,1.09498,1.50,1.50
2011.09.02 12:25:02.134,1.09483,1.09498,1.13,2.25
2011.09.02 12:25:02.263,1.09482,1.09497,1.50,1.50
2011.09.02 12:25:02.513,1.09478,1.09493,1.50,2.25
2011.09.02 12:25:03.113,1.09477,1.09492,1.13,2.25
2011.09.02 12:25:03.701,1.09476,1.09492,2.25,1.50
2011.09.02 12:25:03.946,1.09476,1.0949,1.50,1.50
2011.09.02 12:25:04.491,1.09477,1.09492,1.50,1.50
2011.09.02 12:25:04.623,1.09479,1.09496,2.63,2.33
2011.09.02 12:25:04.745,1.09479,1.09496,1.88,1.58
2011.09.02 12:25:05.349,1.09478,1.09494,1.13,1.50
2011.09.02 12:25:05.701,1.09482,1.09497,1.50,1.58
2011.09.02 12:25:06.065,1.09484,1.09498,1.13,1.50
2011.09.02 12:25:06.829,1.09485,1.09498,1.50,1.50
2011.09.02 12:25:07.181,1.09482,1.09498,2.25,1.50
2011.09.02 12:25:07.548,1.09479,1.09497,2.25,2.71
2011.09.02 12:25:07.670,1.09478,1.09494,1.50,1.88
2011.09.02 12:25:07.792,1.09475,1.09492,1.88,2.25
2011.09.02 12:25:08.373,1.09474,1.09491,1.13,1.50
2011.09.02 12:25:08.612,1.09472,1.09487,2.25,1.50
2011.09.02 12:25:08.729,1.09472,1.09488,3.00,1.50
2011.09.02 12:25:10.073,1.09473,1.09489,1.13,2.25
2011.09.02 12:25:10.437,1.09477,1.09491,1.50,1.58
2011.09.02 12:25:10.562,1.09477,1.09492,2.25,1.50
2011.09.02 12:25:10.684,1.09476,1.0949,1.88,1.50
2011.09.02 12:25:11.258,1.09475,1.0949,1.88,1.50
2011.09.02 12:25:11.722,1.09477,1.09492,1.13,2.25
2011.09.02 12:25:11.966,1.09477,1.09494,1.13,2.33
2011.09.02 12:25:12.565,1.09479,1.09495,1.88,1.58
2011.09.02 12:25:13.074,1.09482,1.09498,1.50,3.08
2011.09.02 12:25:13.209,1.09482,1.09498,1.50,3.08
2011.09.02 12:25:14.030,1.09482,1.09496,1.88,1.58
2011.09.02 12:25:14.392,1.09481,1.09496,1.88,2.33
2011.09.02 12:25:14.750,1.0948,1.09493,1.13,1.50
2011.09.02 12:25:15.760,1.09479,1.09494,1.13,1.50
2011.09.02 12:25:15.891,1.09477,1.09493,1.50,2.25
2011.09.02 12:25:16.255,1.0948,1.09495,1.13,1.50
2011.09.02 12:25:16.381,1.09479,1.09495,1.88,1.50
2011.09.02 12:25:17.320,1.09478,1.09492,1.13,1.50
2011.09.02 12:25:17.890,1.0948,1.09494,1.13,2.33
2011.09.02 12:25:18.769,1.09481,1.09494,1.13,1.58
2011.09.02 12:25:19.592,1.09481,1.09496,1.13,2.33
2011.09.02 12:25:19.831,1.09481,1.09496,1.13,2.33
2011.09.02 12:25:20.433,1.09479,1.09495,1.50,1.58
2011.09.02 12:25:20.900,1.09479,1.09494,1.50,1.58
2011.09.02 12:25:21.690,1.09477,1.09493,1.13,1.58
2011.09.02 12:25:23.559,1.09478,1.09494,1.88,2.33
2011.09.02 12:25:24.130,1.09478,1.09494,1.88,1.50
2011.09.02 12:25:24.710,1.09478,1.09495,1.88,2.33
2011.09.02 12:25:25.059,1.09478,1.09495,1.88,2.33
2011.09.02 12:25:27.012,1.09476,1.09489,1.13,1.50
2011.09.02 12:25:27.250,1.09476,1.09491,1.13,1.50
2011.09.02 12:25:27.371,1.09474,1.09491,1.50,2.25
2011.09.02 12:25:27.959,1.09473,1.0949,1.13,3.46
2011.09.02 12:25:28.798,1.09473,1.0949,1.13,3.83
2011.09.02 12:25:29.520,1.09472,1.09486,1.13,1.13
2011.09.02 12:25:30.088,1.09471,1.09486,1.13,1.88
2011.09.02 12:25:30.330,1.09471,1.09484,1.13,1.50
2011.09.02 12:25:30.919,1.0947,1.09482,1.50,1.50
2011.09.02 12:25:31.610,1.09469,1.09482,1.13,1.50
2011.09.02 12:25:32.239,1.09469,1.09482,1.13,2.25
2011.09.02 12:25:32.850,1.09468,1.09482,2.25,1.50
2011.09.02 12:25:33.318,1.09468,1.09485,2.25,2.25
2011.09.02 12:25:34.889,1.09468,1.09482,2.25,1.50
2011.09.02 12:25:35.013,1.09467,1.09482,1.13,1.50
2011.09.02 12:25:35.134,1.09467,1.09481,1.13,2.25
2011.09.02 12:25:35.666,1.09471,1.09485,1.50,1.13
2011.09.02 12:25:35.805,1.09475,1.09489,1.13,1.21
2011.09.02 12:25:36.411,1.09475,1.0949,1.88,1.13
2011.09.02 12:25:36.769,1.09479,1.09492,1.50,1.58
2011.09.02 12:25:37.353,1.09478,1.09494,1.50,1.58
2011.09.02 12:25:37.940,1.09477,1.09494,2.25,1.50
2011.09.02 12:25:39.047,1.09477,1.09495,3.75,2.33
2011.09.02 12:25:39.915,1.0948,1.09497,1.50,2.33
2011.09.02 12:25:40.164,1.09484,1.095,1.13,4.21
2011.09.02 12:25:41.428,1.09484,1.09499,1.88,1.58
2011.09.02 12:25:42.161,1.09484,1.09499,1.13,1.58
2011.09.02 12:25:42.934,1.09484,1.09498,1.13,1.50
2011.09.02 12:25:43.299,1.09482,1.09498,1.50,1.50
2011.09.02 12:25:44.099,1.09484,1.095,1.13,2.33
2011.09.02 12:25:44.820,1.09482,1.09498,1.50,1.50
2011.09.02 12:25:45.064,1.09483,1.09499,1.13,1.96
2011.09.02 12:25:45.312,1.09482,1.09497,1.13,1.50
2011.09.02 12:25:45.551,1.09483,1.09499,1.13,2.71
2011.09.02 12:25:46.937,1.09483,1.095,1.13,2.71
2011.09.02 12:25:47.532,1.09485,1.095,1.13,1.21
2011.09.02 12:25:47.989,1.09482,1.09498,1.50,1.50
2011.09.02 12:25:48.779,1.09483,1.09499,1.50,1.58
2011.09.02 12:25:49.388,1.09485,1.095,1.13,1.21
2011.09.02 12:25:49.743,1.09485,1.095,1.13,1.96
2011.09.02 12:25:50.106,1.09486,1.095,1.13,1.21
2011.09.02 12:25:50.230,1.09486,1.095,1.13,1.21
2011.09.02 12:25:50.467,1.09483,1.095,1.50,1.21
2011.09.02 12:25:50.589,1.09487,1.095,1.50,1.21
2011.09.02 12:25:51.171,1.09483,1.09499,1.50,1.50
2011.09.02 12:25:51.529,1.09489,1.09503,1.50,2.33
2011.09.02 12:25:52.242,1.09498,1.09511,2.25,1.50
2011.09.02 12:25:52.369,1.09498,1.09513,2.25,2.25
2011.09.02 12:25:52.497,1.09501,1.09514,1.50,1.50
2011.09.02 12:25:53.099,1.095,1.09514,1.88,1.50
2011.09.02 12:25:53.224,1.095,1.09513,1.88,1.50
2011.09.02 12:25:53.699,1.095,1.09516,1.88,1.88
2011.09.02 12:25:54.437,1.09501,1.09516,1.50,1.13
2011.09.02 12:25:55.551,1.09501,1.09515,1.50,1.50
2011.09.02 12:25:55.676,1.095,1.09516,1.88,1.13
2011.09.02 12:25:55.807,1.09502,1.09516,1.88,1.13
2011.09.02 12:25:56.409,1.09503,1.09518,1.50,1.50
2011.09.02 12:25:57.450,1.09503,1.09518,1.50,1.13
2011.09.02 12:25:58.784,1.09503,1.09518,1.50,1.50
2011.09.02 12:25:59.134,1.09504,1.0952,1.50,1.50
2011.09.02 12:25:59.504,1.09506,1.0952,1.13,1.50
2011.09.02 12:25:59.631,1.09507,1.09522,1.50,1.13
2011.09.02 12:26:00.190,1.09508,1.09524,1.50,1.58
2011.09.02 12:26:01.022,1.09509,1.09525,1.50,1.58
2011.09.02 12:26:01.612,1.0951,1.09527,1.50,3.83
2011.09.02 12:26:01.853,1.0951,1.09526,1.50,1.58
2011.09.02 12:26:02.428,1.0951,1.09525,1.50,1.13
2011.09.02 12:26:03.004,1.0951,1.09525,1.50,1.13
2011.09.02 12:26:06.728,1.09512,1.09525,2.25,1.88
2011.09.02 12:26:07.269,1.09506,1.09521,3.00,1.13
2011.09.02 12:26:07.514,1.09507,1.09524,1.50,2.25
2011.09.02 12:26:07.762,1.09512,1.09526,1.50,2.33
2011.09.02 12:26:08.361,1.09508,1.09524,1.13,1.13
2011.09.02 12:26:08.483,1.09507,1.09523,1.50,1.50
2011.09.02 12:26:09.077,1.09505,1.0952,1.88,1.13
2011.09.02 12:26:09.920,1.09505,1.09519,1.50,1.13
2011.09.02 12:26:10.083,1.09503,1.09518,1.13,1.13
2011.09.02 12:26:10.440,1.09503,1.09516,1.13,1.50
2011.09.02 12:26:10.919,1.09503,1.09514,1.13,1.50
2011.09.02 12:26:11.268,1.09503,1.09514,1.13,1.50
2011.09.02 12:26:11.630,1.09502,1.09514,1.50,1.50
2011.09.02 12:26:13.429,1.09488,1.09502,1.88,1.13
2011.09.02 12:26:13.677,1.09487,1.09501,1.50,1.50
2011.09.02 12:26:14.050,1.09489,1.09501,2.25,1.50
2011.09.02 12:26:14.653,1.09489,1.09504,3.00,1.58
2011.09.02 12:26:14.772,1.09494,1.09504,1.88,1.58
2011.09.02 12:26:15.379,1.09494,1.09503,1.88,1.50
2011.09.02 12:26:16.129,1.09496,1.09503,1.13,1.50
2011.09.02 12:26:24.151,1.09493,1.09505,1.50,3.00
2011.09.02 12:26:24.282,1.09499,1.0951,1.50,2.33
2011.09.02 12:26:24.645,1.095,1.0951,2.25,1.50
2011.09.02 12:26:24.774,1.09502,1.09513,2.25,1.50
2011.09.02 12:26:25.022,1.09502,1.09513,3.75,1.50
2011.09.02 12:26:25.570,1.09501,1.09513,2.25,1.50
2011.09.02 12:26:25.711,1.095,1.09516,1.88,2.71
2011.09.02 12:26:26.070,1.09498,1.09514,2.25,1.50
2011.09.02 12:26:26.782,1.095,1.09516,1.50,1.96
2011.09.02 12:26:29.012,1.09499,1.09515,2.25,1.58
2011.09.02 12:26:29.608,1.09503,1.09517,1.13,2.33
2011.09.02 12:26:32.161,1.09501,1.09517,2.25,2.33
2011.09.02 12:26:32.750,1.09502,1.09519,2.25,2.33
2011.09.02 12:26:34.875,1.09502,1.09519,2.25,1.96
2011.09.02 12:26:35.012,1.09502,1.09515,1.13,1.50
2011.09.02 12:26:35.964,1.09502,1.09516,1.13,1.21
2011.09.02 12:26:36.760,1.095,1.09516,2.25,1.96
2011.09.02 12:26:37.003,1.09499,1.09514,1.50,1.88
2011.09.02 12:26:37.129,1.09499,1.09513,1.50,2.25
2011.09.02 12:26:37.643,1.09496,1.09513,1.50,2.33
2011.09.02 12:26:37.788,1.09491,1.09505,1.50,1.50
2011.09.02 12:26:38.156,1.09487,1.09502,1.50,1.50
2011.09.02 12:26:38.762,1.09486,1.09502,1.13,1.88
2011.09.02 12:26:39.360,1.09486,1.09502,1.13,2.71
2011.09.02 12:26:39.721,1.09486,1.09502,1.13,1.21
2011.09.02 12:26:40.472,1.09485,1.09496,1.50,1.13
2011.09.02 12:26:40.833,1.09479,1.09494,1.13,2.71
2011.09.02 12:26:41.553,1.09477,1.09493,1.50,2.33
2011.09.02 12:26:42.150,1.09477,1.09492,1.50,2.33
2011.09.02 12:26:42.631,1.09476,1.09492,1.13,1.88
2011.09.02 12:26:43.321,1.09475,1.09491,1.88,2.33
2011.09.02 12:26:43.924,1.09474,1.09489,1.13,1.13
2011.09.02 12:26:44.291,1.09477,1.09492,1.13,3.46
2011.09.02 12:26:44.993,1.09473,1.0949,3.00,1.58
2011.09.02 12:26:45.235,1.09475,1.09492,1.50,3.08
2011.09.02 12:26:45.364,1.09477,1.09492,1.50,1.58
2011.09.02 12:26:46.163,1.0948,1.09493,1.13,1.58
2011.09.02 12:26:46.873,1.09477,1.09491,1.13,1.58
2011.09.02 12:26:47.460,1.09477,1.09491,1.50,1.13
2011.09.02 12:26:47.580,1.09477,1.09492,1.50,1.58
2011.09.02 12:26:48.042,1.09477,1.09493,1.50,2.71
2011.09.02 12:26:48.285,1.09476,1.09492,1.88,1.21
2011.09.02 12:26:48.649,1.09476,1.09489,1.13,1.58
2011.09.02 12:26:49.186,1.09467,1.09476,1.13,1.50
2011.09.02 12:26:49.316,1.09466,1.09479,1.50,2.25
2011.09.02 12:26:49.443,1.09462,1.09478,1.88,1.21
2011.09.02 12:26:50.042,1.09462,1.09477,1.13,1.21
2011.09.02 12:26:50.621,1.09461,1.09477,2.63,1.21
2011.09.02 12:26:52.065,1.09462,1.09477,1.13,1.21
2011.09.02 12:26:52.204,1.09463,1.09479,1.50,1.58
2011.09.02 12:26:52.681,1.09464,1.0948,2.25,2.33
2011.09.02 12:26:54.015,1.09465,1.0948,1.13,3.08
2011.09.02 12:26:54.606,1.09462,1.0948,1.50,1.96
2011.09.02 12:26:55.309,1.09463,1.09478,1.13,1.21
2011.09.02 12:26:56.100,1.0946,1.09477,1.13,2.33
2011.09.02 12:26:56.219,1.09458,1.09475,2.25,1.58
2011.09.02 12:26:56.346,1.09457,1.09471,1.13,1.13
2011.09.02 12:26:56.475,1.09455,1.0947,2.25,1.50
2011.09.02 12:26:56.603,1.09454,1.0947,1.13,1.13
2011.09.02 12:26:56.726,1.09453,1.0947,1.50,2.63
2011.09.02 12:26:57.330,1.09453,1.09467,2.25,1.58
2011.09.02 12:26:57.878,1.09455,1.09467,1.50,2.33
2011.09.02 12:26:58.110,1.09451,1.09467,1.88,2.33
2011.09.02 12:26:59.373,1.09451,1.09462,1.50,1.13
2011.09.02 12:26:59.855,1.09456,1.09465,1.50,1.50
2011.09.02 12:27:00.366,1.09456,1.09468,1.50,1.50
2011.09.02 12:27:00.506,1.09451,1.09468,1.50,2.25
2011.09.02 12:27:00.850,1.09453,1.09468,1.50,1.50
2011.09.02 12:27:00.970,1.09451,1.09468,2.25,2.25
2011.09.02 12:27:01.783,1.09451,1.09468,1.50,2.33
2011.09.02 12:27:02.589,1.09448,1.09468,2.25,3.08
2011.09.02 12:27:03.464,1.0945,1.09468,1.50,2.33
2011.09.02 12:27:03.840,1.09442,1.09453,1.13,1.50
2011.09.02 12:27:03.964,1.09441,1.09453,1.50,1.50
2011.09.02 12:27:04.095,1.09439,1.09452,1.13,1.50
2011.09.02 12:27:04.332,1.09442,1.09455,1.13,3.00
2011.09.02 12:27:04.579,1.09443,1.09457,1.50,1.58
2011.09.02 12:27:05.049,1.09446,1.09459,1.13,1.50
2011.09.02 12:27:06.119,1.09446,1.09463,1.13,1.21
2011.09.02 12:27:06.239,1.09447,1.09464,1.50,3.08
2011.09.02 12:27:06.602,1.0945,1.09465,1.50,1.13
2011.09.02 12:27:06.720,1.09448,1.09465,1.88,1.13
2011.09.02 12:27:07.192,1.09448,1.09462,1.50,2.25
2011.09.02 12:27:07.313,1.09448,1.09465,1.50,1.50
2011.09.02 12:27:07.446,1.09448,1.09461,1.50,1.13
2011.09.02 12:27:07.570,1.09448,1.09461,1.50,1.13
2011.09.02 12:27:07.922,1.09449,1.09465,1.50,1.58
2011.09.02 12:27:08.041,1.09449,1.09465,1.50,1.13
2011.09.02 12:27:08.353,1.09448,1.09463,4.13,1.50
2011.09.02 12:27:09.035,1.09449,1.09465,1.50,1.58
2011.09.02 12:27:09.642,1.09449,1.09463,1.88,1.13
2011.09.02 12:27:10.000,1.09449,1.09462,2.25,1.13
2011.09.02 12:27:10.363,1.09451,1.09461,1.50,1.13
2011.09.02 12:27:10.601,1.09447,1.09461,1.50,1.88
2011.09.02 12:27:10.965,1.09447,1.0946,1.50,1.13
2011.09.02 12:27:11.090,1.09448,1.09462,1.50,1.50
2011.09.02 12:27:11.214,1.09448,1.09461,1.50,1.13
2011.09.02 12:27:11.722,1.09445,1.09461,1.50,3.08
2011.09.02 12:27:11.847,1.09445,1.0946,1.50,1.50
2011.09.02 12:27:11.975,1.09445,1.09461,1.50,1.58
2011.09.02 12:27:12.570,1.09446,1.09462,1.88,2.33
2011.09.02 12:27:12.808,1.09446,1.0946,1.88,1.13
2011.09.02 12:27:13.159,1.09446,1.09462,1.88,2.71
2011.09.02 12:27:13.391,1.09446,1.09462,1.13,2.71
2011.09.02 12:27:13.509,1.09445,1.0946,1.13,1.50
2011.09.02 12:27:14.689,1.09446,1.09461,1.13,1.58
2011.09.02 12:27:14.934,1.09447,1.09463,1.88,1.50
2011.09.02 12:27:15.428,1.09451,1.09465,1.13,1.50
2011.09.02 12:27:16.727,1.09456,1.09471,3.00,1.58
2011.09.02 12:27:16.980,1.09461,1.09476,1.13,2.25
2011.09.02 12:27:17.108,1.09461,1.09476,1.13,2.25
2011.09.02 12:27:17.413,1.09462,1.09476,1.50,3.00
2011.09.02 12:27:17.554,1.09459,1.09475,2.25,1.13
2011.09.02 12:27:17.807,1.0946,1.09469,1.50,1.50
2011.09.02 12:27:17.932,1.0946,1.09475,1.50,1.88
2011.09.02 12:27:18.051,1.09459,1.09475,1.88,1.13
2011.09.02 12:27:18.644,1.0946,1.09476,1.88,3.75
2011.09.02 12:27:19.248,1.0946,1.09475,1.50,1.13
2011.09.02 12:27:19.845,1.09459,1.09473,1.50,1.50
2011.09.02 12:27:19.972,1.09457,1.0947,1.50,1.13
2011.09.02 12:27:21.730,1.09454,1.0947,1.50,1.88
2011.09.02 12:27:21.872,1.09454,1.0947,1.13,1.88
2011.09.02 12:27:22.505,1.09459,1.09474,1.13,1.21
2011.09.02 12:27:22.871,1.09462,1.09478,1.50,2.33
2011.09.02 12:27:23.453,1.09462,1.09477,1.50,2.33
2011.09.02 12:27:23.813,1.0946,1.09476,2.25,1.50
2011.09.02 12:27:24.414,1.09461,1.09477,1.50,2.33
2011.09.02 12:27:25.027,1.09461,1.09476,1.50,2.25
2011.09.02 12:27:25.292,1.0945,1.09465,1.50,1.50
2011.09.02 12:27:25.891,1.09452,1.09466,1.50,2.33
2011.09.02 12:27:26.014,1.09451,1.09466,1.50,2.33
2011.09.02 12:27:26.266,1.0945,1.09466,2.25,1.50
2011.09.02 12:27:26.394,1.09452,1.09465,2.25,2.25
2011.09.02 12:27:26.524,1.09446,1.09462,1.50,2.33
2011.09.02 12:27:27.138,1.09445,1.09462,2.25,2.33
2011.09.02 12:27:27.610,1.09447,1.09462,1.50,1.21
2011.09.02 12:27:27.961,1.09445,1.09461,2.63,1.13
2011.09.02 12:27:28.535,1.09445,1.09459,1.13,1.50
2011.09.02 12:27:28.901,1.09444,1.0946,1.88,1.96
2011.09.02 12:27:29.021,1.09444,1.0946,1.13,2.71
2011.09.02 12:27:29.609,1.09443,1.0946,2.25,2.71
2011.09.02 12:27:29.870,1.09446,1.0946,1.88,1.13
2011.09.02 12:27:29.992,1.09445,1.09461,1.88,1.96
2011.09.02 12:27:30.590,1.09447,1.09461,1.13,1.21
2011.09.02 12:27:30.710,1.09445,1.09461,3.00,1.58
2011.09.02 12:27:31.070,1.09445,1.0946,1.50,3.00
2011.09.02 12:27:31.192,1.09445,1.0946,1.50,1.96
2011.09.02 12:27:31.312,1.09443,1.0946,4.13,1.96
2011.09.02 12:27:32.048,1.09444,1.0946,1.50,1.21
2011.09.02 12:27:32.413,1.09447,1.09462,1.13,1.58
2011.09.02 12:27:32.669,1.09451,1.09464,1.50,2.25
2011.09.02 12:27:32.798,1.0946,1.09471,1.88,2.33
2011.09.02 12:27:33.045,1.09462,1.09477,2.25,2.63
2011.09.02 12:27:33.294,1.09462,1.09479,2.25,1.58
2011.09.02 12:27:33.423,1.09462,1.09478,1.50,1.50
2011.09.02 12:27:34.082,1.09463,1.09478,1.50,1.50
2011.09.02 12:27:34.324,1.09464,1.0948,1.50,1.50
2011.09.02 12:27:34.460,1.09464,1.09481,2.25,1.50
2011.09.02 12:27:34.591,1.09467,1.09482,1.50,1.88
2011.09.02 12:27:34.956,1.09467,1.09483,2.25,1.13
2011.09.02 12:27:35.204,1.09467,1.09482,1.50,1.50
2011.09.02 12:27:35.573,1.09467,1.09481,2.25,1.50
2011.09.02 12:27:35.692,1.09467,1.09484,2.25,1.13
2011.09.02 12:27:36.815,1.09468,1.09484,1.50,1.13
2011.09.02 12:27:37.760,1.09468,1.09484,1.50,1.13
2011.09.02 12:27:38.365,1.09467,1.09482,1.50,1.50
2011.09.02 12:27:38.944,1.09468,1.09481,2.25,1.13
2011.09.02 12:27:39.900,1.09468,1.09482,3.00,1.13
2011.09.02 12:27:40.501,1.09467,1.09482,2.25,1.13
2011.09.02 12:27:40.864,1.09467,1.09483,2.25,3.00
2011.09.02 12:27:41.528,1.09465,1.09478,1.50,1.13
2011.09.02 12:27:42.123,1.09464,1.09478,1.50,1.13
2011.09.02 12:27:42.724,1.09465,1.09479,1.50,1.13
2011.09.02 12:27:43.270,1.09465,1.09479,1.50,1.13
2011.09.02 12:27:43.938,1.09465,1.09479,1.50,1.13
2011.09.02 12:27:44.068,1.09467,1.09482,2.25,1.58
2011.09.02 12:27:44.556,1.09467,1.09482,2.25,1.58
2011.09.02 12:27:44.808,1.09468,1.09485,1.50,3.83
2011.09.02 12:27:45.159,1.09467,1.09483,2.25,1.58
2011.09.02 12:27:45.632,1.09469,1.09485,1.50,2.33
2011.09.02 12:27:45.971,1.09469,1.09486,1.50,1.58
2011.09.02 12:27:46.513,1.09467,1.09484,2.25,2.71
2011.09.02 12:27:46.984,1.09467,1.09482,1.50,1.58
2011.09.02 12:27:47.578,1.09468,1.09483,1.50,1.58
2011.09.02 12:27:47.818,1.09467,1.09483,1.50,2.33
2011.09.02 12:27:48.512,1.09468,1.09485,1.13,1.58
2011.09.02 12:27:49.113,1.09469,1.09485,1.50,1.58
2011.09.02 12:27:49.687,1.0947,1.09487,2.25,4.58
2011.09.02 12:27:50.273,1.0947,1.09484,1.50,1.50
2011.09.02 12:27:51.342,1.09468,1.09484,2.25,1.88
2011.09.02 12:27:51.461,1.09467,1.09483,2.25,1.50
2011.09.02 12:27:52.561,1.09467,1.09482,1.50,3.00
2011.09.02 12:27:53.139,1.09466,1.09482,2.25,3.00
2011.09.02 12:27:53.698,1.09466,1.09483,2.25,3.00
2011.09.02 12:27:54.506,1.09467,1.09483,1.50,1.50
2011.09.02 12:27:54.751,1.09466,1.09482,2.63,1.13
2011.09.02 12:27:55.331,1.09468,1.09484,1.13,1.50
2011.09.02 12:27:56.278,1.09467,1.09483,1.50,1.88
2011.09.02 12:27:56.882,1.09465,1.09482,2.25,1.50
2011.09.02 12:27:57.459,1.09465,1.0948,1.50,1.50
2011.09.02 12:27:57.924,1.09465,1.09479,1.50,1.88
2011.09.02 12:27:58.059,1.09464,1.09477,1.13,1.50
2011.09.02 12:27:58.595,1.09466,1.09478,1.50,1.13
2011.09.02 12:27:58.734,1.09467,1.09482,1.88,1.13
2011.09.02 12:27:58.985,1.09467,1.09484,2.25,1.50
2011.09.02 12:27:59.233,1.09465,1.0948,1.50,1.13
2011.09.02 12:27:59.490,1.09467,1.09481,1.50,1.13
2011.09.02 12:27:59.614,1.09466,1.09481,2.25,1.13
2011.09.02 12:27:59.742,1.09466,1.0948,1.50,1.88
2011.09.02 12:28:01.115,1.09466,1.0948,1.13,1.88
2011.09.02 12:28:02.281,1.09468,1.0948,1.50,1.88
2011.09.02 12:28:02.633,1.0947,1.09486,2.25,1.58
2011.09.02 12:28:02.992,1.09472,1.09486,1.88,1.13
2011.09.02 12:28:04.090,1.09474,1.09491,1.88,1.96
2011.09.02 12:28:04.212,1.09474,1.09486,1.50,1.50
2011.09.02 12:28:04.765,1.09473,1.09488,1.50,1.88
2011.09.02 12:28:05.368,1.09474,1.09487,1.13,1.50
2011.09.02 12:28:05.734,1.09471,1.09484,1.88,1.50
2011.09.02 12:28:06.105,1.09471,1.09486,1.50,1.13
2011.09.02 12:28:06.236,1.09473,1.09489,1.50,3.00
2011.09.02 12:28:06.770,1.09471,1.09488,2.25,1.50
2011.09.02 12:28:06.903,1.09474,1.09489,1.50,1.50
2011.09.02 12:28:07.033,1.09475,1.0949,1.13,1.13
2011.09.02 12:28:07.631,1.09476,1.0949,1.13,1.13
2011.09.02 12:28:08.232,1.09475,1.0949,2.25,1.50
2011.09.02 12:28:08.589,1.09476,1.09489,2.25,1.13
2011.09.02 12:28:08.717,1.09475,1.09489,1.50,1.13
2011.09.02 12:28:09.236,1.09474,1.09487,1.50,1.50
2011.09.02 12:28:09.724,1.09473,1.09488,1.50,3.00
2011.09.02 12:28:10.096,1.0948,1.09491,2.25,1.50
2011.09.02 12:28:10.466,1.09491,1.09499,1.50,2.25
2011.09.02 12:28:10.598,1.09493,1.095,1.50,1.50
2011.09.02 12:28:10.725,1.09496,1.09512,2.25,2.25
2011.09.02 12:28:11.146,1.09494,1.09507,1.50,1.50
2011.09.02 12:28:11.702,1.09493,1.0951,2.25,1.50
2011.09.02 12:28:12.061,1.09494,1.09511,1.50,1.50
2011.09.02 12:28:12.427,1.09492,1.09502,1.50,1.50
2011.09.02 12:28:12.555,1.0949,1.09502,2.25,1.50
2011.09.02 12:28:12.687,1.09491,1.09507,1.50,1.50
2011.09.02 12:28:12.814,1.09491,1.09508,1.50,2.63
2011.09.02 12:28:12.945,1.09489,1.09507,1.50,2.25
2011.09.02 12:28:13.535,1.0949,1.09506,1.50,2.25
2011.09.02 12:28:14.443,1.09488,1.09503,1.50,1.50
2011.09.02 12:28:14.697,1.09486,1.09499,1.50,1.50
2011.09.02 12:28:14.823,1.09483,1.09499,2.25,1.50
2011.09.02 12:28:15.061,1.09484,1.09499,1.13,1.50
2011.09.02 12:28:16.100,1.09486,1.09504,2.25,1.88
2011.09.02 12:28:16.223,1.0949,1.09506,2.25,1.50
2011.09.02 12:28:17.043,1.0949,1.09506,1.50,2.25
2011.09.02 12:28:17.852,1.0949,1.09505,1.50,2.25
2011.09.02 12:28:17.970,1.09491,1.09505,1.50,1.50
2011.09.02 12:28:18.092,1.0949,1.09505,1.50,1.50
2011.09.02 12:28:18.333,1.09488,1.09504,1.50,1.13
2011.09.02 12:28:19.188,1.09489,1.09507,2.25,2.25
2011.09.02 12:28:19.321,1.09488,1.09504,2.25,2.25
2011.09.02 12:28:19.445,1.09488,1.09504,1.50,1.50
2011.09.02 12:28:19.901,1.0949,1.09504,1.50,1.88
2011.09.02 12:28:20.491,1.09489,1.095,1.50,1.50
2011.09.02 12:28:20.839,1.09486,1.095,2.25,1.50
2011.09.02 12:28:21.076,1.09486,1.09499,2.25,1.50
2011.09.02 12:28:22.675,1.09486,1.09499,1.50,1.50
2011.09.02 12:28:23.496,1.09486,1.09495,1.50,1.13
2011.09.02 12:28:23.749,1.09481,1.09492,1.50,1.50
2011.09.02 12:28:23.877,1.09476,1.09491,2.25,1.50
2011.09.02 12:28:24.638,1.0948,1.09494,1.13,2.25
2011.09.02 12:28:25.009,1.09489,1.09502,1.50,1.50
2011.09.02 12:28:25.141,1.09489,1.09505,2.25,1.50
2011.09.02 12:28:25.502,1.0949,1.09505,2.25,1.50
2011.09.02 12:28:25.743,1.09496,1.09511,1.50,1.50
2011.09.02 12:28:26.359,1.09493,1.09503,1.50,1.50
2011.09.02 12:28:26.894,1.09492,1.09502,1.50,1.50
2011.09.02 12:28:27.032,1.09486,1.09501,1.50,3.00
2011.09.02 12:28:27.159,1.09484,1.09496,1.50,1.50
2011.09.02 12:28:27.761,1.09484,1.09498,1.50,1.58
2011.09.02 12:28:27.881,1.09484,1.09499,1.50,1.58
2011.09.02 12:28:28.460,1.09486,1.09502,1.50,1.58
2011.09.02 12:28:28.583,1.09486,1.09505,1.50,2.33
2011.09.02 12:28:29.743,1.09486,1.09506,2.25,1.21
2011.09.02 12:28:29.983,1.09485,1.09505,1.50,1.58
2011.09.02 12:28:30.702,1.09487,1.09508,1.50,1.58
2011.09.02 12:28:30.821,1.09487,1.09511,1.50,1.58
2011.09.02 12:28:31.193,1.09494,1.09511,1.13,1.58
2011.09.02 12:28:31.798,1.09494,1.09515,1.13,1.58
2011.09.02 12:28:32.054,1.09496,1.0952,1.50,2.33
2011.09.02 12:28:32.425,1.09495,1.09517,2.25,1.50
2011.09.02 12:28:33.040,1.09497,1.09518,1.50,1.58
2011.09.02 12:28:33.403,1.09499,1.0952,1.50,1.58
2011.09.02 12:28:34.350,1.09501,1.0952,1.13,1.58
2011.09.02 12:28:35.872,1.09504,1.09516,1.13,1.58
2011.09.02 12:28:36.230,1.095,1.09524,1.50,1.96
2011.09.02 12:28:36.830,1.09504,1.09526,1.88,1.96
2011.09.02 12:28:37.546,1.09504,1.09526,2.63,1.58
2011.09.02 12:28:37.681,1.09505,1.09526,1.88,1.58
2011.09.02 12:28:39.203,1.0951,1.09528,1.13,2.33
2011.09.02 12:28:39.333,1.09508,1.09528,1.50,1.58
2011.09.02 12:28:39.700,1.09515,1.0953,1.13,1.50
2011.09.02 12:28:39.822,1.09509,1.09531,1.50,1.50
2011.09.02 12:28:40.460,1.09508,1.0953,1.50,1.58
2011.09.02 12:28:40.832,1.09508,1.09529,1.50,2.33
2011.09.02 12:28:41.409,1.09509,1.0953,1.50,3.08
2011.09.02 12:28:42.004,1.09508,1.0953,1.50,1.58
2011.09.02 12:28:43.761,1.09514,1.09531,1.13,2.33
2011.09.02 12:28:44.591,1.09516,1.09531,1.50,1.58
2011.09.02 12:28:44.738,1.09516,1.09534,1.50,1.58
2011.09.02 12:28:44.868,1.09518,1.0954,1.13,3.08
2011.09.02 12:28:44.992,1.09518,1.0954,1.13,2.71
2011.09.02 12:28:45.703,1.09517,1.09539,1.50,1.58
2011.09.02 12:28:46.070,1.09521,1.0954,1.13,1.50
2011.09.02 12:28:46.314,1.09532,1.09542,1.50,1.58
2011.09.02 12:28:46.853,1.09535,1.09543,1.13,1.50
2011.09.02 12:28:46.979,1.09542,1.09559,1.50,1.50
2011.09.02 12:28:47.580,1.09542,1.09561,1.50,1.50
2011.09.02 12:28:48.175,1.09542,1.09562,1.50,3.00
2011.09.02 12:28:48.543,1.09542,1.09562,1.50,2.25
2011.09.02 12:28:49.151,1.09542,1.09562,1.50,2.25
2011.09.02 12:28:50.570,1.09542,1.09562,1.50,2.25
2011.09.02 12:28:50.811,1.09542,1.09562,1.50,2.25
2011.09.02 12:28:51.173,1.09544,1.09564,1.13,1.50
2011.09.02 12:28:51.292,1.09544,1.09564,1.13,1.50
2011.09.02 12:28:51.892,1.09544,1.09565,1.13,1.50
2011.09.02 12:28:52.015,1.09546,1.09565,1.50,1.50
2011.09.02 12:28:52.960,1.09546,1.09565,1.50,1.50
2011.09.02 12:28:53.315,1.09549,1.09567,1.50,1.50
2011.09.02 12:28:53.681,1.09553,1.09569,2.25,1.50
2011.09.02 12:28:54.857,1.09553,1.09569,2.40,1.50
2011.09.02 12:28:55.227,1.09555,1.0957,1.05,1.50
2011.09.02 12:28:55.352,1.09555,1.09571,1.80,1.50
2011.09.02 12:28:55.594,1.09555,1.09572,1.80,1.50
2011.09.02 12:28:56.404,1.09555,1.09572,1.65,1.50
2011.09.02 12:28:56.535,1.09555,1.09572,1.50,1.50
2011.09.02 12:28:56.667,1.09555,1.09571,1.50,1.50
2011.09.02 12:28:56.913,1.09548,1.09567,1.50,1.50
2011.09.02 12:28:57.802,1.09544,1.09567,1.50,2.33
2011.09.02 12:28:57.953,1.09529,1.0955,1.50,1.50
2011.09.02 12:28:58.086,1.09528,1.09552,2.25,2.25
2011.09.02 12:28:58.331,1.09529,1.09552,1.50,2.25
2011.09.02 12:28:58.810,1.09532,1.09553,1.50,2.25
2011.09.02 12:28:59.522,1.09539,1.09557,1.50,1.58
2011.09.02 12:28:59.644,1.09539,1.09557,1.50,1.58
2011.09.02 12:29:00.266,1.09539,1.09557,1.50,1.58
2011.09.02 12:29:00.394,1.09539,1.09557,1.50,1.58
2011.09.02 12:29:01.005,1.0954,1.09559,1.50,1.58
2011.09.02 12:29:01.372,1.09552,1.09566,1.50,1.58
2011.09.02 12:29:01.616,1.09554,1.09566,1.50,1.58
2011.09.02 12:29:02.380,1.09554,1.09571,1.50,1.58
2011.09.02 12:29:02.624,1.09556,1.09584,1.50,1.50
2011.09.02 12:29:02.756,1.09556,1.09585,1.50,1.58
2011.09.02 12:29:03.004,1.09557,1.09582,1.50,1.50
2011.09.02 12:29:03.832,1.09559,1.09577,1.50,1.50
2011.09.02 12:29:05.240,1.0956,1.09577,1.50,1.50
2011.09.02 12:29:06.178,1.09555,1.09567,1.50,1.50
2011.09.02 12:29:06.302,1.09553,1.09567,1.50,1.50
2011.09.02 12:29:06.426,1.0955,1.09567,1.50,1.50
2011.09.02 12:29:06.791,1.09554,1.09576,1.88,1.50
2011.09.02 12:29:06.909,1.09555,1.09578,1.50,1.50
2011.09.02 12:29:07.467,1.09555,1.09578,1.50,1.50
2011.09.02 12:29:08.061,1.09558,1.09578,1.50,1.50
2011.09.02 12:29:09.104,1.09557,1.09578,1.50,1.50
2011.09.02 12:29:09.883,1.09555,1.09576,1.50,1.50
2011.09.02 12:29:10.017,1.0955,1.09572,1.69,1.58
2011.09.02 12:29:10.388,1.09546,1.09566,1.13,1.50
2011.09.02 12:29:11.211,1.09541,1.09565,1.60,1.58
2011.09.02 12:29:13.201,1.0954,1.09564,1.50,1.58
2011.09.02 12:29:13.544,1.09538,1.0956,1.50,1.96
2011.09.02 12:29:13.670,1.09536,1.0956,1.50,1.96
2011.09.02 12:29:14.021,1.09536,1.09547,1.50,4.50
2011.09.02 12:29:14.144,1.09534,1.09554,1.50,1.50
2011.09.02 12:29:14.275,1.0953,1.09544,3.00,4.50
2011.09.02 12:29:14.939,1.09529,1.0955,1.88,1.50
2011.09.02 12:29:15.072,1.09534,1.09556,1.50,1.58
2011.09.02 12:29:15.660,1.09534,1.09556,1.50,1.50
2011.09.02 12:29:16.253,1.09535,1.09557,1.13,1.58
2011.09.02 12:29:16.823,1.09535,1.09558,1.88,1.50
2011.09.02 12:29:16.944,1.09537,1.0956,1.13,1.50
2011.09.02 12:29:17.681,1.09539,1.09559,1.50,1.50
2011.09.02 12:29:18.055,1.09533,1.09551,1.50,1.50
2011.09.02 12:29:18.411,1.09535,1.09556,1.50,1.50
2011.09.02 12:29:18.533,1.09532,1.09556,1.50,1.50
2011.09.02 12:29:18.664,1.09532,1.09556,1.50,1.50
2011.09.02 12:29:19.122,1.09533,1.09557,1.50,1.50
2011.09.02 12:29:20.169,1.09534,1.09558,1.50,1.50
2011.09.02 12:29:20.989,1.09534,1.09558,1.50,1.50
2011.09.02 12:29:21.351,1.0954,1.09574,1.50,1.50
2011.09.02 12:29:21.836,1.09546,1.09581,3.00,1.50
2011.09.02 12:29:21.968,1.09545,1.09581,1.50,1.50
2011.09.02 12:29:22.091,1.09546,1.09581,1.50,1.50
2011.09.02 12:29:22.429,1.09546,1.09581,1.50,1.50
2011.09.02 12:29:23.116,1.09546,1.09575,1.50,2.25
2011.09.02 12:29:23.253,1.09546,1.09569,1.50,1.50
2011.09.02 12:29:23.612,1.09546,1.09574,1.50,1.50
2011.09.02 12:29:23.839,1.09546,1.09574,1.50,1.50
2011.09.02 12:29:24.334,1.09546,1.09571,1.50,1.50
2011.09.02 12:29:24.921,1.09546,1.09571,1.50,1.50
2011.09.02 12:29:25.038,1.09546,1.09571,1.50,1.50
2011.09.02 12:29:25.931,1.09546,1.09571,1.50,1.50
2011.09.02 12:29:27.241,1.09546,1.09571,1.50,1.50
2011.09.02 12:29:27.595,1.09543,1.09572,1.50,1.50
2011.09.02 12:29:27.723,1.09544,1.09569,1.50,2.25
2011.09.02 12:29:28.433,1.09543,1.09573,2.63,1.50
2011.09.02 12:29:29.288,1.09542,1.09568,1.88,2.25
2011.09.02 12:29:29.543,1.09542,1.09568,1.88,2.25
2011.09.02 12:29:30.107,1.09542,1.09569,2.63,1.50
2011.09.02 12:29:30.612,1.09542,1.09569,2.63,2.25
2011.09.02 12:29:31.083,1.09543,1.09571,1.50,1.50
2011.09.02 12:29:31.669,1.09543,1.09573,2.25,3.00
2011.09.02 12:29:32.733,1.0954,1.09551,1.13,1.50
2011.09.02 12:29:32.971,1.09537,1.09545,1.50,0.75
2011.09.02 12:29:33.199,1.09539,1.09572,1.50,1.50
2011.09.02 12:29:33.447,1.09536,1.09565,1.28,2.25
2011.09.02 12:29:33.575,1.09531,1.09557,1.13,1.50
2011.09.02 12:29:33.707,1.09532,1.09557,1.13,1.50
2011.09.02 12:29:34.074,1.09549,1.09564,2.25,1.50
2011.09.02 12:29:34.204,1.09549,1.09572,2.25,1.50
2011.09.02 12:29:34.330,1.09549,1.09572,1.50,1.50
2011.09.02 12:29:34.572,1.09547,1.09573,1.13,4.50
2011.09.02 12:29:35.150,1.09546,1.09579,1.50,1.50
2011.09.02 12:29:36.104,1.09546,1.0958,1.50,1.50
2011.09.02 12:29:36.235,1.09547,1.09583,1.50,1.96
2011.09.02 12:29:36.584,1.09543,1.09567,1.88,1.50
2011.09.02 12:29:36.952,1.09543,1.09575,1.50,1.50
2011.09.02 12:29:37.070,1.09544,1.09577,1.50,1.58
2011.09.02 12:29:37.409,1.09544,1.09577,1.50,1.58
2011.09.02 12:29:37.966,1.09524,1.09566,2.25,1.50
2011.09.02 12:29:38.553,1.09524,1.09566,1.50,1.50
2011.09.02 12:29:38.915,1.09536,1.0956,1.50,1.50
2011.09.02 12:29:39.272,1.09537,1.0956,1.50,1.50
2011.09.02 12:29:40.273,1.09537,1.09558,1.50,1.50
2011.09.02 12:29:40.407,1.09533,1.09561,1.50,1.50
2011.09.02 12:29:40.542,1.09524,1.0956,1.50,1.50
2011.09.02 12:29:41.008,1.09526,1.09561,1.50,1.50
2011.09.02 12:29:41.251,1.09526,1.09563,1.50,1.50
2011.09.02 12:29:41.371,1.09539,1.09576,1.50,1.50
2011.09.02 12:29:41.615,1.09536,1.0958,1.50,1.50
2011.09.02 12:29:42.188,1.09536,1.09575,1.50,1.50
2011.09.02 12:29:42.900,1.09575,1.09582,0.75,1.50
2011.09.02 12:29:43.146,1.09568,1.09586,1.50,1.50
2011.09.02 12:29:43.271,1.09537,1.09578,1.50,1.50
2011.09.02 12:29:43.390,1.0954,1.09596,1.50,1.50
2011.09.02 12:29:43.508,1.09529,1.09583,1.50,1.50
2011.09.02 12:29:43.631,1.09529,1.09585,1.50,1.50
2011.09.02 12:29:43.990,1.09544,1.096,1.50,1.50
2011.09.02 12:29:44.638,1.09531,1.09588,1.50,1.50
2011.09.02 12:29:44.764,1.09548,1.09602,1.13,1.50
2011.09.02 12:29:44.891,1.09548,1.09613,1.13,3.00
2011.09.02 12:29:45.007,1.09539,1.0961,1.50,1.50
2011.09.02 12:29:45.127,1.09539,1.0961,1.50,1.50
2011.09.02 12:29:45.467,1.0954,1.09614,1.50,1.50
2011.09.02 12:29:45.588,1.0954,1.09623,1.50,1.50
2011.09.02 12:29:45.708,1.0954,1.09625,2.25,1.50
2011.09.02 12:29:46.277,1.09541,1.09628,1.50,1.50
2011.09.02 12:29:46.399,1.09541,1.09628,1.50,1.50
2011.09.02 12:29:46.521,1.09534,1.09625,1.50,1.50
2011.09.02 12:29:46.640,1.09533,1.09617,1.50,1.50
2011.09.02 12:29:48.189,1.09533,1.09617,1.50,1.50
2011.09.02 12:29:48.569,1.09554,1.09617,0.75,1.50
2011.09.02 12:29:48.692,1.09554,1.09619,0.75,1.50
2011.09.02 12:29:49.028,1.09554,1.09618,0.75,1.50
2011.09.02 12:29:50.317,1.09554,1.09623,0.75,2.25
2011.09.02 12:29:50.550,1.09557,1.09623,0.75,1.50
2011.09.02 12:29:51.107,1.09557,1.09633,0.75,2.25
2011.09.02 12:29:51.919,1.09557,1.09641,0.75,2.25
2011.09.02 12:29:52.147,1.09557,1.0964,0.75,1.50
2011.09.02 12:29:53.305,1.09556,1.0963,0.75,0.75
2011.09.02 12:29:53.754,1.09556,1.09656,0.75,1.13
2011.09.02 12:29:54.313,1.09556,1.09621,0.75,0.75
2011.09.02 12:29:55.200,1.09556,1.09625,0.75,0.75
2011.09.02 12:29:55.317,1.09556,1.09666,0.75,1.13
2011.09.02 12:29:55.873,1.09555,1.09662,0.75,1.13
2011.09.02 12:29:55.994,1.09533,1.09651,0.75,1.13
2011.09.02 12:29:56.391,1.09533,1.09613,0.75,0.75
2011.09.02 12:29:56.510,1.09529,1.09613,0.75,0.75
2011.09.02 12:29:57.025,1.09528,1.09613,0.75,0.75
2011.09.02 12:29:57.851,1.09524,1.09613,0.75,0.75
2011.09.02 12:29:58.762,1.09522,1.0963,0.75,1.13
2011.09.02 12:29:58.985,1.09506,1.09648,1.50,1.50
2011.09.02 12:29:59.103,1.09506,1.09622,1.50,0.75
2011.09.02 12:29:59.216,1.09519,1.09623,0.75,1.50
2011.09.02 12:29:59.446,1.09516,1.09625,1.50,0.75
2011.09.02 12:30:00.435,1.0957,1.09732,1.50,1.50
2011.09.02 12:30:00.663,1.0957,1.09732,1.50,1.50
2011.09.02 12:30:00.778,1.0957,1.09742,1.50,4.78
2011.09.02 12:30:00.899,1.09629,1.09781,0.75,2.09
2011.09.02 12:30:01.016,1.09629,1.09814,0.75,1.13
2011.09.02 12:30:01.499,1.09679,1.09811,2.20,4.50
2011.09.02 12:30:04.090,1.09293,1.09384,0.75,4.65
2011.09.02 12:30:04.271,1.09235,1.0935,3.44,1.13
2011.09.02 12:30:04.370,1.09191,1.0935,1.88,1.88
2011.09.02 12:30:06.366,1.09189,1.09246,0.75,0.75
2011.09.02 12:30:07.327,1.09181,1.09263,2.48,1.35
2011.09.02 12:30:07.455,1.09199,1.09252,0.75,1.13
2011.09.02 12:30:07.995,1.09218,1.09262,0.38,2.80
2011.09.02 12:30:09.055,1.09232,1.09259,0.75,1.50
2011.09.02 12:30:09.299,1.09246,1.09283,1.50,0.38
2011.09.02 12:30:10.426,1.0925,1.0928,2.20,3.75
2011.09.02 12:30:11.419,1.09243,1.09295,1.50,1.50
2011.09.02 12:30:11.550,1.09219,1.09262,1.50,1.13
2011.09.02 12:30:11.678,1.09224,1.09259,1.50,4.50
2011.09.02 12:30:11.802,1.09227,1.09252,1.50,4.50
2011.09.02 12:30:12.281,1.09216,1.09247,4.50,2.63
2011.09.02 12:30:12.403,1.09205,1.09241,1.13,2.25
2011.09.02 12:30:12.926,1.09218,1.09237,4.50,1.50
2011.09.02 12:30:13.228,1.09218,1.09244,5.63,1.50
2011.09.02 12:30:13.358,1.09218,1.09232,4.50,1.13
2011.09.02 12:30:13.730,1.09196,1.0921,1.88,1.50
2011.09.02 12:30:13.978,1.09196,1.09209,1.88,1.50
2011.09.02 12:30:14.516,1.09187,1.09206,1.50,1.50
2011.09.02 12:30:14.666,1.09184,1.09204,4.50,1.50
2011.09.02 12:30:14.799,1.09187,1.09209,1.50,1.50
2011.09.02 12:30:15.048,1.09188,1.09222,1.50,4.50
2011.09.02 12:30:15.176,1.09192,1.09222,1.50,4.50
2011.09.02 12:30:15.544,1.09208,1.09222,1.50,4.50
2011.09.02 12:30:15.803,1.09205,1.09222,1.50,4.50
2011.09.02 12:30:16.392,1.09183,1.09207,4.50,1.50
2011.09.02 12:30:16.514,1.09183,1.09212,1.50,1.50
2011.09.02 12:30:16.654,1.0919,1.0922,1.50,1.50
2011.09.02 12:30:16.786,1.09192,1.09224,1.50,2.25
2011.09.02 12:30:17.142,1.09189,1.09211,1.13,1.50
2011.09.02 12:30:17.385,1.09183,1.09202,1.50,1.50
2011.09.02 12:30:18.649,1.0918,1.09199,5.63,1.50
2011.09.02 12:30:18.802,1.09183,1.09206,1.50,1.50
2011.09.02 12:30:18.935,1.09195,1.09216,1.13,1.50
2011.09.02 12:30:19.072,1.09202,1.09242,2.25,1.20
2011.09.02 12:30:19.203,1.09202,1.09244,2.25,1.50
2011.09.02 12:30:19.588,1.0919,1.09224,2.10,1.50
2011.09.02 12:30:19.716,1.0919,1.09228,1.35,1.50
2011.09.02 12:30:20.230,1.09188,1.09231,1.35,1.50
2011.09.02 12:30:20.360,1.09202,1.09226,1.50,4.50
2011.09.02 12:30:20.498,1.09194,1.09227,1.50,4.50
2011.09.02 12:30:20.623,1.09197,1.09225,1.50,4.50
2011.09.02 12:30:20.986,1.09203,1.09225,1.50,4.50
2011.09.02 12:30:21.112,1.09198,1.09225,1.50,4.50
2011.09.02 12:30:21.354,1.09192,1.09222,2.10,1.13
2011.09.02 12:30:21.486,1.09192,1.09222,2.10,1.13
2011.09.02 12:30:22.065,1.09192,1.09225,2.10,4.50
2011.09.02 12:30:22.207,1.09202,1.09225,1.50,4.50
2011.09.02 12:30:22.592,1.09189,1.09209,4.50,1.13
2011.09.02 12:30:22.972,1.09189,1.09206,4.50,1.13
2011.09.02 12:30:23.336,1.09189,1.09205,4.50,1.50
2011.09.02 12:30:23.863,1.09183,1.09189,3.75,1.88
2011.09.02 12:30:24.033,1.09189,1.09198,4.50,1.50
2011.09.02 12:30:24.274,1.09189,1.0921,4.50,1.13
2011.09.02 12:30:24.402,1.09189,1.09214,4.50,1.13
2011.09.02 12:30:24.529,1.09189,1.09214,4.50,1.50
2011.09.02 12:30:24.895,1.09189,1.09202,4.50,0.75
2011.09.02 12:30:25.029,1.09192,1.09225,1.50,5.25
2011.09.02 12:30:25.155,1.09203,1.09225,1.50,4.50
2011.09.02 12:30:25.738,1.09231,1.09236,1.02,4.13
2011.09.02 12:30:25.876,1.09232,1.09246,2.55,1.50
2011.09.02 12:30:26.124,1.09221,1.09236,2.56,1.50
2011.09.02 12:30:26.378,1.09192,1.09209,2.10,1.50
2011.09.02 12:30:26.508,1.09192,1.09205,1.50,1.50
2011.09.02 12:30:26.641,1.09192,1.09209,1.50,1.50
2011.09.02 12:30:26.768,1.09189,1.09211,5.10,1.50
2011.09.02 12:30:27.402,1.09189,1.09222,5.10,1.50
2011.09.02 12:30:27.557,1.09189,1.09214,5.10,1.50
2011.09.02 12:30:27.685,1.09192,1.09222,1.50,1.50
2011.09.02 12:30:27.829,1.09205,1.09226,1.50,1.50
2011.09.02 12:30:27.964,1.09204,1.09229,1.50,1.50
2011.09.02 12:30:28.098,1.09204,1.09223,1.50,3.75
2011.09.02 12:30:28.470,1.09189,1.0921,1.35,1.50
2011.09.02 12:30:29.090,1.09187,1.09203,3.75,1.50
2011.09.02 12:30:29.491,1.09129,1.09169,1.50,1.13
2011.09.02 12:30:29.619,1.09128,1.09167,2.25,1.13
2011.09.02 12:30:29.746,1.09114,1.09161,1.50,1.50
2011.09.02 12:30:29.890,1.09119,1.09166,1.50,2.18
2011.09.02 12:30:30.025,1.09117,1.09171,1.50,2.55
2011.09.02 12:30:30.158,1.09138,1.09166,4.50,1.50
2011.09.02 12:30:30.785,1.0914,1.09146,4.50,1.60
2011.09.02 12:30:31.029,1.09108,1.09148,1.50,1.35
2011.09.02 12:30:31.162,1.0914,1.09152,4.50,1.43
2011.09.02 12:30:31.287,1.09114,1.09146,1.88,1.60
2011.09.02 12:30:31.416,1.09112,1.09142,2.25,1.50
2011.09.02 12:30:31.666,1.09112,1.09146,2.85,1.13
2011.09.02 12:30:32.361,1.09133,1.09153,1.50,1.43
2011.09.02 12:30:32.640,1.09139,1.09164,1.50,1.50
2011.09.02 12:30:32.893,1.0914,1.09161,2.25,2.25
2011.09.02 12:30:33.022,1.09132,1.09161,1.20,1.50
2011.09.02 12:30:33.143,1.09134,1.0916,1.50,1.35
2011.09.02 12:30:33.266,1.09136,1.09164,1.50,1.50
2011.09.02 12:30:33.404,1.09155,1.09162,1.50,4.50
2011.09.02 12:30:33.917,1.09163,1.09178,1.50,4.50
2011.09.02 12:30:34.069,1.09195,1.09238,1.50,1.50
2011.09.02 12:30:34.640,1.0919,1.09217,1.50,1.13
2011.09.02 12:30:35.186,1.09178,1.09202,2.25,1.13
2011.09.02 12:30:35.331,1.09173,1.09199,1.20,1.88
2011.09.02 12:30:35.881,1.0917,1.09195,1.20,1.13
2011.09.02 12:30:36.055,1.09179,1.09214,1.13,2.33
2011.09.02 12:30:36.439,1.09194,1.09214,2.25,1.50
2011.09.02 12:30:36.567,1.09194,1.09214,2.25,1.50
2011.09.02 12:30:36.949,1.09196,1.09227,1.50,1.50
2011.09.02 12:30:37.528,1.09208,1.09232,1.50,1.58
2011.09.02 12:30:37.669,1.09212,1.09239,1.50,1.58
2011.09.02 12:30:37.803,1.09211,1.09234,1.50,1.21
2011.09.02 12:30:37.939,1.09199,1.0923,1.50,1.58
2011.09.02 12:30:38.199,1.09204,1.09231,1.50,1.58
2011.09.02 12:30:38.326,1.09207,1.09235,1.50,1.32
2011.09.02 12:30:38.467,1.09207,1.09233,1.43,1.13
2011.09.02 12:30:38.597,1.092,1.09224,1.50,1.13
2011.09.02 12:30:38.728,1.09199,1.09224,2.25,1.13
2011.09.02 12:30:39.345,1.09209,1.09243,2.25,2.07
2011.09.02 12:30:39.478,1.09211,1.09246,1.50,1.58
2011.09.02 12:30:39.611,1.09212,1.09246,2.25,1.21
2011.09.02 12:30:39.738,1.09212,1.09241,2.25,1.50
2011.09.02 12:30:40.117,1.09198,1.09223,2.10,1.50
2011.09.02 12:30:40.894,1.09193,1.09217,1.35,1.50
2011.09.02 12:30:41.048,1.09203,1.09227,1.50,1.21
2011.09.02 12:30:41.180,1.09203,1.09229,1.50,1.50
2011.09.02 12:30:41.306,1.09203,1.09229,1.50,1.50
2011.09.02 12:30:41.440,1.09199,1.09224,1.50,1.13
2011.09.02 12:30:41.685,1.09198,1.09222,1.35,1.50
2011.09.02 12:30:41.940,1.09199,1.09222,1.50,1.50
2011.09.02 12:30:42.948,1.09214,1.09232,1.50,4.50
2011.09.02 12:30:43.075,1.09209,1.09232,2.25,4.50
2011.09.02 12:30:43.207,1.0921,1.09229,1.50,1.13
2011.09.02 12:30:43.455,1.092,1.09227,3.00,1.13
2011.09.02 12:30:43.584,1.09205,1.09227,1.50,1.13
2011.09.02 12:30:43.715,1.09205,1.09227,1.50,1.13
2011.09.02 12:30:43.962,1.092,1.0923,1.50,1.50
2011.09.02 12:30:44.081,1.09203,1.09229,1.50,1.50
2011.09.02 12:30:44.202,1.09204,1.09232,1.50,4.50
2011.09.02 12:30:44.726,1.09204,1.09232,2.25,4.50
2011.09.02 12:30:45.107,1.09231,1.0924,1.13,4.50
2011.09.02 12:30:45.251,1.09229,1.09236,1.50,4.50
2011.09.02 12:30:45.386,1.09225,1.09236,1.13,4.50
2011.09.02 12:30:45.643,1.09225,1.09236,1.50,4.50
2011.09.02 12:30:45.774,1.09225,1.09236,2.25,4.50
2011.09.02 12:30:46.605,1.09231,1.09244,1.50,3.75
2011.09.02 12:30:46.779,1.09225,1.09238,1.50,3.75
2011.09.02 12:30:46.908,1.09225,1.09236,2.25,4.50
2011.09.02 12:30:47.039,1.09222,1.09236,1.50,4.50
2011.09.02 12:30:47.167,1.09219,1.09236,1.88,4.50
2011.09.02 12:30:47.298,1.09219,1.09236,1.88,4.50
2011.09.02 12:30:47.432,1.09222,1.09241,1.13,4.50
2011.09.02 12:30:47.559,1.09219,1.09241,1.13,5.25
2011.09.02 12:30:47.693,1.09222,1.09241,1.13,4.50
2011.09.02 12:30:48.315,1.09235,1.09245,1.50,4.50
2011.09.02 12:30:48.447,1.09238,1.09247,1.13,4.50
2011.09.02 12:30:48.576,1.09235,1.09242,1.50,3.75
2011.09.02 12:30:48.959,1.09227,1.09255,2.25,4.50
2011.09.02 12:30:49.208,1.09231,1.09254,1.50,3.83
2011.09.02 12:30:49.335,1.0923,1.0925,1.13,4.50
2011.09.02 12:30:49.467,1.09226,1.09233,1.50,3.75
2011.09.02 12:30:50.038,1.09226,1.09233,1.88,3.75
2011.09.02 12:30:50.544,1.09221,1.09233,1.88,3.75
2011.09.02 12:30:50.674,1.09226,1.09233,1.35,3.75
2011.09.02 12:30:50.925,1.09226,1.09239,1.35,5.33
2011.09.02 12:30:51.062,1.09222,1.09239,1.50,5.33
2011.09.02 12:30:51.310,1.09212,1.09236,1.50,1.50
2011.09.02 12:30:51.961,1.09215,1.09236,1.50,1.50
2011.09.02 12:30:52.086,1.09205,1.09221,1.20,1.13
2011.09.02 12:30:52.224,1.09204,1.09222,1.05,1.13
2011.09.02 12:30:52.353,1.09201,1.09224,1.73,1.58
2011.09.02 12:30:52.472,1.09204,1.09232,1.73,2.63
2011.09.02 12:30:52.607,1.09207,1.09235,1.50,1.50
2011.09.02 12:30:52.737,1.09209,1.09236,1.50,1.50
2011.09.02 12:30:52.986,1.09211,1.09234,1.50,1.50
2011.09.02 12:30:53.540,1.09205,1.09226,1.50,1.13
2011.09.02 12:30:53.680,1.09203,1.09224,1.35,1.13
2011.09.02 12:30:53.811,1.09203,1.09227,1.35,1.13
2011.09.02 12:30:53.937,1.09203,1.0923,1.35,1.21
2011.09.02 12:30:54.072,1.09207,1.0923,1.13,1.58
2011.09.02 12:30:54.328,1.09203,1.09232,2.10,1.50
2011.09.02 12:30:54.576,1.09204,1.09231,1.35,1.50
2011.09.02 12:30:55.217,1.09206,1.09232,2.25,1.50
2011.09.02 12:30:55.596,1.09218,1.09239,1.35,4.50
2011.09.02 12:30:55.967,1.09234,1.09243,1.50,3.75
2011.09.02 12:30:56.349,1.09243,1.09249,1.13,3.75
2011.09.02 12:30:56.998,1.09249,1.09271,1.50,1.50
2011.09.02 12:30:57.140,1.09235,1.09256,1.13,1.50
2011.09.02 12:30:57.519,1.09236,1.09263,1.13,1.13
2011.09.02 12:30:57.649,1.09236,1.09261,1.50,1.13
2011.09.02 12:30:57.787,1.09233,1.09248,1.13,4.50
2011.09.02 12:30:58.161,1.09219,1.09237,1.50,1.13
2011.09.02 12:30:58.732,1.09219,1.09232,1.50,1.13
2011.09.02 12:30:58.863,1.09208,1.09232,1.50,1.13
2011.09.02 12:30:59.005,1.09205,1.09229,1.50,1.13
2011.09.02 12:30:59.141,1.09208,1.09239,1.13,1.58
2011.09.02 12:30:59.277,1.09211,1.09232,1.50,1.13
2011.09.02 12:30:59.666,1.0921,1.09237,2.25,1.13
2011.09.02 12:30:59.917,1.09209,1.0923,1.50,1.13
2011.09.02 12:31:00.424,1.09199,1.09223,1.50,3.00
2011.09.02 12:31:00.561,1.09199,1.09223,1.50,1.88
2011.09.02 12:31:00.925,1.09202,1.09229,1.50,1.58
2011.09.02 12:31:01.182,1.09208,1.09239,1.50,1.58
2011.09.02 12:31:01.310,1.09209,1.09235,1.13,1.13
2011.09.02 12:31:01.437,1.09211,1.0924,1.13,1.21
2011.09.02 12:31:01.568,1.09209,1.09242,1.50,2.71
2011.09.02 12:31:02.241,1.09215,1.09243,1.13,1.50
2011.09.02 12:31:02.391,1.09239,1.09248,1.13,3.75
2011.09.02 12:31:02.764,1.09238,1.0925,1.50,3.75
2011.09.02 12:31:03.131,1.09238,1.0927,2.25,1.21
2011.09.02 12:31:03.257,1.09237,1.09252,1.50,2.25
2011.09.02 12:31:04.026,1.09212,1.09235,1.50,1.96
2011.09.02 12:31:04.182,1.09203,1.09239,2.25,1.50
2011.09.02 12:31:04.306,1.09208,1.09241,1.50,1.13
2011.09.02 12:31:04.439,1.09209,1.09246,1.50,4.28
2011.09.02 12:31:04.568,1.09209,1.09236,1.50,4.50
2011.09.02 12:31:04.703,1.09209,1.09236,1.50,1.50
2011.09.02 12:31:04.833,1.0921,1.09238,1.50,1.50
2011.09.02 12:31:04.957,1.0922,1.09239,1.50,1.50
2011.09.02 12:31:05.087,1.09222,1.09245,1.50,1.50
2011.09.02 12:31:05.670,1.09225,1.09256,1.50,1.50
2011.09.02 12:31:05.803,1.09243,1.0927,1.50,1.88
2011.09.02 12:31:05.925,1.09244,1.09273,1.50,4.50
2011.09.02 12:31:06.297,1.0924,1.09266,1.50,1.13
2011.09.02 12:31:06.669,1.09251,1.09277,1.50,1.50
2011.09.02 12:31:07.331,1.09249,1.09274,1.50,1.50
2011.09.02 12:31:07.733,1.09268,1.0929,1.50,1.13
2011.09.02 12:31:07.869,1.09269,1.09299,1.50,1.50
2011.09.02 12:31:08.002,1.09272,1.09298,1.50,1.50
2011.09.02 12:31:08.369,1.09277,1.09302,1.50,4.50
2011.09.02 12:31:09.014,1.09275,1.093,1.50,2.71
2011.09.02 12:31:09.155,1.09269,1.0929,1.50,1.50
2011.09.02 12:31:09.290,1.09264,1.09275,3.75,2.25
2011.09.02 12:31:09.426,1.0926,1.09284,1.50,1.21
2011.09.02 12:31:09.558,1.09263,1.09283,5.25,1.58
2011.09.02 12:31:09.692,1.09263,1.09289,1.50,1.50
2011.09.02 12:31:09.815,1.09275,1.09295,1.13,1.58
2011.09.02 12:31:10.067,1.09281,1.09305,1.50,1.21
2011.09.02 12:31:10.599,1.09286,1.0931,1.50,1.21
2011.09.02 12:31:10.736,1.0929,1.09318,1.50,1.58
2011.09.02 12:31:10.865,1.09289,1.09313,1.50,1.58
2011.09.02 12:31:11.239,1.09283,1.09295,3.75,1.13
2011.09.02 12:31:11.623,1.09275,1.09281,3.75,1.44
2011.09.02 12:31:11.758,1.09277,1.09291,3.75,1.51
2011.09.02 12:31:12.228,1.09271,1.09294,4.50,1.51
2011.09.02 12:31:12.379,1.09282,1.0931,1.50,2.26
2011.09.02 12:31:12.507,1.09283,1.09307,1.50,4.51
2011.09.02 12:31:12.877,1.09277,1.09302,1.50,1.51
2011.09.02 12:31:13.007,1.09273,1.09297,2.25,1.51
2011.09.02 12:31:13.254,1.09278,1.09297,1.50,1.51
2011.09.02 12:31:14.587,1.09304,1.09319,1.13,4.50
2011.09.02 12:31:14.737,1.09313,1.09317,1.50,0.75
2011.09.02 12:31:14.990,1.09303,1.09329,2.48,1.50
2011.09.02 12:31:15.115,1.09304,1.09331,1.50,1.50
2011.09.02 12:31:15.487,1.09311,1.09335,1.50,1.50
2011.09.02 12:31:15.624,1.09306,1.0933,1.50,1.13
2011.09.02 12:31:16.181,1.09288,1.09299,1.50,1.13
2011.09.02 12:31:16.343,1.09278,1.09299,1.50,1.13
2011.09.02 12:31:16.488,1.09276,1.09303,1.13,1.89
2011.09.02 12:31:16.625,1.09274,1.09304,2.85,1.51
2011.09.02 12:31:16.765,1.09279,1.09301,4.50,1.50
2011.09.02 12:31:17.141,1.09297,1.09305,4.50,1.51
2011.09.02 12:31:17.267,1.0929,1.09303,4.50,1.51
2011.09.02 12:31:17.831,1.0929,1.09303,4.50,1.50
2011.09.02 12:31:18.120,1.09304,1.09309,3.75,1.50
2011.09.02 12:31:18.368,1.09304,1.09318,4.50,2.46
2011.09.02 12:31:18.865,1.09304,1.09328,4.50,1.50
2011.09.02 12:31:19.121,1.09302,1.09327,1.50,1.50
2011.09.02 12:31:20.266,1.09311,1.09328,1.50,1.50
2011.09.02 12:31:20.421,1.09329,1.09351,1.50,1.51
2011.09.02 12:31:20.668,1.09329,1.09351,1.50,1.14
2011.09.02 12:31:20.800,1.09319,1.09343,2.18,1.14
2011.09.02 12:31:21.167,1.09307,1.09334,3.60,1.14
2011.09.02 12:31:21.862,1.09308,1.09332,1.50,2.26
2011.09.02 12:31:21.999,1.09324,1.09335,1.50,4.50
2011.09.02 12:31:22.382,1.09333,1.09348,2.25,3.76
2011.09.02 12:31:22.513,1.09333,1.09346,1.50,4.50
2011.09.02 12:31:23.453,1.09321,1.09334,1.50,1.51
2011.09.02 12:31:23.619,1.09305,1.09319,3.75,1.50
2011.09.02 12:31:23.749,1.09305,1.09315,4.50,1.51
2011.09.02 12:31:24.122,1.09306,1.09325,1.50,1.51
2011.09.02 12:31:24.251,1.09306,1.09325,1.50,1.51
2011.09.02 12:31:25.299,1.09314,1.09329,1.50,1.13
2011.09.02 12:31:25.602,1.0929,1.09298,3.75,1.51
2011.09.02 12:31:25.873,1.09306,1.09315,4.13,1.51
2011.09.02 12:31:26.003,1.09316,1.09332,1.50,1.43
2011.09.02 12:31:26.127,1.09323,1.09344,1.13,1.71
2011.09.02 12:31:26.256,1.09323,1.09341,1.88,1.71
2011.09.02 12:31:26.837,1.09332,1.09341,1.50,1.50
2011.09.02 12:31:26.977,1.09344,1.09361,1.50,1.50
2011.09.02 12:31:27.349,1.09339,1.09353,1.50,1.13
2011.09.02 12:31:27.609,1.09331,1.09341,1.50,2.25
2011.09.02 12:31:27.744,1.09319,1.09341,1.50,2.25
2011.09.02 12:31:27.880,1.09317,1.09335,1.50,1.50
2011.09.02 12:31:28.505,1.09315,1.09335,1.50,2.25
2011.09.02 12:31:28.647,1.09312,1.09335,1.13,2.25
2011.09.02 12:31:28.784,1.0932,1.09338,1.13,1.50
2011.09.02 12:31:29.166,1.09314,1.09332,2.25,1.13
2011.09.02 12:31:29.296,1.09311,1.09332,1.50,1.13
2011.09.02 12:31:30.193,1.09311,1.09324,1.50,1.13
2011.09.02 12:31:30.343,1.09311,1.09336,1.88,1.51
2011.09.02 12:31:30.470,1.09319,1.0934,1.50,2.25
2011.09.02 12:31:30.851,1.09328,1.09347,1.50,1.50
2011.09.02 12:31:31.228,1.09332,1.09347,1.50,1.50
2011.09.02 12:31:31.354,1.09335,1.0935,1.50,1.50
2011.09.02 12:31:32.054,1.09335,1.0935,1.50,1.50
2011.09.02 12:31:32.294,1.09332,1.09352,2.25,1.50
2011.09.02 12:31:32.417,1.09332,1.09354,3.00,1.50
2011.09.02 12:31:32.549,1.09334,1.09354,1.50,1.50
2011.09.02 12:31:32.798,1.09337,1.09359,2.25,1.50
2011.09.02 12:31:33.052,1.09339,1.09348,1.50,4.50
2011.09.02 12:31:33.176,1.09339,1.09365,1.50,1.50
2011.09.02 12:31:33.731,1.09341,1.09365,1.13,1.50
2011.09.02 12:31:33.869,1.09367,1.09387,1.50,1.50
2011.09.02 12:31:34.487,1.09366,1.09385,1.50,1.13
2011.09.02 12:31:35.103,1.09365,1.09384,1.50,1.13
2011.09.02 12:31:35.655,1.09376,1.09385,1.50,1.50
2011.09.02 12:31:35.797,1.09373,1.09396,2.25,1.50
2011.09.02 12:31:35.923,1.09372,1.09397,1.50,2.25
2011.09.02 12:31:36.164,1.09372,1.09396,2.25,1.50
2011.09.02 12:31:36.761,1.09371,1.09392,1.50,1.50
2011.09.02 12:31:37.363,1.09369,1.0939,1.50,1.14
2011.09.02 12:31:37.814,1.09371,1.0939,1.50,1.14
2011.09.02 12:31:38.195,1.09366,1.0939,1.50,1.14
2011.09.02 12:31:38.566,1.09362,1.09372,1.50,1.13
2011.09.02 12:31:38.816,1.09353,1.09381,1.50,2.26
2011.09.02 12:31:38.945,1.0936,1.09378,1.50,1.50
2011.09.02 12:31:39.078,1.0936,1.09385,1.50,1.51
2011.09.02 12:31:39.205,1.09362,1.09385,1.50,1.50
2011.09.02 12:31:40.341,1.09393,1.09401,1.50,2.25
2011.09.02 12:31:40.473,1.09396,1.09403,1.50,2.25
2011.09.02 12:31:40.595,1.09396,1.09417,1.50,1.51
2011.09.02 12:31:40.850,1.09391,1.09417,1.50,1.51
2011.09.02 12:31:40.973,1.0939,1.09412,1.50,1.50
2011.09.02 12:31:41.216,1.09392,1.09416,1.50,1.51
2011.09.02 12:31:41.348,1.09393,1.09415,1.50,1.13
2011.09.02 12:31:41.973,1.09401,1.09422,1.50,1.50
2011.09.02 12:31:42.099,1.09401,1.09427,1.50,2.26
2011.09.02 12:31:42.227,1.09402,1.09427,1.50,1.51
2011.09.02 12:31:42.361,1.09403,1.09427,1.50,1.14
2011.09.02 12:31:42.729,1.09403,1.09426,1.13,1.51
2011.09.02 12:31:42.980,1.09415,1.09432,1.50,1.51
2011.09.02 12:31:43.587,1.09414,1.0944,1.50,1.51
2011.09.02 12:31:43.712,1.09414,1.09431,1.50,1.50
2011.09.02 12:31:43.838,1.09403,1.09427,2.25,1.51
2011.09.02 12:31:43.970,1.09401,1.0942,1.50,1.50
2011.09.02 12:31:44.222,1.09391,1.09415,1.50,1.51
2011.09.02 12:31:44.348,1.09388,1.09413,1.50,1.51
2011.09.02 12:31:44.474,1.09386,1.09413,1.50,2.26
2011.09.02 12:31:44.726,1.09386,1.09411,1.50,1.51
2011.09.02 12:31:45.281,1.09377,1.09402,1.88,1.51
2011.09.02 12:31:45.535,1.09372,1.09397,2.25,1.88
2011.09.02 12:31:45.677,1.0937,1.09396,1.50,1.51
2011.09.02 12:31:45.809,1.0937,1.09391,1.13,1.50
2011.09.02 12:31:46.067,1.09375,1.09401,1.50,2.26
2011.09.02 12:31:46.196,1.09383,1.09403,1.50,1.50
2011.09.02 12:31:46.447,1.09393,1.09412,1.50,1.43
2011.09.02 12:31:47.007,1.09393,1.09409,3.00,1.50
2011.09.02 12:31:47.148,1.09391,1.09407,1.50,1.50
2011.09.02 12:31:47.285,1.09391,1.09405,1.50,1.50
2011.09.02 12:31:47.419,1.09385,1.09405,1.50,3.01
2011.09.02 12:31:47.668,1.09383,1.094,1.35,1.50
2011.09.02 12:31:48.046,1.0939,1.09397,1.50,4.50
2011.09.02 12:31:48.767,1.09363,1.0938,1.35,2.25
2011.09.02 12:31:48.895,1.09367,1.09378,1.13,1.50
2011.09.02 12:31:49.276,1.09389,1.09395,1.50,3.75
2011.09.02 12:31:49.651,1.09385,1.09401,1.50,4.50
2011.09.02 12:31:49.780,1.09393,1.09405,1.50,1.50
2011.09.02 12:31:49.910,1.09392,1.09402,1.50,1.50
2011.09.02 12:31:50.516,1.0939,1.09406,1.35,1.50
2011.09.02 12:31:50.650,1.09388,1.09404,1.35,2.25
2011.09.02 12:31:51.041,1.09378,1.09397,1.50,1.50
2011.09.02 12:31:51.170,1.0938,1.09396,1.50,1.50
2011.09.02 12:31:51.546,1.09369,1.09386,2.25,1.13
2011.09.02 12:31:52.070,1.09359,1.09371,4.50,1.50
2011.09.02 12:31:52.714,1.09359,1.09368,3.75,2.26
2011.09.02 12:31:53.341,1.09359,1.09371,4.50,3.01
2011.09.02 12:31:53.474,1.09359,1.09367,4.50,1.50
2011.09.02 12:31:54.135,1.09361,1.09372,1.50,1.51
2011.09.02 12:31:54.272,1.09361,1.09377,1.50,1.50
2011.09.02 12:31:54.401,1.09366,1.09382,1.50,1.50
2011.09.02 12:31:54.782,1.09386,1.094,1.50,2.26
2011.09.02 12:31:55.037,1.09376,1.09396,1.50,1.50
2011.09.02 12:31:56.266,1.09378,1.09393,1.50,1.50
2011.09.02 12:31:56.415,1.09386,1.09402,1.50,2.26
2011.09.02 12:31:56.665,1.09383,1.09401,1.88,1.51
2011.09.02 12:31:56.917,1.0939,1.09404,1.50,2.26
2011.09.02 12:31:57.042,1.0939,1.09402,1.50,1.50
2011.09.02 12:31:57.160,1.09388,1.09402,1.50,1.50
2011.09.02 12:31:57.285,1.09386,1.09402,1.50,1.50
2011.09.02 12:31:58.141,1.09391,1.09407,1.50,1.51
2011.09.02 12:31:58.283,1.09403,1.0942,1.50,1.50
2011.09.02 12:31:58.531,1.09404,1.09422,1.50,1.50
2011.09.02 12:31:58.898,1.09389,1.09409,1.50,2.25
2011.09.02 12:31:59.268,1.09394,1.09411,1.50,1.50
2011.09.02 12:31:59.823,1.09396,1.09416,1.50,1.60
2011.09.02 12:31:59.986,1.09403,1.09417,1.50,1.50
2011.09.02 12:32:00.361,1.09403,1.09414,1.50,1.50
2011.09.02 12:32:00.725,1.09403,1.09412,1.50,1.50
2011.09.02 12:32:00.869,1.09397,1.09412,1.50,1.50
2011.09.02 12:32:00.997,1.09397,1.09413,2.25,1.50
2011.09.02 12:32:01.574,1.09394,1.09401,1.50,1.13
2011.09.02 12:32:01.724,1.09369,1.09381,1.50,1.51
2011.09.02 12:32:01.980,1.09363,1.09381,3.00,3.01
2011.09.02 12:32:02.111,1.09363,1.0938,2.25,1.51
2011.09.02 12:32:02.356,1.09365,1.09381,1.50,1.51
2011.09.02 12:32:03.156,1.09367,1.09382,1.50,1.51
2011.09.02 12:32:03.291,1.09368,1.09384,1.50,2.26
2011.09.02 12:32:03.658,1.09368,1.0938,1.50,1.51
2011.09.02 12:32:03.908,1.09363,1.09377,1.50,1.51
2011.09.02 12:32:04.531,1.09366,1.09378,1.50,1.50
2011.09.02 12:32:05.149,1.09364,1.09375,1.50,2.26
2011.09.02 12:32:05.634,1.09359,1.09372,6.00,1.51
2011.09.02 12:32:06.012,1.0935,1.09356,1.50,1.50
2011.09.02 12:32:06.383,1.09331,1.0934,3.75,1.23
2011.09.02 12:32:06.914,1.09325,1.09335,2.05,1.51
2011.09.02 12:32:07.181,1.09336,1.09342,4.13,1.50
2011.09.02 12:32:07.309,1.09339,1.09346,1.50,1.50
2011.09.02 12:32:07.566,1.09347,1.09356,1.13,1.51
2011.09.02 12:32:07.702,1.0936,1.09366,1.50,1.50
2011.09.02 12:32:07.950,1.09361,1.0937,1.50,3.01
2011.09.02 12:32:08.457,1.09364,1.0937,1.50,2.26
2011.09.02 12:32:09.174,1.09362,1.09374,1.50,1.50
2011.09.02 12:32:09.555,1.09357,1.09364,4.50,1.51
2011.09.02 12:32:10.222,1.09353,1.0936,3.75,1.50
2011.09.02 12:32:10.608,1.09339,1.09347,3.75,1.51
2011.09.02 12:32:10.981,1.09337,1.09343,3.75,1.51
2011.09.02 12:32:12.244,1.09341,1.09347,3.75,2.26
2011.09.02 12:32:12.507,1.09331,1.09338,4.50,1.50
2011.09.02 12:32:12.644,1.09335,1.0934,3.75,2.26
2011.09.02 12:32:12.904,1.09331,1.09337,3.75,1.50
2011.09.02 12:32:13.877,1.09329,1.09336,4.50,2.26
2011.09.02 12:32:14.377,1.09329,1.09335,3.75,1.51
2011.09.02 12:32:14.870,1.09325,1.09334,4.50,2.26
2011.09.02 12:32:15.237,1.0932,1.09329,3.75,1.60
2011.09.02 12:32:15.901,1.09306,1.09312,1.50,1.14
2011.09.02 12:32:16.897,1.09301,1.09315,1.50,2.26
2011.09.02 12:32:17.146,1.09301,1.09315,1.50,2.26
2011.09.02 12:32:17.726,1.09301,1.0931,1.50,1.51
2011.09.02 12:32:17.870,1.09295,1.09308,1.50,1.14
2011.09.02 12:32:17.998,1.09291,1.09303,1.50,1.50
2011.09.02 12:32:18.123,1.09289,1.09298,1.50,1.51
2011.09.02 12:32:18.249,1.09287,1.09294,1.50,1.13
2011.09.02 12:32:18.379,1.09278,1.09294,1.50,1.50
2011.09.02 12:32:18.508,1.09268,1.09272,1.50,1.50
2011.09.02 12:32:18.881,1.09257,1.09268,1.50,1.51
2011.09.02 12:32:19.397,1.09256,1.09262,1.50,1.14
2011.09.02 12:32:19.542,1.09236,1.09259,4.30,1.51
2011.09.02 12:32:19.671,1.09246,1.0926,1.50,1.60
2011.09.02 12:32:20.039,1.09249,1.09266,1.50,1.70
2011.09.02 12:32:20.183,1.09242,1.09261,1.50,1.60
2011.09.02 12:32:21.053,1.09242,1.09261,1.50,1.60
2011.09.02 12:32:21.202,1.09243,1.09261,1.50,1.51
2011.09.02 12:32:21.325,1.09237,1.09258,1.13,1.51
2011.09.02 12:32:21.458,1.09245,1.09258,1.13,1.50
2011.09.02 12:32:21.587,1.0925,1.09264,1.50,1.50
2011.09.02 12:32:21.964,1.09264,1.09277,1.50,1.51
2011.09.02 12:32:22.088,1.09266,1.09286,1.50,1.51
2011.09.02 12:32:22.215,1.09267,1.09286,1.50,1.51
2011.09.02 12:32:22.352,1.0927,1.09286,1.50,1.51
2011.09.02 12:32:22.892,1.09269,1.09275,1.50,1.50
2011.09.02 12:32:23.283,1.0923,1.09248,3.00,1.51
2011.09.02 12:32:23.532,1.0923,1.09242,3.00,1.14
2011.09.02 12:32:23.657,1.09228,1.0924,2.25,2.25
2011.09.02 12:32:24.028,1.09232,1.09237,2.25,1.50
2011.09.02 12:32:24.545,1.09232,1.09241,2.25,1.51
2011.09.02 12:32:24.688,1.0922,1.09241,1.13,1.51
2011.09.02 12:32:24.816,1.09222,1.09244,1.50,3.76
2011.09.02 12:32:24.949,1.0922,1.09242,1.88,1.51
2011.09.02 12:32:25.321,1.09222,1.09243,1.50,1.50
2011.09.02 12:32:26.156,1.09203,1.09221,1.50,1.13
2011.09.02 12:32:26.313,1.09202,1.09221,1.50,2.25
2011.09.02 12:32:26.444,1.09202,1.09225,2.25,1.51
2011.09.02 12:32:26.936,1.09202,1.09218,1.50,1.50
2011.09.02 12:32:27.066,1.09202,1.09219,1.50,1.50
2011.09.02 12:32:27.314,1.09202,1.09222,1.13,1.51
2011.09.02 12:32:27.953,1.09203,1.09222,1.50,1.51
2011.09.02 12:32:28.256,1.09214,1.09226,1.50,1.51
2011.09.02 12:32:28.380,1.09209,1.09221,1.13,1.50
2011.09.02 12:32:28.837,1.09211,1.09227,1.50,1.51
2011.09.02 12:32:28.969,1.09207,1.09221,1.50,1.89
2011.09.02 12:32:29.453,1.09209,1.0922,1.50,1.51
2011.09.02 12:32:30.114,1.09209,1.0922,1.50,1.13
2011.09.02 12:32:30.371,1.09212,1.09223,1.50,1.13
2011.09.02 12:32:30.846,1.09209,1.09221,1.50,1.13
2011.09.02 12:32:31.215,1.09209,1.09223,1.88,1.50
2011.09.02 12:32:31.352,1.09216,1.09229,1.13,1.51
2011.09.02 12:32:32.155,1.09216,1.09229,1.13,1.51
2011.09.02 12:32:32.298,1.09216,1.0923,1.13,1.14
2011.09.02 12:32:32.552,1.09216,1.09227,1.50,2.25
2011.09.02 12:32:32.683,1.09218,1.09231,1.50,1.14
2011.09.02 12:32:32.824,1.09216,1.09226,1.50,1.13
2011.09.02 12:32:33.082,1.09224,1.09234,1.50,2.25
2011.09.02 12:32:33.209,1.09225,1.09239,3.00,2.25
2011.09.02 12:32:33.888,1.09238,1.09244,1.50,1.50
2011.09.02 12:32:34.057,1.09239,1.09252,2.25,2.25
2011.09.02 12:32:34.192,1.09239,1.09255,2.25,1.88
2011.09.02 12:32:34.317,1.09239,1.09252,1.50,2.25
2011.09.02 12:32:34.445,1.09239,1.09253,1.50,1.89
2011.09.02 12:32:34.578,1.09235,1.09249,1.50,1.50
2011.09.02 12:32:34.827,1.09242,1.09259,1.50,2.25
2011.09.02 12:32:35.559,1.09235,1.09244,1.50,1.50
2011.09.02 12:32:35.704,1.09229,1.09244,1.50,1.50
2011.09.02 12:32:35.844,1.09231,1.09246,1.50,1.13
2011.09.02 12:32:36.218,1.09236,1.09251,1.50,1.51
2011.09.02 12:32:36.472,1.09233,1.09249,1.50,1.51
2011.09.02 12:32:36.720,1.09235,1.09249,2.25,1.50
2011.09.02 12:32:37.205,1.0924,1.0925,1.50,1.50
2011.09.02 12:32:37.351,1.09253,1.09266,1.50,1.50
2011.09.02 12:32:37.479,1.09254,1.09266,1.13,1.50
2011.09.02 12:32:37.614,1.09257,1.09272,1.50,1.50
2011.09.02 12:32:37.878,1.09266,1.0928,1.50,1.50
2011.09.02 12:32:38.130,1.0927,1.09286,1.50,1.13
2011.09.02 12:32:38.373,1.09266,1.09279,1.50,1.50
2011.09.02 12:32:38.849,1.09267,1.09282,1.50,1.50
2011.09.02 12:32:38.982,1.09266,1.09279,1.50,1.13
2011.09.02 12:32:39.228,1.09256,1.09272,1.50,1.50
2011.09.02 12:32:39.360,1.09257,1.09277,1.88,1.13
2011.09.02 12:32:39.498,1.09261,1.09278,2.25,1.88
2011.09.02 12:32:39.635,1.09261,1.09278,2.25,1.50
2011.09.02 12:32:40.008,1.09262,1.09274,1.50,1.13
2011.09.02 12:32:40.622,1.0926,1.09272,1.50,3.00
2011.09.02 12:32:40.765,1.09251,1.09263,1.50,1.13
2011.09.02 12:32:40.902,1.09247,1.09262,1.50,1.50
2011.09.02 12:32:41.140,1.09254,1.09272,1.50,3.75
2011.09.02 12:32:41.261,1.09256,1.09272,1.50,2.25
2011.09.02 12:32:41.624,1.09253,1.0927,1.88,1.50
2011.09.02 12:32:41.986,1.09256,1.09272,1.50,2.63
2011.09.02 12:32:42.651,1.09245,1.09261,3.00,1.50
2011.09.02 12:32:42.788,1.09244,1.09254,1.50,1.50
2011.09.02 12:32:43.037,1.09245,1.09262,1.50,2.25
2011.09.02 12:32:43.407,1.09245,1.09262,2.25,1.50
2011.09.02 12:32:44.240,1.09245,1.09262,1.50,1.88
2011.09.02 12:32:44.925,1.09244,1.09257,2.25,1.88
2011.09.02 12:32:45.054,1.09245,1.09257,1.50,1.88
2011.09.02 12:32:45.301,1.09243,1.09257,1.13,1.13
2011.09.02 12:32:45.786,1.09243,1.09258,2.25,1.50
2011.09.02 12:32:46.153,1.09245,1.09259,2.63,1.88
2011.09.02 12:32:46.394,1.09247,1.09263,1.50,1.50
2011.09.02 12:32:46.853,1.09247,1.09265,1.50,1.50
2011.09.02 12:32:46.980,1.09254,1.09268,1.13,1.50
2011.09.02 12:32:47.231,1.09259,1.09269,1.13,1.50
2011.09.02 12:32:47.480,1.09264,1.09277,1.13,1.50
2011.09.02 12:32:47.608,1.09263,1.09277,1.88,1.13
2011.09.02 12:32:48.103,1.09266,1.0928,1.13,1.50
2011.09.02 12:32:48.618,1.09266,1.09282,1.88,1.50
2011.09.02 12:32:48.764,1.09272,1.09288,1.50,1.50
2011.09.02 12:32:48.888,1.09273,1.09287,1.50,2.25
2011.09.02 12:32:49.497,1.09272,1.09287,1.13,1.50
2011.09.02 12:32:49.633,1.09275,1.09288,1.13,1.50
2011.09.02 12:32:49.761,1.09275,1.09291,1.13,1.13
2011.09.02 12:32:49.888,1.09274,1.09281,1.50,1.13
2011.09.02 12:32:50.437,1.0927,1.09282,1.50,1.50
2011.09.02 12:32:50.573,1.09277,1.09283,1.13,1.50
2011.09.02 12:32:50.939,1.0928,1.09289,1.50,1.50
2011.09.02 12:32:51.071,1.09282,1.09289,1.50,1.50
2011.09.02 12:32:51.195,1.09282,1.09293,1.50,1.50
2011.09.02 12:32:51.329,1.0928,1.09293,1.50,1.13
2011.09.02 12:32:51.458,1.09278,1.09291,1.50,1.50
2011.09.02 12:32:51.708,1.09272,1.09284,1.13,2.25
2011.09.02 12:32:52.261,1.09267,1.0928,1.50,1.50
2011.09.02 12:32:52.659,1.09276,1.09288,1.50,1.50
2011.09.02 12:32:52.790,1.09271,1.09288,1.50,1.50
2011.09.02 12:32:52.918,1.09276,1.09288,1.13,1.50
2011.09.02 12:32:53.166,1.09282,1.09291,1.50,1.50
2011.09.02 12:32:53.296,1.09283,1.09291,1.50,1.50
2011.09.02 12:32:53.971,1.09284,1.09294,1.13,1.50
2011.09.02 12:32:54.116,1.09283,1.09297,1.88,1.50
2011.09.02 12:32:54.504,1.09288,1.09302,1.50,1.50
2011.09.02 12:32:54.628,1.09288,1.09304,1.50,1.50
2011.09.02 12:32:55.244,1.0929,1.09303,2.25,1.13
2011.09.02 12:32:55.497,1.09291,1.09307,2.25,2.25
2011.09.02 12:32:56.108,1.09302,1.09315,1.88,1.50
2011.09.02 12:32:56.236,1.09311,1.09327,2.25,2.25
2011.09.02 12:32:56.604,1.09308,1.09322,1.13,1.88
2011.09.02 12:32:56.728,1.09308,1.0932,1.13,1.50
2011.09.02 12:32:57.101,1.09299,1.09305,1.50,1.13
2011.09.02 12:32:57.617,1.09298,1.0931,1.50,1.50
2011.09.02 12:32:57.763,1.09296,1.09306,1.88,1.50
2011.09.02 12:32:57.896,1.09296,1.09308,1.13,1.50
2011.09.02 12:32:58.039,1.09294,1.09307,1.50,1.50
2011.09.02 12:32:58.180,1.09295,1.09312,1.50,1.50
2011.09.02 12:32:58.427,1.09299,1.09313,1.50,1.50
2011.09.02 12:32:58.561,1.093,1.09317,1.50,1.88
2011.09.02 12:32:58.686,1.09301,1.09317,3.00,1.88
2011.09.02 12:32:59.288,1.09307,1.09323,3.00,2.48
2011.09.02 12:32:59.428,1.09305,1.09321,4.30,1.50
2011.09.02 12:32:59.563,1.09305,1.09321,1.50,1.50
2011.09.02 12:32:59.685,1.09303,1.09308,1.50,1.50
2011.09.02 12:32:59.817,1.09298,1.09308,1.50,1.13
2011.09.02 12:32:59.954,1.09296,1.09305,1.50,1.51
2011.09.02 12:33:00.342,1.09286,1.09299,1.50,3.01
2011.09.02 12:33:00.478,1.09282,1.09296,1.50,1.14
2011.09.02 12:33:01.279,1.0928,1.09292,1.50,1.50
2011.09.02 12:33:01.425,1.09284,1.09297,2.25,2.26
2011.09.02 12:33:01.847,1.09295,1.09309,1.50,3.00
2011.09.02 12:33:01.986,1.09298,1.09314,1.88,1.13
2011.09.02 12:33:02.814,1.09301,1.09318,1.50,1.50
2011.09.02 12:33:03.114,1.09302,1.09317,1.50,1.50
2011.09.02 12:33:03.486,1.09307,1.09323,1.50,3.01
2011.09.02 12:33:03.618,1.0931,1.09325,1.13,1.51
2011.09.02 12:33:03.752,1.09311,1.09326,1.13,2.25
2011.09.02 12:33:04.313,1.09318,1.09332,1.50,1.50
2011.09.02 12:33:04.697,1.09324,1.09332,1.50,1.50
2011.09.02 12:33:05.066,1.09325,1.09334,1.50,2.25
2011.09.02 12:33:05.192,1.09325,1.09335,1.50,1.50
2011.09.02 12:33:05.915,1.09325,1.09334,1.50,1.50
2011.09.02 12:33:06.463,1.09325,1.09335,1.50,1.50
2011.09.02 12:33:06.617,1.09321,1.09331,1.50,2.25
2011.09.02 12:33:06.756,1.0932,1.09331,1.50,1.50
2011.09.02 12:33:06.890,1.09319,1.09328,1.50,1.13
2011.09.02 12:33:07.015,1.09317,1.0933,1.50,3.00
2011.09.02 12:33:07.147,1.09314,1.09326,2.25,1.50
2011.09.02 12:33:07.519,1.09328,1.09338,3.00,2.25
2011.09.02 12:33:08.639,1.09329,1.09339,1.13,2.25
2011.09.02 12:33:08.796,1.0934,1.09352,1.50,1.88
2011.09.02 12:33:09.048,1.09345,1.09354,1.50,1.50
2011.09.02 12:33:09.307,1.09344,1.09355,2.25,1.50
2011.09.02 12:33:09.441,1.09344,1.09355,2.63,1.50
2011.09.02 12:33:10.208,1.09344,1.09355,2.25,1.50
2011.09.02 12:33:10.353,1.09348,1.09358,1.50,1.50
2011.09.02 12:33:10.601,1.09342,1.09356,2.25,1.50
2011.09.02 12:33:10.846,1.09342,1.09355,1.50,1.50
2011.09.02 12:33:10.978,1.09337,1.09354,1.50,2.25
2011.09.02 12:33:11.228,1.0934,1.09356,2.25,2.25
2011.09.02 12:33:11.362,1.09343,1.09356,2.25,1.50
2011.09.02 12:33:12.570,1.09344,1.09356,1.50,1.51
2011.09.02 12:33:12.845,1.09333,1.09347,1.50,1.50
2011.09.02 12:33:12.986,1.09333,1.09346,1.50,1.50
2011.09.02 12:33:13.120,1.09333,1.09346,1.50,2.25
2011.09.02 12:33:13.251,1.09332,1.09344,1.50,1.50
2011.09.02 12:33:14.219,1.09328,1.09344,1.50,1.50
2011.09.02 12:33:14.363,1.09328,1.09344,3.00,1.50
2011.09.02 12:33:14.740,1.09301,1.09309,1.50,1.13
2011.09.02 12:33:14.873,1.09291,1.09297,2.25,1.50
2011.09.02 12:33:15.009,1.09276,1.09292,1.50,1.13
2011.09.02 12:33:15.142,1.09267,1.09279,1.50,1.50
2011.09.02 12:33:15.266,1.09266,1.09276,1.50,1.13
2011.09.02 12:33:15.402,1.09266,1.09279,1.50,1.50
2011.09.02 12:33:15.998,1.09276,1.09293,2.25,1.50
2011.09.02 12:33:16.133,1.0928,1.09293,1.13,1.50
2011.09.02 12:33:16.381,1.09293,1.09303,2.25,1.71
2011.09.02 12:33:16.510,1.09303,1.09311,1.50,1.50
2011.09.02 12:33:16.638,1.09302,1.09315,1.50,1.50
2011.09.02 12:33:17.415,1.09306,1.09317,1.50,1.50
2011.09.02 12:33:17.549,1.09314,1.09323,1.50,1.50
2011.09.02 12:33:17.676,1.09318,1.09326,1.50,1.50
2011.09.02 12:33:17.808,1.09317,1.09327,1.50,1.50
2011.09.02 12:33:18.425,1.09321,1.09328,1.50,2.25
2011.09.02 12:33:19.170,1.09317,1.09329,1.50,1.50
2011.09.02 12:33:19.301,1.09318,1.09324,1.50,1.50
2011.09.02 12:33:19.422,1.09318,1.09335,1.50,2.26
2011.09.02 12:33:19.548,1.09313,1.09333,1.50,2.25
2011.09.02 12:33:19.677,1.09312,1.09325,1.50,1.50
2011.09.02 12:33:20.171,1.09318,1.09327,1.50,1.50
2011.09.02 12:33:20.304,1.09316,1.09327,1.50,2.25
2011.09.02 12:33:20.440,1.0931,1.09324,1.50,2.25
2011.09.02 12:33:21.008,1.09303,1.09315,1.50,1.14
2011.09.02 12:33:21.140,1.09299,1.09314,1.50,1.51
2011.09.02 12:33:21.267,1.09293,1.0931,1.50,1.88
2011.09.02 12:33:21.632,1.09289,1.09305,3.00,1.50
2011.09.02 12:33:21.872,1.09297,1.09313,1.50,2.26
2011.09.02 12:33:22.652,1.09291,1.09308,1.50,1.50
2011.09.02 12:33:23.030,1.09296,1.09302,3.75,1.51
2011.09.02 12:33:23.399,1.0929,1.09298,3.75,1.51
2011.09.02 12:33:23.533,1.09288,1.09296,1.50,1.51
2011.09.02 12:33:23.776,1.09285,1.09296,2.25,1.13
2011.09.02 12:33:24.517,1.09276,1.09286,1.50,1.14
2011.09.02 12:33:25.134,1.09279,1.09288,3.75,1.14
2011.09.02 12:33:25.749,1.0927,1.09281,1.50,1.89
2011.09.02 12:33:26.366,1.09269,1.09276,4.50,1.51
2011.09.02 12:33:26.750,1.09261,1.09268,4.50,1.13
2011.09.02 12:33:26.880,1.09249,1.09265,1.50,1.50
2011.09.02 12:33:27.003,1.09249,1.09264,1.50,1.50
2011.09.02 12:33:27.365,1.09244,1.09257,2.25,1.50
2011.09.02 12:33:28.161,1.09245,1.09254,1.50,1.13
2011.09.02 12:33:28.300,1.0924,1.09253,1.50,1.51
2011.09.02 12:33:28.432,1.09237,1.09253,1.50,1.50
2011.09.02 12:33:28.571,1.09235,1.09251,1.50,1.51
2011.09.02 12:33:28.826,1.0924,1.09252,1.50,1.51
2011.09.02 12:33:29.209,1.09238,1.09254,3.75,1.50
2011.09.02 12:33:29.873,1.09246,1.09257,1.50,1.50
2011.09.02 12:33:30.020,1.09237,1.09252,1.50,1.50
2011.09.02 12:33:30.631,1.09236,1.09249,1.50,1.50
2011.09.02 12:33:31.236,1.09235,1.0925,2.25,1.51
2011.09.02 12:33:31.723,1.09238,1.09251,1.50,1.51
2011.09.02 12:33:32.011,1.09236,1.09247,1.50,1.50
2011.09.02 12:33:32.136,1.09236,1.09247,2.63,1.50
2011.09.02 12:33:32.266,1.09242,1.09253,1.50,2.25
2011.09.02 12:33:32.635,1.09246,1.09256,1.50,3.75
2011.09.02 12:33:33.402,1.0926,1.0927,1.50,1.13
2011.09.02 12:33:33.530,1.0926,1.09273,1.50,2.26
2011.09.02 12:33:33.780,1.09252,1.09267,1.50,1.50
2011.09.02 12:33:33.909,1.09252,1.09267,1.50,1.50
2011.09.02 12:33:34.153,1.09253,1.09267,1.50,1.50
2011.09.02 12:33:34.763,1.09254,1.0927,1.50,1.50
2011.09.02 12:33:35.364,1.09261,1.09277,1.50,3.76
2011.09.02 12:33:35.503,1.09266,1.09274,1.50,4.13
2011.09.02 12:33:35.756,1.09265,1.09276,1.50,4.50
2011.09.02 12:33:35.892,1.09264,1.09281,2.63,1.50
2011.09.02 12:33:36.025,1.0927,1.09286,1.50,1.50
2011.09.02 12:33:36.156,1.0927,1.09282,1.50,1.50
2011.09.02 12:33:36.932,1.09268,1.0928,1.50,1.50
2011.09.02 12:33:37.071,1.09266,1.09282,2.25,4.50
2011.09.02 12:33:37.198,1.09266,1.09278,2.25,1.88
2011.09.02 12:33:37.578,1.09259,1.09264,1.50,1.13
2011.09.02 12:33:37.952,1.09247,1.09255,2.80,1.13
2011.09.02 12:33:38.623,1.09244,1.09251,3.75,1.51
2011.09.02 12:33:38.995,1.0924,1.09245,3.75,1.50
2011.09.02 12:33:39.367,1.09226,1.09241,4.50,1.50
2011.09.02 12:33:39.743,1.09222,1.09235,1.13,1.50
2011.09.02 12:33:39.874,1.09232,1.09237,4.50,1.88
2011.09.02 12:33:40.007,1.09239,1.09251,4.50,3.60
2011.09.02 12:33:40.481,1.0923,1.09238,3.75,1.51
2011.09.02 12:33:40.628,1.09231,1.09241,3.75,2.26
2011.09.02 12:33:40.882,1.09233,1.09241,3.75,1.51
2011.09.02 12:33:41.010,1.09235,1.09241,4.50,1.51
2011.09.02 12:33:41.142,1.09231,1.09243,1.50,1.51
2011.09.02 12:33:41.633,1.09235,1.09242,4.50,1.50
2011.09.02 12:33:41.762,1.09237,1.09246,4.50,1.51
2011.09.02 12:33:42.360,1.09239,1.09245,3.75,1.13
2011.09.02 12:33:42.730,1.09237,1.09245,5.25,1.50
2011.09.02 12:33:42.981,1.09239,1.09251,4.50,1.89
2011.09.02 12:33:43.224,1.09239,1.09252,4.50,1.89
2011.09.02 12:33:43.365,1.09235,1.09241,1.50,1.50
2011.09.02 12:33:44.089,1.09233,1.09239,4.50,1.50
2011.09.02 12:33:44.466,1.09235,1.09248,1.50,1.50
2011.09.02 12:33:45.433,1.09237,1.09251,1.50,5.25
2011.09.02 12:33:46.057,1.09236,1.09248,1.50,1.50
2011.09.02 12:33:46.199,1.09234,1.09245,1.50,1.13
2011.09.02 12:33:46.325,1.09231,1.09244,2.25,1.13
2011.09.02 12:33:46.463,1.09231,1.09244,1.50,2.64
2011.09.02 12:33:46.704,1.09226,1.09242,1.50,1.51
2011.09.02 12:33:46.835,1.09226,1.09239,1.50,1.50
2011.09.02 12:33:47.210,1.09225,1.09239,1.13,1.50
2011.09.02 12:33:47.833,1.09232,1.09245,1.50,2.63
2011.09.02 12:33:47.967,1.09225,1.0924,1.88,1.50
2011.09.02 12:33:48.332,1.09225,1.09239,1.13,1.50
2011.09.02 12:33:48.696,1.09222,1.09234,1.50,1.50
2011.09.02 12:33:49.065,1.09224,1.09237,1.50,1.50
2011.09.02 12:33:49.321,1.09227,1.0924,1.60,1.50
2011.09.02 12:33:49.786,1.09227,1.09243,1.50,1.50
2011.09.02 12:33:50.290,1.09229,1.09246,1.50,1.51
2011.09.02 12:33:50.416,1.09228,1.09244,1.50,1.50
2011.09.02 12:33:50.666,1.09228,1.09237,1.50,1.50
2011.09.02 12:33:51.035,1.09219,1.09228,3.75,2.25
2011.09.02 12:33:51.283,1.09221,1.0923,4.50,1.50
2011.09.02 12:33:51.880,1.09217,1.09224,4.50,1.13
2011.09.02 12:33:52.007,1.09221,1.09226,3.75,1.88
2011.09.02 12:33:52.255,1.09219,1.09228,3.75,3.01
2011.09.02 12:33:52.773,1.09217,1.09224,4.50,1.51
2011.09.02 12:33:52.900,1.09219,1.09225,4.50,2.26
2011.09.02 12:33:53.653,1.09224,1.09231,1.13,2.25
2011.09.02 12:33:53.775,1.09224,1.09233,1.50,1.13
2011.09.02 12:33:53.905,1.09223,1.09232,1.50,1.13
2011.09.02 12:33:54.039,1.09221,1.0923,4.50,1.50
2011.09.02 12:33:54.169,1.09221,1.0923,3.75,2.25
2011.09.02 12:33:54.293,1.09221,1.09228,4.50,1.14
2011.09.02 12:33:55.698,1.09221,1.09232,4.50,1.89
2011.09.02 12:33:56.411,1.09221,1.0923,5.25,1.13
2011.09.02 12:33:56.655,1.09221,1.09235,5.25,3.00
2011.09.02 12:33:56.782,1.09225,1.09235,2.25,1.50
2011.09.02 12:33:57.145,1.09232,1.0924,1.50,1.50
2011.09.02 12:33:58.132,1.09209,1.09216,4.50,1.50
2011.09.02 12:33:58.627,1.09209,1.09214,3.75,1.88
2011.09.02 12:33:59.235,1.09209,1.09216,4.50,2.25
2011.09.02 12:33:59.363,1.09211,1.09217,4.50,1.50
2011.09.02 12:34:00.027,1.09207,1.09214,3.75,1.50
2011.09.02 12:34:00.529,1.09207,1.09213,4.50,1.50
2011.09.02 12:34:00.894,1.09205,1.09211,4.50,1.13
2011.09.02 12:34:01.395,1.09199,1.09207,1.50,1.13
2011.09.02 12:34:01.939,1.09195,1.092,4.50,1.13
2011.09.02 12:34:02.328,1.09186,1.09193,4.50,1.13
2011.09.02 12:34:02.461,1.09182,1.09192,1.50,1.13
2011.09.02 12:34:02.823,1.09175,1.09191,2.25,1.51
2011.09.02 12:34:02.944,1.09177,1.09187,1.50,1.51
2011.09.02 12:34:03.792,1.09166,1.09177,1.50,1.51
2011.09.02 12:34:03.916,1.09162,1.09176,2.25,1.14
2011.09.02 12:34:04.523,1.09162,1.09176,1.50,1.89
2011.09.02 12:34:04.769,1.09162,1.09174,1.50,1.13
2011.09.02 12:34:05.139,1.09145,1.09157,1.50,1.50
2011.09.02 12:34:05.595,1.09141,1.09156,1.88,1.50
2011.09.02 12:34:05.746,1.09141,1.09153,1.50,1.13
2011.09.02 12:34:05.879,1.09137,1.09152,1.13,1.88
2011.09.02 12:34:06.017,1.09136,1.09151,1.13,1.14
2011.09.02 12:34:06.269,1.09133,1.09149,1.50,2.26
2011.09.02 12:34:06.402,1.09133,1.09149,1.50,1.51
2011.09.02 12:34:06.896,1.09138,1.09151,1.13,1.50
2011.09.02 12:34:07.449,1.09139,1.09157,1.50,1.50
2011.09.02 12:34:07.574,1.09142,1.09161,1.88,1.50
2011.09.02 12:34:07.707,1.09147,1.09161,1.50,1.50
2011.09.02 12:34:07.955,1.09143,1.09159,1.88,1.13
2011.09.02 12:34:08.087,1.09145,1.09157,1.50,1.50
2011.09.02 12:34:08.456,1.09147,1.09163,2.25,1.88
2011.09.02 12:34:08.583,1.09147,1.09163,1.50,1.13
2011.09.02 12:34:09.242,1.09148,1.09164,1.50,1.13
2011.09.02 12:34:09.398,1.09155,1.09166,1.50,1.50
2011.09.02 12:34:09.779,1.09163,1.09173,1.97,1.50
2011.09.02 12:34:10.148,1.09173,1.09182,1.50,1.50
2011.09.02 12:34:10.283,1.09174,1.09187,1.13,1.50
2011.09.02 12:34:10.662,1.09177,1.09191,1.50,1.50
2011.09.02 12:34:11.138,1.09187,1.09193,1.50,1.50
2011.09.02 12:34:14.111,1.09201,1.09215,1.50,2.25
2011.09.02 12:34:14.598,1.09202,1.09215,1.50,1.50
2011.09.02 12:34:14.848,1.09197,1.09212,1.50,1.13
2011.09.02 12:34:15.093,1.09199,1.09213,2.25,1.50
2011.09.02 12:34:15.739,1.09203,1.09216,2.25,1.50
2011.09.02 12:34:15.873,1.09204,1.09217,1.50,1.88
2011.09.02 12:34:16.113,1.09204,1.09219,1.50,1.88
2011.09.02 12:34:16.600,1.09208,1.09219,2.25,1.50
2011.09.02 12:34:16.967,1.09213,1.09226,1.50,1.13
2011.09.02 12:34:17.098,1.09213,1.09227,1.50,1.13
2011.09.02 12:34:17.662,1.09215,1.0923,1.50,1.50
2011.09.02 12:34:17.795,1.09213,1.09228,1.50,1.50
2011.09.02 12:34:17.923,1.09213,1.09223,1.50,1.50
2011.09.02 12:34:18.406,1.09211,1.09223,1.50,1.88
2011.09.02 12:34:18.538,1.0921,1.0922,1.50,1.50
2011.09.02 12:34:18.906,1.09212,1.09221,1.50,1.50
2011.09.02 12:34:19.632,1.09211,1.09218,1.50,1.50
2011.09.02 12:34:19.774,1.09212,1.09227,1.50,1.50
2011.09.02 12:34:20.147,1.09213,1.09228,1.50,1.50
2011.09.02 12:34:20.400,1.09213,1.09223,1.50,1.50
2011.09.02 12:34:20.767,1.09208,1.09218,1.50,1.50
2011.09.02 12:34:21.515,1.09209,1.0922,1.13,1.50
2011.09.02 12:34:22.054,1.09199,1.09207,3.00,1.13
2011.09.02 12:34:22.194,1.09189,1.09205,2.25,1.50
2011.09.02 12:34:22.327,1.09191,1.09207,1.88,1.14
2011.09.02 12:34:22.578,1.09194,1.09208,1.50,2.25
2011.09.02 12:34:22.950,1.09193,1.09207,1.50,2.25
2011.09.02 12:34:23.080,1.09191,1.09207,3.00,2.25
2011.09.02 12:34:23.635,1.09191,1.09204,2.25,1.13
2011.09.02 12:34:23.763,1.09191,1.09207,2.63,1.13
2011.09.02 12:34:23.885,1.09193,1.09207,1.50,1.88
2011.09.02 12:34:24.260,1.0919,1.09198,1.50,1.13
2011.09.02 12:34:24.389,1.09186,1.09198,1.50,1.13
2011.09.02 12:34:24.518,1.09184,1.09195,1.50,1.50
2011.09.02 12:34:24.764,1.09178,1.09194,1.13,1.89
2011.09.02 12:34:25.242,1.09177,1.09194,1.88,1.51
2011.09.02 12:34:25.378,1.09177,1.09193,1.88,1.13
2011.09.02 12:34:25.992,1.09184,1.09199,2.25,1.51
2011.09.02 12:34:26.119,1.09184,1.092,2.25,1.51
2011.09.02 12:34:26.722,1.09186,1.09202,1.50,3.01
2011.09.02 12:34:27.290,1.0919,1.09204,1.13,1.50
2011.09.02 12:34:27.410,1.0919,1.09204,1.13,1.50
2011.09.02 12:34:27.664,1.09187,1.09203,1.50,3.75
2011.09.02 12:34:28.042,1.09182,1.09194,1.50,1.50
2011.09.02 12:34:28.409,1.09169,1.09185,1.88,1.51
2011.09.02 12:34:28.540,1.09168,1.09185,2.63,2.26
2011.09.02 12:34:29.222,1.09171,1.09185,1.50,1.51
2011.09.02 12:34:29.596,1.09166,1.09178,1.50,1.50
2011.09.02 12:34:29.969,1.09175,1.09186,1.50,3.00
2011.09.02 12:34:30.101,1.09171,1.09187,1.50,1.50
2011.09.02 12:34:30.347,1.09171,1.09187,1.50,1.50
2011.09.02 12:34:31.045,1.09171,1.09182,1.50,1.13
2011.09.02 12:34:31.187,1.09172,1.09188,1.13,2.26
2011.09.02 12:34:31.318,1.09176,1.0919,1.50,1.13
2011.09.02 12:34:31.450,1.09173,1.09186,1.50,1.50
2011.09.02 12:34:31.574,1.09171,1.09186,1.50,1.50
2011.09.02 12:34:31.703,1.09169,1.09186,1.13,2.25
2011.09.02 12:34:31.946,1.0917,1.09187,2.25,3.01
2011.09.02 12:34:32.079,1.0917,1.09185,2.25,1.13
2011.09.02 12:34:32.211,1.09173,1.0919,2.25,1.50
2011.09.02 12:34:32.836,1.09178,1.09195,1.50,1.50
2011.09.02 12:34:32.965,1.09178,1.09191,1.50,2.25
2011.09.02 12:34:33.101,1.09179,1.09195,2.25,1.88
2011.09.02 12:34:33.226,1.0918,1.09194,1.50,1.13
2011.09.02 12:34:33.595,1.09179,1.09193,1.50,1.50
2011.09.02 12:34:33.966,1.09183,1.092,1.50,2.25
2011.09.02 12:34:34.213,1.09181,1.09196,1.50,1.50
2011.09.02 12:34:34.715,1.0918,1.09196,1.50,2.25
2011.09.02 12:34:35.217,1.09177,1.09194,1.50,2.25
2011.09.02 12:34:35.596,1.09171,1.09183,1.50,1.50
2011.09.02 12:34:35.728,1.09169,1.09183,1.50,1.50
2011.09.02 12:34:35.856,1.09169,1.09181,1.50,1.50
2011.09.02 12:34:35.987,1.09168,1.09181,2.10,1.50
2011.09.02 12:34:36.645,1.09168,1.09182,2.85,1.13
2011.09.02 12:34:37.019,1.09169,1.09181,1.35,1.50
2011.09.02 12:34:37.385,1.09163,1.09177,1.50,2.25
2011.09.02 12:34:37.517,1.09161,1.09175,1.50,2.25
2011.09.02 12:34:37.646,1.09161,1.09175,1.50,1.50
2011.09.02 12:34:38.522,1.09162,1.09176,1.50,1.45
2011.09.02 12:34:38.659,1.0917,1.09179,1.50,1.07
2011.09.02 12:34:38.787,1.09167,1.09181,1.50,1.45
2011.09.02 12:34:38.923,1.09166,1.09181,1.88,1.45
2011.09.02 12:34:39.051,1.09166,1.0918,1.50,1.07
2011.09.02 12:34:39.537,1.09162,1.09179,2.25,1.13
2011.09.02 12:34:40.274,1.09165,1.09182,1.88,1.14
2011.09.02 12:34:40.536,1.09164,1.0918,1.50,1.13
2011.09.02 12:34:40.903,1.09167,1.0918,1.50,1.45
2011.09.02 12:34:41.029,1.09167,1.09184,2.25,1.51
2011.09.02 12:34:41.154,1.09171,1.09187,1.50,2.57
2011.09.02 12:34:41.524,1.09169,1.09183,1.50,1.07
2011.09.02 12:34:42.131,1.09168,1.09182,2.25,1.45
2011.09.02 12:34:42.271,1.09165,1.09181,1.13,2.20
2011.09.02 12:34:42.519,1.09167,1.09183,1.50,1.82
2011.09.02 12:34:43.124,1.09167,1.09182,1.50,1.82
2011.09.02 12:34:44.099,1.0917,1.09182,1.13,1.45
2011.09.02 12:34:44.228,1.09171,1.09186,1.50,1.13
2011.09.02 12:34:44.479,1.09175,1.09187,1.88,1.45
2011.09.02 12:34:44.608,1.09173,1.09189,1.88,1.50
2011.09.02 12:34:44.733,1.09179,1.09189,1.50,1.50
2011.09.02 12:34:44.976,1.09177,1.09189,1.88,1.50
2011.09.02 12:34:45.109,1.09179,1.0919,1.13,1.50
2011.09.02 12:34:45.237,1.09178,1.09189,1.50,1.50
2011.09.02 12:34:45.866,1.09178,1.09192,1.50,1.50
2011.09.02 12:34:45.997,1.09178,1.09196,3.00,1.50
2011.09.02 12:34:46.128,1.09178,1.09195,2.25,1.50
2011.09.02 12:34:46.257,1.09178,1.09188,1.50,1.13
2011.09.02 12:34:46.625,1.09173,1.09178,1.50,1.50
2011.09.02 12:34:47.413,1.09164,1.09181,2.25,2.63
2011.09.02 12:34:47.536,1.09164,1.09176,1.50,1.89
2011.09.02 12:34:47.787,1.09156,1.09169,2.25,1.50
2011.09.02 12:34:48.038,1.09156,1.09166,2.25,2.25
2011.09.02 12:34:48.404,1.09151,1.0916,1.50,1.50
2011.09.02 12:34:48.529,1.09151,1.0916,1.50,1.50
2011.09.02 12:34:48.660,1.09147,1.09162,1.50,1.14
2011.09.02 12:34:48.787,1.09151,1.09159,1.50,1.13
2011.09.02 12:34:49.324,1.09148,1.09158,1.50,1.50
2011.09.02 12:34:49.710,1.0915,1.09158,1.50,1.13
2011.09.02 12:34:50.080,1.09146,1.09152,1.50,1.50
2011.09.02 12:34:50.330,1.0914,1.09148,1.50,4.13
2011.09.02 12:34:50.468,1.0914,1.09146,1.50,1.50
2011.09.02 12:34:50.978,1.09143,1.09155,1.50,1.51
2011.09.02 12:34:51.505,1.09143,1.09153,1.50,1.50
2011.09.02 12:34:51.639,1.09147,1.09156,1.13,1.50
2011.09.02 12:34:51.771,1.09152,1.09165,1.13,1.50
2011.09.02 12:34:51.900,1.09158,1.09166,4.50,1.50
2011.09.02 12:34:52.030,1.09161,1.09176,3.00,1.50
2011.09.02 12:34:52.600,1.09166,1.09178,1.50,1.50
2011.09.02 12:34:52.742,1.0917,1.09184,1.50,1.80
2011.09.02 12:34:52.883,1.09173,1.09187,1.13,1.65
2011.09.02 12:34:53.015,1.09176,1.09187,1.50,1.50
2011.09.02 12:34:53.285,1.09175,1.09186,1.50,1.13
2011.09.02 12:34:53.656,1.0917,1.09177,1.50,1.50
2011.09.02 12:34:54.382,1.09168,1.09177,2.25,1.50
2011.09.02 12:34:54.529,1.09166,1.09178,1.50,1.50
2011.09.02 12:34:54.780,1.09169,1.09178,1.50,1.50
2011.09.02 12:34:55.154,1.0917,1.09176,1.50,1.50
2011.09.02 12:34:55.298,1.09171,1.09182,1.50,1.50
2011.09.02 12:34:55.437,1.09171,1.09184,2.25,1.88
2011.09.02 12:34:56.110,1.09167,1.09181,2.25,1.50
2011.09.02 12:34:56.261,1.09166,1.09179,1.50,2.25
2011.09.02 12:34:56.388,1.09163,1.09177,1.50,1.13
2011.09.02 12:34:56.516,1.09173,1.09179,1.50,1.50
2011.09.02 12:34:56.774,1.09167,1.09179,1.13,1.50
2011.09.02 12:34:56.931,1.09172,1.09184,1.50,1.13
2011.09.02 12:34:57.073,1.09172,1.09189,3.00,1.50
2011.09.02 12:34:57.828,1.09174,1.09186,1.50,1.50
2011.09.02 12:34:58.212,1.09183,1.09188,1.50,2.25
2011.09.02 12:34:58.340,1.09183,1.09189,1.50,1.50
2011.09.02 12:34:58.470,1.09183,1.09189,1.50,1.50
2011.09.02 12:34:58.715,1.09184,1.0919,1.50,1.50
2011.09.02 12:34:58.848,1.09185,1.09198,1.50,3.75
2011.09.02 12:34:59.531,1.09187,1.09202,1.50,1.14
2011.09.02 12:34:59.687,1.09203,1.09209,1.50,1.50
2011.09.02 12:34:59.938,1.09201,1.09207,1.50,1.50
2011.09.02 12:35:00.063,1.09202,1.09208,1.50,1.50
2011.09.02 12:35:00.425,1.09202,1.0921,1.50,1.50
2011.09.02 12:35:01.456,1.09197,1.09204,1.50,1.50
2011.09.02 12:35:01.772,1.09182,1.09199,1.50,2.25
2011.09.02 12:35:01.885,1.0918,1.09192,1.50,1.50
2011.09.02 12:35:02.374,1.0918,1.09191,1.50,1.50
2011.09.02 12:35:03.067,1.09173,1.09189,2.25,1.13
2011.09.02 12:35:03.220,1.09164,1.0918,1.50,1.50
2011.09.02 12:35:03.592,1.09142,1.09152,2.05,3.00
2011.09.02 12:35:03.725,1.09145,1.0915,1.28,1.13
2011.09.02 12:35:03.870,1.09136,1.09153,1.88,1.50
2011.09.02 12:35:04.001,1.09134,1.0915,1.50,1.88
2011.09.02 12:35:04.249,1.0914,1.09154,1.50,1.51
2011.09.02 12:35:04.736,1.0914,1.09155,1.50,1.13
2011.09.02 12:35:04.878,1.09134,1.09149,1.35,1.50
2011.09.02 12:35:05.006,1.09139,1.0915,1.50,1.50
2011.09.02 12:35:05.137,1.09136,1.09148,1.50,4.50
2011.09.02 12:35:05.274,1.09134,1.09146,1.35,1.50
2011.09.02 12:35:05.528,1.09134,1.09146,1.35,5.25
2011.09.02 12:35:06.468,1.09136,1.09147,1.88,2.25
2011.09.02 12:35:06.857,1.09144,1.09159,1.13,1.13
2011.09.02 12:35:06.989,1.09143,1.09157,1.13,1.13
2011.09.02 12:35:07.239,1.09144,1.09156,3.23,1.50
2011.09.02 12:35:07.371,1.09151,1.09157,1.35,1.50
2011.09.02 12:35:07.508,1.09151,1.09161,1.35,1.50
2011.09.02 12:35:08.088,1.09152,1.09162,1.50,1.50
2011.09.02 12:35:08.692,1.09152,1.09161,1.50,1.50
2011.09.02 12:35:08.818,1.09149,1.0916,1.50,1.50
2011.09.02 12:35:08.948,1.0915,1.0916,1.50,1.88
2011.09.02 12:35:09.075,1.0915,1.0916,1.50,1.50
2011.09.02 12:35:09.204,1.0915,1.09159,1.88,1.50
2011.09.02 12:35:09.769,1.09159,1.09167,1.13,1.51
2011.09.02 12:35:09.907,1.09161,1.09173,1.35,1.50
2011.09.02 12:35:10.295,1.0916,1.09168,1.50,1.50
2011.09.02 12:35:10.553,1.09151,1.09165,1.50,1.13
2011.09.02 12:35:10.678,1.0915,1.09163,1.50,2.25
2011.09.02 12:35:11.335,1.09142,1.09158,1.50,1.50
2011.09.02 12:35:11.476,1.09139,1.09155,2.25,1.88
2011.09.02 12:35:11.847,1.09142,1.09156,1.13,2.25
2011.09.02 12:35:12.337,1.09138,1.09155,2.25,1.50
2011.09.02 12:35:13.118,1.09136,1.09146,1.50,4.50
2011.09.02 12:35:13.375,1.09123,1.09137,2.25,1.50
2011.09.02 12:35:13.627,1.09123,1.09137,2.25,1.50
2011.09.02 12:35:13.760,1.09123,1.0914,1.50,1.13
2011.09.02 12:35:14.007,1.09123,1.09137,2.25,1.50
2011.09.02 12:35:14.257,1.09125,1.0914,2.25,1.50
2011.09.02 12:35:14.821,1.09126,1.09142,1.50,1.88
2011.09.02 12:35:14.963,1.09126,1.09141,1.50,2.25
2011.09.02 12:35:15.207,1.09126,1.09142,1.50,1.50
2011.09.02 12:35:15.337,1.09126,1.09139,1.88,1.50
2011.09.02 12:35:15.588,1.09126,1.09142,2.25,1.13
2011.09.02 12:35:15.836,1.09125,1.09142,1.50,1.50
2011.09.02 12:35:16.535,1.09124,1.09136,1.50,1.50
2011.09.02 12:35:16.680,1.09138,1.09156,1.50,3.00
2011.09.02 12:35:16.806,1.09134,1.09152,1.50,1.50
2011.09.02 12:35:17.061,1.09137,1.0915,1.50,2.25
2011.09.02 12:35:17.188,1.09133,1.09145,1.50,1.13
2011.09.02 12:35:17.440,1.0913,1.09142,1.50,1.50
2011.09.02 12:35:17.569,1.09124,1.0914,3.00,1.50
2011.09.02 12:35:17.699,1.09123,1.09136,1.50,1.50
2011.09.02 12:35:18.215,1.09121,1.09134,1.50,1.13
2011.09.02 12:35:18.608,1.09121,1.09136,1.50,1.13
2011.09.02 12:35:19.095,1.09124,1.09141,1.13,2.25
2011.09.02 12:35:19.229,1.09122,1.09141,1.50,1.50
2011.09.02 12:35:19.478,1.09124,1.09139,1.88,1.50
2011.09.02 12:35:19.992,1.09126,1.09145,1.88,2.26
2011.09.02 12:35:20.123,1.09125,1.09143,1.50,1.50
2011.09.02 12:35:20.249,1.09126,1.09141,1.50,1.50
2011.09.02 12:35:20.734,1.09127,1.09141,2.25,1.50
2011.09.02 12:35:20.862,1.09127,1.09144,2.25,1.88
2011.09.02 12:35:20.985,1.0913,1.09144,1.50,1.13
2011.09.02 12:35:22.279,1.09131,1.09149,1.50,1.50
2011.09.02 12:35:22.673,1.09126,1.09134,2.25,1.50
2011.09.02 12:35:22.801,1.09113,1.09123,3.55,1.50
2011.09.02 12:35:22.930,1.09116,1.09133,1.50,2.25
2011.09.02 12:35:23.183,1.09123,1.09133,1.50,1.50
2011.09.02 12:35:23.426,1.09122,1.09136,1.50,2.25
2011.09.02 12:35:24.119,1.09123,1.09139,1.50,1.50
2011.09.02 12:35:24.383,1.09123,1.0914,1.50,1.50
2011.09.02 12:35:24.751,1.09118,1.09134,3.00,1.88
2011.09.02 12:35:24.879,1.09118,1.09132,1.50,1.13
2011.09.02 12:35:25.010,1.09114,1.09128,1.50,1.50
2011.09.02 12:35:25.379,1.09118,1.09132,1.13,1.50
2011.09.02 12:35:26.020,1.09119,1.09132,1.88,1.50
2011.09.02 12:35:26.514,1.09116,1.09131,1.50,1.88
2011.09.02 12:35:26.637,1.09116,1.09128,1.50,1.50
2011.09.02 12:35:27.004,1.09114,1.09128,2.25,1.88
2011.09.02 12:35:27.130,1.09114,1.09127,2.25,1.50
2011.09.02 12:35:27.382,1.09111,1.09125,1.50,1.50
2011.09.02 12:35:27.504,1.0911,1.09125,1.50,1.50
2011.09.02 12:35:27.624,1.09108,1.09122,1.13,1.50
2011.09.02 12:35:28.121,1.09109,1.09127,1.88,1.73
2011.09.02 12:35:28.499,1.09112,1.0912,1.50,1.13
2011.09.02 12:35:28.625,1.09108,1.09124,1.50,1.50
2011.09.02 12:35:28.877,1.09109,1.09123,1.13,1.50
2011.09.02 12:35:29.009,1.09109,1.09126,2.63,1.88
2011.09.02 12:35:29.936,1.09113,1.09127,1.13,1.88
2011.09.02 12:35:30.316,1.0913,1.09135,1.13,3.00
2011.09.02 12:35:30.450,1.09132,1.0914,1.88,1.50
2011.09.02 12:35:30.583,1.09134,1.09151,1.88,3.00
2011.09.02 12:35:30.708,1.09138,1.09155,1.13,3.75
2011.09.02 12:35:30.832,1.09138,1.09155,1.88,1.50
2011.09.02 12:35:30.957,1.09138,1.09151,1.88,1.50
2011.09.02 12:35:31.209,1.09135,1.0915,2.25,1.13
2011.09.02 12:35:31.680,1.09135,1.0915,1.50,1.88
2011.09.02 12:35:31.935,1.09128,1.09144,1.50,1.13
2011.09.02 12:35:32.071,1.09127,1.09144,1.50,1.13
2011.09.02 12:35:32.194,1.09127,1.09139,1.50,1.50
2011.09.02 12:35:32.562,1.09124,1.09134,1.50,1.50
2011.09.02 12:35:33.534,1.09127,1.0914,1.50,1.50
2011.09.02 12:35:33.672,1.09118,1.09134,1.13,1.88
2011.09.02 12:35:33.920,1.09118,1.09132,1.50,1.13
2011.09.02 12:35:34.289,1.09121,1.09133,1.50,1.50
2011.09.02 12:35:34.537,1.09124,1.0914,1.88,1.13
2011.09.02 12:35:35.524,1.09126,1.0914,1.50,1.22
2011.09.02 12:35:36.135,1.09124,1.09141,1.13,1.50
2011.09.02 12:35:36.613,1.09123,1.09139,2.25,1.13
2011.09.02 12:35:36.975,1.09123,1.09136,2.25,1.13
2011.09.02 12:35:37.823,1.09114,1.09127,1.50,1.13
2011.09.02 12:35:37.949,1.09114,1.09127,2.25,1.50
2011.09.02 12:35:38.556,1.09115,1.09128,1.88,1.50
2011.09.02 12:35:38.687,1.09115,1.09129,2.63,1.50
2011.09.02 12:35:38.934,1.09117,1.09131,1.50,1.50
2011.09.02 12:35:40.176,1.09117,1.09129,1.50,1.13
2011.09.02 12:35:40.557,1.09117,1.09128,2.25,1.50
2011.09.02 12:35:40.925,1.09115,1.09123,1.50,1.13
2011.09.02 12:35:41.063,1.09118,1.09129,1.50,1.51
2011.09.02 12:35:41.316,1.0912,1.09134,1.50,1.50
2011.09.02 12:35:41.443,1.09122,1.09137,1.13,1.50
2011.09.02 12:35:41.944,1.09132,1.09141,1.50,1.50
2011.09.02 12:35:42.085,1.09137,1.09148,1.13,1.50
2011.09.02 12:35:42.220,1.09138,1.09149,1.13,1.50
2011.09.02 12:35:42.348,1.09143,1.09151,1.50,1.50
2011.09.02 12:35:42.479,1.09143,1.09155,1.50,1.50
2011.09.02 12:35:42.725,1.09143,1.09157,1.88,1.50
2011.09.02 12:35:43.216,1.09139,1.09153,1.13,1.50
2011.09.02 12:35:43.789,1.09132,1.09145,1.50,1.50
2011.09.02 12:35:43.927,1.09127,1.09143,1.13,1.13
2011.09.02 12:35:44.536,1.09126,1.09141,1.50,1.13
2011.09.02 12:35:44.786,1.09127,1.09142,1.88,1.50
2011.09.02 12:35:45.040,1.09127,1.09143,2.63,1.13
2011.09.02 12:35:45.170,1.09131,1.09144,1.50,1.50
2011.09.02 12:35:45.939,1.09145,1.09158,2.25,2.63
2011.09.02 12:35:46.085,1.09149,1.09158,1.50,1.50
2011.09.02 12:35:46.222,1.09153,1.09163,1.50,1.50
2011.09.02 12:35:46.824,1.09155,1.09168,1.50,1.50
2011.09.02 12:35:47.842,1.09151,1.09156,1.50,1.13
2011.09.02 12:35:47.966,1.09139,1.09154,1.50,1.88
2011.09.02 12:35:48.216,1.09139,1.09155,3.00,1.13
2011.09.02 12:35:48.348,1.09148,1.09158,1.13,1.50
2011.09.02 12:35:48.595,1.0915,1.09165,1.13,3.00
2011.09.02 12:35:48.726,1.0915,1.09166,1.13,1.13
2011.09.02 12:35:48.861,1.09148,1.09162,1.50,1.50
2011.09.02 12:35:49.449,1.09141,1.09158,1.50,1.50
2011.09.02 12:35:50.285,1.09142,1.09155,1.50,1.50
2011.09.02 12:35:50.415,1.09142,1.09156,1.13,1.50
2011.09.02 12:35:50.786,1.09146,1.09158,1.13,1.50
2011.09.02 12:35:51.343,1.09126,1.09142,1.13,1.50
2011.09.02 12:35:51.586,1.09127,1.09144,1.50,1.89
2011.09.02 12:35:51.837,1.09126,1.0914,1.50,1.13
2011.09.02 12:35:52.201,1.09123,1.09139,1.88,1.13
2011.09.02 12:35:52.322,1.09123,1.09139,1.88,1.13
2011.09.02 12:35:53.086,1.09125,1.09139,1.88,1.50
2011.09.02 12:35:53.225,1.09121,1.09137,1.50,2.25
2011.09.02 12:35:53.483,1.09129,1.09137,1.13,1.50
2011.09.02 12:35:53.729,1.09132,1.09145,2.25,1.50
2011.09.02 12:35:54.711,1.09136,1.09147,1.50,1.13
2011.09.02 12:35:54.976,1.0914,1.09155,1.50,1.51
2011.09.02 12:35:55.346,1.09141,1.09156,1.50,1.88
2011.09.02 12:35:55.713,1.09138,1.09154,1.50,1.13
2011.09.02 12:35:55.841,1.09137,1.09146,1.50,1.13
2011.09.02 12:35:56.414,1.09132,1.09145,1.50,1.50
2011.09.02 12:35:56.561,1.0913,1.09145,1.50,1.13
2011.09.02 12:35:56.685,1.09132,1.09146,1.50,1.13
2011.09.02 12:35:57.300,1.09136,1.09143,1.50,1.50
2011.09.02 12:35:58.106,1.09133,1.09146,2.25,1.13
2011.09.02 12:35:58.486,1.09137,1.09144,1.50,1.13
2011.09.02 12:35:58.618,1.0913,1.09139,1.50,1.50
2011.09.02 12:35:58.751,1.09127,1.0914,1.50,1.50
2011.09.02 12:35:59.114,1.0912,1.09135,1.50,1.88
2011.09.02 12:35:59.926,1.09114,1.09128,1.50,1.13
2011.09.02 12:36:00.297,1.09108,1.09125,2.63,1.50
2011.09.02 12:36:00.548,1.09116,1.09125,1.13,1.50
2011.09.02 12:36:00.683,1.09118,1.0913,1.50,1.50
2011.09.02 12:36:00.812,1.09124,1.09131,1.13,1.50
2011.09.02 12:36:00.942,1.09124,1.09138,1.88,1.50
2011.09.02 12:36:01.066,1.09126,1.0914,2.25,1.13
2011.09.02 12:36:01.576,1.09126,1.09142,2.25,1.50
2011.09.02 12:36:01.701,1.09117,1.09127,2.25,1.14
2011.09.02 12:36:01.827,1.09116,1.0913,1.50,1.89
2011.09.02 12:36:01.959,1.09115,1.09128,1.50,2.25
2011.09.02 12:36:02.333,1.09102,1.09118,2.25,1.13
2011.09.02 12:36:02.577,1.09107,1.09117,1.50,1.13
2011.09.02 12:36:03.194,1.09108,1.09121,1.50,1.13
2011.09.02 12:36:03.709,1.09106,1.0912,1.50,1.88
2011.09.02 12:36:04.083,1.09105,1.0912,1.50,1.13
2011.09.02 12:36:04.329,1.09108,1.0912,1.50,1.13
2011.09.02 12:36:04.908,1.09105,1.09112,1.13,1.13
2011.09.02 12:36:05.036,1.091,1.09112,1.35,1.13
2011.09.02 12:36:05.173,1.09102,1.0911,1.50,1.50
2011.09.02 12:36:05.415,1.09104,1.09113,1.35,1.50
2011.09.02 12:36:05.541,1.09103,1.09111,2.25,1.50
2011.09.02 12:36:05.784,1.09109,1.09115,1.50,1.50
2011.09.02 12:36:06.157,1.09114,1.09123,2.85,1.50
2011.09.02 12:36:06.777,1.09119,1.09134,1.35,1.50
2011.09.02 12:36:06.908,1.09114,1.0913,2.10,1.88
2011.09.02 12:36:07.156,1.09114,1.0913,1.35,1.13
2011.09.02 12:36:07.286,1.09114,1.09126,1.35,1.13
2011.09.02 12:36:07.663,1.0912,1.09129,1.50,1.51
2011.09.02 12:36:07.788,1.09122,1.09138,1.50,2.26
2011.09.02 12:36:07.915,1.0912,1.09133,1.13,1.50
2011.09.02 12:36:08.475,1.09114,1.09119,1.35,3.75
2011.09.02 12:36:08.609,1.09115,1.09121,1.50,1.50
2011.09.02 12:36:08.738,1.09102,1.09121,3.98,3.01
2011.09.02 12:36:08.982,1.09102,1.09121,1.50,3.39
2011.09.02 12:36:09.228,1.091,1.09116,1.50,1.73
2011.09.02 12:36:09.361,1.09104,1.09115,1.13,1.50
2011.09.02 12:36:09.487,1.09102,1.09116,1.13,1.50
2011.09.02 12:36:10.030,1.09103,1.09119,1.50,1.50
2011.09.02 12:36:10.163,1.09107,1.09122,1.50,1.50
2011.09.02 12:36:10.532,1.09111,1.09126,1.50,2.63
2011.09.02 12:36:10.895,1.09107,1.09118,1.50,1.88
2011.09.02 12:36:11.028,1.09103,1.09118,2.25,2.63
2011.09.02 12:36:11.157,1.09104,1.09119,1.50,1.51
2011.09.02 12:36:11.763,1.0911,1.0912,1.50,1.50
2011.09.02 12:36:11.909,1.09118,1.09128,1.50,1.50
2011.09.02 12:36:12.279,1.09111,1.09127,1.88,1.88
2011.09.02 12:36:12.408,1.09112,1.09127,1.13,1.50
2011.09.02 12:36:12.779,1.09123,1.09137,1.50,3.00
2011.09.02 12:36:13.147,1.0913,1.09143,1.88,1.50
2011.09.02 12:36:13.702,1.09131,1.09148,2.63,1.50
2011.09.02 12:36:13.827,1.09131,1.09147,1.50,1.50
2011.09.02 12:36:14.196,1.09127,1.09142,1.13,1.50
2011.09.02 12:36:15.810,1.0913,1.09148,1.13,2.26
2011.09.02 12:36:16.177,1.09125,1.09142,1.13,1.50
2011.09.02 12:36:16.545,1.09128,1.09136,2.25,1.50
2011.09.02 12:36:16.678,1.09128,1.09143,2.25,1.50
2011.09.02 12:36:16.927,1.09129,1.09142,1.50,1.50
2011.09.02 12:36:17.293,1.09124,1.0914,1.88,1.88
2011.09.02 12:36:17.893,1.09127,1.09144,1.50,1.88
2011.09.02 12:36:18.374,1.09129,1.09144,1.50,1.13
2011.09.02 12:36:18.737,1.09132,1.09148,1.13,1.88
2011.09.02 12:36:19.109,1.09136,1.09151,2.25,3.39
2011.09.02 12:36:19.708,1.0913,1.09143,1.50,1.50
2011.09.02 12:36:19.838,1.09128,1.0914,1.50,1.13
2011.09.02 12:36:20.214,1.09122,1.09137,1.50,1.51
2011.09.02 12:36:20.586,1.09118,1.09133,2.63,1.50
2011.09.02 12:36:21.310,1.09121,1.09135,1.13,1.50
2011.09.02 12:36:21.441,1.09121,1.09136,1.88,1.50
2011.09.02 12:36:21.564,1.09121,1.09137,2.63,1.50
2011.09.02 12:36:21.703,1.09121,1.09133,1.50,1.13
2011.09.02 12:36:22.308,1.09124,1.09136,2.25,2.25
2011.09.02 12:36:22.445,1.09125,1.09136,3.75,1.50
2011.09.02 12:36:23.152,1.09121,1.09138,1.50,1.89
2011.09.02 12:36:23.286,1.09121,1.09136,1.50,1.13
2011.09.02 12:36:23.538,1.09123,1.09138,1.50,1.88
2011.09.02 12:36:23.783,1.09123,1.09139,1.88,1.13
2011.09.02 12:36:24.384,1.09125,1.0914,1.50,1.50
2011.09.02 12:36:24.983,1.09125,1.09139,1.50,1.50
2011.09.02 12:36:25.355,1.0912,1.09136,2.63,1.13
2011.09.02 12:36:25.484,1.0912,1.09136,1.50,1.88
2011.09.02 12:36:25.857,1.09119,1.09132,1.50,1.14
2011.09.02 12:36:26.685,1.09115,1.0913,2.25,1.13
2011.09.02 12:36:27.076,1.09118,1.09129,2.10,1.50
2011.09.02 12:36:27.340,1.09118,1.09133,3.55,1.88
2011.09.02 12:36:27.584,1.09122,1.09134,1.50,1.13
2011.09.02 12:36:28.612,1.09129,1.09138,1.35,1.50
2011.09.02 12:36:28.979,1.09129,1.09139,2.10,1.50
2011.09.02 12:36:29.345,1.0914,1.09156,2.10,1.50
2011.09.02 12:36:29.597,1.09144,1.09158,1.50,1.50
2011.09.02 12:36:30.322,1.09155,1.09163,4.50,1.50
2011.09.02 12:36:30.468,1.09158,1.0917,1.50,1.50
2011.09.02 12:36:30.965,1.09155,1.09171,1.50,2.25
2011.09.02 12:36:31.095,1.09155,1.09169,1.50,1.50
2011.09.02 12:36:31.710,1.09157,1.0917,1.50,1.50
2011.09.02 12:36:32.215,1.0916,1.09174,1.50,1.88
2011.09.02 12:36:32.349,1.0916,1.09173,1.50,1.50
2011.09.02 12:36:32.957,1.0916,1.09174,1.50,1.50
2011.09.02 12:36:33.324,1.0916,1.09174,1.50,1.50
2011.09.02 12:36:33.694,1.09165,1.09178,1.50,1.88
2011.09.02 12:36:34.564,1.09167,1.09177,1.50,1.50
2011.09.02 12:36:34.943,1.09161,1.09169,1.50,1.50
2011.09.02 12:36:35.550,1.09163,1.09169,1.50,1.13
2011.09.02 12:36:35.805,1.09156,1.09168,1.13,1.50
2011.09.02 12:36:35.937,1.0916,1.09169,1.50,1.50
2011.09.02 12:36:36.495,1.09156,1.09172,2.63,1.13
2011.09.02 12:36:36.745,1.09156,1.09172,1.13,1.13
2011.09.02 12:36:37.355,1.09158,1.09174,1.50,1.50
2011.09.02 12:36:37.721,1.09156,1.0917,1.50,1.50
2011.09.02 12:36:38.814,1.09153,1.09169,2.25,1.13
2011.09.02 12:36:39.304,1.09149,1.09166,3.60,1.88
2011.09.02 12:36:39.556,1.09149,1.09166,3.23,1.50
2011.09.02 12:36:39.691,1.09149,1.09162,2.48,1.50
2011.09.02 12:36:40.557,1.09146,1.09162,1.88,1.89
2011.09.02 12:36:40.683,1.09146,1.09158,1.13,1.50
2011.09.02 12:36:40.922,1.09146,1.0916,1.13,1.50
2011.09.02 12:36:42.437,1.09147,1.09158,1.50,1.50
2011.09.02 12:36:43.054,1.09148,1.09161,1.50,1.88
2011.09.02 12:36:43.188,1.09145,1.0916,2.25,1.50
2011.09.02 12:36:43.316,1.09144,1.09155,1.50,1.50
2011.09.02 12:36:43.801,1.09144,1.09158,1.35,1.88
2011.09.02 12:36:44.295,1.09145,1.09156,1.50,1.50
2011.09.02 12:36:44.550,1.09144,1.09161,3.23,1.50
2011.09.02 12:36:44.674,1.09144,1.09161,3.23,1.50
2011.09.02 12:36:45.025,1.09152,1.09159,1.08,1.50
2011.09.02 12:36:45.395,1.09162,1.09176,1.50,1.50
2011.09.02 12:36:45.775,1.09165,1.09178,1.13,1.50
2011.09.02 12:36:46.374,1.09165,1.09178,1.88,1.50
2011.09.02 12:36:46.510,1.09165,1.09179,1.88,1.50
2011.09.02 12:36:46.873,1.09166,1.09182,2.25,1.50
2011.09.02 12:36:47.332,1.09166,1.09184,3.00,1.50
2011.09.02 12:36:47.580,1.09172,1.09187,2.25,4.13
2011.09.02 12:36:47.715,1.09171,1.09187,2.63,1.88
2011.09.02 12:36:47.845,1.09171,1.09183,2.25,1.50
2011.09.02 12:36:48.493,1.0917,1.09183,1.50,1.50
2011.09.02 12:36:48.630,1.09174,1.09187,1.50,1.50
2011.09.02 12:36:48.755,1.09175,1.09187,1.50,1.50
2011.09.02 12:36:48.891,1.09175,1.0919,2.25,1.50
2011.09.02 12:36:49.263,1.09178,1.0919,1.50,1.50
2011.09.02 12:36:49.396,1.09181,1.09195,2.25,1.50
2011.09.02 12:36:49.524,1.09181,1.09196,2.25,1.50
2011.09.02 12:36:49.653,1.0918,1.09193,2.25,1.50
2011.09.02 12:36:50.327,1.09185,1.09195,1.50,2.25
2011.09.02 12:36:50.469,1.09185,1.09198,2.25,1.50
2011.09.02 12:36:50.839,1.09189,1.09207,1.13,3.38
2011.09.02 12:36:50.966,1.0919,1.09207,1.50,1.88
2011.09.02 12:36:51.211,1.09189,1.09204,1.13,1.50
2011.09.02 12:36:51.581,1.0919,1.09209,2.25,2.25
2011.09.02 12:36:51.708,1.09193,1.09209,1.50,1.50
2011.09.02 12:36:52.312,1.09196,1.09212,1.50,1.50
2011.09.02 12:36:52.690,1.09181,1.09197,3.38,1.13
2011.09.02 12:36:52.820,1.09188,1.09205,1.50,2.26
2011.09.02 12:36:52.945,1.09185,1.09201,1.50,1.50
2011.09.02 12:36:53.076,1.09184,1.09201,1.50,2.25
2011.09.02 12:36:53.202,1.09189,1.09201,1.50,1.50
2011.09.02 12:36:53.564,1.09189,1.09206,1.50,3.01
2011.09.02 12:36:53.681,1.09185,1.09204,1.50,1.50
2011.09.02 12:36:54.187,1.09187,1.09203,1.50,5.25
2011.09.02 12:36:54.564,1.09179,1.09195,2.25,1.50
2011.09.02 12:36:54.940,1.09179,1.09195,1.50,1.50
2011.09.02 12:36:55.068,1.09177,1.09193,3.00,2.25
2011.09.02 12:36:55.194,1.09172,1.09189,1.88,1.50
2011.09.02 12:36:55.444,1.09172,1.09185,1.13,1.50
2011.09.02 12:36:56.215,1.09172,1.09188,1.50,1.50
2011.09.02 12:36:56.582,1.09176,1.09191,1.50,1.88
2011.09.02 12:36:56.704,1.09175,1.09185,1.50,1.13
2011.09.02 12:36:56.959,1.09165,1.09181,1.50,1.13
2011.09.02 12:36:57.087,1.09167,1.09183,1.50,2.26
2011.09.02 12:36:57.459,1.09164,1.09179,2.25,1.50
2011.09.02 12:36:57.705,1.09154,1.0917,1.88,1.13
2011.09.02 12:36:58.230,1.09159,1.09174,1.50,1.50
2011.09.02 12:36:58.595,1.09155,1.09173,2.25,1.50
2011.09.02 12:36:58.728,1.09163,1.09176,1.50,1.50
2011.09.02 12:36:58.864,1.09163,1.09179,1.88,1.13
2011.09.02 12:36:58.990,1.09163,1.09174,1.13,1.50
2011.09.02 12:36:59.238,1.0917,1.09183,1.35,1.13
2011.09.02 12:37:00.021,1.09172,1.09188,1.88,1.13
2011.09.02 12:37:00.150,1.09172,1.0919,3.00,1.13
2011.09.02 12:37:00.511,1.09172,1.0919,2.25,1.13
2011.09.02 12:37:00.883,1.09175,1.0919,2.10,2.25
2011.09.02 12:37:01.136,1.09178,1.09194,1.60,1.50
2011.09.02 12:37:01.264,1.09177,1.09194,2.20,1.13
2011.09.02 12:37:01.848,1.09177,1.09195,2.10,1.13
2011.09.02 12:37:02.003,1.09177,1.09192,1.35,1.88
2011.09.02 12:37:02.125,1.09177,1.09193,1.35,1.13
2011.09.02 12:37:02.257,1.09177,1.09192,1.35,1.13
2011.09.02 12:37:02.624,1.09177,1.0919,1.35,1.13
2011.09.02 12:37:03.651,1.09177,1.09194,2.10,2.25
2011.09.02 12:37:03.784,1.09178,1.09192,1.50,1.13
2011.09.02 12:37:04.158,1.09175,1.09187,2.10,1.50
2011.09.02 12:37:04.410,1.09176,1.09189,1.50,1.50
2011.09.02 12:37:04.774,1.09178,1.09192,1.13,1.50
2011.09.02 12:37:04.901,1.09178,1.09192,1.13,1.50
2011.09.02 12:37:05.896,1.0918,1.09192,2.10,1.50
2011.09.02 12:37:06.265,1.09184,1.09199,1.50,1.88
2011.09.02 12:37:06.399,1.09185,1.09201,2.25,1.88
2011.09.02 12:37:06.532,1.09186,1.09197,1.50,2.25
2011.09.02 12:37:07.331,1.09172,1.09187,1.13,1.13
2011.09.02 12:37:07.469,1.09167,1.09185,1.50,2.26
2011.09.02 12:37:07.603,1.09168,1.09185,4.50,2.64
2011.09.02 12:37:07.861,1.09167,1.09184,1.50,3.01
2011.09.02 12:37:07.986,1.09164,1.09182,2.63,1.13
2011.09.02 12:37:08.114,1.09164,1.09185,1.88,1.51
2011.09.02 12:37:08.893,1.09166,1.09184,1.50,1.51
2011.09.02 12:37:09.279,1.09182,1.09199,2.25,1.50
2011.09.02 12:37:09.888,1.09184,1.09198,2.25,1.50
2011.09.02 12:37:10.253,1.09181,1.09195,1.50,1.50
2011.09.02 12:37:10.962,1.09181,1.09198,3.75,1.50
2011.09.02 12:37:11.449,1.09181,1.09198,1.50,2.94
2011.09.02 12:37:11.581,1.09177,1.09191,1.97,1.50
2011.09.02 12:37:11.708,1.09181,1.09191,2.63,1.50
2011.09.02 12:37:11.959,1.09189,1.09201,1.60,1.50
2011.09.02 12:37:12.209,1.09187,1.09201,1.50,1.50
2011.09.02 12:37:12.751,1.09182,1.09196,1.50,1.50
2011.09.02 12:37:13.120,1.09172,1.09183,2.05,2.26
2011.09.02 12:37:13.605,1.09173,1.09189,1.50,1.51
2011.09.02 12:37:13.736,1.09173,1.09191,1.50,1.51
2011.09.02 12:37:14.385,1.09173,1.09189,2.25,1.51
2011.09.02 12:37:14.516,1.09176,1.09191,5.25,1.50
2011.09.02 12:37:14.886,1.0918,1.09191,1.50,1.50
2011.09.02 12:37:15.135,1.0918,1.09191,1.50,1.50
2011.09.02 12:37:15.505,1.09182,1.09196,1.13,1.50
2011.09.02 12:37:15.758,1.09183,1.09194,1.50,1.50
2011.09.02 12:37:16.407,1.09198,1.09205,1.50,1.50
2011.09.02 12:37:16.658,1.09201,1.09213,2.63,1.50
2011.09.02 12:37:16.792,1.09204,1.09217,2.25,2.25
2011.09.02 12:37:16.919,1.09206,1.09217,1.50,1.50
2011.09.02 12:37:17.048,1.09207,1.09218,1.50,1.13
2011.09.02 12:37:17.175,1.09207,1.09218,1.50,1.13
2011.09.02 12:37:17.310,1.09203,1.09213,2.25,1.50
2011.09.02 12:37:17.560,1.09202,1.09211,2.25,1.13
2011.09.02 12:37:18.077,1.09201,1.09211,1.50,1.50
2011.09.02 12:37:18.445,1.09207,1.09216,1.50,1.14
2011.09.02 12:37:18.818,1.0921,1.09218,1.50,1.51
2011.09.02 12:37:18.945,1.09208,1.09216,1.50,1.14
2011.09.02 12:37:19.078,1.09197,1.09206,1.50,1.50
2011.09.02 12:37:19.217,1.09194,1.092,1.50,1.13
2011.09.02 12:37:19.351,1.09179,1.09192,2.25,2.25
2011.09.02 12:37:19.476,1.09175,1.09186,1.50,1.50
2011.09.02 12:37:19.608,1.09172,1.09183,2.25,1.50
2011.09.02 12:37:20.145,1.09172,1.0918,2.25,1.50
2011.09.02 12:37:20.534,1.09153,1.09168,2.70,1.50
2011.09.02 12:37:20.782,1.09156,1.09171,1.50,1.51
2011.09.02 12:37:20.903,1.09156,1.09169,1.50,1.50
2011.09.02 12:37:21.502,1.09155,1.09169,1.50,1.51
2011.09.02 12:37:22.405,1.09155,1.09168,1.50,1.50
2011.09.02 12:37:22.783,1.09153,1.09164,1.95,1.50
2011.09.02 12:37:23.265,1.09153,1.0916,1.20,1.50
2011.09.02 12:37:23.516,1.09154,1.09162,1.50,1.50
2011.09.02 12:37:23.764,1.09152,1.09161,1.20,1.89
2011.09.02 12:37:24.507,1.09145,1.09154,1.50,2.25
2011.09.02 12:37:24.744,1.09145,1.09157,1.50,1.51
2011.09.02 12:37:24.983,1.09144,1.09154,1.50,1.50
2011.09.02 12:37:25.583,1.09143,1.09154,1.50,2.25
2011.09.02 12:37:25.710,1.09144,1.09155,1.50,2.25
2011.09.02 12:37:25.958,1.09137,1.09151,1.50,1.14
2011.09.02 12:37:26.429,1.09135,1.09149,1.50,1.14
2011.09.02 12:37:26.564,1.09136,1.09151,1.50,1.51
2011.09.02 12:37:26.809,1.09136,1.09147,1.50,1.50
2011.09.02 12:37:27.414,1.09136,1.09146,2.25,1.13
2011.09.02 12:37:27.538,1.09139,1.09151,1.50,2.63
2011.09.02 12:37:27.663,1.0914,1.09151,1.50,3.01
2011.09.02 12:37:27.785,1.09141,1.09155,1.50,1.51
2011.09.02 12:37:28.032,1.0914,1.09155,2.25,1.51
2011.09.02 12:37:28.584,1.09141,1.09155,1.50,1.51
2011.09.02 12:37:28.723,1.0915,1.09165,1.13,2.26
2011.09.02 12:37:28.850,1.09157,1.09165,4.50,1.50
2011.09.02 12:37:29.104,1.09162,1.0917,1.50,1.50
2011.09.02 12:37:29.239,1.09162,1.09171,1.50,1.50
2011.09.02 12:37:29.725,1.09164,1.09178,1.50,1.13
2011.09.02 12:37:30.074,1.09164,1.09175,1.50,1.13
2011.09.02 12:37:30.637,1.09175,1.09181,1.88,1.50
2011.09.02 12:37:30.782,1.09175,1.0919,5.63,1.51
2011.09.02 12:37:30.907,1.09177,1.0919,4.50,1.51
2011.09.02 12:37:31.036,1.09177,1.09192,5.25,1.89
2011.09.02 12:37:31.163,1.09178,1.0919,1.50,1.51
2011.09.02 12:37:31.531,1.09168,1.09183,1.50,1.50
2011.09.02 12:37:31.655,1.09174,1.09181,2.25,1.50
2011.09.02 12:37:31.789,1.09166,1.0918,2.25,1.51
2011.09.02 12:37:32.400,1.09166,1.09181,1.50,1.51
2011.09.02 12:37:33.690,1.09165,1.09181,1.50,1.51
2011.09.02 12:37:33.935,1.09164,1.09178,2.25,1.13
2011.09.02 12:37:34.065,1.09162,1.09176,3.00,2.63
2011.09.02 12:37:34.197,1.0916,1.09174,2.25,1.51
2011.09.02 12:37:34.921,1.09159,1.0917,1.50,1.88
2011.09.02 12:37:35.063,1.0916,1.09172,2.25,2.64
2011.09.02 12:37:35.665,1.09157,1.09167,1.50,1.13
2011.09.02 12:37:35.798,1.09151,1.09164,1.50,1.14
2011.09.02 12:37:35.926,1.09149,1.09162,2.25,1.50
2011.09.02 12:37:36.768,1.0915,1.09163,1.50,2.26
2011.09.02 12:37:37.011,1.09147,1.09163,4.50,1.51
2011.09.02 12:37:37.254,1.0915,1.09165,2.25,1.51
2011.09.02 12:37:37.627,1.09154,1.09166,1.50,1.50
2011.09.02 12:37:37.756,1.09148,1.09164,2.25,1.13
2011.09.02 12:37:38.006,1.09147,1.09163,1.88,1.50
2011.09.02 12:37:38.525,1.09147,1.09164,2.63,1.50
2011.09.02 12:37:38.663,1.09149,1.09165,1.50,1.51
2011.09.02 12:37:38.784,1.09149,1.09163,1.50,1.50
2011.09.02 12:37:39.151,1.09145,1.09154,1.50,1.50
2011.09.02 12:37:39.399,1.09146,1.09159,1.50,1.13
2011.09.02 12:37:39.774,1.09145,1.0916,1.50,1.89
2011.09.02 12:37:39.903,1.09141,1.09155,1.13,1.50
2011.09.02 12:37:40.145,1.09139,1.09154,1.50,1.13
2011.09.02 12:37:40.688,1.09136,1.09152,1.50,2.25
2011.09.02 12:37:41.050,1.09129,1.0914,2.25,1.50
2011.09.02 12:37:41.173,1.0913,1.0914,1.50,1.50
2011.09.02 12:37:41.294,1.09131,1.09141,1.50,1.50
2011.09.02 12:37:41.538,1.09132,1.09147,2.25,1.51
2011.09.02 12:37:42.031,1.0913,1.09145,1.50,1.13
2011.09.02 12:37:42.592,1.09139,1.0915,2.10,1.50
2011.09.02 12:37:42.747,1.09155,1.09167,1.50,1.50
2011.09.02 12:37:42.876,1.09154,1.09168,2.25,2.25
2011.09.02 12:37:43.009,1.09154,1.09167,1.50,1.50
2011.09.02 12:37:43.257,1.09158,1.09171,1.13,2.25
2011.09.02 12:37:43.391,1.09162,1.09174,1.50,1.50
2011.09.02 12:37:43.516,1.09163,1.09178,4.88,1.50
2011.09.02 12:37:43.645,1.09167,1.0918,1.50,1.50
2011.09.02 12:37:44.419,1.09166,1.09177,1.50,1.13
2011.09.02 12:37:44.785,1.09166,1.09178,1.50,1.50
2011.09.02 12:37:44.912,1.09168,1.09182,2.25,1.50
2011.09.02 12:37:45.392,1.09167,1.09182,1.50,1.50
2011.09.02 12:37:45.516,1.09169,1.09182,1.50,1.50
2011.09.02 12:37:45.641,1.09167,1.09182,2.25,1.50
2011.09.02 12:37:46.137,1.09167,1.09181,2.25,1.50
2011.09.02 12:37:46.275,1.09161,1.09177,3.00,1.13
2011.09.02 12:37:46.408,1.09158,1.0917,1.50,1.50
2011.09.02 12:37:46.537,1.09157,1.09173,3.38,1.50
2011.09.02 12:37:46.664,1.0916,1.09174,1.50,1.50
2011.09.02 12:37:47.143,1.09159,1.09174,1.50,1.50
2011.09.02 12:37:47.263,1.09158,1.09173,1.50,1.50
2011.09.02 12:37:47.389,1.09158,1.09174,1.50,1.50
2011.09.02 12:37:47.518,1.09156,1.09174,2.25,1.50
2011.09.02 12:37:48.313,1.09155,1.09171,3.00,1.50
2011.09.02 12:37:48.795,1.09155,1.09166,1.50,1.50
2011.09.02 12:37:49.044,1.09154,1.09169,1.50,1.50
2011.09.02 12:37:49.291,1.09155,1.09169,1.50,1.50
2011.09.02 12:37:49.869,1.09157,1.09169,1.50,1.50
2011.09.02 12:37:50.573,1.09165,1.09173,1.50,1.50
2011.09.02 12:37:50.847,1.09171,1.09186,1.88,1.50
2011.09.02 12:37:50.981,1.09174,1.09188,2.25,1.13
2011.09.02 12:37:51.226,1.09173,1.0919,1.50,1.50
2011.09.02 12:37:51.477,1.09175,1.0919,1.13,1.50
2011.09.02 12:37:51.845,1.09184,1.09193,1.88,1.50
2011.09.02 12:37:52.303,1.09184,1.09197,2.63,1.50
2011.09.02 12:37:52.448,1.09186,1.09198,1.88,1.50
2011.09.02 12:37:52.698,1.09186,1.09201,1.88,1.50
2011.09.02 12:37:52.941,1.09186,1.09204,2.63,2.25
2011.09.02 12:37:53.064,1.09189,1.09204,1.50,2.25
2011.09.02 12:37:53.677,1.09188,1.09204,1.50,2.25
2011.09.02 12:37:54.277,1.09188,1.09204,4.13,2.25
2011.09.02 12:37:54.414,1.09192,1.09205,1.13,2.25
2011.09.02 12:37:54.784,1.09194,1.09205,1.50,2.25
2011.09.02 12:37:55.155,1.09195,1.09208,1.88,1.50
2011.09.02 12:37:55.291,1.09199,1.09211,1.50,1.13
2011.09.02 12:37:55.415,1.09199,1.09214,1.50,1.50
2011.09.02 12:37:56.202,1.09196,1.09213,2.25,1.13
2011.09.02 12:37:56.344,1.09195,1.09212,1.50,1.14
2011.09.02 12:37:56.945,1.09195,1.0921,1.50,2.25
2011.09.02 12:37:57.316,1.09192,1.092,1.50,1.13
2011.09.02 12:37:57.563,1.09181,1.09192,1.50,1.50
2011.09.02 12:37:57.683,1.09171,1.09186,2.63,1.50
2011.09.02 12:37:58.313,1.09175,1.09191,1.13,2.26
2011.09.02 12:37:58.436,1.09175,1.09194,1.13,3.39
2011.09.02 12:37:59.044,1.09176,1.09193,1.13,2.26
2011.09.02 12:37:59.175,1.09176,1.09192,1.13,1.51
2011.09.02 12:37:59.310,1.09174,1.0919,1.50,2.25
2011.09.02 12:37:59.555,1.09172,1.09186,1.50,1.50
2011.09.02 12:37:59.805,1.09172,1.09187,1.50,1.50
2011.09.02 12:38:00.822,1.09167,1.09183,1.50,1.50
2011.09.02 12:38:01.078,1.09166,1.09181,1.50,1.88
2011.09.02 12:38:01.332,1.09162,1.09177,2.63,1.50
2011.09.02 12:38:02.079,1.09166,1.09182,2.25,1.13
2011.09.02 12:38:02.718,1.09166,1.09182,1.50,2.63
2011.09.02 12:38:03.085,1.09165,1.09182,1.50,2.64
2011.09.02 12:38:03.217,1.09165,1.0918,1.50,1.51
2011.09.02 12:38:03.477,1.0916,1.09177,2.25,1.51
2011.09.02 12:38:03.970,1.09159,1.09171,1.13,1.50
2011.09.02 12:38:05.265,1.09159,1.09171,1.50,1.50
2011.09.02 12:38:05.393,1.09159,1.09176,1.50,1.89
2011.09.02 12:38:05.516,1.09161,1.09177,1.50,1.51
2011.09.02 12:38:06.125,1.0916,1.09176,1.50,1.51
2011.09.02 12:38:06.613,1.09159,1.09174,1.50,1.50
2011.09.02 12:38:06.732,1.09158,1.09174,3.00,1.50
2011.09.02 12:38:07.257,1.09158,1.09174,2.25,1.50
2011.09.02 12:38:07.397,1.09157,1.09174,1.50,1.51
2011.09.02 12:38:07.524,1.09156,1.09172,2.25,3.00
2011.09.02 12:38:07.896,1.0915,1.09159,1.50,1.50
2011.09.02 12:38:08.029,1.0915,1.09161,1.50,1.50
2011.09.02 12:38:08.275,1.0915,1.09161,1.50,1.50
2011.09.02 12:38:09.283,1.09156,1.09164,1.50,1.51
2011.09.02 12:38:09.426,1.09157,1.09172,2.25,1.51
2011.09.02 12:38:09.688,1.09162,1.09176,1.50,1.14
2011.09.02 12:38:09.812,1.09162,1.09175,2.25,1.13
2011.09.02 12:38:10.178,1.0916,1.09173,1.50,1.50
2011.09.02 12:38:10.673,1.09168,1.09179,1.50,2.64
2011.09.02 12:38:10.800,1.09168,1.09177,2.25,1.50
2011.09.02 12:38:11.355,1.09169,1.09184,1.50,1.50
2011.09.02 12:38:11.601,1.09168,1.09184,3.00,1.13
2011.09.02 12:38:11.726,1.09168,1.09181,2.25,1.50
2011.09.02 12:38:12.339,1.09164,1.0918,2.25,1.51
2011.09.02 12:38:12.701,1.09163,1.09178,1.50,1.50
2011.09.02 12:38:13.347,1.09163,1.09179,1.50,1.89
2011.09.02 12:38:13.480,1.09159,1.09173,3.00,1.50
2011.09.02 12:38:13.844,1.09162,1.09175,1.50,1.50
2011.09.02 12:38:14.086,1.09162,1.09175,1.50,1.50
2011.09.02 12:38:14.338,1.09166,1.0918,1.50,1.14
2011.09.02 12:38:14.701,1.09165,1.09178,1.50,1.50
2011.09.02 12:38:14.823,1.09165,1.0918,1.50,1.50
2011.09.02 12:38:15.187,1.09165,1.09178,1.50,1.88
2011.09.02 12:38:15.760,1.09164,1.09176,1.50,1.50
2011.09.02 12:38:16.363,1.09164,1.09176,1.50,1.50
2011.09.02 12:38:16.721,1.09164,1.09176,1.50,1.50
2011.09.02 12:38:16.962,1.09164,1.09175,1.50,1.50
2011.09.02 12:38:17.207,1.09161,1.09175,2.25,1.50
2011.09.02 12:38:17.335,1.0916,1.09171,1.50,1.50
2011.09.02 12:38:18.126,1.09163,1.09172,1.50,1.50
2011.09.02 12:38:18.266,1.09165,1.09177,1.50,1.51
2011.09.02 12:38:18.511,1.0916,1.09173,1.50,1.50
2011.09.02 12:38:18.870,1.09159,1.09172,1.50,1.51
2011.09.02 12:38:20.385,1.09161,1.09172,1.50,1.51
2011.09.02 12:38:20.874,1.0916,1.09173,1.50,1.50
2011.09.02 12:38:20.996,1.0916,1.09173,2.25,1.50
2011.09.02 12:38:21.122,1.0916,1.09173,2.25,1.50
2011.09.02 12:38:21.469,1.09162,1.09171,1.50,1.50
2011.09.02 12:38:22.672,1.09158,1.09171,1.50,1.50
2011.09.02 12:38:23.518,1.09157,1.0917,1.50,1.50
2011.09.02 12:38:23.649,1.09157,1.0917,1.50,1.51
2011.09.02 12:38:23.782,1.09159,1.09169,1.50,1.50
2011.09.02 12:38:23.918,1.09158,1.09169,1.50,1.50
2011.09.02 12:38:24.054,1.09152,1.09162,2.25,1.13
2011.09.02 12:38:24.625,1.09149,1.09162,2.25,1.13
2011.09.02 12:38:24.757,1.09152,1.09164,2.25,1.51
2011.09.02 12:38:25.128,1.09166,1.09178,1.50,1.14
2011.09.02 12:38:25.491,1.09166,1.09177,1.50,1.51
2011.09.02 12:38:25.857,1.09166,1.09178,2.63,1.50
2011.09.02 12:38:25.985,1.09169,1.09178,1.13,1.50
2011.09.02 12:38:26.579,1.09177,1.09186,1.50,1.50
2011.09.02 12:38:26.712,1.09182,1.09192,1.50,1.50
2011.09.02 12:38:26.834,1.09182,1.09193,1.50,1.50
2011.09.02 12:38:27.436,1.09179,1.09191,2.25,1.50
2011.09.02 12:38:27.803,1.09179,1.09191,1.50,1.50
2011.09.02 12:38:27.926,1.09178,1.09189,1.50,1.88
2011.09.02 12:38:28.505,1.09174,1.09184,1.50,1.89
2011.09.02 12:38:28.877,1.09173,1.09182,1.50,1.50
2011.09.02 12:38:29.483,1.09171,1.09182,2.25,2.25
2011.09.02 12:38:29.711,1.09171,1.09177,2.25,1.50
2011.09.02 12:38:30.296,1.09169,1.09176,1.50,1.50
2011.09.02 12:38:30.948,1.09171,1.09182,1.50,1.89
2011.09.02 12:38:31.307,1.0917,1.0918,1.50,1.50
2011.09.02 12:38:31.782,1.09169,1.09178,2.25,1.50
2011.09.02 12:38:32.144,1.09175,1.09182,1.50,1.50
2011.09.02 12:38:32.516,1.09171,1.09178,1.50,1.50
2011.09.02 12:38:33.211,1.09173,1.0918,1.50,1.50
2011.09.02 12:38:34.145,1.09174,1.09181,1.50,1.50
2011.09.02 12:38:34.636,1.09176,1.09185,1.50,1.50
2011.09.02 12:38:34.886,1.09176,1.09187,1.50,1.14
2011.09.02 12:38:35.014,1.09174,1.09185,1.50,3.01
2011.09.02 12:38:35.614,1.09175,1.09183,1.50,1.13
2011.09.02 12:38:35.734,1.09174,1.09182,1.50,1.50
2011.09.02 12:38:36.327,1.09174,1.0918,1.50,1.50
2011.09.02 12:38:36.940,1.09178,1.0919,1.50,1.51
2011.09.02 12:38:37.071,1.09178,1.09193,1.50,1.14
2011.09.02 12:38:37.311,1.09181,1.09192,1.50,1.50
2011.09.02 12:38:37.872,1.09181,1.0919,1.50,1.50
2011.09.02 12:38:38.231,1.09182,1.09191,1.50,1.50
2011.09.02 12:38:38.712,1.09177,1.09188,1.50,1.13
2011.09.02 12:38:38.955,1.09177,1.09188,1.50,1.13
2011.09.02 12:38:39.204,1.09178,1.09189,1.50,1.50
2011.09.02 12:38:39.332,1.09178,1.09191,1.50,1.50
2011.09.02 12:38:39.883,1.09181,1.09191,1.50,1.50
2011.09.02 12:38:40.021,1.09181,1.09196,1.50,1.50
2011.09.02 12:38:41.667,1.09181,1.09194,1.50,2.26
2011.09.02 12:38:42.428,1.09179,1.09192,2.25,1.50
2011.09.02 12:38:42.554,1.09179,1.0919,1.50,1.88
2011.09.02 12:38:42.682,1.09178,1.0919,2.25,1.88
2011.09.02 12:38:43.286,1.09179,1.0919,1.50,1.89
2011.09.02 12:38:43.418,1.09179,1.09194,2.25,2.26
2011.09.02 12:38:43.900,1.0918,1.09196,2.25,2.64
2011.09.02 12:38:44.145,1.0918,1.09195,1.50,1.51
2011.09.02 12:38:44.749,1.09179,1.09186,1.50,1.13
2011.09.02 12:38:45.353,1.09179,1.09188,1.50,1.50
2011.09.02 12:38:45.594,1.09179,1.09191,1.50,1.50
2011.09.02 12:38:45.833,1.09179,1.09194,1.50,1.50
2011.09.02 12:38:46.197,1.09181,1.09188,1.50,1.50
2011.09.02 12:38:46.692,1.09181,1.09192,1.50,1.50
2011.09.02 12:38:46.823,1.09181,1.09194,2.25,1.50
2011.09.02 12:38:47.411,1.09181,1.09194,2.25,1.50
2011.09.02 12:38:48.011,1.09183,1.09198,1.50,1.51
2011.09.02 12:38:48.375,1.09183,1.09198,1.50,1.51
2011.09.02 12:38:49.114,1.09182,1.09197,1.50,1.14
2011.09.02 12:38:49.253,1.09183,1.09196,1.50,1.50
2011.09.02 12:38:49.494,1.09185,1.092,1.50,1.89
2011.09.02 12:38:50.080,1.09186,1.092,1.50,1.14
2011.09.02 12:38:50.679,1.09186,1.09202,1.50,1.89
2011.09.02 12:38:51.554,1.09192,1.09204,1.50,1.50
2011.09.02 12:38:51.936,1.09203,1.09211,1.50,1.50
2011.09.02 12:38:52.184,1.09203,1.09218,1.50,1.14
2011.09.02 12:38:52.423,1.09203,1.09217,1.50,1.51
2011.09.02 12:38:53.726,1.0921,1.09222,1.50,1.51
2011.09.02 12:38:54.085,1.09212,1.09222,1.50,1.50
2011.09.02 12:38:54.219,1.09212,1.09226,2.25,1.14
2011.09.02 12:38:54.350,1.09212,1.09226,1.50,1.14
2011.09.02 12:38:54.594,1.09213,1.09228,1.50,1.51
2011.09.02 12:38:54.716,1.09213,1.09228,1.50,1.51
2011.09.02 12:38:54.850,1.09209,1.09225,2.25,1.50
2011.09.02 12:38:55.712,1.09215,1.09229,1.50,1.51
2011.09.02 12:38:55.840,1.09215,1.09229,1.50,1.51
2011.09.02 12:38:55.965,1.09222,1.09229,1.50,1.51
2011.09.02 12:38:56.339,1.09225,1.09235,1.50,2.26
2011.09.02 12:38:56.469,1.09225,1.09236,1.50,2.64
2011.09.02 12:38:57.430,1.09223,1.09233,1.50,1.51
2011.09.02 12:38:57.890,1.09221,1.0923,1.13,1.13
2011.09.02 12:38:58.027,1.09224,1.09234,1.50,2.64
2011.09.02 12:38:58.150,1.09224,1.09234,1.50,2.64
2011.09.02 12:38:58.394,1.09224,1.09232,1.50,1.51
2011.09.02 12:38:58.637,1.09224,1.09238,3.00,1.14
2011.09.02 12:38:58.763,1.09224,1.09238,2.25,1.89
2011.09.02 12:38:59.460,1.09223,1.09234,1.50,1.88
2011.09.02 12:38:59.960,1.09223,1.09234,1.50,1.88
2011.09.02 12:39:00.565,1.09222,1.0923,1.35,1.50
2011.09.02 12:39:00.824,1.09221,1.0923,2.10,2.25
2011.09.02 12:39:00.951,1.09221,1.09228,1.50,1.50
2011.09.02 12:39:01.082,1.09216,1.09231,2.85,1.60
2011.09.02 12:39:01.209,1.09219,1.09232,1.50,1.51
2011.09.02 12:39:01.332,1.09219,1.0923,1.50,1.51
2011.09.02 12:39:02.161,1.09221,1.09235,1.50,2.26
2011.09.02 12:39:02.281,1.09221,1.09235,1.50,2.26
2011.09.02 12:39:02.752,1.09222,1.09238,1.50,2.26
2011.09.02 12:39:03.236,1.09221,1.09238,2.25,2.26
2011.09.02 12:39:03.604,1.09222,1.09235,1.50,1.13
2011.09.02 12:39:04.448,1.09221,1.09235,1.50,1.89
2011.09.02 12:39:04.817,1.09226,1.09233,2.25,1.14
2011.09.02 12:39:05.062,1.09221,1.09236,1.50,2.25
2011.09.02 12:39:05.426,1.09221,1.09233,1.50,1.13
2011.09.02 12:39:05.678,1.09221,1.09237,1.50,1.51
2011.09.02 12:39:06.624,1.09222,1.09239,2.25,2.26
2011.09.02 12:39:07.004,1.09226,1.0924,1.50,1.50
2011.09.02 12:39:07.375,1.09224,1.09234,1.50,1.50
2011.09.02 12:39:07.745,1.09222,1.09228,1.50,1.50
2011.09.02 12:39:08.117,1.09213,1.09219,1.50,1.50
2011.09.02 12:39:08.244,1.0921,1.09216,1.50,1.50
2011.09.02 12:39:08.857,1.09202,1.09215,1.88,1.50
2011.09.02 12:39:08.986,1.09204,1.09218,1.13,1.50
2011.09.02 12:39:09.121,1.09207,1.09221,1.50,1.51
2011.09.02 12:39:09.367,1.09212,1.09224,1.50,1.51
2011.09.02 12:39:09.496,1.09212,1.09227,1.50,1.89
2011.09.02 12:39:09.627,1.09212,1.09227,1.50,1.89
2011.09.02 12:39:09.876,1.09212,1.09223,1.50,1.13
2011.09.02 12:39:10.518,1.09211,1.09227,1.88,2.25
2011.09.02 12:39:10.659,1.09227,1.09238,1.50,1.50
2011.09.02 12:39:10.790,1.09227,1.09241,1.50,1.50
2011.09.02 12:39:11.277,1.0923,1.09247,1.50,1.13
2011.09.02 12:39:11.405,1.09231,1.09248,2.63,1.51
2011.09.02 12:39:11.534,1.09234,1.09248,2.25,1.50
2011.09.02 12:39:12.431,1.09237,1.09248,1.50,1.50
2011.09.02 12:39:12.807,1.09238,1.09252,1.13,1.50
2011.09.02 12:39:12.941,1.0924,1.09255,3.00,1.50
2011.09.02 12:39:13.185,1.09242,1.09258,1.50,1.14
2011.09.02 12:39:13.317,1.09242,1.0926,1.50,2.64
2011.09.02 12:39:13.565,1.09245,1.0926,1.50,1.13
2011.09.02 12:39:13.812,1.09243,1.0926,2.25,1.50
2011.09.02 12:39:14.439,1.09245,1.0926,1.50,1.50
2011.09.02 12:39:14.810,1.09244,1.09257,1.50,1.88
2011.09.02 12:39:14.937,1.09243,1.09253,1.50,1.50
2011.09.02 12:39:15.190,1.09243,1.09255,1.50,1.50
2011.09.02 12:39:15.316,1.09243,1.09257,1.50,1.13
2011.09.02 12:39:15.922,1.09243,1.09258,2.25,1.50
2011.09.02 12:39:16.734,1.09257,1.0927,2.25,3.00
2011.09.02 12:39:16.865,1.09265,1.09279,1.50,1.35
2011.09.02 12:39:17.120,1.09262,1.09275,2.25,1.50
2011.09.02 12:39:17.488,1.09266,1.09279,2.25,1.50
2011.09.02 12:39:17.620,1.09273,1.0929,1.50,1.50
2011.09.02 12:39:17.744,1.09276,1.0929,1.50,1.50
2011.09.02 12:39:18.702,1.0928,1.09291,1.50,3.75
2011.09.02 12:39:18.835,1.09275,1.09292,1.50,3.75
2011.09.02 12:39:19.330,1.0928,1.09293,1.13,1.35
2011.09.02 12:39:19.456,1.09281,1.09298,2.25,1.50
2011.09.02 12:39:19.708,1.09282,1.09299,1.50,6.23
2011.09.02 12:39:20.441,1.09282,1.09296,2.25,1.73
2011.09.02 12:39:20.590,1.09278,1.09292,1.50,2.48
2011.09.02 12:39:20.717,1.09275,1.09292,3.00,1.73
2011.09.02 12:39:20.966,1.09274,1.0929,2.25,1.35
2011.09.02 12:39:21.096,1.09275,1.09292,1.50,1.74
2011.09.02 12:39:21.469,1.09272,1.09288,2.25,1.50
2011.09.02 12:39:21.837,1.09274,1.0929,2.25,1.51
2011.09.02 12:39:21.966,1.09276,1.09291,2.25,1.14
2011.09.02 12:39:22.545,1.09276,1.09292,1.50,1.14
2011.09.02 12:39:22.677,1.09276,1.09291,2.25,1.13
2011.09.02 12:39:22.811,1.09274,1.09287,1.50,1.13
2011.09.02 12:39:23.177,1.09269,1.09281,1.50,1.50
2011.09.02 12:39:23.305,1.09267,1.09283,1.50,1.50
2011.09.02 12:39:23.437,1.09268,1.09285,2.63,1.50
2011.09.02 12:39:23.564,1.09271,1.09289,1.50,1.89
2011.09.02 12:39:23.696,1.09272,1.09289,1.13,2.26
2011.09.02 12:39:24.264,1.09283,1.09298,1.50,1.73
2011.09.02 12:39:24.645,1.09279,1.09297,1.50,1.50
2011.09.02 12:39:24.776,1.09285,1.09302,1.50,4.36
2011.09.02 12:39:25.144,1.09287,1.09303,2.25,1.50
2011.09.02 12:39:25.263,1.09289,1.09304,1.50,1.50
2011.09.02 12:39:26.015,1.09294,1.09307,2.25,1.13
2011.09.02 12:39:26.275,1.09296,1.09308,1.50,1.13
2011.09.02 12:39:26.888,1.09297,1.09311,1.50,1.51
2011.09.02 12:39:27.021,1.09297,1.09313,2.25,1.88
2011.09.02 12:39:27.867,1.09296,1.09313,2.25,1.50
2011.09.02 12:39:28.248,1.09285,1.09296,1.50,1.50
2011.09.02 12:39:28.495,1.09284,1.09299,1.50,2.11
2011.09.02 12:39:28.747,1.09282,1.09299,1.50,1.14
2011.09.02 12:39:28.874,1.09281,1.09298,1.50,1.89
2011.09.02 12:39:29.661,1.09279,1.09293,1.50,1.88
2011.09.02 12:39:29.808,1.09272,1.09286,1.50,2.26
2011.09.02 12:39:30.196,1.09272,1.09287,1.50,2.26
2011.09.02 12:39:30.331,1.09265,1.0928,1.50,1.51
2011.09.02 12:39:30.698,1.09265,1.09275,1.50,1.50
2011.09.02 12:39:30.833,1.09259,1.09274,2.25,2.25
2011.09.02 12:39:31.074,1.09257,1.09274,2.25,2.63
2011.09.02 12:39:31.730,1.09257,1.09273,1.50,1.50
2011.09.02 12:39:32.110,1.09255,1.09268,2.25,2.25
2011.09.02 12:39:32.241,1.09252,1.09267,1.50,1.50
2011.09.02 12:39:32.832,1.09252,1.09268,2.25,1.50
2011.09.02 12:39:32.950,1.09253,1.09268,1.50,1.51
2011.09.02 12:39:33.720,1.09255,1.09267,1.50,1.14
2011.09.02 12:39:34.089,1.0925,1.09264,1.50,1.51
2011.09.02 12:39:34.685,1.09258,1.09267,1.13,1.51
2011.09.02 12:39:34.940,1.09265,1.0928,2.25,1.14
2011.09.02 12:39:35.187,1.09267,1.0928,1.50,1.89
2011.09.02 12:39:35.313,1.09265,1.09274,1.50,1.50
2011.09.02 12:39:35.913,1.09266,1.0928,1.50,1.50
2011.09.02 12:39:36.157,1.09269,1.09284,1.50,1.13
2011.09.02 12:39:36.401,1.09267,1.09283,1.50,1.50
2011.09.02 12:39:36.640,1.09268,1.09284,1.50,1.13
2011.09.02 12:39:36.887,1.09266,1.09279,1.50,1.50
2011.09.02 12:39:37.014,1.09268,1.09282,1.50,1.13
2011.09.02 12:39:38.351,1.09264,1.0928,2.25,1.50
2011.09.02 12:39:38.932,1.09264,1.0928,3.00,1.50
2011.09.02 12:39:39.050,1.09266,1.09283,1.50,1.51
2011.09.02 12:39:39.171,1.09266,1.0928,1.50,2.25
2011.09.02 12:39:39.296,1.09262,1.09275,2.25,1.50
2011.09.02 12:39:39.542,1.09259,1.09274,2.63,1.50
2011.09.02 12:39:40.140,1.09261,1.09277,1.13,1.51
2011.09.02 12:39:40.725,1.09264,1.09279,1.50,2.26
2011.09.02 12:39:41.094,1.09263,1.09279,1.50,1.88
2011.09.02 12:39:41.216,1.09261,1.09276,1.50,1.50
2011.09.02 12:39:41.583,1.09262,1.09275,1.50,1.50
2011.09.02 12:39:41.947,1.09266,1.09279,1.50,1.89
2011.09.02 12:39:42.081,1.09266,1.09279,1.50,1.89
2011.09.02 12:39:42.841,1.09268,1.09282,1.50,1.51
2011.09.02 12:39:43.211,1.09268,1.0928,1.50,1.88
2011.09.02 12:39:43.698,1.09265,1.09277,1.50,1.13
2011.09.02 12:39:43.949,1.09264,1.09275,1.50,1.14
2011.09.02 12:39:44.079,1.09263,1.09275,1.50,1.89
2011.09.02 12:39:44.946,1.0926,1.09272,3.00,4.89
2011.09.02 12:39:45.084,1.09254,1.09269,1.50,1.89
2011.09.02 12:39:45.206,1.0925,1.09263,1.50,1.13
2011.09.02 12:39:45.580,1.09252,1.09263,1.50,2.64
2011.09.02 12:39:45.704,1.0925,1.09263,1.50,1.89
2011.09.02 12:39:45.822,1.0925,1.09262,1.50,1.14
2011.09.02 12:39:46.774,1.09247,1.09259,1.50,1.88
2011.09.02 12:39:47.376,1.09246,1.09258,1.50,1.50
2011.09.02 12:39:47.504,1.09246,1.09258,1.50,2.25
2011.09.02 12:39:47.742,1.09245,1.09258,1.50,1.50
2011.09.02 12:39:47.863,1.09244,1.09254,2.25,1.50
2011.09.02 12:39:47.985,1.09244,1.09258,2.25,1.50
2011.09.02 12:39:48.553,1.09244,1.09261,2.25,2.25
2011.09.02 12:39:48.690,1.09242,1.0925,1.50,1.50
2011.09.02 12:39:49.295,1.09237,1.09249,1.50,1.50
2011.09.02 12:39:49.426,1.09236,1.09249,1.50,1.50
2011.09.02 12:39:49.555,1.09237,1.09251,1.50,1.51
2011.09.02 12:39:49.930,1.09236,1.09249,2.25,1.50
2011.09.02 12:39:51.514,1.09237,1.09249,2.25,1.50
2011.09.02 12:39:51.987,1.09236,1.09244,1.50,1.50
2011.09.02 12:39:52.119,1.09237,1.09249,1.50,2.25
2011.09.02 12:39:52.650,1.09234,1.09247,1.50,1.50
2011.09.02 12:39:52.783,1.09236,1.09248,1.50,1.51
2011.09.02 12:39:53.146,1.09235,1.09245,1.50,1.89
2011.09.02 12:39:53.278,1.09229,1.09245,1.50,2.64
2011.09.02 12:39:53.405,1.09228,1.09241,2.63,1.50
2011.09.02 12:39:54.020,1.0923,1.09242,1.50,1.50
2011.09.02 12:39:54.715,1.09232,1.09244,1.50,1.50
2011.09.02 12:39:55.088,1.09232,1.09243,1.50,1.50
2011.09.02 12:39:55.442,1.09232,1.09246,1.50,1.50
2011.09.02 12:39:56.042,1.09233,1.09246,1.88,1.50
2011.09.02 12:39:56.949,1.09234,1.0925,1.88,1.51
2011.09.02 12:39:57.205,1.09235,1.09246,1.88,1.50
2011.09.02 12:39:57.578,1.09228,1.09239,1.50,3.01
2011.09.02 12:39:57.942,1.09226,1.09234,1.50,1.50
2011.09.02 12:39:58.294,1.09227,1.09235,1.50,1.50
2011.09.02 12:39:59.002,1.09227,1.09237,1.50,1.50
2011.09.02 12:39:59.132,1.09227,1.09236,1.50,1.50
2011.09.02 12:39:59.378,1.09223,1.09234,1.50,1.50
2011.09.02 12:39:59.874,1.09223,1.09237,1.50,1.89
2011.09.02 12:40:00.002,1.09222,1.09234,1.50,1.89
2011.09.02 12:40:00.249,1.09217,1.0923,2.25,2.25
2011.09.02 12:40:00.380,1.09219,1.0923,1.50,1.50
2011.09.02 12:40:00.914,1.0921,1.09223,1.50,1.88
2011.09.02 12:40:01.035,1.09208,1.09223,1.50,1.51
2011.09.02 12:40:01.167,1.09209,1.09223,2.25,1.51
2011.09.02 12:40:01.296,1.09213,1.09229,1.88,2.26
2011.09.02 12:40:01.551,1.09215,1.09231,1.50,2.26
2011.09.02 12:40:01.682,1.09218,1.09231,1.50,1.51
2011.09.02 12:40:02.046,1.0922,1.09236,2.63,1.70
2011.09.02 12:40:02.693,1.09224,1.09239,1.50,1.14
2011.09.02 12:40:03.132,1.09225,1.09239,2.25,1.89
2011.09.02 12:40:03.520,1.09226,1.09243,2.25,2.64
2011.09.02 12:40:03.643,1.09226,1.09243,1.50,2.64
2011.09.02 12:40:03.892,1.09231,1.09246,3.00,1.51
2011.09.02 12:40:04.017,1.09232,1.09246,1.50,1.51
2011.09.02 12:40:04.612,1.09234,1.09248,1.50,1.51
2011.09.02 12:40:05.107,1.09234,1.09249,1.50,2.26
2011.09.02 12:40:05.232,1.09234,1.09249,1.50,2.26
2011.09.02 12:40:05.594,1.09242,1.09255,1.50,1.89
2011.09.02 12:40:05.832,1.09241,1.09255,1.50,1.89
2011.09.02 12:40:06.811,1.09241,1.09255,1.50,1.51
2011.09.02 12:40:07.217,1.09241,1.09249,1.50,1.50
2011.09.02 12:40:07.583,1.09234,1.09248,2.25,1.50
2011.09.02 12:40:07.705,1.09234,1.09246,2.25,1.50
2011.09.02 12:40:08.073,1.09236,1.09246,1.50,1.50
2011.09.02 12:40:08.197,1.09234,1.09246,1.50,1.50
2011.09.02 12:40:08.989,1.09235,1.09246,1.50,1.50
2011.09.02 12:40:09.130,1.09234,1.09247,1.50,1.50
2011.09.02 12:40:09.251,1.09234,1.09247,1.50,1.50
2011.09.02 12:40:09.733,1.09234,1.09243,1.50,1.50
2011.09.02 12:40:10.099,1.09231,1.09238,1.50,1.50
2011.09.02 12:40:10.228,1.09228,1.09243,2.25,1.88
2011.09.02 12:40:10.363,1.09228,1.09244,2.25,1.51
2011.09.02 12:40:10.491,1.09231,1.09244,1.13,1.50
2011.09.02 12:40:11.114,1.09231,1.09246,1.50,2.11
2011.09.02 12:40:11.701,1.09229,1.09245,1.50,1.50
2011.09.02 12:40:12.515,1.09229,1.09247,2.25,2.64
2011.09.02 12:40:12.882,1.09231,1.0925,2.63,3.24
2011.09.02 12:40:13.502,1.09231,1.09248,2.63,1.51
2011.09.02 12:40:13.624,1.09235,1.0925,1.50,1.74
2011.09.02 12:40:13.865,1.09233,1.0925,1.50,1.74
2011.09.02 12:40:14.474,1.09235,1.09251,1.50,1.36
2011.09.02 12:40:14.714,1.09233,1.0925,2.63,1.35
2011.09.02 12:40:14.954,1.09234,1.09251,1.50,1.36
2011.09.02 12:40:15.826,1.09232,1.0925,1.50,2.85
2011.09.02 12:40:16.074,1.0923,1.09248,3.00,1.50
2011.09.02 12:40:16.194,1.0923,1.09244,2.25,1.13
2011.09.02 12:40:16.322,1.09229,1.09244,1.50,1.88
2011.09.02 12:40:16.445,1.09228,1.09243,1.50,1.51
2011.09.02 12:40:16.696,1.09224,1.0924,2.63,1.50
2011.09.02 12:40:16.943,1.09225,1.09235,1.50,1.50
2011.09.02 12:40:17.064,1.09226,1.09236,1.50,1.50
2011.09.02 12:40:17.182,1.09222,1.09238,1.50,1.50
2011.09.02 12:40:17.533,1.09222,1.09237,1.50,1.50
2011.09.02 12:40:18.085,1.09223,1.09237,1.50,1.50
2011.09.02 12:40:18.458,1.09217,1.09231,2.25,1.51
2011.09.02 12:40:18.821,1.0922,1.09234,1.50,1.51
2011.09.02 12:40:19.070,1.09218,1.09233,2.25,1.51
2011.09.02 12:40:19.314,1.09216,1.09231,2.25,1.51
2011.09.02 12:40:20.281,1.09217,1.09233,1.50,2.26
2011.09.02 12:40:20.425,1.09217,1.09233,1.50,1.51
2011.09.02 12:40:20.557,1.09216,1.09233,2.25,2.26
2011.09.02 12:40:21.154,1.09217,1.09233,1.88,1.51
2011.09.02 12:40:21.393,1.09219,1.09235,1.13,1.50
2011.09.02 12:40:21.870,1.09221,1.09237,1.50,1.50
2011.09.02 12:40:23.024,1.09221,1.09236,1.50,1.50
2011.09.02 12:40:23.389,1.09224,1.09239,1.88,2.25
2011.09.02 12:40:23.516,1.09227,1.09243,1.50,1.89
2011.09.02 12:40:24.082,1.09225,1.09241,1.50,1.51
2011.09.02 12:40:25.590,1.09224,1.0924,1.88,1.50
2011.09.02 12:40:25.736,1.09215,1.09231,1.50,2.64
2011.09.02 12:40:26.795,1.0921,1.09224,1.50,1.50
2011.09.02 12:40:27.044,1.09209,1.09225,1.13,1.50
2011.09.02 12:40:27.282,1.0921,1.09226,2.25,1.50
2011.09.02 12:40:27.921,1.09212,1.09228,1.50,1.14
2011.09.02 12:40:28.066,1.09214,1.09226,1.50,1.50
2011.09.02 12:40:28.432,1.0921,1.09227,1.50,1.50
2011.09.02 12:40:29.037,1.09212,1.09228,1.50,2.64
2011.09.02 12:40:29.274,1.09212,1.09228,1.50,1.88
2011.09.02 12:40:30.083,1.09214,1.0923,1.50,1.14
2011.09.02 12:40:30.889,1.09209,1.09222,1.50,1.50
2011.09.02 12:40:31.136,1.09206,1.09221,2.63,1.14
2011.09.02 12:40:31.271,1.09206,1.09218,2.25,1.13
2011.09.02 12:40:31.638,1.09202,1.09217,1.88,1.50
2011.09.02 12:40:31.887,1.09202,1.09217,1.50,1.14
2011.09.02 12:40:32.254,1.09201,1.09218,1.50,2.25
2011.09.02 12:40:32.901,1.09202,1.09219,3.00,1.51
2011.09.02 12:40:33.508,1.09202,1.09218,1.88,1.51
2011.09.02 12:40:33.877,1.09197,1.0921,1.13,1.14
2011.09.02 12:40:34.126,1.09191,1.09206,1.50,1.50
2011.09.02 12:40:34.256,1.0919,1.09206,1.50,1.51
2011.09.02 12:40:35.300,1.09188,1.09205,1.88,1.51
2011.09.02 12:40:35.763,1.09191,1.09206,1.50,2.26
2011.09.02 12:40:36.007,1.09196,1.09212,1.13,2.79
2011.09.02 12:40:36.132,1.09197,1.0921,1.50,1.21
2011.09.02 12:40:36.258,1.09196,1.0921,1.50,1.96
2011.09.02 12:40:36.506,1.09198,1.0921,1.13,1.51
2011.09.02 12:40:37.075,1.09198,1.09213,1.13,1.51
2011.09.02 12:40:37.449,1.09198,1.09212,1.13,1.51
2011.09.02 12:40:37.804,1.09195,1.09207,2.25,1.50
2011.09.02 12:40:38.160,1.09193,1.09208,1.50,1.50
2011.09.02 12:40:38.631,1.09193,1.09206,1.50,1.50
2011.09.02 12:40:39.225,1.09193,1.09206,1.50,1.50
2011.09.02 12:40:39.858,1.09193,1.09206,1.50,1.50
2011.09.02 12:40:40.104,1.09193,1.09209,1.50,2.26
2011.09.02 12:40:40.576,1.09192,1.09207,1.13,1.50
2011.09.02 12:40:40.711,1.0919,1.09208,1.13,2.26
2011.09.02 12:40:41.081,1.09188,1.09204,1.50,2.26
2011.09.02 12:40:41.209,1.09186,1.09204,1.50,2.26
2011.09.02 12:40:41.785,1.09186,1.09202,1.50,1.51
2011.09.02 12:40:42.155,1.09186,1.092,1.50,1.50
2011.09.02 12:40:42.407,1.0919,1.09206,1.13,2.26
2011.09.02 12:40:42.773,1.09188,1.09205,1.13,1.51
2011.09.02 12:40:42.895,1.09187,1.09205,1.13,1.51
2011.09.02 12:40:43.707,1.09188,1.09203,1.50,1.51
2011.09.02 12:40:43.845,1.09187,1.092,1.50,1.51
2011.09.02 12:40:44.339,1.09187,1.092,1.50,2.26
2011.09.02 12:40:44.465,1.09187,1.092,2.25,2.26
2011.09.02 12:40:44.840,1.09185,1.09192,1.50,2.25
2011.09.02 12:40:45.088,1.09185,1.09194,1.50,1.50
2011.09.02 12:40:45.213,1.09184,1.09195,1.50,1.51
2011.09.02 12:40:45.713,1.09185,1.09198,1.50,1.50
2011.09.02 12:40:45.860,1.09192,1.09205,1.88,2.26
2011.09.02 12:40:45.985,1.09193,1.09205,1.50,2.26
2011.09.02 12:40:46.595,1.09193,1.09205,1.50,2.26
2011.09.02 12:40:47.086,1.09195,1.09208,1.50,1.51
2011.09.02 12:40:47.214,1.09197,1.09211,2.25,1.51
2011.09.02 12:40:47.727,1.09195,1.09208,1.50,1.50
2011.09.02 12:40:47.874,1.09195,1.0921,2.25,1.14
2011.09.02 12:40:48.831,1.09193,1.09207,1.50,2.26
2011.09.02 12:40:49.314,1.09196,1.09211,1.50,2.11
2011.09.02 12:40:49.434,1.09195,1.09209,1.88,1.51
2011.09.02 12:40:49.556,1.09196,1.09211,1.50,2.11
2011.09.02 12:40:50.031,1.09199,1.09211,1.50,2.11
2011.09.02 12:40:50.165,1.09195,1.09211,2.25,2.11
2011.09.02 12:40:50.659,1.09193,1.09206,1.88,1.50
2011.09.02 12:40:50.783,1.09193,1.09206,1.88,1.50
2011.09.02 12:40:51.142,1.09193,1.09207,1.50,1.50
2011.09.02 12:40:52.620,1.09193,1.09207,1.50,1.51
2011.09.02 12:40:53.095,1.09195,1.0921,2.25,1.89
2011.09.02 12:40:53.689,1.09202,1.09214,1.50,1.51
2011.09.02 12:40:53.819,1.09205,1.09214,2.25,1.50
2011.09.02 12:40:53.946,1.09206,1.09216,1.50,2.25
2011.09.02 12:40:54.488,1.09212,1.09223,1.50,1.13
2011.09.02 12:40:54.635,1.09212,1.09228,2.25,1.89
2011.09.02 12:40:54.769,1.0921,1.09227,2.25,2.26
2011.09.02 12:40:55.374,1.09208,1.09224,1.50,1.89
2011.09.02 12:40:55.744,1.09209,1.09218,1.50,1.50
2011.09.02 12:40:56.223,1.09208,1.09222,1.50,1.51
2011.09.02 12:40:56.340,1.09208,1.09223,2.25,1.14
2011.09.02 12:40:56.867,1.09208,1.09223,2.25,1.14
2011.09.02 12:40:57.009,1.09207,1.09221,1.50,1.51
2011.09.02 12:40:57.737,1.0921,1.09225,1.50,1.51
2011.09.02 12:40:57.989,1.09211,1.09227,1.50,2.26
2011.09.02 12:40:58.359,1.0922,1.09234,1.50,1.72
2011.09.02 12:40:58.905,1.09226,1.09238,1.50,1.51
2011.09.02 12:40:59.034,1.09231,1.09241,1.50,1.50
2011.09.02 12:40:59.400,1.09234,1.09246,1.50,1.50
2011.09.02 12:40:59.530,1.09234,1.09248,2.63,1.50
2011.09.02 12:40:59.656,1.09234,1.0925,2.63,1.50
2011.09.02 12:40:59.788,1.09239,1.09254,1.50,1.36
2011.09.02 12:41:00.425,1.09241,1.09255,1.13,1.50
2011.09.02 12:41:00.577,1.09249,1.09262,1.50,1.89
2011.09.02 12:41:01.185,1.09249,1.09263,1.50,1.51
2011.09.02 12:41:01.793,1.09249,1.09264,2.63,1.50
2011.09.02 12:41:02.378,1.09251,1.09267,2.25,1.51
2011.09.02 12:41:02.535,1.09255,1.09271,1.50,1.51
2011.09.02 12:41:02.797,1.09257,1.09275,1.13,1.36
2011.09.02 12:41:02.922,1.09259,1.09276,1.50,3.24
2011.09.02 12:41:03.285,1.09261,1.09276,1.50,2.11
2011.09.02 12:41:04.221,1.09264,1.09278,1.50,1.50
2011.09.02 12:41:04.369,1.09275,1.09289,1.50,3.75
2011.09.02 12:41:04.619,1.09275,1.0929,1.50,1.13
2011.09.02 12:41:05.235,1.09277,1.09293,2.25,1.89
2011.09.02 12:41:05.490,1.09288,1.09296,1.50,1.14
2011.09.02 12:41:06.112,1.09306,1.09325,1.13,1.50
2011.09.02 12:41:06.705,1.09309,1.09329,1.13,1.50
2011.09.02 12:41:07.077,1.09307,1.09319,1.50,1.13
2011.09.02 12:41:07.325,1.09302,1.0932,1.50,2.64
2011.09.02 12:41:07.926,1.09301,1.09317,1.50,1.89
2011.09.02 12:41:08.418,1.09307,1.09325,1.88,1.51
2011.09.02 12:41:08.548,1.09311,1.09328,5.35,1.88
2011.09.02 12:41:08.686,1.0932,1.09335,1.13,1.72
2011.09.02 12:41:08.823,1.09324,1.09338,1.13,1.88
2011.09.02 12:41:09.581,1.0932,1.09335,1.50,1.14
2011.09.02 12:41:09.745,1.09316,1.09331,1.50,3.00
2011.09.02 12:41:09.997,1.09315,1.09325,1.50,1.50
2011.09.02 12:41:10.251,1.09315,1.09327,1.50,1.50
2011.09.02 12:41:11.586,1.09311,1.09325,1.50,1.50
2011.09.02 12:41:11.718,1.09308,1.09323,1.50,1.13
2011.09.02 12:41:11.846,1.09308,1.09322,1.50,1.88
2011.09.02 12:41:12.212,1.09306,1.09322,1.50,1.89
2011.09.02 12:41:12.806,1.09306,1.0932,1.50,2.64
2011.09.02 12:41:13.549,1.09294,1.09305,1.50,1.50
2011.09.02 12:41:13.689,1.09289,1.09303,1.50,2.25
2011.09.02 12:41:13.818,1.09288,1.09303,1.50,2.25
2011.09.02 12:41:13.943,1.09289,1.09305,1.50,2.25
2011.09.02 12:41:14.075,1.09289,1.093,1.50,2.25
2011.09.02 12:41:14.461,1.09274,1.09287,1.50,1.13
2011.09.02 12:41:14.593,1.09273,1.09286,1.50,1.14
2011.09.02 12:41:15.239,1.09275,1.09286,1.50,1.14
2011.09.02 12:41:15.858,1.09275,1.09286,1.50,1.89
2011.09.02 12:41:15.982,1.09276,1.09286,1.50,1.13
2011.09.02 12:41:16.671,1.09276,1.09288,2.25,1.89
2011.09.02 12:41:16.917,1.09276,1.09285,2.25,1.50
2011.09.02 12:41:17.547,1.09276,1.09286,1.50,2.64
2011.09.02 12:41:17.673,1.09276,1.09284,1.50,1.13
2011.09.02 12:41:18.265,1.09275,1.09283,1.50,1.13
2011.09.02 12:41:18.640,1.09269,1.09276,1.50,1.13
2011.09.02 12:41:18.772,1.0926,1.09272,2.63,1.51
2011.09.02 12:41:18.895,1.09262,1.09272,2.25,1.51
2011.09.02 12:41:19.554,1.09257,1.09268,1.88,1.14
2011.09.02 12:41:19.797,1.09259,1.0927,2.25,1.51
2011.09.02 12:41:20.168,1.09263,1.09276,1.50,1.50
2011.09.02 12:41:20.295,1.09263,1.09276,1.50,1.50
2011.09.02 12:41:20.667,1.09263,1.09276,2.25,1.50
2011.09.02 12:41:21.040,1.09269,1.09279,1.50,1.50
2011.09.02 12:41:21.655,1.09269,1.09285,2.25,2.64
2011.09.02 12:41:22.025,1.0927,1.09285,1.50,1.13
2011.09.02 12:41:22.153,1.09271,1.09287,1.50,1.51
2011.09.02 12:41:22.398,1.0927,1.09284,1.50,1.50
2011.09.02 12:41:22.523,1.09272,1.09286,1.50,1.51
2011.09.02 12:41:22.886,1.09276,1.0929,1.50,1.51
2011.09.02 12:41:23.133,1.09278,1.09292,1.50,2.64
2011.09.02 12:41:23.258,1.09273,1.09279,1.50,1.05
2011.09.02 12:41:23.786,1.09267,1.09276,1.50,1.50
2011.09.02 12:41:23.937,1.09268,1.09282,1.13,1.51
2011.09.02 12:41:24.069,1.0927,1.09282,1.50,1.51
2011.09.02 12:41:24.434,1.09274,1.09285,1.50,1.51
2011.09.02 12:41:24.806,1.09273,1.09283,1.50,1.94
2011.09.02 12:41:25.176,1.09264,1.09276,1.50,1.14
2011.09.02 12:41:25.894,1.09264,1.09276,1.50,1.89
2011.09.02 12:41:26.020,1.09264,1.09276,1.50,1.14
2011.09.02 12:41:26.625,1.09264,1.09276,2.25,1.14
2011.09.02 12:41:27.941,1.09265,1.09279,1.50,1.51
2011.09.02 12:41:28.089,1.09271,1.09282,1.50,1.50
2011.09.02 12:41:28.470,1.09264,1.09274,1.50,1.88
2011.09.02 12:41:28.721,1.09263,1.09272,1.50,1.51
2011.09.02 12:41:28.852,1.09267,1.09277,1.50,1.51
2011.09.02 12:41:28.983,1.09272,1.09281,1.50,1.51
2011.09.02 12:41:29.107,1.09272,1.09284,1.50,1.50
2011.09.02 12:41:29.755,1.09272,1.09286,1.50,1.14
2011.09.02 12:41:30.142,1.09285,1.09297,1.50,1.50
2011.09.02 12:41:30.268,1.09285,1.093,1.50,1.14
2011.09.02 12:41:30.678,1.09293,1.09308,1.50,1.72
2011.09.02 12:41:30.809,1.09294,1.09311,1.50,1.13
2011.09.02 12:41:31.054,1.09296,1.09313,1.50,2.26
2011.09.02 12:41:31.702,1.09306,1.09318,1.50,1.13
2011.09.02 12:41:32.069,1.09303,1.0931,1.50,1.50
2011.09.02 12:41:32.202,1.09306,1.09316,1.50,1.89
2011.09.02 12:41:32.325,1.09302,1.09316,1.50,1.51
2011.09.02 12:41:32.579,1.09307,1.09317,2.25,1.50
2011.09.02 12:41:33.311,1.09312,1.09325,2.25,1.50
2011.09.02 12:41:33.582,1.09329,1.09346,1.75,1.71
2011.09.02 12:41:33.706,1.09329,1.09347,1.75,1.88
2011.09.02 12:41:33.841,1.09333,1.09347,1.75,1.88
2011.09.02 12:41:33.973,1.09334,1.09347,1.50,2.25
2011.09.02 12:41:34.103,1.09344,1.09349,1.50,1.50
2011.09.02 12:41:34.347,1.09344,1.09353,1.50,1.50
2011.09.02 12:41:35.366,1.09345,1.09361,1.50,1.51
2011.09.02 12:41:35.971,1.09349,1.09364,1.50,1.13
2011.09.02 12:41:36.108,1.09352,1.09368,1.50,4.88
2011.09.02 12:41:36.363,1.09351,1.09367,2.25,1.51
2011.09.02 12:41:37.020,1.09346,1.09361,1.50,1.13
2011.09.02 12:41:37.396,1.09343,1.09359,2.25,2.26
2011.09.02 12:41:37.661,1.09344,1.09363,2.63,1.14
2011.09.02 12:41:37.795,1.09349,1.09365,1.50,1.89
2011.09.02 12:41:37.916,1.09349,1.09365,1.50,1.89
2011.09.02 12:41:38.474,1.0935,1.09367,1.50,1.51
2011.09.02 12:41:38.600,1.09351,1.09369,1.50,3.38
2011.09.02 12:41:38.848,1.0935,1.09365,1.50,1.13
2011.09.02 12:41:39.223,1.09347,1.09361,1.50,1.89
2011.09.02 12:41:39.355,1.09345,1.09357,1.50,1.13
2011.09.02 12:41:39.607,1.09343,1.09358,1.50,1.14
2011.09.02 12:41:40.476,1.09347,1.09355,1.13,1.50
2011.09.02 12:41:40.608,1.09347,1.09365,2.63,1.51
2011.09.02 12:41:40.743,1.09352,1.09366,1.50,2.63
2011.09.02 12:41:40.992,1.09353,1.0937,1.50,2.64
2011.09.02 12:41:41.112,1.09352,1.09368,1.50,1.50
2011.09.02 12:41:41.495,1.09353,1.09361,1.50,1.50
2011.09.02 12:41:41.630,1.09353,1.09363,1.50,1.50
2011.09.02 12:41:42.058,1.09354,1.09369,1.50,1.89
2011.09.02 12:41:42.187,1.09356,1.09369,1.50,1.14
2011.09.02 12:41:42.319,1.09351,1.09365,2.25,1.50
2011.09.02 12:41:42.451,1.09351,1.09363,1.50,1.50
2011.09.02 12:41:42.579,1.09349,1.09365,2.19,2.25
2011.09.02 12:41:42.707,1.09349,1.09365,1.44,2.25
2011.09.02 12:41:43.756,1.09352,1.09366,1.44,1.50
2011.09.02 12:41:43.900,1.09345,1.09359,1.88,1.50
2011.09.02 12:41:44.270,1.09341,1.09358,1.50,1.89
2011.09.02 12:41:44.402,1.0934,1.09353,1.50,1.50
2011.09.02 12:41:44.645,1.0934,1.09356,1.50,2.26
2011.09.02 12:41:45.648,1.09333,1.09346,1.50,1.51
2011.09.02 12:41:45.775,1.09332,1.09346,1.50,2.26
2011.09.02 12:41:45.899,1.09331,1.09346,1.13,2.25
2011.09.02 12:41:46.264,1.09338,1.09351,1.50,1.51
2011.09.02 12:41:46.387,1.09335,1.09351,1.50,1.51
2011.09.02 12:41:46.636,1.09333,1.09349,1.50,1.51
2011.09.02 12:41:46.765,1.09332,1.09348,1.50,1.51
2011.09.02 12:41:47.395,1.09331,1.09345,2.25,1.50
2011.09.02 12:41:47.548,1.09319,1.09337,1.50,1.89
2011.09.02 12:41:48.266,1.09321,1.09337,1.13,1.51
2011.09.02 12:41:48.404,1.09326,1.09339,1.50,2.26
2011.09.02 12:41:48.768,1.09332,1.09346,1.50,2.26
2011.09.02 12:41:48.893,1.09331,1.09346,1.50,1.51
2011.09.02 12:41:49.363,1.09323,1.09338,1.88,1.50
2011.09.02 12:41:49.728,1.09328,1.09345,1.13,1.51
2011.09.02 12:41:49.862,1.09326,1.09343,3.00,1.50
2011.09.02 12:41:49.990,1.09331,1.09349,1.88,2.11
2011.09.02 12:41:50.117,1.09331,1.09346,1.13,1.50
2011.09.02 12:41:50.608,1.09329,1.09343,1.50,1.50
2011.09.02 12:41:51.098,1.09327,1.09343,2.25,1.50
2011.09.02 12:41:51.600,1.09326,1.09341,1.13,1.51
2011.09.02 12:41:52.089,1.09326,1.09343,1.50,1.89
2011.09.02 12:41:52.338,1.09331,1.09348,1.50,2.26
2011.09.02 12:41:52.829,1.09333,1.09348,1.13,1.50
2011.09.02 12:41:52.965,1.09335,1.09352,1.88,1.50
2011.09.02 12:41:53.097,1.09336,1.09352,1.13,1.50
2011.09.02 12:41:53.467,1.09339,1.09353,1.50,1.50
2011.09.02 12:41:53.841,1.09346,1.0936,1.50,1.50
2011.09.02 12:41:53.968,1.0935,1.09363,1.13,2.26
2011.09.02 12:41:54.222,1.09357,1.09368,1.13,2.25
2011.09.02 12:41:54.820,1.09366,1.0938,1.88,3.00
2011.09.02 12:41:54.951,1.09371,1.09378,1.50,1.50
2011.09.02 12:41:55.085,1.09372,1.0938,1.50,1.50
2011.09.02 12:41:55.220,1.09381,1.09389,4.88,2.46
2011.09.02 12:41:55.353,1.09379,1.0939,3.75,3.21
2011.09.02 12:41:55.480,1.09384,1.0939,1.50,2.25
2011.09.02 12:41:55.728,1.09386,1.09398,2.25,3.00
2011.09.02 12:41:56.439,1.09395,1.09405,1.13,2.25
2011.09.02 12:41:56.567,1.09397,1.0941,1.50,1.50
2011.09.02 12:41:56.820,1.09394,1.09409,3.00,1.13
2011.09.02 12:41:57.070,1.09391,1.09408,3.00,1.50
2011.09.02 12:41:57.436,1.09393,1.09404,2.63,1.50
2011.09.02 12:41:58.032,1.09398,1.09412,1.50,1.88
2011.09.02 12:41:58.408,1.09398,1.09413,3.00,1.50
2011.09.02 12:41:58.562,1.09394,1.09413,1.50,2.64
2011.09.02 12:41:58.693,1.09395,1.09413,3.00,2.25
2011.09.02 12:41:59.060,1.094,1.09411,1.50,1.13
2011.09.02 12:41:59.610,1.09394,1.09407,1.50,1.50
2011.09.02 12:41:59.744,1.09392,1.09405,1.50,1.50
2011.09.02 12:42:00.102,1.09389,1.09404,1.88,2.25
2011.09.02 12:42:00.706,1.09388,1.09403,1.88,1.50
2011.09.02 12:42:00.837,1.09388,1.09403,1.13,1.50
2011.09.02 12:42:00.968,1.09387,1.09404,1.50,3.38
2011.09.02 12:42:01.972,1.09393,1.09406,1.50,1.51
2011.09.02 12:42:02.347,1.09391,1.09404,1.50,1.88
2011.09.02 12:42:03.103,1.09386,1.09401,3.00,1.88
2011.09.02 12:42:03.503,1.09333,1.09367,1.50,1.51
2011.09.02 12:42:03.631,1.09332,1.09367,1.50,1.51
2011.09.02 12:42:04.005,1.09335,1.09369,1.50,1.51
2011.09.02 12:42:04.144,1.09339,1.09376,1.50,1.51
2011.09.02 12:42:04.270,1.09339,1.09376,1.50,2.26
2011.09.02 12:42:04.905,1.09344,1.09363,3.00,1.89
2011.09.02 12:42:05.042,1.09342,1.0936,1.50,2.26
2011.09.02 12:42:05.165,1.09341,1.09357,1.50,1.51
2011.09.02 12:42:05.297,1.0934,1.09356,1.50,1.14
2011.09.02 12:42:05.430,1.09341,1.09357,1.50,2.26
2011.09.02 12:42:05.794,1.09343,1.09357,1.50,1.51
2011.09.02 12:42:05.927,1.09338,1.09351,2.25,1.50
2011.09.02 12:42:06.700,1.09335,1.09352,1.50,1.51
2011.09.02 12:42:06.847,1.09334,1.09347,1.50,1.51
2011.09.02 12:42:07.350,1.09336,1.09349,1.13,1.51
2011.09.02 12:42:07.479,1.09336,1.09353,2.63,1.50
2011.09.02 12:42:07.615,1.09336,1.09353,2.25,2.25
2011.09.02 12:42:08.147,1.09338,1.09355,1.50,1.74
2011.09.02 12:42:08.678,1.0934,1.09355,1.50,2.49
2011.09.02 12:42:09.057,1.09333,1.09347,1.50,2.26
2011.09.02 12:42:09.189,1.09329,1.09346,2.25,1.51
2011.09.02 12:42:09.316,1.09331,1.09342,1.50,1.51
2011.09.02 12:42:09.566,1.09325,1.09342,1.88,1.51
2011.09.02 12:42:09.695,1.09328,1.09344,1.50,2.26
2011.09.02 12:42:09.948,1.09322,1.0934,2.63,3.01
2011.09.02 12:42:10.567,1.09327,1.0934,1.50,1.51
2011.09.02 12:42:10.932,1.09329,1.09345,1.50,2.26
2011.09.02 12:42:11.057,1.09324,1.09341,4.13,3.01
2011.09.02 12:42:11.304,1.09329,1.09339,1.50,1.36
2011.09.02 12:42:11.532,1.0933,1.09339,1.50,1.36
2011.09.02 12:42:11.656,1.09325,1.09336,1.43,1.50
2011.09.02 12:42:11.782,1.09331,1.09339,1.50,1.51
2011.09.02 12:42:12.453,1.09323,1.09331,1.43,1.50
2011.09.02 12:42:12.586,1.09327,1.09342,1.50,1.51
2011.09.02 12:42:12.724,1.09333,1.09345,1.50,1.50
2011.09.02 12:42:12.968,1.0934,1.09352,1.50,1.50
2011.09.02 12:42:13.098,1.09341,1.09355,1.50,1.88
2011.09.02 12:42:13.227,1.09346,1.09352,1.50,1.50
2011.09.02 12:42:13.598,1.09349,1.09359,1.88,1.50
2011.09.02 12:42:14.278,1.09347,1.09366,1.50,1.50
2011.09.02 12:42:14.426,1.09345,1.09359,1.50,1.50
2011.09.02 12:42:14.554,1.09345,1.09359,1.50,1.51
2011.09.02 12:42:15.765,1.09342,1.09358,2.25,2.26
2011.09.02 12:42:16.224,1.09343,1.09358,2.25,1.51
2011.09.02 12:42:16.763,1.09324,1.09335,1.50,1.50
2011.09.02 12:42:17.007,1.09319,1.09334,1.50,2.26
2011.09.02 12:42:17.620,1.09327,1.09335,1.50,1.51
2011.09.02 12:42:18.162,1.09321,1.09337,3.00,1.51
2011.09.02 12:42:18.314,1.09322,1.09336,2.25,1.51
2011.09.02 12:42:18.561,1.09322,1.09332,3.00,1.14
2011.09.02 12:42:18.686,1.09322,1.09331,1.50,1.89
2011.09.02 12:42:19.181,1.09322,1.09334,1.50,1.51
2011.09.02 12:42:19.957,1.09323,1.09334,1.50,1.51
2011.09.02 12:42:20.476,1.09329,1.09343,1.50,1.51
2011.09.02 12:42:20.619,1.09329,1.09345,1.50,2.26
2011.09.02 12:42:20.750,1.09329,1.0934,1.50,1.13
2011.09.02 12:42:21.004,1.09325,1.09338,1.50,1.51
2011.09.02 12:42:21.249,1.09329,1.09342,1.13,1.50
2011.09.02 12:42:21.821,1.09337,1.0935,1.13,1.51
2011.09.02 12:42:22.190,1.09357,1.09371,1.50,1.51
2011.09.02 12:42:22.318,1.09357,1.09372,1.50,1.51
2011.09.02 12:42:22.453,1.09362,1.09372,1.50,1.51
2011.09.02 12:42:22.700,1.09361,1.09375,1.50,1.14
2011.09.02 12:42:22.832,1.09358,1.09373,2.25,1.13
2011.09.02 12:42:22.958,1.09358,1.09373,1.50,1.88
2011.09.02 12:42:23.451,1.09357,1.0937,1.50,1.50
2011.09.02 12:42:23.587,1.09359,1.09377,1.88,2.26
2011.09.02 12:42:24.078,1.09362,1.09378,1.50,1.51
2011.09.02 12:42:24.675,1.09359,1.09375,3.38,1.50
2011.09.02 12:42:24.792,1.09365,1.09378,1.50,1.51
2011.09.02 12:42:25.416,1.0936,1.09375,1.88,1.50
2011.09.02 12:42:25.666,1.09365,1.09378,1.50,1.51
2011.09.02 12:42:25.919,1.09365,1.09378,1.50,1.50
2011.09.02 12:42:26.043,1.09367,1.09378,1.50,1.50
2011.09.02 12:42:26.637,1.09369,1.09378,1.50,2.26
2011.09.02 12:42:26.768,1.09366,1.09378,1.50,2.26
2011.09.02 12:42:27.464,1.09366,1.09378,1.50,1.50
2011.09.02 12:42:27.585,1.09364,1.09378,1.50,1.50
2011.09.02 12:42:27.951,1.09364,1.09378,2.63,1.51
2011.09.02 12:42:28.074,1.09365,1.09378,1.13,1.51
2011.09.02 12:42:28.445,1.09369,1.09378,1.50,1.51
2011.09.02 12:42:28.700,1.09371,1.09383,1.50,2.25
2011.09.02 12:42:29.465,1.09375,1.09389,1.50,1.51
2011.09.02 12:42:29.596,1.09375,1.09389,1.50,1.50
2011.09.02 12:42:29.842,1.09375,1.09391,2.25,1.50
2011.09.02 12:42:29.965,1.09375,1.09391,1.50,1.50
2011.09.02 12:42:30.217,1.09374,1.0939,2.63,1.50
2011.09.02 12:42:30.349,1.09375,1.09393,2.25,2.64
2011.09.02 12:42:30.718,1.09377,1.09391,1.50,1.50
2011.09.02 12:42:31.579,1.09369,1.09386,2.25,1.88
2011.09.02 12:42:32.068,1.09372,1.09388,2.25,1.89
2011.09.02 12:42:32.443,1.0937,1.09376,1.50,1.50
2011.09.02 12:42:32.571,1.0936,1.09374,2.25,1.50
2011.09.02 12:42:32.702,1.09357,1.09374,2.63,1.50
2011.09.02 12:42:32.825,1.09357,1.09374,1.13,2.25
2011.09.02 12:42:32.955,1.09355,1.09372,1.50,2.63
2011.09.02 12:42:33.507,1.09354,1.0937,1.50,1.13
2011.09.02 12:42:33.875,1.09351,1.09367,3.38,1.51
2011.09.02 12:42:34.010,1.09351,1.09364,1.50,1.50
2011.09.02 12:42:34.377,1.0935,1.09366,1.50,1.14
2011.09.02 12:42:34.504,1.09347,1.09364,1.50,1.51
2011.09.02 12:42:34.865,1.09351,1.09367,1.50,2.26
2011.09.02 12:42:35.362,1.09345,1.0936,3.75,1.50
2011.09.02 12:42:35.504,1.09343,1.09357,1.50,2.25
2011.09.02 12:42:35.748,1.09343,1.09356,1.50,1.51
2011.09.02 12:42:35.883,1.09335,1.0935,3.75,1.50
2011.09.02 12:42:36.012,1.09333,1.09349,1.50,1.50
2011.09.02 12:42:36.621,1.09337,1.09353,1.50,1.51
2011.09.02 12:42:37.355,1.09334,1.09353,1.88,2.26
2011.09.02 12:42:37.845,1.09337,1.09353,1.50,1.50
2011.09.02 12:42:38.215,1.09336,1.09351,1.50,1.50
2011.09.02 12:42:38.573,1.09334,1.09351,1.88,1.50
2011.09.02 12:42:38.693,1.09334,1.09353,1.88,2.26
2011.09.02 12:42:39.347,1.09336,1.09353,1.50,1.51
2011.09.02 12:42:39.474,1.09338,1.09354,1.88,2.26
2011.09.02 12:42:40.078,1.09342,1.09357,1.50,1.50
2011.09.02 12:42:40.445,1.09345,1.09358,1.50,1.13
2011.09.02 12:42:40.574,1.09345,1.09358,1.50,1.13
2011.09.02 12:42:41.611,1.09343,1.09359,1.50,1.13
2011.09.02 12:42:42.113,1.09342,1.09358,1.50,1.50
2011.09.02 12:42:42.482,1.09348,1.09363,1.13,1.50
2011.09.02 12:42:42.613,1.09354,1.09366,1.50,1.50
2011.09.02 12:42:42.979,1.09361,1.0937,1.50,1.50
2011.09.02 12:42:43.613,1.09361,1.09378,1.13,2.25
2011.09.02 12:42:43.739,1.09364,1.09378,1.13,2.25
2011.09.02 12:42:44.102,1.09367,1.09378,1.50,1.50
2011.09.02 12:42:44.703,1.09369,1.0938,2.25,1.50
2011.09.02 12:42:45.062,1.09372,1.09379,1.50,1.50
2011.09.02 12:42:45.303,1.09369,1.09379,1.50,1.50
2011.09.02 12:42:45.723,1.09368,1.09379,2.25,1.50
2011.09.02 12:42:45.855,1.0937,1.09379,2.25,1.50
2011.09.02 12:42:46.223,1.09374,1.09387,2.25,1.50
2011.09.02 12:42:46.353,1.09377,1.09392,1.50,1.50
2011.09.02 12:42:46.480,1.09375,1.09389,1.13,1.50
2011.09.02 12:42:46.847,1.09375,1.09391,1.13,1.50
2011.09.02 12:42:47.633,1.0938,1.09392,1.50,1.50
2011.09.02 12:42:48.008,1.09384,1.09393,1.50,1.50
2011.09.02 12:42:48.135,1.09384,1.09398,1.50,1.71
2011.09.02 12:42:48.270,1.0939,1.09401,1.50,2.25
2011.09.02 12:42:48.399,1.0939,1.09401,1.50,2.25
2011.09.02 12:42:48.536,1.09394,1.09402,2.25,1.50
2011.09.02 12:42:48.659,1.09397,1.09409,1.50,1.50
2011.09.02 12:42:48.909,1.09399,1.09408,1.13,1.50
2011.09.02 12:42:49.465,1.09406,1.09416,1.32,1.50
2011.09.02 12:42:49.616,1.09432,1.09438,1.50,3.00
2011.09.02 12:42:49.870,1.09431,1.09446,1.50,1.50
2011.09.02 12:42:50.117,1.0943,1.09444,1.50,1.50
2011.09.02 12:42:50.246,1.09429,1.09442,1.50,1.13
2011.09.02 12:42:50.375,1.09426,1.0944,1.50,1.88
2011.09.02 12:42:50.509,1.09425,1.09439,1.50,1.89
2011.09.02 12:42:51.084,1.09415,1.09431,1.50,1.13
2011.09.02 12:42:51.254,1.09409,1.09423,1.50,1.88
2011.09.02 12:42:51.621,1.09407,1.09414,1.50,1.50
2011.09.02 12:42:51.867,1.09401,1.09416,1.50,1.13
2011.09.02 12:42:52.123,1.09403,1.09414,1.50,1.13
2011.09.02 12:42:52.783,1.09407,1.09412,1.50,1.50
2011.09.02 12:42:52.935,1.09408,1.09423,1.50,1.50
2011.09.02 12:42:53.185,1.09407,1.09423,3.00,1.13
2011.09.02 12:42:53.308,1.09407,1.09422,1.50,1.50
2011.09.02 12:42:53.679,1.09411,1.09423,1.50,1.50
2011.09.02 12:42:54.600,1.09414,1.09424,1.50,1.50
2011.09.02 12:42:55.002,1.09422,1.09432,1.50,1.50
2011.09.02 12:42:55.126,1.09422,1.09436,1.50,1.50
2011.09.02 12:42:55.374,1.09425,1.09434,1.50,1.50
2011.09.02 12:42:55.613,1.09422,1.09434,1.50,1.50
2011.09.02 12:42:55.734,1.09422,1.09432,1.50,1.50
2011.09.02 12:42:56.366,1.09424,1.09436,2.25,1.50
2011.09.02 12:42:56.501,1.09428,1.09443,2.25,1.50
2011.09.02 12:42:56.748,1.0943,1.09443,1.50,1.50
2011.09.02 12:42:56.882,1.09438,1.09451,1.13,1.50
2011.09.02 12:42:57.132,1.09446,1.09456,1.50,1.50
2011.09.02 12:42:57.504,1.09449,1.09458,1.50,1.50
2011.09.02 12:42:58.057,1.0945,1.09458,1.50,1.50
2011.09.02 12:42:58.322,1.09447,1.09458,1.50,1.50
2011.09.02 12:42:58.450,1.09445,1.09456,1.50,1.50
2011.09.02 12:42:58.933,1.09445,1.09453,1.50,1.50
2011.09.02 12:42:59.179,1.09444,1.09459,1.88,1.50
2011.09.02 12:42:59.746,1.09448,1.0946,1.13,1.50
2011.09.02 12:43:00.013,1.09451,1.09468,1.88,2.25
2011.09.02 12:43:00.603,1.09451,1.09466,1.50,1.13
2011.09.02 12:43:00.755,1.09444,1.09452,1.13,1.50
2011.09.02 12:43:01.151,1.09449,1.09454,1.50,1.50
2011.09.02 12:43:01.263,1.09444,1.0945,1.50,1.50
2011.09.02 12:43:01.389,1.09444,1.09454,1.50,1.50
2011.09.02 12:43:01.864,1.09445,1.09457,1.50,1.50
2011.09.02 12:43:02.008,1.09446,1.09457,1.88,1.50
2011.09.02 12:43:02.259,1.09444,1.09455,1.13,1.50
2011.09.02 12:43:02.384,1.09443,1.09455,1.50,1.50
2011.09.02 12:43:02.507,1.09443,1.09457,1.50,1.50
2011.09.02 12:43:02.639,1.09448,1.09459,1.50,1.50
2011.09.02 12:43:02.887,1.09452,1.09464,1.13,1.50
2011.09.02 12:43:03.024,1.09452,1.09466,1.50,1.50
2011.09.02 12:43:03.153,1.09454,1.09471,2.63,3.00
2011.09.02 12:43:03.668,1.09454,1.0947,1.13,1.50
2011.09.02 12:43:03.927,1.09456,1.0947,1.50,1.50
2011.09.02 12:43:04.416,1.09457,1.09471,1.50,1.50
2011.09.02 12:43:05.036,1.09455,1.09466,1.50,1.50
2011.09.02 12:43:05.552,1.09454,1.09463,2.25,1.50
2011.09.02 12:43:05.676,1.09451,1.09462,1.50,1.50
2011.09.02 12:43:05.923,1.09451,1.09462,1.88,1.50
2011.09.02 12:43:06.047,1.09453,1.09465,1.50,1.50
2011.09.02 12:43:06.414,1.09451,1.09462,1.50,1.50
2011.09.02 12:43:06.659,1.09451,1.09462,1.50,1.50
2011.09.02 12:43:06.789,1.09451,1.09461,1.50,1.13
2011.09.02 12:43:07.471,1.09442,1.09453,1.50,1.50
2011.09.02 12:43:08.017,1.09429,1.0944,1.13,1.50
2011.09.02 12:43:08.154,1.09436,1.09444,1.13,1.50
2011.09.02 12:43:08.281,1.09437,1.09447,1.50,1.50
2011.09.02 12:43:08.411,1.0944,1.09453,1.50,1.50
2011.09.02 12:43:08.539,1.09441,1.09455,1.50,1.13
2011.09.02 12:43:08.667,1.09438,1.09453,1.50,1.50
2011.09.02 12:43:09.530,1.09437,1.09454,1.50,1.50
2011.09.02 12:43:09.667,1.09441,1.09458,1.13,2.25
2011.09.02 12:43:10.038,1.09446,1.09461,1.13,1.50
2011.09.02 12:43:10.417,1.09449,1.09458,1.88,1.50
2011.09.02 12:43:10.552,1.09449,1.09463,1.13,1.50
2011.09.02 12:43:10.798,1.09446,1.0946,1.13,1.50
2011.09.02 12:43:11.455,1.09445,1.0946,1.50,1.50
2011.09.02 12:43:11.584,1.09446,1.0946,1.50,2.25
2011.09.02 12:43:11.953,1.09448,1.0946,1.50,1.50
2011.09.02 12:43:12.086,1.09451,1.09465,1.50,1.88
2011.09.02 12:43:12.215,1.09449,1.09463,1.50,1.50
2011.09.02 12:43:12.590,1.09447,1.09459,1.50,1.13
2011.09.02 12:43:13.170,1.09449,1.09455,1.50,1.13
2011.09.02 12:43:13.308,1.09444,1.09456,1.50,1.14
2011.09.02 12:43:13.436,1.09447,1.09458,1.50,1.51
2011.09.02 12:43:13.565,1.09448,1.09461,1.50,1.51
2011.09.02 12:43:13.697,1.09448,1.09462,1.50,1.51
2011.09.02 12:43:13.830,1.09448,1.09462,1.50,2.26
2011.09.02 12:43:14.198,1.09445,1.09456,1.50,1.50
2011.09.02 12:43:14.607,1.0944,1.09456,1.50,1.50
2011.09.02 12:43:15.128,1.09439,1.09455,1.13,2.25
2011.09.02 12:43:15.267,1.09451,1.09462,1.50,1.50
2011.09.02 12:43:15.399,1.09451,1.09462,1.50,1.89
2011.09.02 12:43:15.534,1.09452,1.0946,1.50,1.13
2011.09.02 12:43:15.663,1.09452,1.09459,1.50,1.88
2011.09.02 12:43:15.795,1.09447,1.09457,1.50,1.13
2011.09.02 12:43:15.934,1.0944,1.09455,1.13,2.25
2011.09.02 12:43:16.061,1.0944,1.09456,1.50,1.13
2011.09.02 12:43:16.192,1.0944,1.09456,1.50,1.88
2011.09.02 12:43:16.704,1.09437,1.09452,1.13,1.50
2011.09.02 12:43:16.842,1.09433,1.09443,1.50,1.50
2011.09.02 12:43:16.970,1.09427,1.09441,1.50,1.50
2011.09.02 12:43:17.101,1.09426,1.09438,1.50,1.13
2011.09.02 12:43:17.229,1.09426,1.09438,1.50,1.13
2011.09.02 12:43:17.598,1.09428,1.09439,1.50,1.50
2011.09.02 12:43:18.214,1.09428,1.09443,1.50,1.50
2011.09.02 12:43:18.405,1.09433,1.09445,1.50,1.50
2011.09.02 12:43:18.542,1.09433,1.09443,1.50,1.50
2011.09.02 12:43:18.665,1.09432,1.09444,1.50,1.50
2011.09.02 12:43:18.798,1.09434,1.09447,1.88,1.50
2011.09.02 12:43:18.928,1.09434,1.09451,1.88,2.26
2011.09.02 12:43:19.295,1.09433,1.09447,1.50,1.50
2011.09.02 12:43:20.057,1.09433,1.09442,1.50,1.50
2011.09.02 12:43:20.202,1.09427,1.09436,1.50,1.50
2011.09.02 12:43:20.332,1.09416,1.09431,1.50,2.63
2011.09.02 12:43:20.455,1.09415,1.0943,1.50,1.73
2011.09.02 12:43:20.591,1.09415,1.09426,1.50,1.50
2011.09.02 12:43:20.717,1.09413,1.09425,2.25,1.88
2011.09.02 12:43:20.845,1.09412,1.09424,1.50,1.14
2011.09.02 12:43:20.973,1.09413,1.09422,1.50,1.13
2011.09.02 12:43:21.864,1.09413,1.09425,1.50,1.13
2011.09.02 12:43:21.997,1.09413,1.09426,2.25,1.50
2011.09.02 12:43:22.364,1.09412,1.09428,1.50,1.89
2011.09.02 12:43:22.603,1.0941,1.09424,1.50,1.50
2011.09.02 12:43:22.961,1.09408,1.09424,2.63,1.50
2011.09.02 12:43:24.234,1.09411,1.09425,1.50,2.25
2011.09.02 12:43:24.371,1.09411,1.09425,1.50,2.25
2011.09.02 12:43:25.952,1.09408,1.09422,2.63,1.50
2011.09.02 12:43:26.316,1.0941,1.09421,1.50,1.13
2011.09.02 12:43:26.894,1.09405,1.09421,1.50,1.88
2011.09.02 12:43:27.028,1.09401,1.09419,2.25,2.25
2011.09.02 12:43:27.404,1.09398,1.09408,1.50,1.88
2011.09.02 12:43:27.534,1.09396,1.09405,1.50,1.50
2011.09.02 12:43:28.019,1.09389,1.09405,2.63,1.50
2011.09.02 12:43:28.709,1.0939,1.09403,1.50,1.50
2011.09.02 12:43:28.863,1.09392,1.09411,1.88,2.25
2011.09.02 12:43:29.224,1.09394,1.0941,1.50,1.50
2011.09.02 12:43:29.828,1.09392,1.09408,1.50,1.88
2011.09.02 12:43:29.954,1.09391,1.09409,2.25,1.88
2011.09.02 12:43:30.725,1.09389,1.09408,2.63,1.13
2011.09.02 12:43:31.127,1.0939,1.09403,1.50,1.50
2011.09.02 12:43:31.263,1.09388,1.09404,1.50,1.50
2011.09.02 12:43:31.391,1.0939,1.09406,1.50,1.50
2011.09.02 12:43:31.521,1.0939,1.09407,1.50,1.50
2011.09.02 12:43:32.413,1.09394,1.0941,3.00,1.50
2011.09.02 12:43:32.534,1.09394,1.09407,1.50,1.50
2011.09.02 12:43:32.658,1.09393,1.09407,2.63,1.50
2011.09.02 12:43:33.024,1.094,1.09409,1.50,1.50
2011.09.02 12:43:33.486,1.09406,1.0942,1.88,1.50
2011.09.02 12:43:34.263,1.09408,1.09419,1.13,1.50
2011.09.02 12:43:34.404,1.09395,1.09406,1.50,1.50
2011.09.02 12:43:34.533,1.09398,1.09411,1.50,1.50
2011.09.02 12:43:34.655,1.09396,1.09409,1.13,1.50
2011.09.02 12:43:35.148,1.09396,1.09414,1.50,1.13
2011.09.02 12:43:35.395,1.09395,1.0941,1.88,1.50
2011.09.02 12:43:35.638,1.09395,1.09409,1.88,1.50
2011.09.02 12:43:36.086,1.09395,1.09406,1.88,1.50
2011.09.02 12:43:36.210,1.09403,1.0942,2.63,1.50
2011.09.02 12:43:36.334,1.09405,1.09421,1.13,1.50
2011.09.02 12:43:36.457,1.09408,1.09426,2.25,2.10
2011.09.02 12:43:36.591,1.09411,1.0943,1.88,1.51
2011.09.02 12:43:36.721,1.09412,1.0943,1.50,1.51
2011.09.02 12:43:36.964,1.09411,1.09428,2.63,1.50
2011.09.02 12:43:37.326,1.09416,1.09434,1.13,2.25
2011.09.02 12:43:37.460,1.09418,1.09435,2.25,1.50
2011.09.02 12:43:38.038,1.0942,1.0944,1.13,2.26
2011.09.02 12:43:38.172,1.0942,1.09432,2.25,1.13
2011.09.02 12:43:38.538,1.09415,1.09428,3.38,1.50
2011.09.02 12:43:38.668,1.09418,1.09436,1.13,1.51
2011.09.02 12:43:38.793,1.0942,1.09436,1.50,1.50
2011.09.02 12:43:39.152,1.09419,1.09431,1.50,1.50
2011.09.02 12:43:39.392,1.09418,1.09431,1.50,1.50
2011.09.02 12:43:39.897,1.0942,1.09428,1.50,1.50
2011.09.02 12:43:40.045,1.09421,1.09433,2.25,1.50
2011.09.02 12:43:40.178,1.09423,1.09433,1.50,1.50
2011.09.02 12:43:41.271,1.0942,1.09434,1.50,2.25
2011.09.02 12:43:41.392,1.0942,1.09434,1.50,3.00
2011.09.02 12:43:42.356,1.0942,1.09433,3.75,1.50
2011.09.02 12:43:42.820,1.0942,1.09436,3.00,1.50
2011.09.02 12:43:43.068,1.0942,1.09434,2.25,1.50
2011.09.02 12:43:43.196,1.09416,1.09429,2.25,1.50
2011.09.02 12:43:43.567,1.09416,1.09431,1.50,1.13
2011.09.02 12:43:44.287,1.09416,1.09427,1.50,1.50
2011.09.02 12:43:44.787,1.09418,1.09427,1.50,1.50
2011.09.02 12:43:44.919,1.09419,1.09435,2.25,1.50
2011.09.02 12:43:45.052,1.0942,1.09435,1.13,1.50
2011.09.02 12:43:45.295,1.09421,1.09438,3.00,2.25
2011.09.02 12:43:45.891,1.09422,1.09438,2.25,2.25
2011.09.02 12:43:46.012,1.09425,1.09439,1.13,1.50
2011.09.02 12:43:46.609,1.09419,1.09436,1.13,1.50
2011.09.02 12:43:46.748,1.0942,1.09436,1.50,1.50
2011.09.02 12:43:47.114,1.09418,1.09436,2.25,1.50
2011.09.02 12:43:47.243,1.09418,1.09431,1.50,1.50
2011.09.02 12:43:47.618,1.09414,1.0943,1.50,1.50
2011.09.02 12:43:47.867,1.09416,1.09431,1.50,1.13
2011.09.02 12:43:48.427,1.09417,1.09434,3.00,1.50
2011.09.02 12:43:48.554,1.09418,1.09435,2.63,2.25
2011.09.02 12:43:49.112,1.09418,1.09435,1.88,1.50
2011.09.02 12:43:49.234,1.09418,1.09435,2.63,1.50
2011.09.02 12:43:49.823,1.09419,1.09435,1.88,2.25
2011.09.02 12:43:50.598,1.09419,1.09435,1.50,1.13
2011.09.02 12:43:50.738,1.09418,1.09431,1.50,1.13
2011.09.02 12:43:51.103,1.09413,1.0943,2.25,1.50
2011.09.02 12:43:51.442,1.09413,1.09431,2.25,2.63
2011.09.02 12:43:51.563,1.09412,1.0943,1.50,1.51
2011.09.02 12:43:51.924,1.09415,1.09429,1.50,1.51
2011.09.02 12:43:53.068,1.09415,1.0943,2.25,1.50
2011.09.02 12:43:53.216,1.0941,1.09426,1.50,2.63
2011.09.02 12:43:53.345,1.09409,1.09424,1.50,1.50
2011.09.02 12:43:53.704,1.09408,1.09422,2.25,1.50
2011.09.02 12:43:54.064,1.0941,1.09419,1.50,1.50
2011.09.02 12:43:54.187,1.09409,1.09421,2.25,1.50
2011.09.02 12:43:54.314,1.0941,1.09419,1.50,1.50
2011.09.02 12:43:55.081,1.09406,1.09413,1.50,2.25
2011.09.02 12:43:55.230,1.09404,1.09412,1.50,1.50
2011.09.02 12:43:55.481,1.09402,1.09414,2.25,1.50
2011.09.02 12:43:55.612,1.09404,1.09417,2.25,1.51
2011.09.02 12:43:55.735,1.09406,1.09419,1.50,1.51
2011.09.02 12:43:57.063,1.09402,1.09417,1.50,1.51
2011.09.02 12:43:57.202,1.09396,1.09408,1.13,1.50
2011.09.02 12:43:57.332,1.09398,1.0941,1.13,1.50
2011.09.02 12:43:57.466,1.09402,1.09416,1.50,1.50
2011.09.02 12:43:57.600,1.09403,1.09419,1.50,1.50
2011.09.02 12:43:57.725,1.09402,1.0942,1.50,1.88
2011.09.02 12:43:58.097,1.09401,1.09414,1.13,1.50
2011.09.02 12:43:58.227,1.09399,1.09414,1.50,1.51
2011.09.02 12:43:59.085,1.09397,1.09413,3.38,1.51
2011.09.02 12:43:59.682,1.09399,1.09413,1.50,1.51
2011.09.02 12:44:00.386,1.09401,1.09415,1.50,1.51
2011.09.02 12:44:00.960,1.09402,1.09417,1.50,2.26
2011.09.02 12:44:01.568,1.09403,1.09417,1.50,1.51
2011.09.02 12:44:01.815,1.09403,1.09418,1.50,1.51
2011.09.02 12:44:02.188,1.09404,1.09416,1.50,2.26
2011.09.02 12:44:02.319,1.09401,1.09416,5.25,1.51
2011.09.02 12:44:02.445,1.09401,1.09416,5.25,1.51
2011.09.02 12:44:03.062,1.09406,1.09418,1.50,1.14
2011.09.02 12:44:03.307,1.09388,1.09404,1.50,1.88
2011.09.02 12:44:03.438,1.09385,1.09396,1.50,1.13
2011.09.02 12:44:03.807,1.09382,1.09393,1.50,1.51
2011.09.02 12:44:05.015,1.09385,1.094,1.50,1.51
2011.09.02 12:44:05.271,1.0939,1.094,1.50,1.51
2011.09.02 12:44:05.398,1.09388,1.09402,1.50,1.50
2011.09.02 12:44:05.528,1.09386,1.09401,1.13,1.50
2011.09.02 12:44:05.653,1.09384,1.09401,1.88,1.50
2011.09.02 12:44:05.776,1.09383,1.09397,2.25,1.50
2011.09.02 12:44:06.529,1.09383,1.09395,1.13,1.50
2011.09.02 12:44:06.666,1.09383,1.09399,1.13,1.51
2011.09.02 12:44:07.162,1.09393,1.09404,1.50,1.14
2011.09.02 12:44:07.294,1.0939,1.09404,1.50,2.26
2011.09.02 12:44:07.427,1.09386,1.09402,1.13,1.51
2011.09.02 12:44:07.560,1.09384,1.09402,1.88,1.51
2011.09.02 12:44:08.802,1.09382,1.09398,1.88,1.51
2011.09.02 12:44:09.315,1.09383,1.09398,2.25,1.51
2011.09.02 12:44:09.702,1.09385,1.09402,1.50,1.14
2011.09.02 12:44:10.066,1.09388,1.09402,1.13,1.50
2011.09.02 12:44:10.197,1.09389,1.09404,1.50,1.51
2011.09.02 12:44:10.445,1.09391,1.09406,1.50,1.51
2011.09.02 12:44:11.248,1.09393,1.0941,1.13,1.51
2011.09.02 12:44:11.866,1.09392,1.09408,1.13,1.50
2011.09.02 12:44:11.997,1.0939,1.09408,1.50,1.50
2011.09.02 12:44:12.128,1.09388,1.09405,1.88,1.50
2011.09.02 12:44:12.255,1.09389,1.09405,2.25,1.50
2011.09.02 12:44:12.378,1.09394,1.09411,1.88,1.51
2011.09.02 12:44:12.508,1.09395,1.09412,1.50,2.26
2011.09.02 12:44:12.638,1.09393,1.0941,1.13,1.51
2011.09.02 12:44:12.765,1.09392,1.09411,1.13,2.26
2011.09.02 12:44:13.455,1.09393,1.09408,1.88,1.50
2011.09.02 12:44:13.588,1.09392,1.09408,1.13,1.50
2011.09.02 12:44:13.712,1.09392,1.09406,1.13,1.50
2011.09.02 12:44:14.292,1.09392,1.09406,1.13,1.50
2011.09.02 12:44:14.754,1.09392,1.09407,1.50,1.50
2011.09.02 12:44:14.876,1.09396,1.09411,1.88,1.51
2011.09.02 12:44:15.005,1.09398,1.09415,1.13,2.26
2011.09.02 12:44:15.603,1.09399,1.09415,1.13,3.01
2011.09.02 12:44:15.731,1.094,1.09415,1.50,1.50
2011.09.02 12:44:16.098,1.09403,1.09416,1.50,2.25
2011.09.02 12:44:16.229,1.09405,1.09423,1.50,2.25
2011.09.02 12:44:16.615,1.09412,1.09428,1.50,1.50
2011.09.02 12:44:16.866,1.09413,1.0943,1.13,1.50
2011.09.02 12:44:16.997,1.09415,1.09428,1.50,1.50
2011.09.02 12:44:17.762,1.09415,1.0943,1.50,1.50
2011.09.02 12:44:17.888,1.09414,1.0943,1.88,1.50
2011.09.02 12:44:18.372,1.09415,1.09431,1.50,1.50
2011.09.02 12:44:18.973,1.09414,1.09431,1.13,1.50
2011.09.02 12:44:19.594,1.09413,1.09428,1.13,1.50
2011.09.02 12:44:20.147,1.09411,1.09422,1.50,1.50
2011.09.02 12:44:20.274,1.09411,1.09425,1.50,1.50
2011.09.02 12:44:20.397,1.09411,1.09425,1.50,1.50
2011.09.02 12:44:20.647,1.09407,1.09423,1.50,1.50
2011.09.02 12:44:20.897,1.09406,1.0942,1.50,1.13
2011.09.02 12:44:21.264,1.09406,1.09418,1.50,1.51
2011.09.02 12:44:21.630,1.09399,1.0941,1.50,1.14
2011.09.02 12:44:22.543,1.09399,1.0941,1.50,1.13
2011.09.02 12:44:22.688,1.09389,1.09405,1.50,5.25
2011.09.02 12:44:22.823,1.09388,1.09398,1.50,1.50
2011.09.02 12:44:22.954,1.0938,1.09396,1.50,1.88
2011.09.02 12:44:23.198,1.09375,1.09392,1.88,1.50
2011.09.02 12:44:23.696,1.09372,1.09387,1.50,1.14
2011.09.02 12:44:24.320,1.09369,1.09384,1.50,1.50
2011.09.02 12:44:24.456,1.09367,1.09381,1.13,1.50
2011.09.02 12:44:24.588,1.09363,1.09379,2.25,1.88
2011.09.02 12:44:24.839,1.09365,1.09379,1.50,1.13
2011.09.02 12:44:25.683,1.09363,1.09379,1.50,1.50
2011.09.02 12:44:25.807,1.09367,1.0938,1.50,1.20
2011.09.02 12:44:26.391,1.09373,1.09385,1.50,1.50
2011.09.02 12:44:26.525,1.0938,1.09396,2.63,2.25
2011.09.02 12:44:26.658,1.09382,1.09399,1.13,1.50
2011.09.02 12:44:26.786,1.09381,1.09397,2.63,1.50
2011.09.02 12:44:27.548,1.09379,1.09397,3.38,1.50
2011.09.02 12:44:28.124,1.09382,1.09397,1.88,1.50
2011.09.02 12:44:28.776,1.09387,1.09401,1.50,1.88
2011.09.02 12:44:28.904,1.09387,1.09398,1.50,1.71
2011.09.02 12:44:29.146,1.09387,1.09401,1.50,1.88
2011.09.02 12:44:29.276,1.09386,1.09401,1.50,1.89
2011.09.02 12:44:29.405,1.09383,1.09401,1.50,1.89
2011.09.02 12:44:30.016,1.09384,1.09401,1.50,1.51
2011.09.02 12:44:30.265,1.09384,1.09401,1.50,1.50
2011.09.02 12:44:30.835,1.09383,1.09401,1.88,2.25
2011.09.02 12:44:30.971,1.0938,1.09396,1.50,1.51
2011.09.02 12:44:31.336,1.09376,1.09393,1.88,2.63
2011.09.02 12:44:31.469,1.09372,1.09384,1.88,1.50
2011.09.02 12:44:31.715,1.09371,1.09388,1.50,1.50
2011.09.02 12:44:31.842,1.09369,1.09388,1.50,1.50
2011.09.02 12:44:32.205,1.09372,1.09388,1.88,1.51
2011.09.02 12:44:33.749,1.09373,1.09386,1.50,1.51
2011.09.02 12:44:34.362,1.09372,1.09387,1.13,2.26
2011.09.02 12:44:34.721,1.09376,1.09387,1.50,2.11
2011.09.02 12:44:34.855,1.09378,1.09391,1.50,1.51
2011.09.02 12:44:34.987,1.09379,1.09394,1.50,1.60
2011.09.02 12:44:35.802,1.09375,1.09392,1.50,1.98
2011.09.02 12:44:35.959,1.09372,1.09387,1.50,1.89
2011.09.02 12:44:36.326,1.09373,1.09387,1.50,2.64
2011.09.02 12:44:37.163,1.0937,1.09385,1.50,1.51
2011.09.02 12:44:37.768,1.09368,1.0938,1.50,1.13
2011.09.02 12:44:38.405,1.09368,1.0938,1.50,1.13
2011.09.02 12:44:38.543,1.09365,1.09379,1.50,1.51
2011.09.02 12:44:38.786,1.09361,1.09379,2.63,1.51
2011.09.02 12:44:38.921,1.09368,1.09384,1.50,2.26
2011.09.02 12:44:39.168,1.0937,1.09384,1.50,2.26
2011.09.02 12:44:39.297,1.09372,1.09385,1.50,1.51
2011.09.02 12:44:39.545,1.09372,1.09387,1.50,1.51
2011.09.02 12:44:39.676,1.09369,1.09386,1.88,1.51
2011.09.02 12:44:39.931,1.09369,1.09386,1.88,1.51
2011.09.02 12:44:40.058,1.09375,1.09389,1.50,1.51
2011.09.02 12:44:40.640,1.09379,1.09396,1.88,1.50
2011.09.02 12:44:40.764,1.09378,1.09394,1.13,2.25
2011.09.02 12:44:41.115,1.09378,1.09394,2.25,2.25
2011.09.02 12:44:41.365,1.09383,1.09397,1.50,1.50
2011.09.02 12:44:41.494,1.09383,1.09397,1.50,1.50
2011.09.02 12:44:41.617,1.09375,1.09389,2.25,1.50
2011.09.02 12:44:43.034,1.09374,1.09391,2.25,1.51
2011.09.02 12:44:43.271,1.09377,1.09393,1.13,1.51
2011.09.02 12:44:43.514,1.09379,1.09395,1.50,2.26
2011.09.02 12:44:43.872,1.09384,1.09398,1.50,1.50
2011.09.02 12:44:44.351,1.09384,1.09398,3.75,1.50
2011.09.02 12:44:45.033,1.09387,1.09401,1.13,1.50
2011.09.02 12:44:45.652,1.09382,1.09398,1.50,1.50
2011.09.02 12:44:46.710,1.09385,1.09399,1.13,1.50
2011.09.02 12:44:46.830,1.09384,1.09399,1.13,1.50
2011.09.02 12:44:47.582,1.0938,1.09386,1.50,2.25
2011.09.02 12:44:47.725,1.09365,1.09384,2.25,1.51
2011.09.02 12:44:47.853,1.09368,1.09383,1.13,1.51
2011.09.02 12:44:47.978,1.09369,1.09383,1.13,1.51
2011.09.02 12:44:48.107,1.09372,1.09387,1.50,1.51
2011.09.02 12:44:48.358,1.0937,1.09383,1.13,1.50
2011.09.02 12:44:48.721,1.0937,1.09385,1.13,1.51
2011.09.02 12:44:49.283,1.09371,1.09387,1.13,2.26
2011.09.02 12:44:49.406,1.09367,1.09384,2.63,1.14
2011.09.02 12:44:49.918,1.0937,1.09383,1.50,1.50
2011.09.02 12:44:50.058,1.09384,1.09397,1.13,1.51
2011.09.02 12:44:50.189,1.09382,1.09398,1.88,1.51
2011.09.02 12:44:50.318,1.09382,1.09396,1.13,1.50
2011.09.02 12:44:50.444,1.09379,1.09395,1.13,1.50
2011.09.02 12:44:50.806,1.09379,1.09395,1.88,1.51
2011.09.02 12:44:51.173,1.09379,1.09393,1.50,2.64
2011.09.02 12:44:51.291,1.09376,1.09393,1.50,3.39
2011.09.02 12:44:51.413,1.09373,1.09391,2.25,2.26
2011.09.02 12:44:51.981,1.09373,1.09388,2.25,1.50
2011.09.02 12:44:52.343,1.09379,1.09393,1.13,1.51
2011.09.02 12:44:52.702,1.09378,1.09394,1.13,1.51
2011.09.02 12:44:53.040,1.09379,1.09395,1.88,2.26
2011.09.02 12:44:53.642,1.09379,1.09395,1.88,2.26
2011.09.02 12:44:55.496,1.09381,1.09397,1.13,2.26
2011.09.02 12:44:55.627,1.09382,1.09397,1.13,1.51
2011.09.02 12:44:55.758,1.09378,1.09395,2.25,1.51
2011.09.02 12:44:55.886,1.09379,1.09393,1.50,1.51
2011.09.02 12:44:56.253,1.09373,1.09389,1.13,1.50
2011.09.02 12:44:56.498,1.09375,1.09389,1.13,1.51
2011.09.02 12:44:57.003,1.09375,1.09389,1.88,1.50
2011.09.02 12:44:57.244,1.09377,1.09393,1.13,2.26
2011.09.02 12:44:57.485,1.09375,1.09393,3.00,2.26
2011.09.02 12:44:57.725,1.09376,1.09393,1.13,1.51
2011.09.02 12:44:57.973,1.09376,1.09391,1.50,1.50
2011.09.02 12:44:58.214,1.09379,1.09395,1.88,1.51
2011.09.02 12:44:59.628,1.09381,1.09398,2.25,1.88
2011.09.02 12:45:00.008,1.0938,1.09395,1.13,1.50
2011.09.02 12:45:00.135,1.0938,1.09397,1.88,1.51
2011.09.02 12:45:00.503,1.09382,1.09398,1.50,1.51
2011.09.02 12:45:00.874,1.09385,1.094,1.13,1.50
2011.09.02 12:45:01.001,1.09386,1.09401,1.13,1.50
2011.09.02 12:45:01.746,1.09385,1.094,1.13,1.50
2011.09.02 12:45:01.995,1.09383,1.09399,1.88,1.50
2011.09.02 12:45:02.469,1.09381,1.09391,1.50,3.00
2011.09.02 12:45:02.824,1.09379,1.09395,1.50,1.50
2011.09.02 12:45:03.061,1.09379,1.09395,1.50,2.26
2011.09.02 12:45:04.420,1.09376,1.09392,1.88,1.50
2011.09.02 12:45:04.661,1.09379,1.09396,1.50,1.89
2011.09.02 12:45:05.132,1.09378,1.09394,1.13,1.51
2011.09.02 12:45:05.251,1.09375,1.09391,1.50,1.50
2011.09.02 12:45:05.725,1.09379,1.09396,1.50,1.89
2011.09.02 12:45:07.298,1.09374,1.0939,1.50,1.50
2011.09.02 12:45:07.429,1.09372,1.09387,2.25,1.13
2011.09.02 12:45:07.558,1.09372,1.09385,1.50,1.51
2011.09.02 12:45:07.812,1.09372,1.09381,1.50,1.13
2011.09.02 12:45:08.178,1.09367,1.09384,1.50,2.26
2011.09.02 12:45:08.428,1.0937,1.09384,1.50,1.51
2011.09.02 12:45:08.950,1.09369,1.09384,1.50,1.50
2011.09.02 12:45:09.085,1.09369,1.09385,1.50,2.26
2011.09.02 12:45:09.448,1.09366,1.09382,1.50,2.25
2011.09.02 12:45:09.814,1.09362,1.09377,2.25,1.13
2011.09.02 12:45:10.057,1.0936,1.09374,1.50,1.50
2011.09.02 12:45:10.190,1.0936,1.09375,1.50,1.51
2011.09.02 12:45:10.903,1.09358,1.09374,1.88,2.25
2011.09.02 12:45:11.271,1.09356,1.09372,1.50,2.25
2011.09.02 12:45:11.398,1.09355,1.09371,1.50,2.63
2011.09.02 12:45:11.766,1.09355,1.09367,1.50,1.51
2011.09.02 12:45:12.017,1.09344,1.09362,2.25,1.50
2011.09.02 12:45:12.602,1.09344,1.0936,1.50,1.50
2011.09.02 12:45:12.740,1.09345,1.09361,1.50,1.50
2011.09.02 12:45:12.990,1.09342,1.09357,1.13,1.50
2011.09.02 12:45:13.236,1.09339,1.09354,1.13,1.50
2011.09.02 12:45:13.371,1.09337,1.09352,1.13,1.50
2011.09.02 12:45:13.619,1.09339,1.09354,1.13,1.50
2011.09.02 12:45:13.749,1.09337,1.0935,1.50,1.50
2011.09.02 12:45:14.427,1.09339,1.09357,1.88,1.51
2011.09.02 12:45:14.908,1.09338,1.09354,1.13,1.51
2011.09.02 12:45:15.154,1.09335,1.09354,1.13,1.13
2011.09.02 12:45:15.513,1.09336,1.09355,1.88,1.51
2011.09.02 12:45:15.873,1.09336,1.09356,1.13,2.26
2011.09.02 12:45:16.426,1.0934,1.09356,1.13,3.01
2011.09.02 12:45:16.799,1.09338,1.09358,2.25,3.01
2011.09.02 12:45:16.926,1.0934,1.09358,1.13,1.51
2011.09.02 12:45:17.057,1.0934,1.09358,1.13,3.01
2011.09.02 12:45:17.310,1.09344,1.09358,1.13,2.26
2011.09.02 12:45:17.678,1.09354,1.0937,1.50,2.25
2011.09.02 12:45:18.258,1.09362,1.09379,1.13,2.11
2011.09.02 12:45:18.383,1.09362,1.09379,1.13,2.10
2011.09.02 12:45:18.504,1.09363,1.0938,1.13,1.50
2011.09.02 12:45:18.864,1.09363,1.09381,3.75,1.50
2011.09.02 12:45:18.986,1.09369,1.09383,1.13,1.50
2011.09.02 12:45:19.116,1.0937,1.09385,1.50,1.89
2011.09.02 12:45:19.248,1.0937,1.09385,1.50,2.25
2011.09.02 12:45:19.377,1.09366,1.09385,3.00,1.50
2011.09.02 12:45:19.627,1.09366,1.09382,1.50,1.50
2011.09.02 12:45:20.204,1.09365,1.09381,1.88,1.50
2011.09.02 12:45:20.781,1.09365,1.09381,1.13,2.25
2011.09.02 12:45:21.284,1.09364,1.09381,2.25,1.50
2011.09.02 12:45:21.405,1.09365,1.09383,1.50,2.25
2011.09.02 12:45:21.758,1.09368,1.09384,2.25,1.50
2011.09.02 12:45:22.295,1.09368,1.09382,3.00,1.50
2011.09.02 12:45:22.437,1.09368,1.09385,1.88,1.51
2011.09.02 12:45:22.806,1.09367,1.09384,1.50,2.64
2011.09.02 12:45:23.172,1.09369,1.09385,1.50,1.50
2011.09.02 12:45:23.417,1.09366,1.09384,2.63,1.50
2011.09.02 12:45:23.545,1.09366,1.09383,1.88,2.25
2011.09.02 12:45:24.214,1.09367,1.09383,1.13,2.25
2011.09.02 12:45:24.589,1.09366,1.09379,1.50,1.50
2011.09.02 12:45:24.721,1.09366,1.09383,2.25,1.51
2011.09.02 12:45:25.213,1.09369,1.09383,4.88,1.50
2011.09.02 12:45:25.460,1.09374,1.09387,1.13,1.50
2011.09.02 12:45:25.588,1.09374,1.09387,1.13,1.50
2011.09.02 12:45:26.120,1.09375,1.09391,1.50,1.50
2011.09.02 12:45:26.247,1.09378,1.09394,1.13,2.26
2011.09.02 12:45:26.735,1.09376,1.09391,1.50,1.14
2011.09.02 12:45:27.107,1.09374,1.09391,1.13,1.51
2011.09.02 12:45:27.236,1.09374,1.09391,1.88,1.51
2011.09.02 12:45:27.366,1.09371,1.09385,1.13,1.50
2011.09.02 12:45:27.612,1.09371,1.09388,1.50,1.89
2011.09.02 12:45:28.211,1.09371,1.09387,1.13,1.51
2011.09.02 12:45:28.589,1.09388,1.09402,1.13,1.50
2011.09.02 12:45:28.715,1.09385,1.09402,1.13,1.51
2011.09.02 12:45:28.852,1.09386,1.09402,1.50,1.50
2011.09.02 12:45:29.213,1.09389,1.09407,1.88,3.76
2011.09.02 12:45:30.300,1.09393,1.09407,1.50,2.26
2011.09.02 12:45:30.429,1.09391,1.09408,1.88,2.11
2011.09.02 12:45:30.555,1.09391,1.09408,1.88,2.11
2011.09.02 12:45:30.923,1.09395,1.09408,1.50,1.36
2011.09.02 12:45:31.407,1.09387,1.09403,1.50,1.50
2011.09.02 12:45:31.536,1.09385,1.09401,1.13,1.50
2011.09.02 12:45:31.663,1.09385,1.09401,1.50,1.50
2011.09.02 12:45:32.306,1.09388,1.09402,1.13,1.35
2011.09.02 12:45:32.555,1.09389,1.09405,1.50,1.51
2011.09.02 12:45:32.917,1.09389,1.09405,1.13,1.89
2011.09.02 12:45:33.048,1.09387,1.09403,1.13,1.50
2011.09.02 12:45:33.295,1.09385,1.09401,1.13,1.50
2011.09.02 12:45:34.316,1.09386,1.09402,1.50,1.50
2011.09.02 12:45:34.814,1.09386,1.09402,1.50,1.50
2011.09.02 12:45:34.931,1.09386,1.09402,1.13,1.50
2011.09.02 12:45:35.053,1.09384,1.094,1.13,1.50
2011.09.02 12:45:35.173,1.09385,1.09401,1.13,1.50
2011.09.02 12:45:35.412,1.09385,1.09401,1.13,1.50
2011.09.02 12:45:35.772,1.09384,1.09399,1.50,1.50
2011.09.02 12:45:36.515,1.09384,1.09399,1.50,1.50
2011.09.02 12:45:36.643,1.09387,1.09401,1.13,1.50
2011.09.02 12:45:36.766,1.09392,1.09403,1.50,1.35
2011.09.02 12:45:36.892,1.09388,1.09401,1.50,1.50
2011.09.02 12:45:37.134,1.09391,1.09403,1.13,2.10
2011.09.02 12:45:37.733,1.09392,1.09403,1.88,1.35
2011.09.02 12:45:38.206,1.09391,1.09406,1.50,1.13
2011.09.02 12:45:38.726,1.09389,1.09403,1.13,1.35
2011.09.02 12:45:38.979,1.0939,1.09403,1.50,1.35
2011.09.02 12:45:39.116,1.09395,1.09409,1.50,2.25
2011.09.02 12:45:39.612,1.09393,1.0941,1.50,2.11
2011.09.02 12:45:39.990,1.09385,1.09393,1.50,1.35
2011.09.02 12:45:40.437,1.0938,1.09389,1.50,1.50
2011.09.02 12:45:40.578,1.09364,1.09377,1.50,1.13
2011.09.02 12:45:40.827,1.09363,1.09371,1.50,1.50
2011.09.02 12:45:41.075,1.09359,1.09374,1.13,1.50
2011.09.02 12:45:41.211,1.09367,1.09381,1.50,1.89
2011.09.02 12:45:41.340,1.09367,1.09381,1.88,1.51
2011.09.02 12:45:41.586,1.09367,1.09384,1.88,2.26
2011.09.02 12:45:42.184,1.09368,1.09384,1.13,1.51
2011.09.02 12:45:42.313,1.09369,1.09383,1.50,1.13
2011.09.02 12:45:42.442,1.09364,1.09377,1.50,1.13
2011.09.02 12:45:42.933,1.09363,1.0938,1.50,2.26
2011.09.02 12:45:43.176,1.09364,1.0938,1.50,1.51
2011.09.02 12:45:43.309,1.0937,1.09381,1.50,1.51
2011.09.02 12:45:43.438,1.0937,1.09381,1.50,1.57
2011.09.02 12:45:43.929,1.09364,1.09381,1.13,2.25
2011.09.02 12:45:44.097,1.09371,1.09388,1.88,2.25
2011.09.02 12:45:44.944,1.09374,1.09388,1.50,1.50
2011.09.02 12:45:45.064,1.09377,1.09392,1.50,1.51
2011.09.02 12:45:45.997,1.09377,1.09393,1.50,1.51
2011.09.02 12:45:46.132,1.09368,1.09384,1.50,1.50
2011.09.02 12:45:46.498,1.09369,1.09383,1.50,1.13
2011.09.02 12:45:46.628,1.09365,1.09383,1.50,1.88
2011.09.02 12:45:46.873,1.09363,1.0938,1.13,1.50
2011.09.02 12:45:46.998,1.09364,1.09381,1.13,2.25
2011.09.02 12:45:47.126,1.09363,1.0938,1.13,1.50
2011.09.02 12:45:47.376,1.0936,1.09377,1.88,1.50
2011.09.02 12:45:47.503,1.0936,1.09376,1.13,1.50
2011.09.02 12:45:48.143,1.09361,1.09378,1.13,1.50
2011.09.02 12:45:48.715,1.0936,1.09377,1.50,2.25
2011.09.02 12:45:50.851,1.09358,1.09374,1.13,1.51
2011.09.02 12:45:51.219,1.09353,1.09367,1.50,1.13
2011.09.02 12:45:51.586,1.0937,1.09382,1.50,1.51
2011.09.02 12:45:51.838,1.09376,1.09388,1.50,2.26
2011.09.02 12:45:52.085,1.09371,1.09388,1.50,1.51
2011.09.02 12:45:52.213,1.09372,1.09389,1.50,1.89
2011.09.02 12:45:52.553,1.09371,1.09388,1.50,2.26
2011.09.02 12:45:53.040,1.09374,1.0939,1.50,1.51
2011.09.02 12:45:53.757,1.09375,1.09392,1.50,1.51
2011.09.02 12:45:54.007,1.09376,1.09393,1.50,2.25
2011.09.02 12:45:54.135,1.09375,1.09391,1.88,1.50
2011.09.02 12:45:54.268,1.09377,1.09393,1.13,2.25
2011.09.02 12:45:54.516,1.09378,1.09395,1.13,1.50
2011.09.02 12:45:54.766,1.09372,1.09389,2.25,1.50
2011.09.02 12:45:55.492,1.09372,1.09388,2.25,1.50
2011.09.02 12:45:55.736,1.09362,1.09377,3.00,1.88
2011.09.02 12:45:55.870,1.09362,1.09371,2.25,1.50
2011.09.02 12:45:56.001,1.09354,1.09371,1.50,2.25
2011.09.02 12:45:56.134,1.09355,1.09372,1.50,1.50
2011.09.02 12:45:56.378,1.09355,1.09371,1.50,1.50
2011.09.02 12:45:57.005,1.09362,1.09376,1.50,2.25
2011.09.02 12:45:57.128,1.09362,1.09379,1.50,3.00
2011.09.02 12:45:57.495,1.09364,1.09379,1.13,2.25
2011.09.02 12:45:57.625,1.09364,1.0938,1.50,2.25
2011.09.02 12:45:58.358,1.09364,1.09381,1.50,1.50
2011.09.02 12:45:58.928,1.0937,1.09385,1.13,1.50
2011.09.02 12:45:59.175,1.09372,1.09385,1.50,1.50
2011.09.02 12:45:59.297,1.09372,1.09387,1.50,1.50
2011.09.02 12:45:59.424,1.09371,1.09387,1.50,1.50
2011.09.02 12:45:59.544,1.09373,1.09389,1.50,1.50
2011.09.02 12:45:59.662,1.09373,1.09389,1.50,1.50
2011.09.02 12:46:00.241,1.09371,1.09387,1.50,1.50
2011.09.02 12:46:01.276,1.09368,1.09385,1.50,2.25
2011.09.02 12:46:01.643,1.09368,1.09383,1.50,1.50
2011.09.02 12:46:02.346,1.09369,1.09385,1.88,3.00
2011.09.02 12:46:02.696,1.09369,1.09385,1.88,3.00
2011.09.02 12:46:02.944,1.09365,1.09382,1.88,2.63
2011.09.02 12:46:03.455,1.09362,1.0938,1.88,2.25
2011.09.02 12:46:03.949,1.09365,1.0938,1.50,1.50
2011.09.02 12:46:04.424,1.09365,1.09381,1.50,1.50
2011.09.02 12:46:04.543,1.09365,1.09382,2.25,2.25
2011.09.02 12:46:04.896,1.09369,1.09383,1.50,1.50
2011.09.02 12:46:05.023,1.09371,1.09382,1.50,1.50
2011.09.02 12:46:05.572,1.09365,1.09381,2.63,1.50
2011.09.02 12:46:06.483,1.09365,1.09381,2.63,1.50
2011.09.02 12:46:06.837,1.09368,1.09384,1.13,3.01
2011.09.02 12:46:06.969,1.09368,1.09384,1.88,1.51
2011.09.02 12:46:07.779,1.09369,1.09385,1.50,1.50
2011.09.02 12:46:08.184,1.0937,1.09386,1.50,2.10
2011.09.02 12:46:08.669,1.09368,1.09385,1.88,2.25
2011.09.02 12:46:09.045,1.09364,1.09382,2.25,1.50
2011.09.02 12:46:09.175,1.09365,1.09379,1.50,1.50
2011.09.02 12:46:09.307,1.09367,1.0938,1.50,2.85
2011.09.02 12:46:09.846,1.0937,1.09383,1.50,1.50
2011.09.02 12:46:09.974,1.09368,1.09383,1.13,1.50
2011.09.02 12:46:10.456,1.09369,1.09385,1.88,2.10
2011.09.02 12:46:10.828,1.09372,1.09385,1.88,1.35
2011.09.02 12:46:10.957,1.09372,1.09385,1.13,1.35
2011.09.02 12:46:11.542,1.0937,1.09384,1.13,1.50
2011.09.02 12:46:12.009,1.09368,1.09384,1.13,1.50
2011.09.02 12:46:12.252,1.09369,1.09385,1.50,2.85
2011.09.02 12:46:12.372,1.09368,1.09385,1.88,3.60
2011.09.02 12:46:12.733,1.09365,1.09381,1.50,1.13
2011.09.02 12:46:13.100,1.09362,1.09378,1.13,1.50
2011.09.02 12:46:13.695,1.09362,1.09379,1.50,1.50
2011.09.02 12:46:14.237,1.09362,1.0938,1.50,2.10
2011.09.02 12:46:14.611,1.09361,1.09377,1.50,1.88
2011.09.02 12:46:14.978,1.09358,1.09373,1.88,1.50
2011.09.02 12:46:15.356,1.09356,1.0937,1.50,1.50
2011.09.02 12:46:16.131,1.09365,1.09377,1.50,1.50
2011.09.02 12:46:16.254,1.09365,1.09379,1.50,1.50
2011.09.02 12:46:16.501,1.09366,1.09377,1.50,1.50
2011.09.02 12:46:17.100,1.09365,1.09377,1.50,1.50
2011.09.02 12:46:18.505,1.09371,1.09381,1.13,1.50
2011.09.02 12:46:18.876,1.09375,1.09383,1.88,1.50
2011.09.02 12:46:19.364,1.09377,1.09386,1.50,1.50
2011.09.02 12:46:19.610,1.09375,1.09386,1.88,1.50
2011.09.02 12:46:19.854,1.09375,1.09386,1.50,1.50
2011.09.02 12:46:20.701,1.0937,1.0938,1.50,2.25
2011.09.02 12:46:21.181,1.0937,1.09383,1.50,1.50
2011.09.02 12:46:21.761,1.0937,1.09382,1.50,1.50
2011.09.02 12:46:23.149,1.0937,1.09382,1.50,2.25
2011.09.02 12:46:23.753,1.09373,1.09387,1.88,1.50
2011.09.02 12:46:25.362,1.09374,1.09387,1.13,2.25
2011.09.02 12:46:25.985,1.09376,1.09386,1.13,1.50
2011.09.02 12:46:26.225,1.09376,1.09389,1.13,1.50
2011.09.02 12:46:26.343,1.09377,1.0939,1.50,1.50
2011.09.02 12:46:26.932,1.09377,1.0939,1.50,2.25
2011.09.02 12:46:27.167,1.09377,1.09388,1.50,1.50
2011.09.02 12:46:27.535,1.09377,1.09388,1.50,1.50
2011.09.02 12:46:27.667,1.09374,1.09388,1.50,1.50
2011.09.02 12:46:28.404,1.09374,1.09388,1.50,1.50
2011.09.02 12:46:28.536,1.09373,1.09386,1.50,1.50
2011.09.02 12:46:28.664,1.09372,1.09386,2.25,1.50
2011.09.02 12:46:28.787,1.09371,1.09383,1.50,1.50
2011.09.02 12:46:29.277,1.09369,1.09384,2.25,1.50
2011.09.02 12:46:29.644,1.09369,1.09386,2.63,1.50
2011.09.02 12:46:30.004,1.09368,1.09384,2.25,1.50
2011.09.02 12:46:30.126,1.09368,1.09382,1.50,1.50
2011.09.02 12:46:30.768,1.0937,1.09386,1.50,1.50
2011.09.02 12:46:30.900,1.09372,1.09386,1.50,1.50
2011.09.02 12:46:31.267,1.09369,1.09384,1.50,3.08
2011.09.02 12:46:31.634,1.09371,1.09384,1.50,1.50
2011.09.02 12:46:31.996,1.09371,1.0938,1.50,1.50
2011.09.02 12:46:32.362,1.09365,1.09377,1.50,1.50
2011.09.02 12:46:32.482,1.09364,1.09377,1.50,2.25
2011.09.02 12:46:32.603,1.09364,1.09375,1.50,1.50
2011.09.02 12:46:32.723,1.09364,1.09373,1.50,1.50
2011.09.02 12:46:33.269,1.09364,1.09375,1.50,1.50
2011.09.02 12:46:33.397,1.09363,1.09375,1.88,1.50
2011.09.02 12:46:34.001,1.09363,1.09376,1.50,1.13
2011.09.02 12:46:34.126,1.09361,1.09371,1.50,1.50
2011.09.02 12:46:34.376,1.09357,1.09369,1.13,1.50
2011.09.02 12:46:34.504,1.09358,1.09374,1.88,2.25
2011.09.02 12:46:34.622,1.09358,1.09374,1.88,2.25
2011.09.02 12:46:35.323,1.09359,1.09371,3.00,1.50
2011.09.02 12:46:35.451,1.09363,1.09376,1.50,1.50
2011.09.02 12:46:35.573,1.09363,1.09376,1.13,1.50
2011.09.02 12:46:36.176,1.09362,1.09378,1.50,2.25
2011.09.02 12:46:36.304,1.09361,1.09372,1.88,1.50
2011.09.02 12:46:36.663,1.09359,1.09372,1.50,1.50
2011.09.02 12:46:37.157,1.09362,1.09373,1.13,1.50
2011.09.02 12:46:37.292,1.09364,1.09377,1.50,2.25
2011.09.02 12:46:37.782,1.0936,1.09373,1.50,3.00
2011.09.02 12:46:38.145,1.09371,1.09376,1.50,1.50
2011.09.02 12:46:38.276,1.09376,1.09389,1.50,1.50
2011.09.02 12:46:38.405,1.09381,1.09389,2.63,1.50
2011.09.02 12:46:38.940,1.09385,1.09396,1.88,1.50
2011.09.02 12:46:39.078,1.09387,1.09399,2.25,2.25
2011.09.02 12:46:39.450,1.09387,1.09399,1.50,2.25
2011.09.02 12:46:40.053,1.09385,1.09399,2.63,2.25
2011.09.02 12:46:40.533,1.09384,1.09397,1.50,1.50
2011.09.02 12:46:40.987,1.09384,1.09396,1.50,1.50
2011.09.02 12:46:41.111,1.09381,1.09396,2.63,1.50
2011.09.02 12:46:41.232,1.09381,1.09396,2.63,1.50
2011.09.02 12:46:41.583,1.09386,1.09399,1.13,1.50
2011.09.02 12:46:41.703,1.09386,1.09399,1.50,1.50
2011.09.02 12:46:42.291,1.09389,1.094,1.13,2.25
2011.09.02 12:46:43.000,1.09391,1.094,1.13,2.25
2011.09.02 12:46:44.332,1.09391,1.094,1.13,2.25
2011.09.02 12:46:45.321,1.09387,1.094,1.13,1.50
2011.09.02 12:46:45.462,1.09387,1.09401,1.13,2.25
2011.09.02 12:46:45.586,1.09387,1.09401,1.13,2.25
2011.09.02 12:46:45.956,1.09389,1.09401,1.13,1.50
2011.09.02 12:46:46.206,1.09386,1.09401,4.13,1.50
2011.09.02 12:46:46.698,1.09392,1.09405,1.88,2.25
2011.09.02 12:46:46.823,1.09392,1.09405,1.88,2.25
2011.09.02 12:46:47.390,1.09391,1.09405,1.13,1.50
2011.09.02 12:46:47.639,1.09391,1.09402,1.13,1.50
2011.09.02 12:46:48.131,1.09391,1.094,1.13,6.23
2011.09.02 12:46:48.261,1.0938,1.09391,1.13,1.50
2011.09.02 12:46:48.402,1.09374,1.09388,1.50,1.13
2011.09.02 12:46:48.530,1.09373,1.09387,2.25,1.13
2011.09.02 12:46:48.660,1.0937,1.09387,1.13,1.50
2011.09.02 12:46:49.213,1.09374,1.09391,1.50,2.26
2011.09.02 12:46:49.807,1.09374,1.09391,1.88,2.26
2011.09.02 12:46:51.567,1.09373,1.09389,1.50,1.50
2011.09.02 12:46:51.693,1.09372,1.09389,1.50,1.50
2011.09.02 12:46:51.813,1.09372,1.0939,1.88,1.50
2011.09.02 12:46:51.938,1.09378,1.09395,1.13,2.25
2011.09.02 12:46:52.064,1.0938,1.09396,1.88,2.26
2011.09.02 12:46:52.189,1.09375,1.09395,1.50,2.25
2011.09.02 12:46:52.314,1.09372,1.09389,2.63,1.50
2011.09.02 12:46:52.435,1.09374,1.0939,1.88,1.50
2011.09.02 12:46:52.794,1.09374,1.09388,1.13,1.50
2011.09.02 12:46:53.033,1.0937,1.09386,2.25,1.50
2011.09.02 12:46:53.280,1.09374,1.09389,1.13,1.50
2011.09.02 12:46:53.834,1.09375,1.09389,1.13,1.50
2011.09.02 12:46:54.085,1.09376,1.09391,1.13,2.25
2011.09.02 12:46:54.680,1.09377,1.09392,1.50,1.50
2011.09.02 12:46:54.804,1.09377,1.09392,1.50,1.50
2011.09.02 12:46:54.927,1.09376,1.09392,1.13,2.25
2011.09.02 12:46:55.301,1.09387,1.09395,1.50,1.50
2011.09.02 12:46:55.427,1.09387,1.09398,1.50,1.50
2011.09.02 12:46:55.674,1.09387,1.09398,1.50,1.50
2011.09.02 12:46:56.164,1.09382,1.09396,2.25,1.88
2011.09.02 12:46:56.305,1.0938,1.09395,1.50,2.25
2011.09.02 12:46:56.444,1.09388,1.09397,1.13,1.50
2011.09.02 12:46:56.571,1.09388,1.09401,1.13,2.25
2011.09.02 12:46:56.822,1.09384,1.09401,1.88,3.00
2011.09.02 12:46:57.065,1.09385,1.094,1.50,1.50
2011.09.02 12:46:57.424,1.09388,1.094,1.13,1.50
2011.09.02 12:46:58.172,1.09389,1.094,1.50,1.50
2011.09.02 12:46:58.293,1.09389,1.09401,1.50,2.25
2011.09.02 12:46:59.257,1.09388,1.09401,1.13,2.25
2011.09.02 12:46:59.731,1.09388,1.09401,1.13,2.25
2011.09.02 12:47:00.723,1.09394,1.09401,1.50,1.50
2011.09.02 12:47:00.885,1.09396,1.09405,1.50,1.35
2011.09.02 12:47:01.007,1.09393,1.09405,1.50,1.35
2011.09.02 12:47:01.141,1.09392,1.09405,1.13,1.35
2011.09.02 12:47:01.271,1.09395,1.09405,1.13,2.10
2011.09.02 12:47:01.639,1.09403,1.0941,1.50,1.50
2011.09.02 12:47:02.564,1.09398,1.09411,1.50,7.35
2011.09.02 12:47:03.168,1.09398,1.09411,1.50,7.35
2011.09.02 12:47:03.526,1.09399,1.09411,1.50,2.10
2011.09.02 12:47:03.881,1.09399,1.09411,1.50,2.10
2011.09.02 12:47:04.127,1.094,1.09411,1.50,1.35
2011.09.02 12:47:04.258,1.09403,1.09411,1.50,7.35
2011.09.02 12:47:04.797,1.09401,1.09411,1.50,1.35
2011.09.02 12:47:04.920,1.09396,1.09411,1.50,7.73
2011.09.02 12:47:05.046,1.09396,1.0941,1.50,2.63
2011.09.02 12:47:05.292,1.09396,1.0941,1.50,2.63
2011.09.02 12:47:05.763,1.09398,1.0941,1.50,1.50
2011.09.02 12:47:06.010,1.09394,1.09407,1.50,2.10
2011.09.02 12:47:06.137,1.09392,1.09407,1.50,1.35
2011.09.02 12:47:06.879,1.09392,1.09406,1.50,2.10
2011.09.02 12:47:07.148,1.09391,1.09402,1.50,1.13
2011.09.02 12:47:07.277,1.0939,1.09403,1.13,1.13
2011.09.02 12:47:07.528,1.09388,1.09401,1.13,1.50
2011.09.02 12:47:07.656,1.09388,1.09401,1.88,1.88
2011.09.02 12:47:07.904,1.09387,1.09401,1.88,1.88
2011.09.02 12:47:08.146,1.09385,1.09398,1.50,1.13
2011.09.02 12:47:08.514,1.09383,1.09399,1.88,1.13
2011.09.02 12:47:09.165,1.09366,1.09378,1.50,1.88
2011.09.02 12:47:09.423,1.09359,1.09373,1.13,1.50
2011.09.02 12:47:09.553,1.09359,1.09376,1.13,1.51
2011.09.02 12:47:09.913,1.09364,1.09379,1.50,1.14
2011.09.02 12:47:10.511,1.09363,1.09379,1.13,1.50
2011.09.02 12:47:11.265,1.09363,1.09381,1.13,2.25
2011.09.02 12:47:11.393,1.09362,1.09379,1.88,1.50
2011.09.02 12:47:11.637,1.09363,1.09381,1.13,1.50
2011.09.02 12:47:13.043,1.09369,1.09382,1.50,1.50
2011.09.02 12:47:13.168,1.09371,1.09386,1.13,1.51
2011.09.02 12:47:13.297,1.09371,1.09386,2.25,1.50
2011.09.02 12:47:13.428,1.09371,1.09388,1.88,1.50
2011.09.02 12:47:14.039,1.09376,1.09393,1.88,1.50
2011.09.02 12:47:14.180,1.09375,1.09391,1.13,1.50
2011.09.02 12:47:15.021,1.09374,1.0939,1.88,1.50
2011.09.02 12:47:15.614,1.09374,1.0939,1.13,1.50
2011.09.02 12:47:16.986,1.09376,1.09393,1.50,2.25
2011.09.02 12:47:18.345,1.09378,1.09393,1.88,1.50
2011.09.02 12:47:18.466,1.09382,1.09398,1.13,1.51
2011.09.02 12:47:18.600,1.09384,1.094,1.50,1.50
2011.09.02 12:47:19.337,1.09382,1.09398,1.13,1.50
2011.09.02 12:47:19.467,1.09381,1.09397,1.13,1.50
2011.09.02 12:47:19.601,1.09379,1.09395,1.13,1.50
2011.09.02 12:47:19.964,1.0938,1.09397,1.13,1.50
2011.09.02 12:47:20.823,1.09381,1.09398,1.50,1.50
2011.09.02 12:47:22.023,1.09381,1.09399,1.88,1.50
2011.09.02 12:47:22.628,1.09383,1.094,1.88,2.25
2011.09.02 12:47:22.759,1.09384,1.09401,2.25,1.50
2011.09.02 12:47:22.886,1.09388,1.09404,1.13,2.26
2011.09.02 12:47:23.017,1.09389,1.09404,1.50,1.50
2011.09.02 12:47:23.389,1.09388,1.09402,1.50,1.50
2011.09.02 12:47:24.045,1.09386,1.09402,1.50,1.50
2011.09.02 12:47:24.407,1.09388,1.09401,1.50,1.50
2011.09.02 12:47:24.773,1.09391,1.09401,1.50,1.50
2011.09.02 12:47:25.635,1.09391,1.09402,1.50,1.35
2011.09.02 12:47:25.758,1.09388,1.09402,1.50,1.35
2011.09.02 12:47:26.023,1.09386,1.09402,1.50,1.35
2011.09.02 12:47:27.398,1.09384,1.09398,1.50,1.50
2011.09.02 12:47:27.643,1.09385,1.09398,1.50,1.50
2011.09.02 12:47:28.007,1.09379,1.09394,1.50,1.50
2011.09.02 12:47:28.136,1.09376,1.09393,1.69,1.50
2011.09.02 12:47:28.265,1.09376,1.09394,1.69,2.25
2011.09.02 12:47:28.845,1.09376,1.09393,2.44,2.25
2011.09.02 12:47:29.461,1.09373,1.09392,2.35,1.50
2011.09.02 12:47:29.590,1.09372,1.09388,2.25,1.13
2011.09.02 12:47:29.720,1.09368,1.09387,1.58,2.25
2011.09.02 12:47:30.314,1.09367,1.09384,1.95,1.50
2011.09.02 12:47:30.552,1.09368,1.09387,1.58,1.50
2011.09.02 12:47:31.435,1.09377,1.09394,1.50,1.13
2011.09.02 12:47:31.804,1.09377,1.09392,1.50,1.13
2011.09.02 12:47:32.382,1.09375,1.09391,1.50,1.50
2011.09.02 12:47:33.092,1.09377,1.09392,1.50,1.13
2011.09.02 12:47:33.911,1.0938,1.09395,1.50,1.50
2011.09.02 12:47:34.047,1.0938,1.09397,1.50,2.63
2011.09.02 12:47:34.753,1.0938,1.09397,1.50,1.88
2011.09.02 12:47:35.352,1.09381,1.09397,1.50,1.50
2011.09.02 12:47:35.834,1.0938,1.09395,1.50,1.13
2011.09.02 12:47:36.639,1.09386,1.09401,1.50,1.89
2011.09.02 12:47:36.770,1.09385,1.09401,1.50,1.14
2011.09.02 12:47:37.134,1.09383,1.094,2.25,1.50
2011.09.02 12:47:37.251,1.09383,1.09401,2.25,1.14
2011.09.02 12:47:38.724,1.09388,1.09404,1.50,2.11
2011.09.02 12:47:39.398,1.09398,1.09409,1.50,1.35
2011.09.02 12:47:39.542,1.09397,1.09411,1.50,1.50
2011.09.02 12:47:39.666,1.09397,1.09412,1.50,6.00
2011.09.02 12:47:40.037,1.09397,1.09412,1.50,6.75
2011.09.02 12:47:40.392,1.09397,1.0941,1.50,1.50
2011.09.02 12:47:40.895,1.09397,1.09408,1.50,1.50
2011.09.02 12:47:41.140,1.09393,1.09407,1.50,1.73
2011.09.02 12:47:41.611,1.09392,1.09405,1.50,1.50
2011.09.02 12:47:41.749,1.09386,1.09402,1.50,1.13
2011.09.02 12:47:41.876,1.09386,1.09404,1.50,2.11
2011.09.02 12:47:42.372,1.09393,1.09404,1.50,2.11
2011.09.02 12:47:42.500,1.0939,1.09405,1.13,1.50
2011.09.02 12:47:42.632,1.09391,1.09406,1.50,1.88
2011.09.02 12:47:42.883,1.09388,1.09404,2.25,2.10
2011.09.02 12:47:43.522,1.09391,1.09404,1.50,1.35
2011.09.02 12:47:43.766,1.09394,1.09404,1.50,1.35
2011.09.02 12:47:44.135,1.09395,1.09409,1.50,1.35
2011.09.02 12:47:44.841,1.09395,1.09408,1.50,1.35
2011.09.02 12:47:45.442,1.09395,1.0941,1.50,1.35
2011.09.02 12:47:46.215,1.09395,1.0941,1.50,1.35
2011.09.02 12:47:46.904,1.09394,1.0941,1.50,2.48
2011.09.02 12:47:47.026,1.09393,1.09408,1.50,1.35
2011.09.02 12:47:47.498,1.09393,1.09409,1.50,1.35
2011.09.02 12:47:47.629,1.09393,1.09407,1.50,1.13
2011.09.02 12:47:48.194,1.0939,1.09409,1.50,1.50
2011.09.02 12:47:48.677,1.09388,1.09407,1.50,1.88
2011.09.02 12:47:48.808,1.09388,1.09405,1.50,2.10
2011.09.02 12:47:49.056,1.09386,1.09402,1.50,1.50
2011.09.02 12:47:49.302,1.09385,1.09402,1.50,2.25
2011.09.02 12:47:49.425,1.09383,1.094,1.13,1.88
2011.09.02 12:47:49.781,1.09384,1.094,1.50,1.13
2011.09.02 12:47:50.028,1.09381,1.09397,1.50,1.13
2011.09.02 12:47:50.512,1.09381,1.09397,1.50,1.50
2011.09.02 12:47:50.763,1.09381,1.09397,1.50,1.13
2011.09.02 12:47:50.887,1.09381,1.09395,1.50,1.73
2011.09.02 12:47:51.377,1.09383,1.09399,2.25,3.01
2011.09.02 12:47:51.748,1.09379,1.09397,3.38,1.88
2011.09.02 12:47:51.880,1.09383,1.09399,1.50,1.51
2011.09.02 12:47:52.127,1.09383,1.094,1.50,1.89
2011.09.02 12:47:52.581,1.09383,1.094,1.50,1.14
2011.09.02 12:47:52.707,1.09384,1.09401,1.88,1.51
2011.09.02 12:47:53.074,1.0939,1.09404,1.50,1.13
2011.09.02 12:47:53.314,1.0939,1.09407,1.50,2.26
2011.09.02 12:47:53.434,1.09391,1.09407,1.50,1.50
2011.09.02 12:47:53.555,1.09391,1.09408,1.50,1.51
2011.09.02 12:47:53.902,1.09395,1.09409,1.50,1.14
2011.09.02 12:47:54.272,1.09388,1.09396,1.13,1.50
2011.09.02 12:47:54.802,1.09383,1.0939,1.50,2.85
2011.09.02 12:47:54.954,1.09356,1.0937,1.13,2.25
2011.09.02 12:47:55.085,1.09353,1.09365,2.25,1.50
2011.09.02 12:47:55.220,1.09353,1.09366,1.13,1.50
2011.09.02 12:47:55.351,1.09353,1.09366,1.88,1.50
2011.09.02 12:47:55.479,1.09353,1.09366,1.88,1.50
2011.09.02 12:47:55.609,1.09354,1.09371,1.88,1.51
2011.09.02 12:47:55.737,1.09356,1.09372,1.88,2.25
2011.09.02 12:47:56.443,1.09358,1.09372,1.50,1.50
2011.09.02 12:47:56.574,1.0936,1.09374,1.13,1.50
2011.09.02 12:47:56.710,1.09361,1.09374,3.00,1.50
2011.09.02 12:47:56.840,1.09366,1.09384,1.13,2.26
2011.09.02 12:47:57.087,1.09369,1.09386,1.50,2.26
2011.09.02 12:47:57.337,1.09369,1.09385,1.50,2.25
2011.09.02 12:47:57.709,1.09364,1.09382,2.25,1.50
2011.09.02 12:47:58.370,1.09365,1.09382,1.50,1.50
2011.09.02 12:47:58.981,1.09367,1.09383,1.88,1.51
2011.09.02 12:47:59.355,1.09377,1.09393,1.50,1.50
2011.09.02 12:47:59.605,1.09377,1.09395,1.50,2.26
2011.09.02 12:48:00.802,1.09378,1.09397,2.25,1.13
2011.09.02 12:48:00.941,1.09378,1.09396,3.00,1.13
2011.09.02 12:48:01.893,1.0938,1.09396,1.50,1.88
2011.09.02 12:48:03.651,1.09384,1.09397,1.13,1.88
2011.09.02 12:48:04.029,1.09384,1.09399,1.50,1.88
2011.09.02 12:48:04.154,1.09384,1.09397,1.50,1.50
2011.09.02 12:48:04.275,1.09384,1.094,2.25,1.13
2011.09.02 12:48:04.398,1.09384,1.09397,1.50,1.50
2011.09.02 12:48:04.767,1.09376,1.09388,1.50,1.50
2011.09.02 12:48:05.013,1.09377,1.09393,1.50,1.88
2011.09.02 12:48:05.136,1.09377,1.09391,1.50,1.50
2011.09.02 12:48:05.716,1.09374,1.09386,1.88,2.25
2011.09.02 12:48:06.219,1.09374,1.09388,1.13,1.50
2011.09.02 12:48:06.588,1.09374,1.09386,1.13,1.50
2011.09.02 12:48:07.185,1.09373,1.09385,1.50,1.50
2011.09.02 12:48:07.781,1.09373,1.09382,1.50,1.50
2011.09.02 12:48:07.906,1.09367,1.09378,1.50,1.50
2011.09.02 12:48:08.549,1.09367,1.0938,1.50,1.50
2011.09.02 12:48:08.671,1.09367,1.0938,1.13,1.50
2011.09.02 12:48:08.902,1.09367,1.09383,1.13,2.25
2011.09.02 12:48:09.258,1.09367,1.09383,2.63,1.50
2011.09.02 12:48:09.507,1.09371,1.09387,1.13,3.01
2011.09.02 12:48:09.853,1.09371,1.09387,1.13,1.51
2011.09.02 12:48:09.978,1.09373,1.0939,1.13,1.51
2011.09.02 12:48:10.103,1.09374,1.09392,1.50,2.64
2011.09.02 12:48:10.225,1.09375,1.09391,1.50,1.51
2011.09.02 12:48:10.833,1.09375,1.09392,1.50,1.89
2011.09.02 12:48:11.328,1.09377,1.09393,1.50,2.26
2011.09.02 12:48:11.594,1.09365,1.0938,1.50,1.13
2011.09.02 12:48:13.502,1.09353,1.0937,2.63,1.51
2011.09.02 12:48:13.625,1.09353,1.0937,1.50,2.26
2011.09.02 12:48:13.746,1.09352,1.09369,2.63,1.51
2011.09.02 12:48:14.102,1.09353,1.0937,1.50,1.51
2011.09.02 12:48:14.585,1.09353,1.0937,1.88,1.51
2011.09.02 12:48:14.830,1.09355,1.09371,1.50,1.50
2011.09.02 12:48:14.954,1.09356,1.09372,1.50,1.13
2011.09.02 12:48:15.419,1.09357,1.09374,1.13,1.50
2011.09.02 12:48:16.025,1.09359,1.09376,1.50,1.51
2011.09.02 12:48:17.461,1.0936,1.09376,1.13,1.51
2011.09.02 12:48:17.581,1.0936,1.09376,1.50,1.51
2011.09.02 12:48:18.161,1.09361,1.09377,1.88,1.50
2011.09.02 12:48:18.305,1.09364,1.09381,1.50,1.14
2011.09.02 12:48:18.543,1.09363,1.09381,2.25,1.13
2011.09.02 12:48:19.143,1.09363,1.0938,1.88,1.50
2011.09.02 12:48:19.507,1.09363,1.09382,2.63,1.14
2011.09.02 12:48:20.104,1.09365,1.09383,1.50,2.26
2011.09.02 12:48:20.684,1.09363,1.09377,1.88,1.50
2011.09.02 12:48:20.822,1.09368,1.09385,1.13,2.26
2011.09.02 12:48:21.186,1.09371,1.09388,1.13,1.51
2011.09.02 12:48:21.555,1.0937,1.09386,1.50,2.25
2011.09.02 12:48:21.677,1.0937,1.09388,1.50,1.51
2011.09.02 12:48:22.479,1.09378,1.09393,1.13,2.26
2011.09.02 12:48:22.724,1.09379,1.09395,3.00,1.51
2011.09.02 12:48:22.843,1.09379,1.09397,2.25,3.39
2011.09.02 12:48:22.964,1.09379,1.09397,2.25,3.39
2011.09.02 12:48:23.451,1.09379,1.09397,2.25,2.64
2011.09.02 12:48:23.583,1.09379,1.09395,1.88,1.50
2011.09.02 12:48:23.711,1.09379,1.09395,1.50,1.89
2011.09.02 12:48:23.837,1.09378,1.09394,1.50,1.51
2011.09.02 12:48:23.967,1.09376,1.09391,2.25,1.50
2011.09.02 12:48:24.488,1.09375,1.09389,1.50,2.25
2011.09.02 12:48:24.623,1.09371,1.09384,2.25,1.50
2011.09.02 12:48:24.747,1.0937,1.09384,1.88,2.25
2011.09.02 12:48:25.122,1.09367,1.09381,1.50,1.51
2011.09.02 12:48:25.249,1.09365,1.09381,2.63,1.51
2011.09.02 12:48:25.854,1.09364,1.09379,1.13,1.50
2011.09.02 12:48:25.975,1.09364,1.09377,1.13,1.50
2011.09.02 12:48:27.037,1.09358,1.09376,2.63,1.51
2011.09.02 12:48:27.404,1.0936,1.09376,1.13,1.51
2011.09.02 12:48:27.524,1.09361,1.09378,1.50,1.51
2011.09.02 12:48:28.124,1.09361,1.09377,1.13,2.26
2011.09.02 12:48:28.486,1.0936,1.09377,2.25,1.89
2011.09.02 12:48:29.057,1.09362,1.09377,1.50,1.89
2011.09.02 12:48:29.206,1.09357,1.09373,1.50,1.13
2011.09.02 12:48:29.336,1.09357,1.09372,1.50,1.14
2011.09.02 12:48:29.474,1.09352,1.09369,1.50,1.89
2011.09.02 12:48:29.836,1.0935,1.09366,2.25,2.25
2011.09.02 12:48:30.207,1.09346,1.0936,1.50,1.50
2011.09.02 12:48:30.341,1.09346,1.0936,1.50,1.50
2011.09.02 12:48:31.124,1.09345,1.09362,1.50,1.51
2011.09.02 12:48:31.246,1.09347,1.09362,1.50,1.51
2011.09.02 12:48:31.622,1.09348,1.09363,1.50,1.50
2011.09.02 12:48:32.122,1.0935,1.09366,1.13,1.51
2011.09.02 12:48:32.251,1.09357,1.09368,1.50,1.51
2011.09.02 12:48:32.737,1.09359,1.0937,1.50,1.51
2011.09.02 12:48:32.866,1.09359,1.09373,1.50,1.51
2011.09.02 12:48:33.393,1.09359,1.09375,1.50,1.51
2011.09.02 12:48:33.518,1.0937,1.09379,1.50,2.26
2011.09.02 12:48:33.645,1.09367,1.09382,1.50,1.51
2011.09.02 12:48:33.774,1.09367,1.09384,1.50,1.51
2011.09.02 12:48:34.133,1.09366,1.09381,1.50,1.50
2011.09.02 12:48:34.471,1.09366,1.09384,3.00,2.26
2011.09.02 12:48:35.064,1.09368,1.09384,1.50,3.01
2011.09.02 12:48:35.185,1.09369,1.09384,1.50,1.51
2011.09.02 12:48:35.318,1.0937,1.09385,1.50,1.51
2011.09.02 12:48:35.445,1.09368,1.09384,1.50,1.51
2011.09.02 12:48:36.069,1.09366,1.09383,1.50,1.50
2011.09.02 12:48:36.582,1.09366,1.09381,1.50,2.25
2011.09.02 12:48:36.952,1.09368,1.09384,1.13,2.26
2011.09.02 12:48:37.315,1.09369,1.09387,1.50,1.51
2011.09.02 12:48:37.914,1.09374,1.09391,1.13,2.26
2011.09.02 12:48:38.034,1.09374,1.09391,1.50,1.51
2011.09.02 12:48:38.617,1.09372,1.09389,1.50,1.51
2011.09.02 12:48:38.991,1.09377,1.09389,1.50,1.51
2011.09.02 12:48:39.366,1.09392,1.09402,1.50,1.59
2011.09.02 12:48:39.498,1.09392,1.09406,1.50,2.25
2011.09.02 12:48:39.744,1.09388,1.09404,2.25,2.25
2011.09.02 12:48:40.623,1.0939,1.09404,1.50,1.50
2011.09.02 12:48:41.092,1.0939,1.09405,1.50,1.50
2011.09.02 12:48:41.452,1.09386,1.094,1.50,1.50
2011.09.02 12:48:41.576,1.09386,1.09396,1.50,4.50
2011.09.02 12:48:41.714,1.09376,1.09389,1.43,1.50
2011.09.02 12:48:41.841,1.09373,1.09391,2.25,1.51
2011.09.02 12:48:42.210,1.09368,1.09376,1.50,1.88
2011.09.02 12:48:42.772,1.09351,1.09363,1.50,1.50
2011.09.02 12:48:43.013,1.09351,1.09364,1.50,1.50
2011.09.02 12:48:43.138,1.09358,1.0937,1.50,1.50
2011.09.02 12:48:43.268,1.09358,1.09371,1.50,2.25
2011.09.02 12:48:43.395,1.09359,1.0937,1.13,1.50
2011.09.02 12:48:43.982,1.09359,1.0937,1.88,1.50
2011.09.02 12:48:44.105,1.09362,1.09375,1.13,1.50
2011.09.02 12:48:44.694,1.09364,1.0938,1.50,1.50
2011.09.02 12:48:44.821,1.09364,1.09381,2.63,2.26
2011.09.02 12:48:45.308,1.09364,1.09383,2.25,2.48
2011.09.02 12:48:45.783,1.09365,1.09382,1.88,1.50
2011.09.02 12:48:46.315,1.09366,1.09383,1.50,1.35
2011.09.02 12:48:47.139,1.09368,1.09383,1.13,1.35
2011.09.02 12:48:47.833,1.09374,1.09385,1.50,1.50
2011.09.02 12:48:47.952,1.0937,1.09384,1.13,1.50
2011.09.02 12:48:48.073,1.09373,1.09389,2.25,1.51
2011.09.02 12:48:48.423,1.09373,1.09388,1.50,1.13
2011.09.02 12:48:49.024,1.09372,1.09389,1.50,2.64
2011.09.02 12:48:49.866,1.09372,1.09389,2.63,1.50
2011.09.02 12:48:49.935,1.09373,1.09388,1.50,1.13
2011.09.02 12:48:50.174,1.09372,1.09387,1.50,1.50
2011.09.02 12:48:50.996,1.09372,1.09389,1.50,1.14
2011.09.02 12:48:51.486,1.09373,1.09391,2.25,1.14
2011.09.02 12:48:52.066,1.09375,1.09391,2.25,1.14
2011.09.02 12:48:52.570,1.09375,1.09393,2.25,1.89
2011.09.02 12:48:52.701,1.09377,1.09393,1.50,1.13
2011.09.02 12:48:53.511,1.09375,1.09394,2.63,1.88
2011.09.02 12:48:54.094,1.09378,1.09394,1.50,1.88
2011.09.02 12:48:54.575,1.09377,1.09392,1.50,1.50
2011.09.02 12:48:54.818,1.09372,1.09388,2.18,1.13
2011.09.02 12:48:55.414,1.09372,1.09385,1.50,1.50
2011.09.02 12:48:55.653,1.09372,1.09385,1.50,2.25
2011.09.02 12:48:56.615,1.0937,1.09385,1.50,1.89
2011.09.02 12:48:57.243,1.09371,1.09387,2.25,1.14
2011.09.02 12:48:57.363,1.09371,1.09389,3.00,1.89
2011.09.02 12:48:57.911,1.09372,1.09389,1.50,1.89
2011.09.02 12:48:58.049,1.09378,1.09394,1.50,1.51
2011.09.02 12:48:58.541,1.09381,1.09394,1.88,1.50
2011.09.02 12:48:59.023,1.09383,1.09398,1.50,1.50
2011.09.02 12:48:59.611,1.09385,1.09398,1.50,1.50
2011.09.02 12:49:00.223,1.09384,1.09397,1.50,1.14
2011.09.02 12:49:00.358,1.09379,1.09389,1.50,1.50
2011.09.02 12:49:00.489,1.09371,1.09385,1.88,1.88
2011.09.02 12:49:00.739,1.09375,1.0939,1.13,1.51
2011.09.02 12:49:00.988,1.09375,1.09391,2.25,2.26
2011.09.02 12:49:01.476,1.09373,1.09387,1.13,1.88
2011.09.02 12:49:02.233,1.09374,1.09385,1.50,1.50
2011.09.02 12:49:02.596,1.09374,1.09388,1.50,1.50
2011.09.02 12:49:02.836,1.09373,1.09388,1.88,1.50
2011.09.02 12:49:03.206,1.09374,1.09391,1.50,3.01
2011.09.02 12:49:03.339,1.09378,1.09394,1.88,1.89
2011.09.02 12:49:03.942,1.09376,1.09391,1.88,1.51
2011.09.02 12:49:05.296,1.09378,1.09394,1.88,1.51
2011.09.02 12:49:06.139,1.09382,1.09394,1.50,1.14
2011.09.02 12:49:06.508,1.0938,1.09396,3.38,1.51
2011.09.02 12:49:07.185,1.09389,1.094,1.88,2.26
2011.09.02 12:49:07.653,1.09389,1.094,1.88,1.50
2011.09.02 12:49:08.254,1.09389,1.09403,1.88,1.50
2011.09.02 12:49:08.711,1.09389,1.09403,1.88,1.50
2011.09.02 12:49:08.836,1.09386,1.09402,1.13,1.88
2011.09.02 12:49:09.342,1.0939,1.094,1.50,1.50
2011.09.02 12:49:09.476,1.09388,1.09401,1.50,1.50
2011.09.02 12:49:09.604,1.0939,1.094,1.50,1.50
2011.09.02 12:49:09.724,1.09389,1.094,1.50,1.50
2011.09.02 12:49:10.296,1.0939,1.09401,2.25,1.13
2011.09.02 12:49:10.894,1.09391,1.09401,1.50,1.88
2011.09.02 12:49:11.373,1.09393,1.09402,1.50,1.50
2011.09.02 12:49:12.132,1.09392,1.09402,1.50,1.50
2011.09.02 12:49:12.941,1.09393,1.09402,1.50,1.50
2011.09.02 12:49:14.175,1.09391,1.09402,1.50,1.50
2011.09.02 12:49:14.534,1.09393,1.094,1.50,1.50
2011.09.02 12:49:14.777,1.09393,1.09406,1.50,2.10
2011.09.02 12:49:15.743,1.09402,1.09412,1.50,1.02
2011.09.02 12:49:15.866,1.09402,1.09415,2.25,2.09
2011.09.02 12:49:16.000,1.09403,1.09414,1.50,1.50
2011.09.02 12:49:16.130,1.09403,1.09414,2.25,1.50
2011.09.02 12:49:16.615,1.09405,1.09419,1.88,1.88
2011.09.02 12:49:16.735,1.09406,1.09419,5.25,1.88
2011.09.02 12:49:17.099,1.09409,1.09423,1.50,1.13
2011.09.02 12:49:17.230,1.09407,1.09422,1.50,1.13
2011.09.02 12:49:17.740,1.09408,1.09422,1.50,1.13
2011.09.02 12:49:18.095,1.09411,1.09423,1.50,1.50
2011.09.02 12:49:18.217,1.09409,1.09423,1.50,1.13
2011.09.02 12:49:18.705,1.09411,1.09423,1.50,1.13
2011.09.02 12:49:19.305,1.09408,1.09421,1.88,1.50
2011.09.02 12:49:19.440,1.09407,1.09417,1.50,1.13
2011.09.02 12:49:19.687,1.09403,1.09416,1.50,2.25
2011.09.02 12:49:19.811,1.09401,1.09416,1.50,2.25
2011.09.02 12:49:20.309,1.09404,1.09416,1.50,2.25
2011.09.02 12:49:20.683,1.09406,1.09421,1.50,3.00
2011.09.02 12:49:20.808,1.09406,1.09421,2.25,3.00
2011.09.02 12:49:21.299,1.09409,1.09424,1.50,1.50
2011.09.02 12:49:21.432,1.09412,1.09424,1.50,1.13
2011.09.02 12:49:21.793,1.09413,1.09425,1.50,1.13
2011.09.02 12:49:22.157,1.09413,1.09422,1.50,1.13
2011.09.02 12:49:22.749,1.09407,1.09422,1.50,2.25
2011.09.02 12:49:22.878,1.09407,1.09422,2.25,1.50
2011.09.02 12:49:23.126,1.09407,1.09421,2.25,3.00
2011.09.02 12:49:23.604,1.09406,1.09418,1.50,1.13
2011.09.02 12:49:23.842,1.09406,1.09418,1.50,1.13
2011.09.02 12:49:25.337,1.09407,1.09418,1.50,1.13
2011.09.02 12:49:25.587,1.09405,1.09416,1.50,1.13
2011.09.02 12:49:26.643,1.09403,1.09415,1.50,1.13
2011.09.02 12:49:27.313,1.09404,1.09415,2.25,1.13
2011.09.02 12:49:27.880,1.09404,1.09419,2.25,2.25
2011.09.02 12:49:28.631,1.09404,1.0942,2.25,1.50
2011.09.02 12:49:31.026,1.09403,1.09417,1.50,1.50
2011.09.02 12:49:31.162,1.09401,1.09412,1.50,1.88
2011.09.02 12:49:31.531,1.09409,1.09418,1.88,1.50
2011.09.02 12:49:31.668,1.09416,1.09427,1.88,2.25
2011.09.02 12:49:31.803,1.0942,1.0943,1.13,1.50
2011.09.02 12:49:32.401,1.09419,1.09433,2.25,1.50
2011.09.02 12:49:32.555,1.09415,1.09429,1.50,1.13
2011.09.02 12:49:33.154,1.09415,1.0943,1.50,2.64
2011.09.02 12:49:33.272,1.09414,1.0943,2.25,3.39
2011.09.02 12:49:33.874,1.09415,1.0943,1.13,1.50
2011.09.02 12:49:33.998,1.09417,1.09431,1.50,1.14
2011.09.02 12:49:34.593,1.09415,1.09431,2.63,1.14
2011.09.02 12:49:35.192,1.09416,1.09432,1.88,1.14
2011.09.02 12:49:35.673,1.09416,1.09431,1.50,2.25
2011.09.02 12:49:35.794,1.09415,1.09431,2.25,2.25
2011.09.02 12:49:36.371,1.09414,1.09428,1.50,1.13
2011.09.02 12:49:36.733,1.09413,1.09427,1.50,1.50
2011.09.02 12:49:37.185,1.09411,1.09425,1.50,1.88
2011.09.02 12:49:37.321,1.09413,1.09425,1.50,1.13
2011.09.02 12:49:37.447,1.09413,1.09425,1.50,1.88
2011.09.02 12:49:37.926,1.0941,1.09425,1.13,1.50
2011.09.02 12:49:38.052,1.09412,1.09425,1.13,1.50
2011.09.02 12:49:38.643,1.09412,1.09425,1.13,1.50
2011.09.02 12:49:39.005,1.09408,1.09421,1.50,1.13
2011.09.02 12:49:39.127,1.09407,1.09417,1.88,1.50
2011.09.02 12:49:39.609,1.09408,1.09417,1.50,1.50
2011.09.02 12:49:39.742,1.09409,1.09418,1.50,1.50
2011.09.02 12:49:39.868,1.09408,1.09417,1.50,1.13
2011.09.02 12:49:40.123,1.09404,1.09413,1.50,1.60
2011.09.02 12:49:40.248,1.09404,1.09413,1.50,1.50
2011.09.02 12:49:40.373,1.09397,1.09413,2.63,1.50
2011.09.02 12:49:40.500,1.09403,1.09413,1.50,1.50
2011.09.02 12:49:40.753,1.09395,1.09408,1.50,1.50
2011.09.02 12:49:40.877,1.09394,1.09404,1.50,3.00
2011.09.02 12:49:41.613,1.0938,1.09393,1.50,1.13
2011.09.02 12:49:41.879,1.09381,1.09395,1.13,1.88
2011.09.02 12:49:42.245,1.09381,1.09391,1.13,1.50
2011.09.02 12:49:42.486,1.09383,1.09391,1.13,1.50
2011.09.02 12:49:42.625,1.09384,1.09392,1.13,1.50
2011.09.02 12:49:42.998,1.09385,1.09393,1.13,1.50
2011.09.02 12:49:43.994,1.09385,1.09396,1.13,1.50
2011.09.02 12:49:44.114,1.09385,1.09398,1.13,1.50
2011.09.02 12:49:44.232,1.09385,1.09398,1.13,1.50
2011.09.02 12:49:45.744,1.09385,1.09398,1.88,1.50
2011.09.02 12:49:45.861,1.09386,1.09398,1.50,1.50
2011.09.02 12:49:46.476,1.09383,1.09398,2.25,2.25
2011.09.02 12:49:47.073,1.09383,1.09398,1.88,1.50
2011.09.02 12:49:47.674,1.09383,1.09396,1.13,1.50
2011.09.02 12:49:48.267,1.09384,1.09398,1.13,2.25
2011.09.02 12:49:48.764,1.09384,1.09396,1.13,1.50
2011.09.02 12:49:49.146,1.09383,1.09389,1.13,1.50
2011.09.02 12:49:49.743,1.09386,1.09392,1.50,1.50
2011.09.02 12:49:50.111,1.09388,1.09399,1.50,1.50
2011.09.02 12:49:50.237,1.09388,1.09398,1.13,1.50
2011.09.02 12:49:50.366,1.09386,1.09398,1.50,1.50
2011.09.02 12:49:51.347,1.09387,1.094,1.13,1.50
2011.09.02 12:49:51.482,1.09384,1.09398,2.63,1.50
2011.09.02 12:49:51.613,1.09383,1.09394,1.13,1.50
2011.09.02 12:49:51.974,1.0938,1.09394,1.50,1.50
2011.09.02 12:49:52.093,1.09377,1.09394,2.25,2.25
2011.09.02 12:49:52.213,1.09379,1.09394,1.13,2.25
2011.09.02 12:49:53.931,1.09379,1.09394,1.13,1.88
2011.09.02 12:49:55.057,1.09379,1.09395,3.00,2.64
2011.09.02 12:49:55.418,1.09377,1.09391,1.50,1.50
2011.09.02 12:49:56.130,1.09376,1.09391,2.25,3.00
2011.09.02 12:49:56.499,1.09376,1.0939,1.13,1.51
2011.09.02 12:49:57.229,1.09374,1.09389,3.00,2.25
2011.09.02 12:49:57.594,1.09372,1.09385,3.00,1.50
2011.09.02 12:49:58.634,1.0937,1.09384,3.00,1.50
2011.09.02 12:49:58.758,1.0937,1.09384,1.13,1.88
2011.09.02 12:49:59.125,1.09368,1.0938,2.25,1.50
2011.09.02 12:49:59.596,1.09368,1.09381,2.25,2.25
2011.09.02 12:49:59.712,1.09368,1.09381,2.25,2.25
2011.09.02 12:50:00.438,1.09365,1.09379,2.25,1.50
2011.09.02 12:50:01.069,1.09363,1.09379,3.00,2.63
2011.09.02 12:50:01.555,1.09363,1.09379,1.13,2.64
2011.09.02 12:50:02.144,1.09363,1.09378,1.13,1.51
2011.09.02 12:50:03.355,1.09363,1.09378,1.50,1.89
2011.09.02 12:50:05.148,1.0936,1.09375,1.13,1.50
2011.09.02 12:50:05.279,1.09362,1.09375,1.50,1.50
2011.09.02 12:50:06.764,1.09362,1.09375,1.88,1.50
2011.09.02 12:50:08.315,1.09363,1.09377,1.88,2.25
2011.09.02 12:50:08.804,1.09361,1.09375,1.13,1.50
2011.09.02 12:50:09.382,1.09358,1.09374,2.25,1.50
2011.09.02 12:50:09.972,1.09358,1.09375,2.25,3.38
2011.09.02 12:50:10.547,1.09358,1.09374,2.25,1.88
2011.09.02 12:50:11.123,1.09358,1.09374,2.25,1.13
2011.09.02 12:50:11.931,1.09358,1.0937,1.50,1.50
2011.09.02 12:50:12.189,1.09358,1.09374,1.50,1.89
2011.09.02 12:50:12.431,1.09356,1.09371,1.50,1.50
2011.09.02 12:50:12.795,1.0935,1.09364,1.13,1.88
2011.09.02 12:50:13.034,1.09351,1.09367,1.50,2.25
2011.09.02 12:50:13.276,1.09352,1.09368,1.88,1.14
2011.09.02 12:50:13.399,1.09352,1.09369,1.50,2.63
2011.09.02 12:50:13.767,1.09354,1.09368,2.25,2.25
2011.09.02 12:50:14.314,1.09355,1.09371,1.50,2.25
2011.09.02 12:50:14.431,1.09355,1.09371,1.50,2.25
2011.09.02 12:50:15.384,1.09352,1.0937,3.00,1.50
2011.09.02 12:50:16.190,1.09355,1.09371,1.50,2.25
2011.09.02 12:50:16.549,1.09352,1.09367,1.13,1.50
2011.09.02 12:50:16.901,1.09351,1.09363,1.50,1.50
2011.09.02 12:50:17.025,1.09351,1.09366,1.50,1.50
2011.09.02 12:50:17.262,1.09351,1.09367,1.50,1.50
2011.09.02 12:50:17.492,1.09351,1.09367,3.00,1.50
2011.09.02 12:50:18.053,1.09351,1.09364,1.50,1.13
2011.09.02 12:50:18.192,1.09351,1.09366,1.50,2.63
2011.09.02 12:50:18.437,1.09348,1.09364,2.63,1.13
2011.09.02 12:50:19.810,1.09348,1.09364,2.63,1.88
2011.09.02 12:50:20.174,1.0935,1.09359,1.50,1.50
2011.09.02 12:50:20.296,1.09348,1.09359,1.50,1.50
2011.09.02 12:50:20.422,1.09349,1.0936,1.50,1.13
2011.09.02 12:50:20.830,1.09351,1.0936,1.50,1.13
2011.09.02 12:50:20.957,1.09349,1.09361,1.50,1.13
2011.09.02 12:50:21.203,1.09352,1.09361,1.50,1.13
2011.09.02 12:50:22.004,1.0935,1.09364,1.50,1.36
2011.09.02 12:50:22.121,1.0935,1.09364,1.50,1.51
2011.09.02 12:50:22.243,1.09352,1.09365,1.50,1.14
2011.09.02 12:50:23.064,1.09352,1.09362,1.50,2.25
2011.09.02 12:50:23.187,1.09346,1.0936,1.13,2.64
2011.09.02 12:50:23.317,1.09342,1.09358,1.50,1.89
2011.09.02 12:50:23.445,1.09344,1.09358,1.13,1.14
2011.09.02 12:50:23.935,1.09341,1.09353,1.50,1.50
2011.09.02 12:50:24.073,1.09336,1.09351,1.13,1.50
2011.09.02 12:50:24.199,1.09335,1.09347,1.50,1.13
2011.09.02 12:50:24.461,1.09328,1.09345,1.13,1.14
2011.09.02 12:50:24.590,1.09328,1.09344,1.13,1.89
2011.09.02 12:50:24.718,1.09326,1.09335,2.25,1.88
2011.09.02 12:50:25.087,1.09324,1.09332,1.50,1.50
2011.09.02 12:50:25.224,1.09315,1.0933,2.25,1.13
2011.09.02 12:50:25.718,1.09315,1.0933,1.50,1.13
2011.09.02 12:50:25.868,1.09321,1.09335,1.88,1.88
2011.09.02 12:50:26.116,1.0932,1.09334,1.50,1.50
2011.09.02 12:50:26.481,1.0932,1.09334,1.50,1.50
2011.09.02 12:50:26.967,1.09317,1.09331,1.88,1.88
2011.09.02 12:50:27.826,1.09318,1.09333,1.13,1.50
2011.09.02 12:50:27.966,1.09323,1.09335,1.50,1.51
2011.09.02 12:50:28.336,1.0932,1.09333,1.50,1.13
2011.09.02 12:50:28.471,1.09319,1.09333,1.88,1.88
2011.09.02 12:50:29.412,1.09317,1.09331,2.25,1.50
2011.09.02 12:50:29.895,1.09315,1.09328,1.50,2.25
2011.09.02 12:50:30.701,1.09316,1.0933,1.13,1.88
2011.09.02 12:50:31.068,1.09317,1.09331,2.25,1.50
2011.09.02 12:50:31.683,1.0932,1.09334,1.50,1.35
2011.09.02 12:50:31.804,1.0932,1.09334,1.50,2.10
2011.09.02 12:50:32.287,1.0932,1.09334,1.13,1.73
2011.09.02 12:50:32.658,1.09321,1.09334,1.50,1.73
2011.09.02 12:50:33.235,1.09326,1.0934,1.50,2.10
2011.09.02 12:50:33.595,1.0933,1.09343,1.88,1.50
2011.09.02 12:50:33.961,1.09339,1.09353,1.13,1.89
2011.09.02 12:50:34.329,1.09345,1.09357,1.13,2.25
2011.09.02 12:50:34.988,1.09345,1.09358,1.50,1.50
2011.09.02 12:50:35.238,1.09343,1.09354,1.50,1.13
2011.09.02 12:50:35.365,1.09342,1.09355,1.88,1.50
2011.09.02 12:50:35.847,1.09341,1.09357,1.50,3.75
2011.09.02 12:50:35.978,1.09339,1.09352,1.50,1.50
2011.09.02 12:50:36.228,1.09335,1.09351,3.00,2.25
2011.09.02 12:50:36.358,1.09335,1.09351,1.50,3.00
2011.09.02 12:50:37.136,1.09332,1.09345,1.50,1.50
2011.09.02 12:50:37.502,1.09323,1.0933,1.50,1.13
2011.09.02 12:50:37.634,1.09314,1.09329,1.50,3.00
2011.09.02 12:50:38.001,1.09311,1.09327,1.50,1.50
2011.09.02 12:50:38.128,1.09311,1.09325,1.50,1.13
2011.09.02 12:50:38.257,1.09311,1.09321,2.25,1.13
2011.09.02 12:50:38.883,1.0931,1.0932,1.50,2.10
2011.09.02 12:50:39.030,1.093,1.09306,2.25,1.50
2011.09.02 12:50:39.164,1.09292,1.09305,1.50,1.13
2011.09.02 12:50:39.524,1.09294,1.09304,1.50,1.13
2011.09.02 12:50:39.887,1.09283,1.09299,1.50,2.64
2011.09.02 12:50:40.262,1.09282,1.09297,1.50,1.50
2011.09.02 12:50:40.739,1.09282,1.09295,1.50,1.14
2011.09.02 12:50:41.115,1.09284,1.09295,1.50,1.14
2011.09.02 12:50:41.235,1.09282,1.09295,1.50,1.14
2011.09.02 12:50:41.479,1.09282,1.09293,1.50,1.50
2011.09.02 12:50:41.611,1.09279,1.09293,1.88,1.50
2011.09.02 12:50:41.858,1.09275,1.09292,2.25,1.51
2011.09.02 12:50:42.347,1.09279,1.09294,1.50,1.89
2011.09.02 12:50:43.017,1.09277,1.09294,1.88,3.39
2011.09.02 12:50:43.628,1.09275,1.09292,3.75,1.50
2011.09.02 12:50:44.101,1.09275,1.09291,1.88,1.50
2011.09.02 12:50:44.460,1.09275,1.09292,1.50,1.50
2011.09.02 12:50:44.586,1.09277,1.09293,1.50,1.13
2011.09.02 12:50:44.840,1.09286,1.09296,1.50,1.50
2011.09.02 12:50:45.364,1.0929,1.09303,2.25,1.50
2011.09.02 12:50:45.627,1.09293,1.09305,1.50,1.50
2011.09.02 12:50:46.453,1.09293,1.09305,1.50,1.13
2011.09.02 12:50:46.576,1.09294,1.09308,1.13,1.50
2011.09.02 12:50:46.703,1.09296,1.0931,1.50,1.13
2011.09.02 12:50:46.823,1.09298,1.09313,2.25,1.50
2011.09.02 12:50:47.064,1.09297,1.09311,1.13,1.13
2011.09.02 12:50:47.543,1.09297,1.09311,1.13,1.13
2011.09.02 12:50:47.804,1.09296,1.09312,1.50,1.88
2011.09.02 12:50:47.935,1.09298,1.09312,2.63,1.13
2011.09.02 12:50:48.538,1.09305,1.09315,1.50,1.50
2011.09.02 12:50:49.027,1.09307,1.09316,1.50,1.50
2011.09.02 12:50:49.613,1.0931,1.0932,1.50,1.50
2011.09.02 12:50:49.961,1.09307,1.09322,1.50,1.51
2011.09.02 12:50:50.206,1.09306,1.09323,1.50,2.26
2011.09.02 12:50:51.031,1.09306,1.09323,1.50,3.01
2011.09.02 12:50:51.383,1.09301,1.09312,1.50,4.50
2011.09.02 12:50:52.136,1.09288,1.09295,1.50,1.89
2011.09.02 12:50:52.279,1.09276,1.09291,2.25,1.50
2011.09.02 12:50:52.412,1.09272,1.09284,3.00,1.50
2011.09.02 12:50:52.787,1.09275,1.09284,1.50,1.13
2011.09.02 12:50:53.373,1.09277,1.09288,1.50,2.26
2011.09.02 12:50:54.292,1.09277,1.09288,1.50,1.89
2011.09.02 12:50:54.887,1.09277,1.09287,1.50,2.86
2011.09.02 12:50:55.020,1.09274,1.09287,1.50,3.24
2011.09.02 12:50:55.634,1.09274,1.09284,1.50,1.13
2011.09.02 12:50:55.994,1.0927,1.09282,1.50,1.50
2011.09.02 12:50:56.621,1.09276,1.09289,1.50,2.10
2011.09.02 12:50:57.110,1.09276,1.09292,1.50,1.88
2011.09.02 12:50:57.237,1.09279,1.09292,2.25,1.50
2011.09.02 12:50:57.374,1.09279,1.09293,3.00,1.50
2011.09.02 12:50:57.858,1.09283,1.09296,1.13,2.25
2011.09.02 12:50:57.988,1.09285,1.09296,1.50,1.50
2011.09.02 12:50:58.762,1.09286,1.09296,1.88,1.50
2011.09.02 12:50:58.894,1.09292,1.09304,2.25,2.25
2011.09.02 12:50:59.141,1.09294,1.09306,1.50,1.50
2011.09.02 12:50:59.510,1.09297,1.0931,1.13,1.50
2011.09.02 12:50:59.638,1.09297,1.09311,1.50,1.50
2011.09.02 12:51:00.105,1.09297,1.09312,1.50,1.50
2011.09.02 12:51:00.230,1.09301,1.09314,1.13,1.51
2011.09.02 12:51:00.942,1.09302,1.09316,1.50,2.25
2011.09.02 12:51:01.074,1.09299,1.09314,1.50,1.50
2011.09.02 12:51:01.320,1.09302,1.09314,2.25,1.50
2011.09.02 12:51:01.584,1.09306,1.0932,1.88,2.25
2011.09.02 12:51:01.832,1.09306,1.09319,1.50,1.50
2011.09.02 12:51:02.077,1.09305,1.09321,1.50,1.14
2011.09.02 12:51:02.446,1.09307,1.09322,1.88,1.14
2011.09.02 12:51:03.341,1.09307,1.09322,1.50,1.51
2011.09.02 12:51:03.595,1.09305,1.09317,1.13,1.50
2011.09.02 12:51:03.715,1.09301,1.09319,3.75,1.13
2011.09.02 12:51:03.837,1.09304,1.09319,1.50,1.14
2011.09.02 12:51:04.324,1.09305,1.09321,1.50,2.26
2011.09.02 12:51:05.271,1.09307,1.09323,1.13,2.64
2011.09.02 12:51:06.154,1.09306,1.09319,1.50,4.50
2011.09.02 12:51:06.275,1.09304,1.0932,1.50,2.25
2011.09.02 12:51:06.394,1.09303,1.0932,2.25,2.25
2011.09.02 12:51:06.743,1.09305,1.0932,1.50,1.50
2011.09.02 12:51:06.862,1.09305,1.09322,1.50,2.26
2011.09.02 12:51:10.475,1.09305,1.0932,1.50,1.51
2011.09.02 12:51:10.596,1.09302,1.09316,1.13,1.13
2011.09.02 12:51:11.195,1.09299,1.09315,1.50,1.50
2011.09.02 12:51:11.436,1.09299,1.09314,1.50,1.13
2011.09.02 12:51:11.898,1.09296,1.09311,1.50,1.13
2011.09.02 12:51:12.514,1.09297,1.09312,1.13,1.89
2011.09.02 12:51:12.987,1.09297,1.0931,1.13,1.51
2011.09.02 12:51:13.113,1.09297,1.0931,1.13,1.51
2011.09.02 12:51:13.235,1.09299,1.0931,1.50,1.51
2011.09.02 12:51:14.047,1.09298,1.0931,1.50,1.51
2011.09.02 12:51:14.882,1.09297,1.09309,1.50,1.14
2011.09.02 12:51:15.247,1.09296,1.09309,1.50,1.14
2011.09.02 12:51:15.376,1.09295,1.09309,1.50,1.89
2011.09.02 12:51:15.990,1.09291,1.09307,1.88,2.26
2011.09.02 12:51:16.354,1.09289,1.09305,1.13,3.39
2011.09.02 12:51:16.474,1.09289,1.09305,1.13,2.64
2011.09.02 12:51:17.254,1.09289,1.09304,1.13,1.14
2011.09.02 12:51:17.381,1.09284,1.09301,1.50,1.51
2011.09.02 12:51:17.509,1.09283,1.09297,1.50,1.14
2011.09.02 12:51:17.882,1.09277,1.09293,1.88,2.63
2011.09.02 12:51:18.009,1.09277,1.09289,1.13,1.50
2011.09.02 12:51:19.834,1.09277,1.09289,1.50,1.50
2011.09.02 12:51:20.535,1.09275,1.09289,2.63,1.50
2011.09.02 12:51:20.904,1.09271,1.09286,1.50,1.13
2011.09.02 12:51:21.029,1.09271,1.09287,3.00,2.25
2011.09.02 12:51:21.370,1.09275,1.09289,1.50,3.01
2011.09.02 12:51:21.908,1.09275,1.09289,1.50,1.50
2011.09.02 12:51:22.037,1.09276,1.09291,2.25,1.50
2011.09.02 12:51:22.514,1.09274,1.09289,1.13,1.50
2011.09.02 12:51:22.995,1.09273,1.0929,1.50,1.88
2011.09.02 12:51:23.233,1.09272,1.09288,1.50,1.50
2011.09.02 12:51:23.584,1.09274,1.09288,1.50,1.50
2011.09.02 12:51:24.198,1.09277,1.09291,1.13,1.50
2011.09.02 12:51:24.330,1.09279,1.09293,1.50,1.50
2011.09.02 12:51:24.701,1.09291,1.09306,1.13,1.13
2011.09.02 12:51:25.302,1.09286,1.09301,1.50,1.13
2011.09.02 12:51:25.429,1.09285,1.09299,1.50,1.50
2011.09.02 12:51:26.364,1.09285,1.09299,1.13,1.50
2011.09.02 12:51:27.554,1.09285,1.09299,1.88,1.50
2011.09.02 12:51:28.141,1.09285,1.09299,1.50,1.50
2011.09.02 12:51:29.572,1.09284,1.093,2.25,1.50
2011.09.02 12:51:29.933,1.09288,1.09303,1.50,2.25
2011.09.02 12:51:30.941,1.09288,1.09302,1.50,1.50
2011.09.02 12:51:31.298,1.0929,1.09303,1.50,1.50
2011.09.02 12:51:31.811,1.09289,1.09303,1.50,1.50
2011.09.02 12:51:32.523,1.09288,1.093,1.50,1.50
2011.09.02 12:51:32.649,1.09286,1.093,1.88,1.50
2011.09.02 12:51:34.204,1.09283,1.09292,1.50,1.50
2011.09.02 12:51:34.565,1.09276,1.09291,1.13,1.14
2011.09.02 12:51:34.685,1.09274,1.09288,1.50,1.50
2011.09.02 12:51:35.051,1.09274,1.0929,2.25,1.13
2011.09.02 12:51:35.299,1.09274,1.09288,1.50,1.50
2011.09.02 12:51:35.887,1.09274,1.09288,1.50,2.25
2011.09.02 12:51:36.018,1.09274,1.09289,1.50,1.50
2011.09.02 12:51:36.146,1.09274,1.09286,1.50,1.50
2011.09.02 12:51:36.284,1.0927,1.09284,1.50,1.50
2011.09.02 12:51:36.409,1.09271,1.09285,2.25,1.50
2011.09.02 12:51:36.653,1.09272,1.09286,1.50,1.50
2011.09.02 12:51:37.480,1.09273,1.09285,1.50,1.50
2011.09.02 12:51:37.603,1.09273,1.09289,2.25,2.25
2011.09.02 12:51:38.193,1.09269,1.09284,2.25,1.50
2011.09.02 12:51:38.319,1.0927,1.09286,1.50,1.50
2011.09.02 12:51:38.454,1.09269,1.09284,2.25,1.50
2011.09.02 12:51:39.643,1.09271,1.09287,2.25,1.88
2011.09.02 12:51:40.127,1.09272,1.09289,2.25,2.25
2011.09.02 12:51:40.805,1.09272,1.09286,1.50,1.13
2011.09.02 12:51:41.066,1.09277,1.09291,1.50,1.51
2011.09.02 12:51:41.317,1.09274,1.09289,3.00,1.50
2011.09.02 12:51:41.904,1.09276,1.0929,1.50,1.50
2011.09.02 12:51:42.493,1.09276,1.09291,1.50,1.13
2011.09.02 12:51:42.738,1.09279,1.09293,1.50,3.01
2011.09.02 12:51:43.594,1.09281,1.09294,1.13,1.50
2011.09.02 12:51:44.183,1.09281,1.09294,1.50,1.50
2011.09.02 12:51:44.886,1.09281,1.09295,3.00,2.25
2011.09.02 12:51:46.037,1.09281,1.09295,1.50,1.50
2011.09.02 12:51:46.582,1.09281,1.09295,3.00,1.50
2011.09.02 12:51:46.952,1.09285,1.09297,2.25,1.50
2011.09.02 12:51:47.073,1.09285,1.09299,2.25,2.25
2011.09.02 12:51:47.432,1.09281,1.09298,3.00,1.50
2011.09.02 12:51:48.795,1.09284,1.09298,2.25,1.50
2011.09.02 12:51:49.383,1.09286,1.09299,2.25,1.50
2011.09.02 12:51:49.737,1.09287,1.09301,1.50,1.50
2011.09.02 12:51:50.202,1.09289,1.09302,2.25,1.50
2011.09.02 12:51:50.791,1.09289,1.09303,3.75,2.25
2011.09.02 12:51:51.372,1.0929,1.09303,3.00,1.50
2011.09.02 12:51:51.734,1.09292,1.09303,2.25,1.50
2011.09.02 12:51:51.851,1.09293,1.09308,1.50,1.50
2011.09.02 12:51:53.086,1.09295,1.09311,3.75,2.25
2011.09.02 12:51:54.095,1.09296,1.09309,1.50,1.50
2011.09.02 12:51:54.214,1.09296,1.09309,1.50,1.50
2011.09.02 12:51:54.773,1.09295,1.09307,1.50,1.50
2011.09.02 12:51:55.371,1.09295,1.09311,1.50,1.51
2011.09.02 12:51:55.495,1.09295,1.09311,1.50,1.51
2011.09.02 12:51:56.292,1.09297,1.09312,1.50,2.26
2011.09.02 12:51:57.120,1.09299,1.09313,1.50,2.25
2011.09.02 12:51:58.087,1.093,1.09314,1.88,2.63
2011.09.02 12:51:58.861,1.093,1.09314,1.13,2.63
2011.09.02 12:51:59.463,1.09297,1.09311,3.75,1.50
2011.09.02 12:52:00.164,1.09298,1.09313,1.50,1.50
2011.09.02 12:52:00.634,1.09297,1.09312,2.25,2.63
2011.09.02 12:52:00.874,1.09296,1.0931,1.13,1.51
2011.09.02 12:52:01.744,1.09294,1.09309,1.50,1.88
2011.09.02 12:52:02.938,1.09295,1.09308,1.13,1.50
2011.09.02 12:52:03.301,1.09295,1.0931,1.13,2.25
2011.09.02 12:52:03.664,1.09295,1.09308,1.13,1.50
2011.09.02 12:52:03.787,1.09294,1.09308,1.13,1.88
2011.09.02 12:52:03.919,1.09297,1.09312,2.25,1.14
2011.09.02 12:52:04.053,1.09297,1.09309,1.50,2.25
2011.09.02 12:52:04.644,1.09283,1.09298,2.25,1.14
2011.09.02 12:52:05.248,1.09283,1.09297,1.13,1.14
2011.09.02 12:52:05.853,1.09279,1.09295,1.13,1.13
2011.09.02 12:52:05.977,1.09279,1.09294,1.13,1.50
2011.09.02 12:52:06.605,1.09277,1.09293,1.88,1.13
2011.09.02 12:52:06.965,1.09273,1.09288,3.75,1.50
2011.09.02 12:52:07.083,1.09276,1.09291,1.50,1.51
2011.09.02 12:52:07.323,1.09274,1.0929,1.50,1.51
2011.09.02 12:52:07.913,1.09273,1.09288,3.00,2.25
2011.09.02 12:52:08.033,1.09272,1.09286,1.50,1.50
2011.09.02 12:52:08.913,1.09277,1.0929,1.50,1.51
2011.09.02 12:52:09.514,1.09276,1.09288,1.88,1.50
2011.09.02 12:52:10.091,1.09274,1.09289,1.50,1.50
2011.09.02 12:52:10.325,1.09274,1.09289,1.13,1.35
2011.09.02 12:52:10.562,1.09273,1.09289,1.50,2.10
2011.09.02 12:52:12.444,1.09273,1.09289,1.50,2.11
2011.09.02 12:52:13.447,1.09273,1.09289,1.50,2.48
2011.09.02 12:52:14.143,1.09271,1.09287,2.25,2.25
2011.09.02 12:52:14.263,1.0927,1.09286,1.50,1.50
2011.09.02 12:52:14.745,1.09272,1.09286,2.25,1.50
2011.09.02 12:52:15.436,1.09273,1.09288,1.50,1.50
2011.09.02 12:52:16.023,1.09273,1.09286,1.50,1.50
2011.09.02 12:52:16.502,1.09273,1.09289,1.50,2.25
2011.09.02 12:52:16.624,1.09275,1.09289,1.50,1.50
2011.09.02 12:52:16.752,1.09275,1.09291,1.50,2.26
2011.09.02 12:52:17.118,1.09278,1.09294,1.50,1.51
2011.09.02 12:52:17.655,1.09277,1.09293,3.00,1.50
2011.09.02 12:52:18.007,1.0928,1.09293,2.25,1.50
2011.09.02 12:52:18.617,1.09282,1.09297,1.50,1.51
2011.09.02 12:52:18.749,1.09286,1.09298,1.50,1.14
2011.09.02 12:52:19.113,1.09288,1.09301,1.50,1.51
2011.09.02 12:52:19.589,1.09287,1.093,1.50,1.14
2011.09.02 12:52:19.716,1.09287,1.093,1.50,2.26
2011.09.02 12:52:20.230,1.09287,1.09295,1.50,1.13
2011.09.02 12:52:20.364,1.09279,1.09294,1.13,1.51
2011.09.02 12:52:20.606,1.09278,1.09292,1.13,1.73
2011.09.02 12:52:21.556,1.09278,1.0929,1.13,1.96
2011.09.02 12:52:21.925,1.09279,1.09293,1.13,1.89
2011.09.02 12:52:22.168,1.09281,1.09295,1.50,1.51
2011.09.02 12:52:22.842,1.09282,1.09295,1.13,3.01
2011.09.02 12:52:23.211,1.09275,1.09292,1.88,2.26
2011.09.02 12:52:23.577,1.09275,1.09289,1.13,1.51
2011.09.02 12:52:23.706,1.09275,1.09289,1.13,1.89
2011.09.02 12:52:23.837,1.09276,1.09289,1.50,1.51
2011.09.02 12:52:24.206,1.09277,1.0929,1.50,1.51
2011.09.02 12:52:24.968,1.09277,1.09291,1.50,1.51
2011.09.02 12:52:25.416,1.09278,1.09291,1.50,1.51
2011.09.02 12:52:28.702,1.09279,1.09291,1.50,1.51
2011.09.02 12:52:29.171,1.09279,1.09296,2.25,1.51
2011.09.02 12:52:31.036,1.09277,1.09294,3.75,1.50
2011.09.02 12:52:31.278,1.09277,1.09293,1.88,1.50
2011.09.02 12:52:31.402,1.09277,1.09293,1.13,1.50
2011.09.02 12:52:31.751,1.09278,1.09294,1.13,1.13
2011.09.02 12:52:31.874,1.09276,1.09291,2.63,1.13
2011.09.02 12:52:32.239,1.09275,1.09288,1.50,1.89
2011.09.02 12:52:32.485,1.0927,1.09287,1.50,3.01
2011.09.02 12:52:32.603,1.0927,1.09285,2.25,1.50
2011.09.02 12:52:33.063,1.09271,1.09285,1.50,1.89
2011.09.02 12:52:33.183,1.0927,1.09285,1.13,2.64
2011.09.02 12:52:33.872,1.09269,1.09284,1.13,1.89
2011.09.02 12:52:34.012,1.09274,1.09286,1.88,1.35
2011.09.02 12:52:34.375,1.09274,1.09288,1.13,1.51
2011.09.02 12:52:35.106,1.09271,1.09286,1.88,1.51
2011.09.02 12:52:35.476,1.09273,1.09284,1.88,1.14
2011.09.02 12:52:35.848,1.09271,1.09282,1.13,1.14
2011.09.02 12:52:37.237,1.0927,1.09282,1.50,1.14
2011.09.02 12:52:37.724,1.09267,1.09281,1.13,1.51
2011.09.02 12:52:38.282,1.09267,1.09281,1.88,1.14
2011.09.02 12:52:39.042,1.09269,1.09283,1.13,1.89
2011.09.02 12:52:39.294,1.0927,1.09281,1.13,1.89
2011.09.02 12:52:39.421,1.09265,1.09275,1.50,1.13
2011.09.02 12:52:39.551,1.09259,1.09273,1.50,1.51
2011.09.02 12:52:39.797,1.09257,1.09272,1.88,1.14
2011.09.02 12:52:40.035,1.09257,1.09272,1.13,1.89
2011.09.02 12:52:40.263,1.09257,1.09272,2.63,1.14
2011.09.02 12:52:40.613,1.09257,1.09272,1.88,1.14
2011.09.02 12:52:41.320,1.09257,1.0927,2.63,1.51
2011.09.02 12:52:41.695,1.09259,1.09273,1.50,1.51
2011.09.02 12:52:41.819,1.09257,1.09269,1.50,1.50
2011.09.02 12:52:41.949,1.09256,1.09273,3.00,2.26
2011.09.02 12:52:42.194,1.09256,1.0927,2.25,1.50
2011.09.02 12:52:43.013,1.09256,1.09272,2.25,2.26
2011.09.02 12:52:43.366,1.09255,1.09272,1.88,2.64
2011.09.02 12:52:43.967,1.09255,1.09269,1.13,1.50
2011.09.02 12:52:44.698,1.09253,1.09269,3.00,1.50
2011.09.02 12:52:45.052,1.09253,1.09269,2.25,1.50
2011.09.02 12:52:45.293,1.09252,1.09266,1.88,1.13
2011.09.02 12:52:46.177,1.09251,1.09269,1.13,3.39
2011.09.02 12:52:46.316,1.09253,1.09269,2.25,1.89
2011.09.02 12:52:46.686,1.09261,1.09277,1.13,1.51
2011.09.02 12:52:46.925,1.0926,1.09277,1.50,1.51
2011.09.02 12:52:47.050,1.09259,1.09275,1.50,1.50
2011.09.02 12:52:47.418,1.0926,1.09276,3.00,1.50
2011.09.02 12:52:48.066,1.09263,1.09278,1.50,1.50
2011.09.02 12:52:48.206,1.09263,1.09277,1.13,1.13
2011.09.02 12:52:48.329,1.09262,1.09275,1.13,1.50
2011.09.02 12:52:48.701,1.09262,1.09276,1.13,1.88
2011.09.02 12:52:48.832,1.09258,1.09271,1.13,1.50
2011.09.02 12:52:49.081,1.09255,1.09268,1.88,2.25
2011.09.02 12:52:49.210,1.0925,1.09265,1.50,1.88
2011.09.02 12:52:49.340,1.09249,1.09263,1.13,1.88
2011.09.02 12:52:49.887,1.09246,1.09263,2.25,1.89
2011.09.02 12:52:50.265,1.09247,1.09265,3.98,1.50
2011.09.02 12:52:50.390,1.0925,1.09267,1.88,2.26
2011.09.02 12:52:50.516,1.09252,1.09268,1.50,2.26
2011.09.02 12:52:50.766,1.09253,1.09271,1.50,2.26
2011.09.02 12:52:51.374,1.09253,1.09271,2.10,1.51
2011.09.02 12:52:52.040,1.09252,1.09263,1.50,1.13
2011.09.02 12:52:52.293,1.09246,1.09259,1.50,1.50
2011.09.02 12:52:52.421,1.09248,1.0926,1.50,1.50
2011.09.02 12:52:53.029,1.09248,1.0926,1.50,1.50
2011.09.02 12:52:53.161,1.09247,1.0926,1.50,1.50
2011.09.02 12:52:53.291,1.09247,1.0926,1.50,1.50
2011.09.02 12:52:53.783,1.09245,1.09257,2.10,1.50
2011.09.02 12:52:54.161,1.09243,1.09253,1.73,1.50
2011.09.02 12:52:54.292,1.09237,1.09248,2.42,1.50
2011.09.02 12:52:54.781,1.09236,1.0925,2.85,1.50
2011.09.02 12:52:55.270,1.09236,1.0925,2.10,1.50
2011.09.02 12:52:55.735,1.09236,1.0925,1.35,1.50
2011.09.02 12:52:55.988,1.09236,1.09249,1.35,1.50
2011.09.02 12:52:56.117,1.09234,1.09248,2.33,2.25
2011.09.02 12:52:56.256,1.09231,1.09248,4.50,2.26
2011.09.02 12:52:56.619,1.09231,1.09243,3.00,1.50
2011.09.02 12:52:56.748,1.09231,1.09247,3.75,2.25
2011.09.02 12:52:57.000,1.09231,1.09243,2.25,1.50
2011.09.02 12:52:57.545,1.09231,1.09243,2.25,1.50
2011.09.02 12:52:58.037,1.0923,1.09243,2.25,2.25
2011.09.02 12:52:58.406,1.09232,1.09247,2.25,2.25
2011.09.02 12:52:58.774,1.09234,1.09246,2.25,1.50
2011.09.02 12:52:59.139,1.0924,1.0925,2.25,1.50
2011.09.02 12:52:59.681,1.09241,1.09255,2.25,1.50
2011.09.02 12:53:00.283,1.09241,1.09254,2.25,1.50
2011.09.02 12:53:00.414,1.09242,1.09256,1.50,1.51
2011.09.02 12:53:00.895,1.09243,1.09257,1.50,1.51
2011.09.02 12:53:01.931,1.09244,1.0926,1.50,2.26
2011.09.02 12:53:02.058,1.09243,1.09259,1.88,2.25
2011.09.02 12:53:02.302,1.09243,1.0926,4.13,1.51
2011.09.02 12:53:02.668,1.09248,1.09262,1.88,1.35
2011.09.02 12:53:02.914,1.09249,1.09265,1.50,2.10
2011.09.02 12:53:03.037,1.09252,1.09268,1.88,1.89
2011.09.02 12:53:03.274,1.09252,1.09268,1.13,2.63
2011.09.02 12:53:03.393,1.09254,1.09268,2.25,1.50
2011.09.02 12:53:04.077,1.09255,1.0927,1.50,1.50
2011.09.02 12:53:05.386,1.09257,1.09271,2.25,1.50
2011.09.02 12:53:05.521,1.09257,1.09273,3.75,1.36
2011.09.02 12:53:05.646,1.09259,1.09273,1.50,2.10
2011.09.02 12:53:05.772,1.09262,1.09277,3.00,2.25
2011.09.02 12:53:06.805,1.09261,1.09276,1.13,1.50
2011.09.02 12:53:07.176,1.09262,1.09278,3.75,1.51
2011.09.02 12:53:07.413,1.09263,1.0928,1.50,1.51
2011.09.02 12:53:07.538,1.09269,1.0928,2.25,1.51
2011.09.02 12:53:07.906,1.09273,1.09286,1.88,1.35
2011.09.02 12:53:08.268,1.09274,1.09288,1.13,1.88
2011.09.02 12:53:09.045,1.09271,1.09285,2.25,1.50
2011.09.02 12:53:10.818,1.09271,1.09287,3.00,1.50
2011.09.02 12:53:11.426,1.09272,1.09288,1.50,1.50
2011.09.02 12:53:11.545,1.09272,1.09288,1.50,1.50
2011.09.02 12:53:12.145,1.09274,1.0929,1.13,2.64
2011.09.02 12:53:12.373,1.09273,1.09288,1.13,2.25
2011.09.02 12:53:12.738,1.09273,1.09289,1.88,1.14
2011.09.02 12:53:12.984,1.09273,1.09287,1.13,1.50
2011.09.02 12:53:13.571,1.09273,1.09288,1.13,2.26
2011.09.02 12:53:14.097,1.09274,1.09289,1.88,1.50
2011.09.02 12:53:14.572,1.09274,1.09289,1.13,2.25
2011.09.02 12:53:15.506,1.09273,1.09289,1.50,2.25
2011.09.02 12:53:15.862,1.09273,1.09287,1.50,1.50
2011.09.02 12:53:16.601,1.09272,1.09287,2.25,1.50
2011.09.02 12:53:17.180,1.09273,1.09289,1.50,1.50
2011.09.02 12:53:17.791,1.09272,1.09287,1.50,1.50
2011.09.02 12:53:18.264,1.09274,1.09291,1.50,1.51
2011.09.02 12:53:18.386,1.09273,1.09289,3.00,2.25
2011.09.02 12:53:19.419,1.09208,1.09219,4.00,2.85
2011.09.02 12:53:19.815,1.09205,1.09215,1.50,1.73
2011.09.02 12:53:19.943,1.09204,1.09213,2.25,2.10
2011.09.02 12:53:20.071,1.09204,1.09213,2.25,2.11
2011.09.02 12:53:20.202,1.09203,1.09214,3.00,1.51
2011.09.02 12:53:20.729,1.09207,1.09218,1.50,1.50
2011.09.02 12:53:20.877,1.09205,1.09221,1.50,1.50
2011.09.02 12:53:21.010,1.09205,1.09222,1.50,2.10
2011.09.02 12:53:21.380,1.09208,1.09222,1.50,1.35
2011.09.02 12:53:21.750,1.09206,1.0922,2.25,1.13
2011.09.02 12:53:21.881,1.09205,1.0922,1.50,1.14
2011.09.02 12:53:22.549,1.09205,1.09219,1.50,1.51
2011.09.02 12:53:23.033,1.09204,1.09215,1.50,1.50
2011.09.02 12:53:23.757,1.09206,1.09219,1.50,3.76
2011.09.02 12:53:23.893,1.09204,1.09211,1.50,1.50
2011.09.02 12:53:24.019,1.09197,1.0921,2.25,1.50
2011.09.02 12:53:24.623,1.09194,1.09206,1.50,1.50
2011.09.02 12:53:24.990,1.0919,1.092,1.50,1.50
2011.09.02 12:53:25.359,1.09178,1.09196,1.73,1.50
2011.09.02 12:53:25.498,1.09179,1.09194,1.13,1.50
2011.09.02 12:53:25.628,1.09184,1.092,1.50,1.14
2011.09.02 12:53:25.764,1.09187,1.09204,1.88,1.51
2011.09.02 12:53:26.239,1.09186,1.09203,2.25,1.50
2011.09.02 12:53:26.381,1.09185,1.09203,1.88,1.51
2011.09.02 12:53:26.751,1.09188,1.09206,1.50,2.11
2011.09.02 12:53:27.000,1.09193,1.09208,1.50,1.50
2011.09.02 12:53:27.601,1.09192,1.09208,5.63,1.50
2011.09.02 12:53:27.729,1.09194,1.09208,4.88,1.50
2011.09.02 12:53:28.256,1.09199,1.0921,1.50,1.50
2011.09.02 12:53:28.395,1.09203,1.0922,1.50,1.14
2011.09.02 12:53:28.640,1.09206,1.0922,1.50,1.89
2011.09.02 12:53:28.886,1.09206,1.0922,1.50,1.51
2011.09.02 12:53:29.746,1.09211,1.0922,1.50,1.51
2011.09.02 12:53:29.989,1.0921,1.09226,1.50,2.25
2011.09.02 12:53:30.546,1.09212,1.09227,1.50,1.51
2011.09.02 12:53:31.268,1.09209,1.09224,2.63,1.14
2011.09.02 12:53:31.744,1.09208,1.09223,3.00,1.14
2011.09.02 12:53:31.867,1.09208,1.09222,1.50,1.51
2011.09.02 12:53:32.932,1.09207,1.09219,1.50,1.51
2011.09.02 12:53:33.194,1.09195,1.0921,1.50,1.51
2011.09.02 12:53:33.555,1.09196,1.09211,1.50,1.51
2011.09.02 12:53:34.373,1.09196,1.0921,1.50,1.51
2011.09.02 12:53:34.736,1.09198,1.09212,2.25,2.26
2011.09.02 12:53:35.277,1.09199,1.09212,2.25,1.14
2011.09.02 12:53:35.410,1.09199,1.09215,2.25,1.51
2011.09.02 12:53:35.875,1.092,1.09214,2.25,1.51
2011.09.02 12:53:36.236,1.092,1.09216,2.25,1.51
2011.09.02 12:53:36.475,1.09202,1.09218,1.50,2.49
2011.09.02 12:53:36.827,1.09201,1.09218,1.50,2.86
2011.09.02 12:53:36.956,1.09199,1.09215,2.25,1.50
2011.09.02 12:53:37.535,1.09198,1.09213,1.50,1.50
2011.09.02 12:53:37.671,1.092,1.09214,1.50,1.36
2011.09.02 12:53:38.619,1.09199,1.09214,2.25,1.36
2011.09.02 12:53:39.228,1.09202,1.09218,1.50,1.89
2011.09.02 12:53:39.887,1.09208,1.0922,1.50,1.14
2011.09.02 12:53:40.022,1.09203,1.09219,2.63,1.50
2011.09.02 12:53:40.375,1.09206,1.09222,2.25,1.50
2011.09.02 12:53:40.497,1.09206,1.09223,1.50,2.25
2011.09.02 12:53:41.114,1.0921,1.09223,4.88,2.63
2011.09.02 12:53:41.490,1.0922,1.09234,1.50,1.73
2011.09.02 12:53:42.010,1.09218,1.09234,1.50,1.73
2011.09.02 12:53:42.151,1.09221,1.0923,1.50,1.50
2011.09.02 12:53:42.402,1.0922,1.09235,1.50,1.51
2011.09.02 12:53:42.534,1.0922,1.09234,2.25,1.50
2011.09.02 12:53:42.894,1.09217,1.09234,3.75,1.88
2011.09.02 12:53:43.888,1.0922,1.09237,2.25,2.11
2011.09.02 12:53:44.026,1.09221,1.09237,1.50,1.35
2011.09.02 12:53:44.397,1.09224,1.09238,1.50,1.36
2011.09.02 12:53:44.763,1.09226,1.09237,1.50,1.35
2011.09.02 12:53:45.128,1.09219,1.09237,3.38,2.85
2011.09.02 12:53:45.376,1.09224,1.09237,1.50,1.35
2011.09.02 12:53:46.032,1.0922,1.09237,1.50,2.10
2011.09.02 12:53:46.154,1.0922,1.09236,2.25,1.88
2011.09.02 12:53:46.522,1.09226,1.09237,1.50,1.35
2011.09.02 12:53:47.012,1.09228,1.09239,2.25,1.36
2011.09.02 12:53:47.815,1.09227,1.0924,2.25,1.50
2011.09.02 12:53:47.948,1.09223,1.0924,2.25,1.50
2011.09.02 12:53:48.438,1.09225,1.09242,1.50,1.51
2011.09.02 12:53:48.928,1.09225,1.09242,1.50,2.26
2011.09.02 12:53:49.297,1.09226,1.09242,1.50,1.89
2011.09.02 12:53:49.424,1.09226,1.09243,1.50,2.49
2011.09.02 12:53:49.996,1.0923,1.09244,1.50,1.36
2011.09.02 12:53:50.115,1.09231,1.09244,1.50,1.36
2011.09.02 12:53:50.476,1.09231,1.09246,1.50,2.86
2011.09.02 12:53:50.722,1.09228,1.09245,1.50,1.50
2011.09.02 12:53:50.847,1.0923,1.09245,2.25,1.50
2011.09.02 12:53:51.217,1.0923,1.09247,2.25,1.50
2011.09.02 12:53:51.817,1.09233,1.0925,1.50,1.50
2011.09.02 12:53:52.323,1.09233,1.0925,1.50,1.13
2011.09.02 12:53:52.710,1.09234,1.09252,1.50,2.10
2011.09.02 12:53:53.307,1.09234,1.09253,2.25,2.10
2011.09.02 12:53:53.442,1.09234,1.09251,2.25,1.35
2011.09.02 12:53:54.828,1.09234,1.09252,1.50,2.48
2011.09.02 12:53:55.080,1.09242,1.09255,1.50,1.13
2011.09.02 12:53:55.324,1.0924,1.09257,1.50,1.35
2011.09.02 12:53:55.667,1.0924,1.09256,1.50,2.85
2011.09.02 12:53:55.795,1.0924,1.09253,1.50,1.50
2011.09.02 12:53:55.916,1.0924,1.09256,1.50,1.35
2011.09.02 12:53:56.285,1.09241,1.09259,1.50,3.61
2011.09.02 12:53:56.404,1.09241,1.09257,1.50,1.35
2011.09.02 12:53:56.525,1.09241,1.09259,2.25,2.85
2011.09.02 12:53:57.004,1.09253,1.0926,1.50,1.50
2011.09.02 12:53:57.139,1.09253,1.09264,1.50,1.50
2011.09.02 12:53:57.866,1.09252,1.09263,1.50,1.50
2011.09.02 12:53:57.995,1.09251,1.09258,1.50,1.50
2011.09.02 12:53:59.280,1.09251,1.0926,1.50,1.50
2011.09.02 12:53:59.410,1.09245,1.09259,1.50,1.50
2011.09.02 12:53:59.655,1.09244,1.09256,2.25,1.88
2011.09.02 12:53:59.900,1.09243,1.09259,2.25,3.39
2011.09.02 12:54:00.028,1.09243,1.09256,2.25,1.50
2011.09.02 12:54:00.267,1.09243,1.09257,1.50,1.14
2011.09.02 12:54:00.397,1.09243,1.09255,1.50,1.50
2011.09.02 12:54:00.528,1.09238,1.09255,3.00,1.88
2011.09.02 12:54:00.778,1.09239,1.09258,1.88,2.26
2011.09.02 12:54:01.142,1.09245,1.09261,1.50,2.26
2011.09.02 12:54:01.738,1.0924,1.09257,1.50,1.50
2011.09.02 12:54:02.094,1.09239,1.09255,2.25,1.50
2011.09.02 12:54:02.453,1.0924,1.0926,2.25,3.01
2011.09.02 12:54:02.933,1.09241,1.09257,1.50,1.50
2011.09.02 12:54:03.295,1.09245,1.09261,1.50,1.50
2011.09.02 12:54:04.171,1.09246,1.09263,2.25,2.10
2011.09.02 12:54:04.657,1.09248,1.09264,1.50,1.35
2011.09.02 12:54:05.381,1.09245,1.09263,3.75,2.85
2011.09.02 12:54:06.387,1.09247,1.09263,1.13,1.35
2011.09.02 12:54:06.518,1.09254,1.09265,1.50,1.35
2011.09.02 12:54:06.637,1.0925,1.09266,1.13,1.50
2011.09.02 12:54:06.885,1.0925,1.09267,1.13,1.35
2011.09.02 12:54:07.125,1.0925,1.09267,1.13,1.35
2011.09.02 12:54:07.465,1.09252,1.0927,1.50,1.88
2011.09.02 12:54:07.826,1.09258,1.09274,2.63,2.63
2011.09.02 12:54:08.187,1.09264,1.09272,1.50,1.50
2011.09.02 12:54:09.046,1.0926,1.09267,1.50,1.50
2011.09.02 12:54:09.529,1.09261,1.09273,2.25,1.50
2011.09.02 12:54:10.121,1.09261,1.09271,2.25,1.50
2011.09.02 12:54:10.244,1.09261,1.09271,1.50,1.50
2011.09.02 12:54:10.582,1.09261,1.0927,1.50,1.50
2011.09.02 12:54:10.703,1.09261,1.09271,1.50,1.50
2011.09.02 12:54:10.947,1.09261,1.09269,1.50,1.88
2011.09.02 12:54:11.304,1.09259,1.09265,1.50,1.50
2011.09.02 12:54:11.905,1.09259,1.09268,1.50,1.50
2011.09.02 12:54:12.973,1.09258,1.09265,1.50,1.50
2011.09.02 12:54:13.331,1.09254,1.09261,1.50,1.50
2011.09.02 12:54:13.466,1.09251,1.09258,1.50,1.50
2011.09.02 12:54:13.585,1.09252,1.0926,1.50,1.50
2011.09.02 12:54:14.588,1.09253,1.09262,1.50,1.50
2011.09.02 12:54:14.720,1.09253,1.09265,1.50,1.51
2011.09.02 12:54:15.204,1.09253,1.09262,1.50,1.50
2011.09.02 12:54:15.672,1.09251,1.09258,1.50,1.50
2011.09.02 12:54:16.010,1.09252,1.09261,1.50,1.50
2011.09.02 12:54:16.241,1.09253,1.09263,1.50,1.89
2011.09.02 12:54:16.704,1.0925,1.09262,1.50,1.14
2011.09.02 12:54:17.238,1.09248,1.0926,1.50,1.51
2011.09.02 12:54:17.716,1.09248,1.09257,1.50,1.50
2011.09.02 12:54:18.320,1.09242,1.09256,1.50,1.50
2011.09.02 12:54:18.450,1.09241,1.09256,2.25,1.51
2011.09.02 12:54:19.255,1.09241,1.09257,1.50,3.39
2011.09.02 12:54:19.826,1.09241,1.09255,1.50,1.50
2011.09.02 12:54:20.195,1.09241,1.09251,1.50,1.13
2011.09.02 12:54:20.434,1.09234,1.09248,1.50,1.50
2011.09.02 12:54:20.913,1.09234,1.09252,1.50,3.61
2011.09.02 12:54:21.380,1.09234,1.09248,1.50,1.13
2011.09.02 12:54:21.627,1.09227,1.09244,1.50,1.50
2011.09.02 12:54:22.230,1.09227,1.09242,1.50,1.14
2011.09.02 12:54:22.366,1.09219,1.0923,2.25,1.88
2011.09.02 12:54:22.498,1.09216,1.0923,1.50,1.89
2011.09.02 12:54:22.749,1.09216,1.09229,1.50,1.50
2011.09.02 12:54:22.984,1.09216,1.09231,1.50,1.51
2011.09.02 12:54:23.112,1.09216,1.09228,1.50,1.50
2011.09.02 12:54:23.718,1.09216,1.09228,1.50,1.50
2011.09.02 12:54:24.357,1.09217,1.09228,1.50,1.50
2011.09.02 12:54:25.954,1.09218,1.09231,1.50,1.14
2011.09.02 12:54:26.304,1.0922,1.09233,1.50,1.14
2011.09.02 12:54:26.427,1.0922,1.09231,1.50,1.14
2011.09.02 12:54:28.381,1.09218,1.09231,1.50,1.14
2011.09.02 12:54:28.976,1.09217,1.0923,1.50,2.64
2011.09.02 12:54:29.094,1.09214,1.0923,1.50,3.39
2011.09.02 12:54:29.215,1.09211,1.09225,2.25,1.50
2011.09.02 12:54:29.573,1.09208,1.09217,1.50,1.50
2011.09.02 12:54:29.933,1.0921,1.09219,1.50,1.50
2011.09.02 12:54:30.408,1.09208,1.09219,1.50,1.50
2011.09.02 12:54:30.656,1.09212,1.09225,1.50,1.51
2011.09.02 12:54:30.777,1.09213,1.09226,1.50,1.88
2011.09.02 12:54:31.028,1.09215,1.09229,1.13,1.14
2011.09.02 12:54:31.162,1.09216,1.0923,3.00,1.51
2011.09.02 12:54:31.764,1.09219,1.09235,1.13,1.50
2011.09.02 12:54:32.244,1.0922,1.09233,1.13,1.50
2011.09.02 12:54:32.820,1.0922,1.09235,1.13,2.25
2011.09.02 12:54:33.273,1.0922,1.09233,1.13,1.50
2011.09.02 12:54:33.735,1.09218,1.09227,1.50,1.50
2011.09.02 12:54:33.856,1.09218,1.09229,1.50,1.50
2011.09.02 12:54:34.092,1.09218,1.0923,1.50,1.50
2011.09.02 12:54:34.215,1.09218,1.09232,1.50,2.26
2011.09.02 12:54:34.684,1.09218,1.09234,1.88,1.89
2011.09.02 12:54:34.805,1.09218,1.09235,1.88,1.89
2011.09.02 12:54:36.246,1.09216,1.09232,1.13,3.23
2011.09.02 12:54:36.485,1.09214,1.09232,1.13,3.61
2011.09.02 12:54:36.849,1.09217,1.09232,1.88,2.86
2011.09.02 12:54:37.094,1.0922,1.09234,1.88,1.51
2011.09.02 12:54:37.454,1.09224,1.09236,1.50,2.64
2011.09.02 12:54:38.453,1.09222,1.09234,1.50,6.01
2011.09.02 12:54:38.590,1.09217,1.09231,1.50,6.01
2011.09.02 12:54:39.182,1.09217,1.0923,1.50,1.51
2011.09.02 12:54:39.773,1.09217,1.0923,1.50,3.76
2011.09.02 12:54:39.895,1.09217,1.09227,1.50,1.13
2011.09.02 12:54:40.491,1.09216,1.09229,1.88,1.51
2011.09.02 12:54:41.673,1.09217,1.09228,1.50,1.14
2011.09.02 12:54:44.873,1.09216,1.09229,1.50,1.51
2011.09.02 12:54:45.003,1.09216,1.09229,1.50,1.51
2011.09.02 12:54:45.126,1.09219,1.09231,1.88,1.35
2011.09.02 12:54:45.255,1.09219,1.09232,1.13,2.11
2011.09.02 12:54:45.378,1.09218,1.09232,1.13,2.86
2011.09.02 12:54:46.332,1.09216,1.09232,1.50,2.49
2011.09.02 12:54:47.361,1.09222,1.09235,1.50,1.50
2011.09.02 12:54:47.495,1.09224,1.09235,3.00,1.50
2011.09.02 12:54:47.623,1.09229,1.09243,1.50,2.49
2011.09.02 12:54:47.746,1.09229,1.09243,1.50,1.74
2011.09.02 12:54:48.118,1.09229,1.09238,1.50,2.10
2011.09.02 12:54:48.920,1.09225,1.09235,1.13,1.50
2011.09.02 12:54:49.054,1.0922,1.09234,1.50,1.14
2011.09.02 12:54:49.174,1.09218,1.09234,1.88,1.89
2011.09.02 12:54:49.768,1.09217,1.09229,1.50,1.50
2011.09.02 12:54:50.377,1.09219,1.09232,1.50,1.14
2011.09.02 12:54:50.505,1.09219,1.09231,1.13,1.50
2011.09.02 12:54:51.357,1.09217,1.09231,1.88,2.26
2011.09.02 12:54:51.941,1.09217,1.09232,1.88,3.01
2011.09.02 12:54:53.324,1.09216,1.0923,1.50,2.64
2011.09.02 12:54:53.673,1.09216,1.09226,1.50,1.50
2011.09.02 12:54:54.287,1.09217,1.0923,1.13,1.51
2011.09.02 12:54:54.416,1.09217,1.09232,1.88,1.51
2011.09.02 12:54:55.114,1.09217,1.09229,1.50,1.88
2011.09.02 12:54:55.237,1.09214,1.09228,1.50,1.50
2011.09.02 12:54:55.607,1.09213,1.09223,1.50,1.50
2011.09.02 12:54:55.854,1.09213,1.09226,1.50,1.14
2011.09.02 12:54:56.576,1.09215,1.09232,1.50,2.49
2011.09.02 12:54:56.823,1.09219,1.09235,2.25,1.51
2011.09.02 12:54:56.947,1.09223,1.09235,1.50,1.50
2011.09.02 12:54:57.316,1.09224,1.0923,1.50,1.50
2011.09.02 12:54:57.554,1.09228,1.09235,1.50,1.50
2011.09.02 12:54:58.159,1.09229,1.09237,1.50,1.50
2011.09.02 12:54:58.968,1.09228,1.09234,1.50,1.50
2011.09.02 12:54:59.542,1.09231,1.09237,1.50,1.50
2011.09.02 12:55:00.883,1.0923,1.09236,1.50,1.50
2011.09.02 12:55:01.111,1.09232,1.09239,1.50,1.14
2011.09.02 12:55:02.553,1.09228,1.09235,1.50,1.50
2011.09.02 12:55:03.028,1.09225,1.09233,1.50,1.50
2011.09.02 12:55:03.279,1.09227,1.09235,1.50,1.13
2011.09.02 12:55:03.411,1.09219,1.09227,1.13,1.35
2011.09.02 12:55:03.544,1.09213,1.09226,1.88,1.88
2011.09.02 12:55:03.670,1.09212,1.09217,1.13,1.50
2011.09.02 12:55:04.393,1.0921,1.09217,1.50,1.50
2011.09.02 12:55:04.533,1.0921,1.09222,1.50,1.51
2011.09.02 12:55:04.779,1.0921,1.09219,1.50,1.50
2011.09.02 12:55:05.733,1.0921,1.0922,1.50,1.51
2011.09.02 12:55:06.519,1.0921,1.09221,1.50,1.14
2011.09.02 12:55:06.771,1.0921,1.09222,1.50,1.51
2011.09.02 12:55:06.901,1.0921,1.09219,1.50,1.50
2011.09.02 12:55:07.263,1.09209,1.09217,1.50,1.50
2011.09.02 12:55:08.526,1.09207,1.09215,1.50,1.50
2011.09.02 12:55:08.655,1.09205,1.09217,1.50,1.13
2011.09.02 12:55:08.778,1.09205,1.09215,1.50,1.50
2011.09.02 12:55:09.385,1.09204,1.09214,1.50,1.50
2011.09.02 12:55:09.628,1.09205,1.09216,1.50,1.14
2011.09.02 12:55:09.881,1.09205,1.09212,1.50,1.50
2011.09.02 12:55:10.513,1.09202,1.0921,1.13,1.50
2011.09.02 12:55:10.652,1.09203,1.09214,1.13,2.26
2011.09.02 12:55:11.246,1.09203,1.09217,1.13,2.64
2011.09.02 12:55:11.371,1.09203,1.09217,1.13,1.89
2011.09.02 12:55:11.500,1.09208,1.09219,1.13,1.36
2011.09.02 12:55:11.633,1.0921,1.09224,1.50,1.14
2011.09.02 12:55:11.765,1.09215,1.09227,2.25,2.25
2011.09.02 12:55:11.895,1.09215,1.09228,2.25,1.36
2011.09.02 12:55:12.441,1.09228,1.09233,1.13,1.50
2011.09.02 12:55:12.576,1.09224,1.09238,1.13,1.73
2011.09.02 12:55:12.708,1.09224,1.09238,1.13,2.49
2011.09.02 12:55:12.962,1.0922,1.09235,2.25,1.50
2011.09.02 12:55:13.206,1.09219,1.09235,3.00,1.51
2011.09.02 12:55:13.575,1.0922,1.09234,1.13,1.51
2011.09.02 12:55:14.455,1.09218,1.09231,1.13,1.51
2011.09.02 12:55:14.817,1.09216,1.09229,1.50,1.50
2011.09.02 12:55:15.068,1.09218,1.09232,1.13,3.01
2011.09.02 12:55:15.314,1.09218,1.09231,1.13,1.51
2011.09.02 12:55:15.907,1.09215,1.0923,1.50,2.26
2011.09.02 12:55:16.856,1.09217,1.09231,1.88,1.14
2011.09.02 12:55:17.442,1.09217,1.09232,1.88,2.26
2011.09.02 12:55:17.929,1.09216,1.09229,1.88,2.63
2011.09.02 12:55:18.292,1.09216,1.09225,1.50,1.50
2011.09.02 12:55:18.536,1.09214,1.09225,1.50,1.50
2011.09.02 12:55:18.670,1.09211,1.09223,1.50,1.50
2011.09.02 12:55:19.282,1.09206,1.09217,1.50,1.14
2011.09.02 12:55:20.592,1.09208,1.09219,1.13,2.26
2011.09.02 12:55:20.833,1.09208,1.09222,1.13,2.64
2011.09.02 12:55:21.421,1.09207,1.09219,2.25,1.13
2011.09.02 12:55:21.969,1.09197,1.09207,1.50,1.35
2011.09.02 12:55:22.108,1.09191,1.09205,1.50,1.35
2011.09.02 12:55:22.728,1.0919,1.09207,2.25,1.88
2011.09.02 12:55:22.855,1.09189,1.09205,2.25,1.50
2011.09.02 12:55:23.217,1.09187,1.09197,1.50,1.13
2011.09.02 12:55:23.858,1.09182,1.09191,1.50,1.97
2011.09.02 12:55:24.218,1.0918,1.09188,1.50,1.50
2011.09.02 12:55:24.344,1.09184,1.09195,1.50,3.39
2011.09.02 12:55:24.943,1.09184,1.09194,1.50,1.13
2011.09.02 12:55:25.065,1.09186,1.09196,1.50,1.50
2011.09.02 12:55:25.797,1.09197,1.09205,2.25,1.13
2011.09.02 12:55:25.948,1.092,1.09213,2.25,1.88
2011.09.02 12:55:26.082,1.09202,1.09215,3.00,1.50
2011.09.02 12:55:26.210,1.09202,1.09217,3.75,1.35
2011.09.02 12:55:26.337,1.09202,1.09217,2.25,2.10
2011.09.02 12:55:26.464,1.092,1.09217,2.25,2.10
2011.09.02 12:55:26.816,1.092,1.09214,1.88,1.13
2011.09.02 12:55:26.935,1.09199,1.09213,1.13,1.50
2011.09.02 12:55:27.300,1.092,1.09217,1.50,3.24
2011.09.02 12:55:27.757,1.09203,1.09217,1.13,1.36
2011.09.02 12:55:27.867,1.092,1.09213,1.13,1.50
2011.09.02 12:55:28.116,1.092,1.09214,1.13,1.51
2011.09.02 12:55:28.248,1.09196,1.09205,1.50,1.50
2011.09.02 12:55:28.379,1.09196,1.09206,1.13,1.50
2011.09.02 12:55:28.508,1.09196,1.09209,1.13,1.50
2011.09.02 12:55:28.639,1.09196,1.09209,1.50,1.50
2011.09.02 12:55:29.008,1.09197,1.09209,3.00,1.50
2011.09.02 12:55:29.139,1.092,1.09218,1.88,3.01
2011.09.02 12:55:29.756,1.09199,1.09216,1.88,1.14
2011.09.02 12:55:29.872,1.09199,1.09216,1.88,1.14
2011.09.02 12:55:30.116,1.09191,1.09206,1.50,1.35
2011.09.02 12:55:30.247,1.09189,1.09205,1.50,2.64
2011.09.02 12:55:30.364,1.09189,1.09205,2.25,1.89
2011.09.02 12:55:30.724,1.0919,1.09206,1.50,2.11
2011.09.02 12:55:30.969,1.0919,1.09206,1.13,1.35
2011.09.02 12:55:31.094,1.09189,1.09201,3.00,1.50
2011.09.02 12:55:31.575,1.09189,1.09206,2.25,1.50
2011.09.02 12:55:31.724,1.0919,1.09208,1.13,1.89
2011.09.02 12:55:31.848,1.0919,1.09204,2.25,2.10
2011.09.02 12:55:32.103,1.0919,1.09205,2.25,1.50
2011.09.02 12:55:32.348,1.09189,1.09206,1.13,1.13
2011.09.02 12:55:32.595,1.0919,1.09205,1.13,1.51
2011.09.02 12:55:32.960,1.09194,1.09208,1.50,2.26
2011.09.02 12:55:33.093,1.09195,1.09208,1.13,1.50
2011.09.02 12:55:33.633,1.09196,1.09214,1.88,2.64
2011.09.02 12:55:33.915,1.09198,1.09214,1.88,2.64
2011.09.02 12:55:34.275,1.092,1.09216,1.13,1.36
2011.09.02 12:55:34.393,1.092,1.09216,1.13,1.35
2011.09.02 12:55:34.757,1.092,1.09219,1.50,1.51
2011.09.02 12:55:35.123,1.09206,1.0922,1.13,3.23
2011.09.02 12:55:35.919,1.09207,1.09223,2.63,1.89
2011.09.02 12:55:36.275,1.0921,1.09223,1.50,1.14
2011.09.02 12:55:36.515,1.09205,1.09219,3.00,1.13
2011.09.02 12:55:36.877,1.09207,1.0922,1.13,1.50
2011.09.02 12:55:37.343,1.09207,1.09217,1.13,1.50
2011.09.02 12:55:37.698,1.09205,1.09216,1.50,1.50
2011.09.02 12:55:38.563,1.09205,1.09216,1.50,1.51
2011.09.02 12:55:39.386,1.09205,1.09218,1.50,1.14
2011.09.02 12:55:40.234,1.09204,1.09218,1.50,1.14
2011.09.02 12:55:40.796,1.092,1.09211,1.50,1.32
2011.09.02 12:55:40.934,1.09198,1.09209,2.25,1.14
2011.09.02 12:55:41.403,1.09196,1.0921,2.25,2.45
2011.09.02 12:55:41.876,1.09197,1.09206,1.13,1.36
2011.09.02 12:55:42.002,1.09186,1.092,1.88,3.01
2011.09.02 12:55:42.245,1.09189,1.092,1.13,1.51
2011.09.02 12:55:42.869,1.09188,1.09202,2.25,1.51
2011.09.02 12:55:43.117,1.09189,1.09202,2.25,1.51
2011.09.02 12:55:43.367,1.09194,1.09207,1.50,1.51
2011.09.02 12:55:43.494,1.09193,1.09208,2.25,1.51
2011.09.02 12:55:43.618,1.09193,1.09208,1.50,3.01
2011.09.02 12:55:44.223,1.09193,1.09207,1.13,2.26
2011.09.02 12:55:44.463,1.09195,1.09207,1.50,2.26
2011.09.02 12:55:45.252,1.0919,1.09201,1.50,1.13
2011.09.02 12:55:45.387,1.09188,1.092,1.50,1.14
2011.09.02 12:55:45.856,1.09186,1.09197,1.50,1.14
2011.09.02 12:55:46.214,1.09184,1.09197,1.50,1.89
2011.09.02 12:55:46.334,1.09184,1.09197,1.50,1.89
2011.09.02 12:55:47.553,1.09184,1.09196,1.50,1.51
2011.09.02 12:55:48.156,1.09183,1.09196,1.13,2.26
2011.09.02 12:55:48.514,1.0918,1.09188,1.50,1.50
2011.09.02 12:55:48.638,1.0918,1.09189,1.50,1.50
2011.09.02 12:55:48.768,1.0918,1.09189,1.50,1.50
2011.09.02 12:55:49.372,1.0918,1.09189,1.50,1.50
2011.09.02 12:55:50.136,1.09179,1.09187,1.50,1.50
2011.09.02 12:55:51.188,1.0918,1.09189,1.50,1.50
2011.09.02 12:55:51.319,1.09181,1.0919,1.50,1.50
2011.09.02 12:55:51.448,1.09186,1.09194,1.13,1.50
2011.09.02 12:55:51.574,1.09186,1.09198,1.13,1.51
2011.09.02 12:55:51.928,1.09183,1.09194,1.88,1.50
2011.09.02 12:55:52.703,1.09183,1.09196,1.13,1.50
2011.09.02 12:55:53.043,1.09185,1.09194,1.88,1.50
2011.09.02 12:55:53.519,1.09185,1.09194,1.13,1.50
2011.09.02 12:55:53.642,1.09184,1.09196,1.50,1.13
2011.09.02 12:55:53.763,1.09181,1.09196,1.13,1.14
2011.09.02 12:55:54.127,1.09178,1.09194,1.50,1.89
2011.09.02 12:55:54.366,1.09177,1.09193,2.25,1.51
2011.09.02 12:55:54.971,1.09177,1.09193,1.50,1.51
2011.09.02 12:55:55.596,1.09176,1.09191,1.13,1.13
2011.09.02 12:55:55.717,1.09174,1.0919,1.50,1.14
2011.09.02 12:55:58.005,1.09183,1.09196,2.25,1.50
2011.09.02 12:55:58.604,1.09187,1.09201,1.13,3.01
2011.09.02 12:55:59.194,1.09187,1.09201,1.50,2.26
2011.09.02 12:55:59.551,1.09191,1.09203,1.13,1.51
2011.09.02 12:56:00.213,1.09188,1.09203,1.50,1.88
2011.09.02 12:56:00.696,1.09191,1.09203,1.88,1.51
2011.09.02 12:56:01.057,1.09192,1.09202,2.25,1.50
2011.09.02 12:56:01.187,1.09189,1.092,1.50,1.50
2011.09.02 12:56:01.315,1.09189,1.092,1.50,1.50
2011.09.02 12:56:01.557,1.09188,1.09201,2.25,2.25
2011.09.02 12:56:01.685,1.09188,1.09202,2.25,1.50
2011.09.02 12:56:02.288,1.09189,1.092,1.50,1.50
2011.09.02 12:56:02.536,1.09187,1.092,1.13,1.50
2011.09.02 12:56:02.784,1.09184,1.09197,1.88,1.50
2011.09.02 12:56:02.911,1.09184,1.09197,1.13,2.25
2011.09.02 12:56:03.040,1.09183,1.09195,1.13,1.50
2011.09.02 12:56:03.406,1.09183,1.09198,1.50,1.50
2011.09.02 12:56:03.648,1.09182,1.09196,1.88,1.13
2011.09.02 12:56:03.779,1.09184,1.09198,1.88,1.88
2011.09.02 12:56:04.298,1.09183,1.09198,2.25,1.50
2011.09.02 12:56:04.647,1.09186,1.09202,1.50,1.51
2011.09.02 12:56:04.780,1.09189,1.09203,1.50,1.51
2011.09.02 12:56:04.906,1.09189,1.09203,1.50,1.51
2011.09.02 12:56:05.034,1.09189,1.09204,1.50,1.14
2011.09.02 12:56:05.154,1.09189,1.09204,3.00,1.14
2011.09.02 12:56:05.516,1.09192,1.09206,1.13,2.26
2011.09.02 12:56:05.754,1.09191,1.09207,3.00,3.61
2011.09.02 12:56:06.092,1.09191,1.09206,3.00,2.26
2011.09.02 12:56:06.852,1.09191,1.09207,1.50,2.86
2011.09.02 12:56:06.983,1.09191,1.09204,1.13,1.50
2011.09.02 12:56:08.484,1.0919,1.09203,2.25,2.25
2011.09.02 12:56:08.841,1.0919,1.09206,3.00,1.51
2011.09.02 12:56:09.786,1.0919,1.09206,2.25,2.26
2011.09.02 12:56:09.910,1.09189,1.09206,3.75,3.01
2011.09.02 12:56:10.267,1.09191,1.09206,2.25,2.26
2011.09.02 12:56:10.976,1.09192,1.09206,2.25,2.26
2011.09.02 12:56:11.734,1.09192,1.09206,2.25,2.26
2011.09.02 12:56:12.091,1.09192,1.09206,2.25,1.51
2011.09.02 12:56:12.219,1.09188,1.09202,1.13,1.50
2011.09.02 12:56:12.658,1.09184,1.09199,2.25,1.50
2011.09.02 12:56:12.800,1.09185,1.09202,1.13,1.13
2011.09.02 12:56:12.928,1.09184,1.092,1.50,1.51
2011.09.02 12:56:13.768,1.09184,1.092,3.00,1.51
2011.09.02 12:56:15.202,1.09187,1.092,2.25,1.51
2011.09.02 12:56:15.325,1.09187,1.09202,2.25,2.25
2011.09.02 12:56:15.896,1.09187,1.09202,3.00,1.50
2011.09.02 12:56:16.134,1.09186,1.09202,1.50,1.50
2011.09.02 12:56:16.718,1.09187,1.09201,1.50,2.25
2011.09.02 12:56:16.846,1.09187,1.09199,2.25,1.50
2011.09.02 12:56:17.085,1.09186,1.09202,1.13,2.64
2011.09.02 12:56:17.528,1.09183,1.092,1.50,2.26
2011.09.02 12:56:18.111,1.09185,1.09201,1.50,1.51
2011.09.02 12:56:19.137,1.09188,1.09203,1.50,1.14
2011.09.02 12:56:19.511,1.09182,1.09198,1.50,2.25
2011.09.02 12:56:20.092,1.09182,1.09196,1.50,1.50
2011.09.02 12:56:21.107,1.09182,1.09196,1.50,1.50
2011.09.02 12:56:21.251,1.09186,1.09201,1.88,1.50
2011.09.02 12:56:22.088,1.09186,1.09202,2.63,1.13
2011.09.02 12:56:22.567,1.09186,1.092,1.13,1.50
2011.09.02 12:56:24.337,1.0918,1.09194,1.50,1.50
2011.09.02 12:56:24.465,1.09182,1.09196,1.13,1.13
2011.09.02 12:56:24.704,1.09182,1.09197,1.88,1.13
2011.09.02 12:56:25.077,1.09184,1.092,1.50,1.50
2011.09.02 12:56:25.212,1.09185,1.09201,1.50,1.88
2011.09.02 12:56:25.457,1.09184,1.09201,1.50,2.25
2011.09.02 12:56:25.588,1.09182,1.09198,2.63,1.50
2011.09.02 12:56:26.907,1.09181,1.09194,1.13,2.25
2011.09.02 12:56:27.515,1.09181,1.09195,2.25,2.25
2011.09.02 12:56:27.990,1.09182,1.09197,2.25,1.50
2011.09.02 12:56:28.645,1.09184,1.09198,1.88,1.50
2011.09.02 12:56:28.763,1.09184,1.09198,3.00,1.50
2011.09.02 12:56:28.886,1.09188,1.09202,1.13,2.49
2011.09.02 12:56:29.123,1.09183,1.09199,1.13,1.88
2011.09.02 12:56:29.583,1.09182,1.09198,2.25,2.25
2011.09.02 12:56:30.302,1.0918,1.09197,1.50,1.51
2011.09.02 12:56:31.145,1.09182,1.09198,1.13,1.88
2011.09.02 12:56:31.266,1.09182,1.09198,1.50,1.50
2011.09.02 12:56:32.113,1.09184,1.09201,2.25,1.50
2011.09.02 12:56:33.067,1.09184,1.092,1.50,1.50
2011.09.02 12:56:33.213,1.09183,1.092,3.00,1.50
2011.09.02 12:56:33.581,1.09182,1.09196,1.50,1.50
2011.09.02 12:56:33.822,1.09182,1.09197,1.13,1.88
2011.09.02 12:56:34.295,1.09179,1.09195,2.48,1.13
2011.09.02 12:56:34.534,1.0918,1.09196,1.88,1.50
2011.09.02 12:56:35.014,1.0918,1.09194,1.13,1.13
2011.09.02 12:56:35.538,1.09176,1.09191,2.85,1.50
2011.09.02 12:56:35.678,1.09172,1.09187,1.73,1.50
2011.09.02 12:56:36.163,1.09171,1.09188,2.85,1.50
2011.09.02 12:56:36.405,1.09171,1.09187,2.10,1.50
2011.09.02 12:56:36.763,1.0917,1.09185,1.88,1.13
2011.09.02 12:56:37.352,1.09171,1.09184,1.13,1.50
2011.09.02 12:56:38.289,1.09167,1.0918,1.73,1.50
2011.09.02 12:56:38.420,1.09166,1.09182,1.50,1.88
2011.09.02 12:56:38.666,1.09168,1.09184,1.13,1.88
2011.09.02 12:56:38.797,1.09168,1.09184,1.88,1.95
2011.09.02 12:56:38.929,1.09171,1.09185,1.13,1.50
2011.09.02 12:56:39.060,1.09172,1.09187,3.00,2.25
2011.09.02 12:56:39.308,1.09177,1.09193,1.50,2.10
2011.09.02 12:56:39.439,1.09177,1.09194,1.50,1.36
2011.09.02 12:56:39.947,1.09173,1.09192,2.25,1.13
2011.09.02 12:56:40.087,1.09173,1.09191,2.25,1.88
2011.09.02 12:56:40.922,1.09173,1.09191,1.50,1.50
2011.09.02 12:56:41.277,1.09172,1.09188,1.50,4.13
2011.09.02 12:56:41.408,1.0917,1.09191,2.25,2.64
2011.09.02 12:56:41.539,1.0917,1.09191,2.25,1.89
2011.09.02 12:56:41.666,1.09171,1.09191,1.50,1.14
2011.09.02 12:56:42.399,1.09176,1.09193,1.50,2.26
2011.09.02 12:56:42.649,1.09176,1.09194,1.50,1.50
2011.09.02 12:56:42.774,1.09178,1.09195,1.50,1.50
2011.09.02 12:56:43.142,1.09168,1.09185,3.00,1.50
2011.09.02 12:56:43.512,1.09164,1.09176,1.50,1.88
2011.09.02 12:56:43.755,1.09156,1.09172,3.38,1.13
2011.09.02 12:56:44.320,1.09157,1.09172,1.50,1.88
2011.09.02 12:56:44.568,1.09156,1.09172,1.13,2.63
2011.09.02 12:56:44.814,1.09156,1.09172,1.88,1.88
2011.09.02 12:56:45.055,1.09157,1.09172,1.50,1.88
2011.09.02 12:56:45.294,1.09156,1.09172,1.88,1.13
2011.09.02 12:56:45.420,1.09157,1.09173,1.50,1.13
2011.09.02 12:56:46.015,1.09159,1.09174,1.88,1.13
2011.09.02 12:56:46.537,1.09161,1.09175,2.25,2.26
2011.09.02 12:56:46.926,1.09162,1.09175,1.50,1.51
2011.09.02 12:56:47.046,1.09164,1.09175,1.13,1.51
2011.09.02 12:56:47.183,1.09164,1.09177,1.88,1.50
2011.09.02 12:56:47.427,1.09166,1.09184,3.00,1.50
2011.09.02 12:56:47.678,1.09167,1.09187,2.63,3.61
2011.09.02 12:56:47.808,1.0917,1.09187,1.50,2.49
2011.09.02 12:56:48.581,1.0917,1.09187,2.25,2.11
2011.09.02 12:56:48.945,1.09171,1.09186,1.50,1.89
2011.09.02 12:56:49.307,1.09174,1.09189,3.00,1.13
2011.09.02 12:56:49.896,1.09174,1.09188,2.25,1.50
2011.09.02 12:56:50.134,1.09176,1.0919,1.50,1.13
2011.09.02 12:56:51.009,1.09177,1.09193,2.63,1.13
2011.09.02 12:56:51.141,1.09179,1.09194,1.13,1.13
2011.09.02 12:56:51.509,1.0918,1.09195,1.50,1.50
2011.09.02 12:56:51.638,1.0918,1.09198,2.25,2.26
2011.09.02 12:56:51.885,1.0918,1.09198,1.50,2.26
2011.09.02 12:56:52.252,1.09179,1.09193,1.13,1.13
2011.09.02 12:56:53.052,1.09176,1.09192,2.63,2.63
2011.09.02 12:56:53.181,1.09176,1.09192,2.63,1.89
2011.09.02 12:56:53.897,1.09177,1.0919,1.50,1.50
2011.09.02 12:56:54.273,1.09157,1.09171,4.67,1.50
2011.09.02 12:56:54.404,1.09157,1.09171,3.55,2.25
2011.09.02 12:56:54.534,1.09155,1.09166,1.50,1.50
2011.09.02 12:56:55.120,1.09155,1.09166,1.50,1.50
2011.09.02 12:56:55.259,1.09157,1.09168,1.50,1.13
2011.09.02 12:56:55.753,1.09157,1.09168,1.50,1.50
2011.09.02 12:56:56.118,1.09155,1.09164,1.50,1.50
2011.09.02 12:56:56.366,1.09151,1.09164,1.50,1.13
2011.09.02 12:56:56.485,1.0915,1.09163,1.13,1.50
2011.09.02 12:56:56.848,1.09155,1.09163,1.50,1.50
2011.09.02 12:56:57.513,1.09154,1.09161,1.50,1.50
2011.09.02 12:56:57.892,1.09151,1.0916,1.50,1.50
2011.09.02 12:56:58.258,1.0915,1.09164,1.50,1.50
2011.09.02 12:56:58.855,1.09152,1.09165,1.50,2.64
2011.09.02 12:56:59.302,1.09152,1.09165,1.50,1.14
2011.09.02 12:57:00.168,1.09152,1.09166,1.50,1.14
2011.09.02 12:57:00.540,1.09149,1.09163,1.50,2.63
2011.09.02 12:57:00.668,1.0915,1.09163,1.50,2.63
2011.09.02 12:57:01.037,1.0915,1.09166,1.88,3.39
2011.09.02 12:57:01.171,1.0915,1.09164,2.48,2.26
2011.09.02 12:57:01.296,1.09156,1.09162,1.50,1.50
2011.09.02 12:57:01.426,1.09155,1.09165,1.50,1.13
2011.09.02 12:57:01.551,1.09152,1.09165,1.50,1.51
2011.09.02 12:57:01.677,1.0915,1.09158,2.25,1.13
2011.09.02 12:57:02.359,1.09148,1.09155,1.50,1.50
2011.09.02 12:57:02.499,1.09153,1.09169,2.25,2.26
2011.09.02 12:57:02.632,1.09154,1.09169,3.00,1.50
2011.09.02 12:57:02.762,1.09157,1.09172,1.13,1.50
2011.09.02 12:57:02.890,1.09157,1.09167,1.13,1.50
2011.09.02 12:57:03.262,1.09171,1.0918,3.00,1.50
2011.09.02 12:57:03.506,1.09174,1.09187,1.13,1.50
2011.09.02 12:57:04.045,1.09174,1.09189,1.88,2.25
2011.09.02 12:57:04.168,1.09174,1.09185,1.13,1.50
2011.09.02 12:57:04.418,1.09173,1.09191,2.25,1.88
2011.09.02 12:57:04.902,1.09172,1.09188,1.88,1.88
2011.09.02 12:57:05.686,1.09172,1.09188,1.88,1.13
2011.09.02 12:57:05.818,1.09174,1.09188,1.50,1.50
2011.09.02 12:57:06.334,1.09175,1.09189,1.13,1.50
2011.09.02 12:57:06.723,1.09178,1.09191,1.50,1.50
2011.09.02 12:57:06.844,1.09178,1.09195,1.50,1.50
2011.09.02 12:57:06.970,1.0918,1.09196,1.13,1.13
2011.09.02 12:57:07.099,1.09178,1.09195,2.25,1.50
2011.09.02 12:57:07.472,1.09181,1.09196,1.88,1.13
2011.09.02 12:57:09.003,1.09181,1.09195,2.25,2.25
2011.09.02 12:57:09.608,1.09183,1.09196,5.25,1.50
2011.09.02 12:57:09.855,1.0918,1.09196,3.00,3.00
2011.09.02 12:57:09.975,1.0918,1.09195,2.25,1.88
2011.09.02 12:57:10.214,1.0918,1.09192,2.25,2.25
2011.09.02 12:57:11.600,1.09181,1.09195,1.50,2.63
2011.09.02 12:57:11.738,1.0919,1.09201,1.50,3.00
2011.09.02 12:57:11.991,1.09187,1.09201,2.25,3.00
2011.09.02 12:57:12.358,1.09187,1.09201,1.50,3.75
2011.09.02 12:57:12.488,1.09186,1.09198,2.10,2.25
2011.09.02 12:57:12.757,1.09178,1.09192,3.38,1.50
2011.09.02 12:57:13.007,1.0918,1.09195,2.25,2.25
2011.09.02 12:57:13.652,1.09182,1.09195,2.25,2.25
2011.09.02 12:57:14.136,1.09183,1.09196,1.50,2.25
2011.09.02 12:57:14.256,1.09182,1.09196,2.25,2.25
2011.09.02 12:57:15.188,1.09182,1.09192,1.50,2.25
2011.09.02 12:57:15.321,1.09176,1.0919,3.00,1.50
2011.09.02 12:57:15.563,1.09175,1.0919,1.50,1.50
2011.09.02 12:57:16.166,1.09177,1.09193,2.25,1.50
2011.09.02 12:57:16.538,1.0918,1.09194,1.50,1.50
2011.09.02 12:57:17.235,1.09181,1.09196,1.50,2.25
2011.09.02 12:57:18.809,1.09184,1.09196,1.50,2.25
2011.09.02 12:57:19.064,1.09186,1.09199,1.50,2.25
2011.09.02 12:57:19.790,1.09186,1.09198,2.25,2.25
2011.09.02 12:57:20.278,1.09186,1.092,2.25,2.63
2011.09.02 12:57:21.319,1.09188,1.09201,1.50,1.50
2011.09.02 12:57:21.447,1.09189,1.09201,1.50,1.50
2011.09.02 12:57:21.697,1.0919,1.09204,1.50,1.13
2011.09.02 12:57:21.816,1.0919,1.09203,1.50,2.25
2011.09.02 12:57:22.178,1.09191,1.09199,1.50,2.25
2011.09.02 12:57:22.305,1.09189,1.09199,1.50,2.25
2011.09.02 12:57:23.114,1.09184,1.09195,1.50,1.13
2011.09.02 12:57:23.647,1.09183,1.09199,1.50,3.00
2011.09.02 12:57:23.899,1.09182,1.09196,3.00,1.50
2011.09.02 12:57:24.627,1.09183,1.09199,3.00,2.25
2011.09.02 12:57:25.096,1.09185,1.09201,2.25,3.75
2011.09.02 12:57:25.216,1.09187,1.09201,1.50,2.25
2011.09.02 12:57:25.696,1.09188,1.09201,1.50,1.50
2011.09.02 12:57:26.238,1.09191,1.09201,1.50,1.50
2011.09.02 12:57:26.838,1.0919,1.09201,1.50,1.50
2011.09.02 12:57:27.204,1.0919,1.09202,1.50,1.13
2011.09.02 12:57:27.665,1.09191,1.09202,1.50,1.13
2011.09.02 12:57:29.693,1.09189,1.09202,3.00,1.13
2011.09.02 12:57:29.819,1.09189,1.092,1.50,2.25
2011.09.02 12:57:30.066,1.09184,1.09198,2.25,3.00
2011.09.02 12:57:30.555,1.09187,1.09199,1.50,2.25
2011.09.02 12:57:30.794,1.09185,1.09199,1.50,2.25
2011.09.02 12:57:31.714,1.09185,1.092,1.50,3.00
2011.09.02 12:57:33.265,1.09186,1.092,2.25,3.00
2011.09.02 12:57:33.386,1.09189,1.09201,1.50,1.50
2011.09.02 12:57:33.747,1.09186,1.09201,2.25,3.00
2011.09.02 12:57:33.878,1.09186,1.09201,1.50,1.13
2011.09.02 12:57:34.123,1.09187,1.09201,1.50,1.50
2011.09.02 12:57:34.788,1.09187,1.09201,2.25,1.50
2011.09.02 12:57:34.916,1.09187,1.09201,2.25,1.50
2011.09.02 12:57:35.755,1.09185,1.09201,1.50,2.25
2011.09.02 12:57:36.322,1.09186,1.09201,1.50,3.00
2011.09.02 12:57:36.913,1.09188,1.09202,1.88,1.13
2011.09.02 12:57:37.034,1.09191,1.09201,1.50,1.50
2011.09.02 12:57:37.155,1.09189,1.09203,1.50,2.25
2011.09.02 12:57:37.737,1.09181,1.09195,1.50,2.25
2011.09.02 12:57:38.228,1.0918,1.09192,1.50,2.25
2011.09.02 12:57:38.600,1.09176,1.09188,1.50,2.25
2011.09.02 12:57:38.726,1.09174,1.09188,2.85,2.25
2011.09.02 12:57:39.781,1.09174,1.09185,2.10,2.25
2011.09.02 12:57:41.213,1.09174,1.09187,2.85,2.25
2011.09.02 12:57:43.507,1.09174,1.09188,2.85,2.25
2011.09.02 12:57:44.304,1.09174,1.09191,2.25,4.14
2011.09.02 12:57:45.334,1.09174,1.09188,1.50,1.50
2011.09.02 12:57:47.458,1.09175,1.09187,1.50,2.25
2011.09.02 12:57:48.916,1.09175,1.09188,1.50,1.13
2011.09.02 12:57:49.042,1.09178,1.0919,1.50,1.89
2011.09.02 12:57:49.286,1.09178,1.09192,1.50,3.75
2011.09.02 12:57:49.896,1.09175,1.09188,2.85,1.13
2011.09.02 12:57:50.135,1.09175,1.09189,2.10,2.25
2011.09.02 12:57:50.776,1.09175,1.09189,2.10,2.25
2011.09.02 12:57:51.123,1.09175,1.09189,2.10,2.25
2011.09.02 12:57:51.732,1.09177,1.0919,1.50,1.13
2011.09.02 12:57:53.161,1.09179,1.09192,1.50,1.50
2011.09.02 12:57:53.417,1.09176,1.09192,1.50,3.75
2011.09.02 12:57:53.786,1.09173,1.09183,2.10,1.13
2011.09.02 12:57:54.148,1.09173,1.09187,2.10,1.13
2011.09.02 12:57:54.281,1.09173,1.09188,2.10,1.13
2011.09.02 12:57:54.646,1.09175,1.09189,2.10,1.50
2011.09.02 12:57:55.126,1.09178,1.09192,2.25,1.13
2011.09.02 12:57:55.701,1.0918,1.09193,1.50,1.50
2011.09.02 12:57:56.066,1.09183,1.09193,1.50,1.50
2011.09.02 12:57:57.030,1.09181,1.09192,1.50,1.50
2011.09.02 12:57:57.161,1.09181,1.09189,1.50,2.25
2011.09.02 12:57:57.294,1.09173,1.09183,1.50,1.50
2011.09.02 12:57:57.418,1.09168,1.09183,1.35,1.50
2011.09.02 12:57:58.220,1.09166,1.09181,2.25,1.13
2011.09.02 12:57:58.355,1.09166,1.09181,1.50,1.13
2011.09.02 12:57:58.958,1.09173,1.09187,1.50,2.25
2011.09.02 12:57:59.091,1.09174,1.0919,1.13,2.63
2011.09.02 12:57:59.217,1.09173,1.09188,1.50,1.13
2011.09.02 12:57:59.348,1.09174,1.0919,2.63,1.14
2011.09.02 12:57:59.482,1.09176,1.09192,4.35,1.50
2011.09.02 12:57:59.605,1.09176,1.09189,2.85,1.13
2011.09.02 12:57:59.971,1.09177,1.09192,1.50,1.88
2011.09.02 12:58:00.778,1.09176,1.09184,2.10,1.13
2011.09.02 12:58:01.450,1.09176,1.09189,2.10,1.89
2011.09.02 12:58:02.173,1.09176,1.09189,2.10,1.13
2011.09.02 12:58:02.746,1.09176,1.09189,2.10,1.13
2011.09.02 12:58:02.976,1.09176,1.0919,2.10,1.13
2011.09.02 12:58:03.096,1.09176,1.0919,2.10,1.88
2011.09.02 12:58:03.602,1.09176,1.09193,3.23,1.89
2011.09.02 12:58:03.739,1.09176,1.09191,2.48,1.50
2011.09.02 12:58:03.863,1.09177,1.09194,1.88,1.14
2011.09.02 12:58:04.804,1.09177,1.09193,1.13,1.14
2011.09.02 12:58:04.923,1.09176,1.09192,3.60,1.50
2011.09.02 12:58:05.043,1.09176,1.09191,2.10,1.50
2011.09.02 12:58:05.405,1.09177,1.09192,1.13,1.88
2011.09.02 12:58:05.764,1.09179,1.09195,1.50,1.89
2011.09.02 12:58:06.370,1.09178,1.09184,1.50,1.13
2011.09.02 12:58:06.501,1.09172,1.09184,1.50,2.25
2011.09.02 12:58:06.999,1.0917,1.09182,2.85,1.13
2011.09.02 12:58:07.248,1.0917,1.09177,2.10,1.50
2011.09.02 12:58:07.377,1.0917,1.09183,2.10,1.88
2011.09.02 12:58:08.187,1.09169,1.09183,1.13,1.50
2011.09.02 12:58:08.427,1.09166,1.09183,1.50,1.50
2011.09.02 12:58:08.561,1.09167,1.09184,1.50,1.51
2011.09.02 12:58:09.152,1.09169,1.09185,1.13,1.14
2011.09.02 12:58:10.175,1.09168,1.09185,1.13,1.89
2011.09.02 12:58:10.514,1.09166,1.09182,3.75,1.50
2011.09.02 12:58:11.313,1.09166,1.0918,2.25,1.50
2011.09.02 12:58:11.871,1.09166,1.09182,3.00,1.50
2011.09.02 12:58:12.543,1.09166,1.09178,1.13,1.50
2011.09.02 12:58:13.142,1.09166,1.09183,2.63,2.63
2011.09.02 12:58:13.495,1.09166,1.09183,3.00,1.88
2011.09.02 12:58:13.616,1.09166,1.09182,2.63,1.13
2011.09.02 12:58:14.203,1.09166,1.09181,1.13,1.50
2011.09.02 12:58:14.322,1.09166,1.09181,1.50,1.50
2011.09.02 12:58:14.443,1.09167,1.09183,1.13,1.51
2011.09.02 12:58:14.795,1.09165,1.0918,1.50,1.50
2011.09.02 12:58:14.913,1.09168,1.09184,1.13,3.39
2011.09.02 12:58:15.038,1.09168,1.09184,1.88,2.64
2011.09.02 12:58:15.163,1.09165,1.09184,1.50,2.64
2011.09.02 12:58:15.283,1.09164,1.0918,3.75,1.50
2011.09.02 12:58:15.947,1.09162,1.09176,2.85,1.50
2011.09.02 12:58:16.082,1.09155,1.09168,1.50,1.50
2011.09.02 12:58:16.210,1.09154,1.09168,1.13,1.50
2011.09.02 12:58:16.816,1.09156,1.0917,1.35,1.89
2011.09.02 12:58:17.539,1.09153,1.09168,1.35,1.50
2011.09.02 12:58:17.789,1.09153,1.09168,1.35,1.50
2011.09.02 12:58:17.914,1.09153,1.09168,1.35,1.50
2011.09.02 12:58:18.967,1.09155,1.0917,1.35,1.50
2011.09.02 12:58:19.340,1.09156,1.0917,3.00,2.25
2011.09.02 12:58:19.583,1.09158,1.09172,1.50,1.50
2011.09.02 12:58:19.705,1.09158,1.09174,1.50,1.13
2011.09.02 12:58:19.936,1.09159,1.09176,2.25,1.51
2011.09.02 12:58:20.523,1.09159,1.09173,2.25,1.50
2011.09.02 12:58:21.133,1.09162,1.09177,1.13,1.88
2011.09.02 12:58:21.262,1.09158,1.09176,1.50,1.88
2011.09.02 12:58:21.765,1.09157,1.09174,1.50,1.50
2011.09.02 12:58:22.003,1.09159,1.09175,1.13,1.50
2011.09.02 12:58:22.123,1.09158,1.09173,1.50,1.50
2011.09.02 12:58:22.243,1.0916,1.09176,1.13,1.13
2011.09.02 12:58:22.803,1.09161,1.09176,1.13,1.13
2011.09.02 12:58:23.392,1.09162,1.09177,1.13,1.13
2011.09.02 12:58:23.519,1.09164,1.0918,1.50,3.38
2011.09.02 12:58:23.882,1.09162,1.09177,3.75,1.50
2011.09.02 12:58:24.517,1.09166,1.09183,1.50,2.35
2011.09.02 12:58:24.634,1.09168,1.09183,1.13,2.35
2011.09.02 12:58:24.874,1.09166,1.0918,1.50,1.50
2011.09.02 12:58:25.228,1.09164,1.09181,2.25,1.50
2011.09.02 12:58:25.361,1.09164,1.09183,2.25,1.89
2011.09.02 12:58:25.489,1.09167,1.09183,1.13,1.14
2011.09.02 12:58:25.618,1.09171,1.09184,1.50,2.63
2011.09.02 12:58:26.108,1.09171,1.09184,1.50,1.13
2011.09.02 12:58:27.039,1.09174,1.09184,1.50,1.13
2011.09.02 12:58:27.756,1.0917,1.09185,2.25,1.50
2011.09.02 12:58:27.878,1.09167,1.09182,1.73,1.50
2011.09.02 12:58:28.009,1.09167,1.09183,2.48,1.13
2011.09.02 12:58:28.258,1.0917,1.09186,1.50,1.51
2011.09.02 12:58:28.625,1.09172,1.09188,2.25,1.50
2011.09.02 12:58:28.985,1.09172,1.09186,3.00,1.50
2011.09.02 12:58:29.485,1.09176,1.0919,1.13,1.14
2011.09.02 12:58:29.608,1.09174,1.0919,1.50,1.51
2011.09.02 12:58:30.425,1.09176,1.09191,1.50,2.26
2011.09.02 12:58:30.787,1.09176,1.09192,1.13,1.14
2011.09.02 12:58:31.036,1.09174,1.09192,2.25,1.88
2011.09.02 12:58:31.273,1.09174,1.0919,2.25,1.50
2011.09.02 12:58:31.516,1.09179,1.09192,1.50,1.13
2011.09.02 12:58:32.577,1.09179,1.09192,1.50,1.13
2011.09.02 12:58:33.414,1.09179,1.09194,1.88,1.51
2011.09.02 12:58:33.536,1.09179,1.09193,1.13,1.50
2011.09.02 12:58:33.907,1.09179,1.09193,1.50,1.50
2011.09.02 12:58:34.158,1.09182,1.09196,1.13,2.25
2011.09.02 12:58:34.519,1.09183,1.09196,1.50,1.50
2011.09.02 12:58:39.363,1.09182,1.09196,3.75,1.50
2011.09.02 12:58:40.249,1.09187,1.09196,1.13,1.50
2011.09.02 12:58:40.381,1.09189,1.09202,1.50,1.50
2011.09.02 12:58:40.510,1.0919,1.09204,1.13,1.51
2011.09.02 12:58:41.205,1.0919,1.09205,1.50,2.26
2011.09.02 12:58:41.784,1.0919,1.09204,1.50,1.50
2011.09.02 12:58:42.646,1.09197,1.09205,1.88,1.50
2011.09.02 12:58:43.004,1.09197,1.09204,1.13,1.50
2011.09.02 12:58:43.124,1.09197,1.09205,1.13,1.50
2011.09.02 12:58:43.371,1.09193,1.09204,1.50,1.50
2011.09.02 12:58:43.497,1.09191,1.09204,1.13,1.50
2011.09.02 12:58:44.107,1.0919,1.09204,1.50,1.50
2011.09.02 12:58:44.239,1.09191,1.09204,3.00,1.50
2011.09.02 12:58:44.865,1.09193,1.09209,1.50,1.50
2011.09.02 12:58:46.667,1.0919,1.09207,2.10,1.50
2011.09.02 12:58:47.037,1.0919,1.09203,2.10,1.50
2011.09.02 12:58:47.477,1.0919,1.09206,2.85,1.50
2011.09.02 12:58:47.622,1.09197,1.09213,1.50,3.00
2011.09.02 12:58:48.107,1.09198,1.09213,1.13,2.25
2011.09.02 12:58:49.074,1.092,1.09213,1.13,1.50
2011.09.02 12:58:50.667,1.092,1.09213,1.13,1.50
2011.09.02 12:58:51.245,1.092,1.09213,1.13,1.50
2011.09.02 12:58:51.825,1.092,1.09213,1.50,1.50
2011.09.02 12:58:52.188,1.092,1.09213,1.50,1.50
2011.09.02 12:58:52.319,1.09202,1.09213,1.50,1.50
2011.09.02 12:58:52.684,1.09207,1.09218,1.50,1.50
2011.09.02 12:58:53.819,1.09209,1.09225,1.50,1.50
2011.09.02 12:58:53.951,1.09229,1.09233,1.50,3.51
2011.09.02 12:58:54.080,1.09226,1.09235,1.50,2.09
2011.09.02 12:58:54.210,1.09226,1.09234,1.50,1.34
2011.09.02 12:58:54.341,1.09225,1.09238,1.13,2.25
2011.09.02 12:58:54.827,1.09227,1.09238,1.88,1.50
2011.09.02 12:58:54.959,1.09227,1.09242,1.88,1.50
2011.09.02 12:58:55.606,1.09223,1.0924,2.63,1.13
2011.09.02 12:58:56.198,1.09228,1.09242,1.50,1.35
2011.09.02 12:58:56.566,1.0923,1.09244,1.50,2.25
2011.09.02 12:58:56.810,1.09233,1.09246,1.13,2.11
2011.09.02 12:58:57.564,1.0923,1.09243,1.13,1.50
2011.09.02 12:58:57.701,1.09228,1.09243,1.50,1.50
2011.09.02 12:58:57.936,1.0923,1.09244,2.25,1.88
2011.09.02 12:58:58.070,1.09232,1.09246,1.50,3.60
2011.09.02 12:58:58.320,1.09238,1.09246,1.50,1.35
2011.09.02 12:58:58.690,1.09233,1.09249,3.00,3.00
2011.09.02 12:58:59.533,1.09238,1.09249,2.25,2.25
2011.09.02 12:59:00.022,1.09242,1.09256,1.88,2.10
2011.09.02 12:59:00.152,1.09245,1.09256,1.50,1.35
2011.09.02 12:59:00.282,1.09245,1.09256,1.88,2.10
2011.09.02 12:59:00.408,1.09245,1.09256,1.13,1.35
2011.09.02 12:59:00.661,1.09236,1.09251,2.25,2.85
2011.09.02 12:59:01.477,1.09236,1.09252,1.50,2.10
2011.09.02 12:59:01.872,1.09231,1.09246,1.88,1.88
2011.09.02 12:59:02.119,1.09232,1.09248,1.50,2.25
2011.09.02 12:59:02.371,1.09231,1.09248,1.88,2.63
2011.09.02 12:59:02.504,1.09231,1.09247,1.13,2.63
2011.09.02 12:59:02.868,1.09224,1.09239,2.85,1.13
2011.09.02 12:59:03.002,1.09227,1.09239,1.50,1.13
2011.09.02 12:59:03.520,1.09224,1.09236,1.35,1.50
2011.09.02 12:59:03.768,1.09221,1.09238,3.00,1.50
2011.09.02 12:59:03.898,1.09223,1.09239,1.88,1.88
2011.09.02 12:59:04.271,1.09225,1.09242,1.50,1.51
2011.09.02 12:59:04.395,1.09229,1.09243,1.13,1.14
2011.09.02 12:59:04.640,1.0923,1.09244,1.13,1.50
2011.09.02 12:59:05.010,1.09226,1.09243,1.50,1.50
2011.09.02 12:59:05.891,1.09228,1.09244,1.88,2.25
2011.09.02 12:59:06.258,1.0923,1.09244,1.50,1.50
2011.09.02 12:59:06.855,1.09231,1.09244,1.13,1.50
2011.09.02 12:59:07.665,1.0923,1.09244,1.88,1.50
2011.09.02 12:59:08.504,1.09228,1.09244,1.50,2.25
2011.09.02 12:59:08.752,1.09224,1.09239,1.88,1.50
2011.09.02 12:59:09.343,1.09226,1.0924,1.50,1.13
2011.09.02 12:59:09.932,1.09225,1.09239,1.50,1.50
2011.09.02 12:59:10.059,1.09223,1.09236,1.50,1.88
2011.09.02 12:59:10.708,1.09221,1.09236,1.50,2.64
2011.09.02 12:59:10.845,1.09217,1.09234,1.88,1.88
2011.09.02 12:59:10.975,1.09221,1.09235,1.13,2.26
2011.09.02 12:59:11.339,1.09224,1.09237,1.50,1.51
2011.09.02 12:59:11.474,1.09224,1.09238,3.00,1.51
2011.09.02 12:59:11.599,1.09224,1.09239,2.25,1.50
2011.09.02 12:59:11.731,1.0923,1.09243,1.50,1.51
2011.09.02 12:59:11.860,1.09232,1.09246,1.13,1.88
2011.09.02 12:59:11.996,1.09231,1.09245,1.13,1.50
2011.09.02 12:59:12.534,1.0923,1.09245,1.50,1.50
2011.09.02 12:59:12.784,1.09233,1.09249,2.25,1.13
2011.09.02 12:59:13.505,1.09235,1.09249,1.13,1.13
2011.09.02 12:59:13.624,1.09233,1.09249,2.25,1.88
2011.09.02 12:59:13.864,1.09237,1.09251,1.13,2.10
2011.09.02 12:59:14.885,1.09236,1.0925,1.50,1.50
2011.09.02 12:59:15.252,1.09232,1.0924,1.50,1.50
2011.09.02 12:59:15.379,1.0923,1.0924,1.88,1.50
2011.09.02 12:59:15.506,1.09232,1.09246,1.50,1.88
2011.09.02 12:59:15.624,1.09232,1.09246,1.50,1.13
2011.09.02 12:59:15.749,1.09234,1.09249,1.50,1.35
2011.09.02 12:59:16.357,1.09236,1.09246,1.50,1.13
2011.09.02 12:59:16.904,1.09238,1.09252,1.50,1.14
2011.09.02 12:59:17.046,1.09241,1.09254,1.50,1.51
2011.09.02 12:59:17.399,1.0924,1.09254,1.50,1.51
2011.09.02 12:59:17.652,1.0924,1.09257,1.50,1.51
2011.09.02 12:59:17.781,1.09242,1.09258,1.88,1.89
2011.09.02 12:59:17.911,1.09249,1.09263,1.50,1.51
2011.09.02 12:59:18.042,1.09252,1.09267,1.50,1.74
2011.09.02 12:59:18.175,1.0925,1.09266,1.50,1.51
2011.09.02 12:59:18.414,1.09249,1.09264,1.88,1.13
2011.09.02 12:59:19.062,1.09249,1.09265,2.63,1.50
2011.09.02 12:59:19.774,1.09251,1.09265,1.13,1.13
2011.09.02 12:59:20.458,1.09249,1.09265,3.00,1.13
2011.09.02 12:59:20.829,1.09249,1.09263,2.25,1.50
2011.09.02 12:59:21.666,1.09251,1.09263,1.50,1.51
2011.09.02 12:59:21.787,1.09255,1.09268,1.13,1.51
2011.09.02 12:59:21.920,1.09257,1.09268,1.13,1.50
2011.09.02 12:59:22.165,1.09258,1.09272,1.13,1.13
2011.09.02 12:59:23.313,1.09259,1.09272,1.50,1.50
2011.09.02 12:59:24.038,1.0926,1.09275,1.50,1.88
2011.09.02 12:59:24.164,1.0926,1.09275,1.50,1.13
2011.09.02 12:59:24.524,1.0926,1.09275,1.50,1.13
2011.09.02 12:59:25.295,1.0926,1.09271,1.50,1.13
2011.09.02 12:59:25.426,1.09258,1.0927,1.50,1.13
2011.09.02 12:59:25.548,1.09258,1.09268,1.50,1.50
2011.09.02 12:59:25.917,1.09252,1.09265,1.50,1.13
2011.09.02 12:59:26.288,1.09249,1.09261,1.50,2.25
2011.09.02 12:59:26.420,1.09247,1.09257,1.50,1.88
2011.09.02 12:59:26.549,1.09244,1.09255,1.50,2.25
2011.09.02 12:59:26.680,1.09241,1.09254,1.50,1.50
2011.09.02 12:59:27.196,1.09241,1.0925,1.50,1.50
2011.09.02 12:59:27.322,1.0924,1.09253,2.25,1.88
2011.09.02 12:59:27.445,1.09243,1.09253,1.50,1.88
2011.09.02 12:59:27.685,1.09242,1.09257,1.13,2.26
2011.09.02 12:59:27.805,1.09242,1.09257,1.13,2.26
2011.09.02 12:59:28.267,1.09243,1.09258,1.50,1.14
2011.09.02 12:59:28.639,1.09244,1.09259,1.50,1.14
2011.09.02 12:59:29.009,1.09245,1.09259,2.63,1.13
2011.09.02 12:59:29.585,1.09247,1.09262,1.50,1.51
2011.09.02 12:59:29.948,1.0925,1.09261,1.88,1.50
2011.09.02 12:59:30.077,1.0925,1.09264,2.63,1.13
2011.09.02 12:59:30.559,1.09251,1.09264,1.50,1.50
2011.09.02 12:59:30.695,1.09251,1.09266,1.50,1.88
2011.09.02 12:59:30.818,1.09252,1.09266,1.50,1.13
2011.09.02 12:59:31.595,1.09259,1.09269,1.50,1.13
2011.09.02 12:59:31.956,1.09258,1.09271,1.50,1.13
2011.09.02 12:59:33.016,1.09255,1.09269,3.00,1.13
2011.09.02 12:59:33.374,1.09255,1.09269,1.50,1.88
2011.09.02 12:59:34.006,1.09255,1.09269,1.50,1.88
2011.09.02 12:59:34.263,1.09247,1.09258,1.50,2.25
2011.09.02 12:59:34.394,1.09247,1.09252,1.50,1.13
2011.09.02 12:59:34.525,1.09243,1.09252,1.35,1.13
2011.09.02 12:59:34.651,1.09243,1.09252,1.50,1.13
2011.09.02 12:59:34.782,1.09242,1.09252,1.50,1.50
2011.09.02 12:59:34.911,1.0924,1.09256,2.25,2.10
2011.09.02 12:59:35.045,1.09242,1.09256,1.50,1.35
2011.09.02 12:59:35.409,1.09245,1.09257,1.13,1.50
2011.09.02 12:59:35.962,1.09246,1.09261,2.25,1.35
2011.09.02 12:59:36.084,1.09246,1.09262,3.00,1.50
2011.09.02 12:59:36.205,1.09247,1.09265,1.50,2.10
2011.09.02 12:59:36.331,1.09246,1.0926,3.00,1.50
2011.09.02 12:59:36.698,1.09254,1.09263,1.50,1.50
2011.09.02 12:59:36.828,1.09255,1.09269,1.13,1.73
2011.09.02 12:59:36.956,1.09255,1.09271,1.88,1.73
2011.09.02 12:59:37.074,1.09255,1.09271,1.13,1.73
2011.09.02 12:59:37.195,1.09258,1.09272,1.50,2.10
2011.09.02 12:59:37.315,1.09255,1.09272,1.88,2.10
2011.09.02 12:59:37.433,1.09255,1.09271,1.13,1.73
2011.09.02 12:59:38.407,1.09256,1.09271,1.88,1.13
2011.09.02 12:59:39.009,1.09257,1.09273,3.38,1.13
2011.09.02 12:59:39.135,1.09258,1.09273,2.25,1.13
2011.09.02 12:59:39.728,1.09259,1.09274,1.50,1.50
2011.09.02 12:59:40.323,1.09261,1.09273,1.13,1.50
2011.09.02 12:59:40.454,1.0926,1.09274,1.13,1.13
2011.09.02 12:59:41.056,1.0926,1.09274,1.88,1.13
2011.09.02 12:59:41.645,1.0926,1.09276,2.25,2.10
2011.09.02 12:59:42.548,1.09262,1.09276,2.25,2.10
2011.09.02 12:59:43.185,1.0926,1.09276,2.25,1.13
2011.09.02 12:59:43.667,1.0926,1.09274,2.25,2.25
2011.09.02 12:59:44.040,1.09259,1.09267,1.50,1.50
2011.09.02 12:59:44.171,1.09257,1.09265,1.50,1.13
2011.09.02 12:59:44.296,1.09254,1.09265,1.50,1.13
2011.09.02 12:59:44.419,1.09254,1.09265,1.50,1.88
2011.09.02 12:59:45.562,1.09253,1.09264,1.50,1.13
2011.09.02 12:59:45.689,1.09251,1.09264,1.50,1.13
2011.09.02 12:59:45.941,1.09251,1.09261,1.50,1.50
2011.09.02 12:59:46.548,1.09251,1.09264,1.50,1.13
2011.09.02 12:59:47.157,1.09252,1.09262,1.50,1.50
2011.09.02 12:59:47.541,1.09249,1.09257,1.50,1.88
2011.09.02 12:59:48.128,1.09252,1.09265,1.13,1.50
2011.09.02 12:59:48.254,1.0925,1.09263,1.13,1.50
2011.09.02 12:59:48.842,1.0925,1.09262,1.88,1.50
2011.09.02 12:59:49.203,1.09252,1.09262,1.50,1.50
2011.09.02 12:59:49.566,1.09251,1.0926,1.50,1.50
2011.09.02 12:59:49.689,1.0925,1.09264,1.50,1.13
2011.09.02 12:59:49.815,1.09248,1.09263,1.73,1.50
2011.09.02 12:59:50.577,1.09249,1.09263,1.50,1.50
2011.09.02 12:59:51.173,1.09249,1.09264,2.25,1.13
2011.09.02 12:59:51.748,1.0925,1.09266,1.50,1.13
2011.09.02 12:59:51.877,1.09255,1.09268,1.88,1.50
2011.09.02 12:59:52.364,1.09258,1.0927,1.13,1.50
2011.09.02 12:59:52.606,1.09259,1.09273,1.88,1.13
2011.09.02 12:59:53.272,1.09261,1.09276,1.88,1.50
2011.09.02 12:59:53.628,1.09262,1.09276,1.50,1.50
2011.09.02 12:59:54.229,1.09264,1.09278,1.88,1.88
2011.09.02 12:59:54.359,1.09268,1.09284,1.88,2.48
2011.09.02 12:59:54.605,1.0927,1.09286,1.13,1.50
2011.09.02 12:59:54.964,1.09276,1.0929,1.13,1.50
2011.09.02 12:59:55.767,1.09279,1.0929,1.50,1.50
2011.09.02 12:59:56.135,1.09281,1.09293,1.50,1.50
2011.09.02 12:59:56.257,1.09281,1.09295,1.50,1.50
2011.09.02 12:59:56.737,1.09279,1.09293,1.50,1.13
2011.09.02 12:59:57.221,1.09282,1.09296,1.50,1.50
2011.09.02 12:59:57.827,1.09283,1.09297,1.13,1.50
2011.09.02 12:59:58.413,1.09285,1.09299,1.13,1.50
2011.09.02 12:59:59.094,1.09284,1.09297,1.13,1.50
2011.09.02 12:59:59.334,1.09285,1.09299,1.50,1.50
