2017.01.16 14:00:00.778,1.2092,1.20926,1.00,1.69
2017.01.16 14:00:01.031,1.20918,1.20926,1.00,1.69
2017.01.16 14:00:01.082,1.2092,1.20926,1.00,1.69
2017.01.16 14:00:01.285,1.20918,1.20925,1.00,1.87
2017.01.16 14:00:02.085,1.20917,1.20925,1.12,2.47
2017.01.16 14:00:02.136,1.20917,1.20924,1.12,1.19
2017.01.16 14:00:03.045,1.20916,1.20923,1.87,1.54
2017.01.16 14:00:03.299,1.20918,1.20924,1.00,1.54
2017.01.16 14:00:03.813,1.20916,1.20924,5.44,1.05
2017.01.16 14:00:04.348,1.20916,1.20925,5.06,3.04
2017.01.16 14:00:04.500,1.20915,1.20922,2.06,1.25
2017.01.16 14:00:05.013,1.20914,1.20922,1.69,1.91
2017.01.16 14:00:07.726,1.20914,1.20922,2.44,1.31
2017.01.16 14:00:08.284,1.20914,1.20921,2.44,1.00
2017.01.16 14:00:09.828,1.20914,1.20922,1.69,1.31
2017.01.16 14:00:10.369,1.20914,1.20921,1.19,1.00
2017.01.16 14:00:11.010,1.20915,1.20923,1.25,4.91
2017.01.16 14:00:12.556,1.20915,1.20921,1.25,1.00
2017.01.16 14:00:12.707,1.20911,1.20919,3.37,2.44
2017.01.16 14:00:12.809,1.20908,1.20916,1.50,1.69
2017.01.16 14:00:13.047,1.20912,1.20917,2.25,2.25
2017.01.16 14:00:13.410,1.20916,1.20918,1.00,1.31
2017.01.16 14:00:13.483,1.20917,1.20922,1.00,1.05
2017.01.16 14:00:14.150,1.20914,1.20922,3.19,1.25
2017.01.16 14:00:14.692,1.20914,1.20921,2.06,1.69
2017.01.16 14:00:14.794,1.20916,1.20921,1.00,1.69
2017.01.16 14:00:14.895,1.20913,1.20921,4.69,1.69
2017.01.16 14:00:15.471,1.20914,1.2092,1.00,2.25
2017.01.16 14:00:16.006,1.20914,1.20921,1.00,3.19
2017.01.16 14:00:16.517,1.20915,1.20921,1.00,1.25
2017.01.16 14:00:17.023,1.20915,1.2092,1.00,1.00
2017.01.16 14:00:17.124,1.20913,1.2092,1.00,1.00
2017.01.16 14:00:17.861,1.20914,1.2092,1.00,1.50
2017.01.16 14:00:18.064,1.20914,1.20918,1.00,1.00
2017.01.16 14:00:18.165,1.20914,1.2092,1.00,3.00
2017.01.16 14:00:18.714,1.20914,1.20919,1.00,1.50
2017.01.16 14:00:20.091,1.20914,1.20918,1.00,1.00
2017.01.16 14:00:20.610,1.20914,1.20919,1.00,1.50
2017.01.16 14:00:21.123,1.20913,1.20918,1.50,1.00
2017.01.16 14:00:21.276,1.20914,1.2092,1.00,2.25
2017.01.16 14:00:22.258,1.20914,1.20921,1.00,1.69
2017.01.16 14:00:22.775,1.20913,1.20921,1.50,2.44
2017.01.16 14:00:23.341,1.20915,1.20921,1.00,1.69
2017.01.16 14:00:24.711,1.20915,1.2092,1.00,1.50
2017.01.16 14:00:25.201,1.20917,1.2092,1.00,1.00
2017.01.16 14:00:25.303,1.20916,1.20922,1.69,2.62
2017.01.16 14:00:25.455,1.20916,1.20924,1.25,3.19
2017.01.16 14:00:26.206,1.20918,1.20923,1.00,1.00
2017.01.16 14:00:26.257,1.20916,1.20923,1.25,1.00
2017.01.16 14:00:26.780,1.20917,1.20922,1.00,1.50
2017.01.16 14:00:28.560,1.20919,1.20923,1.00,1.00
2017.01.16 14:00:28.864,1.20917,1.20922,1.00,1.00
2017.01.16 14:00:30.043,1.20916,1.20922,1.25,1.00
2017.01.16 14:00:30.783,1.20918,1.20922,1.50,1.00
2017.01.16 14:00:31.288,1.20919,1.20922,1.00,1.00
2017.01.16 14:00:32.704,1.20918,1.20922,1.00,1.00
2017.01.16 14:00:33.343,1.20919,1.20922,1.00,1.00
2017.01.16 14:00:33.950,1.20919,1.20923,1.00,2.25
2017.01.16 14:00:34.254,1.20917,1.20921,1.00,1.00
2017.01.16 14:00:34.897,1.20916,1.20921,1.25,1.50
2017.01.16 14:00:35.227,1.20915,1.2092,1.00,2.44
2017.01.16 14:00:35.729,1.20914,1.2092,1.25,1.25
2017.01.16 14:00:38.207,1.20916,1.2092,1.00,1.25
2017.01.16 14:00:38.310,1.20917,1.20922,1.25,2.25
2017.01.16 14:00:39.425,1.20917,1.20922,1.25,1.60
2017.01.16 14:00:39.980,1.20918,1.20922,1.00,2.10
2017.01.16 14:00:40.560,1.20916,1.20919,1.19,1.00
2017.01.16 14:00:40.611,1.20914,1.20919,1.00,2.47
2017.01.16 14:00:41.190,1.20912,1.20919,1.25,1.00
2017.01.16 14:00:41.241,1.20912,1.20919,1.25,1.37
2017.01.16 14:00:41.561,1.20912,1.2092,1.25,6.41
2017.01.16 14:00:41.954,1.20912,1.2092,1.25,4.91
2017.01.16 14:00:42.571,1.20911,1.20916,1.19,1.30
2017.01.16 14:00:43.085,1.20911,1.20915,1.19,1.50
2017.01.16 14:00:43.653,1.20911,1.20914,1.19,1.00
2017.01.16 14:00:44.753,1.20911,1.20915,1.19,1.50
2017.01.16 14:00:48.973,1.20908,1.20914,2.44,1.37
2017.01.16 14:00:49.185,1.20907,1.20913,1.25,1.87
2017.01.16 14:00:49.893,1.20905,1.20912,1.31,1.69
2017.01.16 14:00:50.297,1.20905,1.20912,1.19,1.87
2017.01.16 14:00:50.802,1.20906,1.20914,1.69,1.19
2017.01.16 14:00:51.581,1.20906,1.20912,1.19,1.00
2017.01.16 14:00:52.109,1.20906,1.20914,1.19,3.37
2017.01.16 14:00:53.069,1.20906,1.20911,1.19,1.00
2017.01.16 14:00:53.504,1.2091,1.20914,1.00,1.00
2017.01.16 14:00:54.361,1.2091,1.20913,1.00,1.00
2017.01.16 14:00:55.695,1.2091,1.20915,1.00,1.00
2017.01.16 14:00:55.796,1.2091,1.20917,1.00,2.44
2017.01.16 14:00:56.353,1.2091,1.20915,1.50,1.50
2017.01.16 14:00:56.505,1.20911,1.20917,1.00,1.69
2017.01.16 14:00:57.737,1.20911,1.20916,1.00,1.00
2017.01.16 14:00:59.093,1.2091,1.20916,1.50,1.00
2017.01.16 14:01:01.935,1.20911,1.20917,1.00,1.00
2017.01.16 14:01:02.509,1.2091,1.20917,1.25,1.00
2017.01.16 14:01:03.716,1.2091,1.20919,1.69,5.29
2017.01.16 14:01:05.042,1.20911,1.20918,1.00,1.25
2017.01.16 14:01:05.591,1.2091,1.20918,1.12,2.81
2017.01.16 14:01:05.642,1.20911,1.20918,1.00,1.31
2017.01.16 14:01:06.557,1.20912,1.20919,1.00,3.56
2017.01.16 14:01:07.161,1.20911,1.20919,1.87,3.19
2017.01.16 14:01:07.683,1.20912,1.20919,1.00,2.44
2017.01.16 14:01:08.402,1.20911,1.20919,1.50,2.44
2017.01.16 14:01:08.924,1.20912,1.20919,1.00,2.44
2017.01.16 14:01:10.660,1.20911,1.20919,2.25,3.22
2017.01.16 14:01:11.592,1.2091,1.20917,1.31,1.25
2017.01.16 14:01:12.129,1.2091,1.20918,2.44,3.19
2017.01.16 14:01:12.902,1.20912,1.20918,1.00,3.22
2017.01.16 14:01:12.953,1.20912,1.20918,1.00,2.47
2017.01.16 14:01:14.126,1.20913,1.20919,1.00,3.37
2017.01.16 14:01:14.607,1.20915,1.20919,1.00,2.62
2017.01.16 14:01:14.810,1.20919,1.20923,1.00,1.50
2017.01.16 14:01:15.387,1.20919,1.20925,1.00,1.05
2017.01.16 14:01:16.484,1.20918,1.20923,1.25,1.05
2017.01.16 14:01:16.992,1.20918,1.20922,1.00,1.05
2017.01.16 14:01:17.144,1.20916,1.20922,1.00,1.05
2017.01.16 14:01:17.669,1.20917,1.20922,1.00,1.05
2017.01.16 14:01:17.923,1.20919,1.20923,1.00,1.00
2017.01.16 14:01:18.429,1.20919,1.20926,1.00,1.69
2017.01.16 14:01:18.935,1.20918,1.20926,1.00,3.79
2017.01.16 14:01:19.471,1.20917,1.20926,3.19,5.29
2017.01.16 14:01:19.982,1.20917,1.20924,2.25,1.69
2017.01.16 14:01:20.481,1.20919,1.20924,1.00,1.69
2017.01.16 14:01:20.582,1.20921,1.20926,1.00,1.00
2017.01.16 14:01:20.633,1.20923,1.20926,1.00,1.00
2017.01.16 14:01:20.785,1.20922,1.20928,1.00,1.25
2017.01.16 14:01:21.160,1.20924,1.2093,1.00,1.69
2017.01.16 14:01:21.210,1.20924,1.20931,1.00,1.31
2017.01.16 14:01:21.721,1.20923,1.20931,2.44,1.79
2017.01.16 14:01:21.925,1.20925,1.20932,1.00,3.79
2017.01.16 14:01:22.431,1.20924,1.20932,1.50,3.04
2017.01.16 14:01:22.986,1.20924,1.20932,1.50,3.04
2017.01.16 14:01:23.549,1.20925,1.20932,1.00,1.79
2017.01.16 14:01:24.189,1.20924,1.20932,2.25,2.29
2017.01.16 14:01:25.042,1.20925,1.20932,1.00,1.79
2017.01.16 14:01:25.194,1.20927,1.20933,1.00,2.25
2017.01.16 14:01:25.768,1.20926,1.20934,1.00,1.25
2017.01.16 14:01:25.831,1.20927,1.20935,1.19,1.31
2017.01.16 14:01:26.356,1.20927,1.20935,1.00,1.19
2017.01.16 14:01:27.234,1.20926,1.20935,2.44,1.19
2017.01.16 14:01:27.910,1.20928,1.20935,1.69,1.19
2017.01.16 14:01:28.214,1.2093,1.20936,1.00,1.25
2017.01.16 14:01:29.135,1.20932,1.20937,1.00,2.06
2017.01.16 14:01:29.341,1.20933,1.20941,1.00,1.94
2017.01.16 14:01:29.392,1.20937,1.20941,1.00,1.56
2017.01.16 14:01:29.544,1.20935,1.20941,1.25,1.69
2017.01.16 14:01:30.195,1.20935,1.20941,1.50,1.00
2017.01.16 14:01:30.720,1.20935,1.20942,2.25,1.25
2017.01.16 14:01:32.104,1.20936,1.20942,1.00,1.25
2017.01.16 14:01:32.831,1.20935,1.20942,1.00,1.25
2017.01.16 14:01:33.758,1.20937,1.20944,1.00,3.19
2017.01.16 14:01:34.063,1.20933,1.2094,2.06,2.44
2017.01.16 14:01:34.321,1.20936,1.20943,2.44,2.06
2017.01.16 14:01:34.641,1.20936,1.2094,1.25,1.00
2017.01.16 14:01:34.844,1.20932,1.2094,3.00,3.19
2017.01.16 14:01:35.903,1.20931,1.20938,1.00,1.25
2017.01.16 14:01:36.055,1.20929,1.20937,1.69,1.25
2017.01.16 14:01:38.939,1.2093,1.20938,1.50,3.19
2017.01.16 14:01:38.990,1.20932,1.20938,1.00,3.19
2017.01.16 14:01:39.293,1.20934,1.20941,1.00,1.50
2017.01.16 14:01:39.597,1.20937,1.20944,1.50,3.56
2017.01.16 14:01:39.827,1.20939,1.20947,1.31,1.19
2017.01.16 14:01:40.334,1.20939,1.20945,1.25,1.00
2017.01.16 14:01:40.850,1.20939,1.20946,1.69,1.25
2017.01.16 14:01:42.122,1.20941,1.20947,1.00,2.62
2017.01.16 14:01:42.375,1.20939,1.20947,1.00,1.25
2017.01.16 14:01:43.087,1.20941,1.20946,1.00,1.00
2017.01.16 14:01:43.654,1.20941,1.20947,1.00,1.25
2017.01.16 14:01:44.122,1.20939,1.20948,1.69,3.79
2017.01.16 14:01:44.376,1.20937,1.20946,1.69,2.10
2017.01.16 14:01:44.918,1.20938,1.20946,1.00,2.47
2017.01.16 14:01:45.147,1.2094,1.20946,1.00,1.87
2017.01.16 14:01:45.198,1.20937,1.20946,2.06,1.00
2017.01.16 14:01:45.299,1.2094,1.20946,1.00,1.50
2017.01.16 14:01:45.951,1.20939,1.20945,1.00,1.00
2017.01.16 14:01:46.514,1.20938,1.20945,1.00,1.00
2017.01.16 14:01:46.851,1.2094,1.20945,1.00,1.00
2017.01.16 14:01:47.790,1.2094,1.20946,1.00,1.35
2017.01.16 14:01:48.217,1.20943,1.20948,1.00,2.44
2017.01.16 14:01:48.284,1.2094,1.20948,1.00,3.94
2017.01.16 14:01:48.889,1.20939,1.20947,2.25,1.19
2017.01.16 14:01:48.990,1.20938,1.20945,1.87,1.54
2017.01.16 14:01:49.294,1.20935,1.20941,1.50,1.12
2017.01.16 14:01:49.943,1.20937,1.2094,1.00,1.00
2017.01.16 14:01:50.044,1.20937,1.20943,1.50,2.06
2017.01.16 14:01:51.957,1.2094,1.20944,1.00,1.12
2017.01.16 14:01:52.394,1.2094,1.20947,1.50,3.19
2017.01.16 14:01:53.398,1.20939,1.20946,1.00,3.04
2017.01.16 14:01:53.449,1.20938,1.20945,1.50,1.54
2017.01.16 14:01:55.141,1.20938,1.20945,1.19,3.41
2017.01.16 14:01:58.077,1.20937,1.20945,1.50,3.41
2017.01.16 14:01:58.381,1.20935,1.20943,1.50,1.54
2017.01.16 14:01:59.620,1.20935,1.20942,1.00,1.19
2017.01.16 14:02:00.148,1.20933,1.2094,1.19,1.69
2017.01.16 14:02:00.250,1.20932,1.2094,1.87,1.69
2017.01.16 14:02:03.269,1.20933,1.2094,1.00,2.44
2017.01.16 14:02:04.054,1.20932,1.2094,1.50,1.69
2017.01.16 14:02:04.568,1.20933,1.2094,1.00,1.25
2017.01.16 14:02:05.103,1.20932,1.2094,2.25,1.25
2017.01.16 14:02:05.205,1.20932,1.20937,1.00,1.05
2017.01.16 14:02:05.396,1.2093,1.20937,1.00,1.19
2017.01.16 14:02:05.902,1.20931,1.20937,1.50,1.19
2017.01.16 14:02:06.449,1.20932,1.20937,1.00,1.19
2017.01.16 14:02:07.013,1.20931,1.20937,1.50,1.19
2017.01.16 14:02:07.827,1.20931,1.20938,1.25,2.06
2017.01.16 14:02:07.878,1.20937,1.20939,1.00,1.69
2017.01.16 14:02:07.979,1.20937,1.2094,1.00,1.00
2017.01.16 14:02:08.182,1.20937,1.20942,1.00,1.25
2017.01.16 14:02:09.040,1.20935,1.20944,1.50,3.79
2017.01.16 14:02:09.579,1.20936,1.20943,1.00,1.91
2017.01.16 14:02:10.206,1.20935,1.20943,2.25,1.31
2017.01.16 14:02:11.467,1.20934,1.20944,2.25,5.29
2017.01.16 14:02:11.890,1.20937,1.20943,1.00,1.86
2017.01.16 14:02:11.992,1.20935,1.20942,1.00,1.31
2017.01.16 14:02:13.121,1.20934,1.20942,1.00,2.06
2017.01.16 14:02:13.172,1.20933,1.2094,1.50,1.00
2017.01.16 14:02:13.708,1.20932,1.2094,2.25,1.69
2017.01.16 14:02:14.275,1.20934,1.2094,1.00,1.31
2017.01.16 14:02:14.477,1.20935,1.20943,3.00,1.31
2017.01.16 14:02:14.646,1.20937,1.20943,1.00,1.31
2017.01.16 14:02:16.324,1.20936,1.20943,1.00,3.00
2017.01.16 14:02:16.425,1.20933,1.2094,1.12,1.69
2017.01.16 14:02:16.999,1.20935,1.20941,1.50,1.69
2017.01.16 14:02:17.506,1.20934,1.2094,1.50,1.69
2017.01.16 14:02:17.965,1.20934,1.20941,1.50,1.69
2017.01.16 14:02:18.938,1.20936,1.20941,1.00,1.69
2017.01.16 14:02:20.159,1.20935,1.20942,1.50,4.69
2017.01.16 14:02:20.666,1.20936,1.20942,1.00,1.69
2017.01.16 14:02:21.330,1.20934,1.20942,1.00,2.06
2017.01.16 14:02:21.539,1.20938,1.20942,1.00,1.31
2017.01.16 14:02:21.702,1.20938,1.20943,1.00,1.50
2017.01.16 14:02:21.753,1.2094,1.20945,1.00,1.31
2017.01.16 14:02:22.259,1.20939,1.20945,1.50,1.19
2017.01.16 14:02:24.078,1.2094,1.20945,1.00,1.19
2017.01.16 14:02:24.129,1.2094,1.20946,1.00,1.31
2017.01.16 14:02:24.770,1.20939,1.20948,1.00,4.69
2017.01.16 14:02:25.274,1.20941,1.20948,1.00,2.44
2017.01.16 14:02:25.628,1.20941,1.20944,2.62,1.00
2017.01.16 14:02:26.168,1.20941,1.20945,1.00,1.25
2017.01.16 14:02:26.545,1.20941,1.20943,1.00,1.00
2017.01.16 14:02:27.377,1.20941,1.20944,1.00,1.00
2017.01.16 14:02:27.910,1.2094,1.20944,1.00,1.00
2017.01.16 14:02:28.190,1.20938,1.20944,1.50,1.00
2017.01.16 14:02:29.226,1.20938,1.20945,1.00,1.00
2017.01.16 14:02:29.277,1.20938,1.20942,1.00,1.00
2017.01.16 14:02:29.782,1.20939,1.20943,1.00,1.25
2017.01.16 14:02:31.072,1.20939,1.20942,1.00,1.00
2017.01.16 14:02:31.612,1.20937,1.20939,1.00,1.00
2017.01.16 14:02:31.663,1.20935,1.20939,1.00,1.00
2017.01.16 14:02:31.714,1.20934,1.20937,1.37,1.00
2017.01.16 14:02:31.817,1.20932,1.20937,1.50,1.00
2017.01.16 14:02:32.691,1.20931,1.20937,1.00,1.00
2017.01.16 14:02:33.321,1.20932,1.20937,1.00,1.50
2017.01.16 14:02:33.919,1.20931,1.20937,1.50,1.50
2017.01.16 14:02:34.457,1.20932,1.20937,1.00,1.00
2017.01.16 14:02:34.729,1.2093,1.20938,3.37,1.00
2017.01.16 14:02:35.248,1.20929,1.20933,1.12,1.00
2017.01.16 14:02:35.350,1.20926,1.20933,1.50,1.00
2017.01.16 14:02:35.401,1.20925,1.20931,1.31,1.00
2017.01.16 14:02:35.908,1.20925,1.2093,1.00,1.00
2017.01.16 14:02:36.420,1.20924,1.2093,1.69,1.00
2017.01.16 14:02:36.964,1.20925,1.2093,1.00,1.00
2017.01.16 14:02:37.481,1.20924,1.2093,1.25,1.00
2017.01.16 14:02:38.030,1.20924,1.20931,1.25,1.69
2017.01.16 14:02:38.792,1.20926,1.20932,1.00,1.25
2017.01.16 14:02:39.100,1.20929,1.20936,1.00,2.06
2017.01.16 14:02:39.636,1.2093,1.20936,1.00,1.69
2017.01.16 14:02:40.174,1.20929,1.20936,1.50,1.69
2017.01.16 14:02:40.707,1.2093,1.20936,1.00,1.69
2017.01.16 14:02:41.600,1.20929,1.20935,1.50,1.19
2017.01.16 14:02:44.559,1.2093,1.20935,1.00,1.19
2017.01.16 14:02:45.087,1.20929,1.20935,1.50,1.19
2017.01.16 14:02:45.138,1.2093,1.20937,1.50,2.06
2017.01.16 14:02:45.655,1.20929,1.20937,3.00,1.19
2017.01.16 14:02:46.659,1.2093,1.20937,1.00,1.19
2017.01.16 14:02:47.301,1.20931,1.20937,1.00,2.44
2017.01.16 14:02:47.403,1.2093,1.20938,2.62,1.87
2017.01.16 14:02:48.592,1.20932,1.20938,1.00,1.25
2017.01.16 14:02:49.130,1.2093,1.20938,2.62,1.25
2017.01.16 14:02:49.231,1.20932,1.20938,1.00,1.25
2017.01.16 14:02:50.545,1.2093,1.20938,1.12,1.69
2017.01.16 14:02:50.596,1.20929,1.20934,1.87,1.00
2017.01.16 14:02:50.901,1.20925,1.20928,1.50,1.00
2017.01.16 14:02:51.469,1.20925,1.20928,1.00,1.00
2017.01.16 14:02:51.971,1.20923,1.20929,1.00,1.00
2017.01.16 14:02:52.073,1.2092,1.20927,2.25,2.44
2017.01.16 14:02:52.608,1.2092,1.20926,1.00,2.06
2017.01.16 14:02:54.849,1.20921,1.20927,1.00,2.44
2017.01.16 14:02:59.839,1.20921,1.20925,1.00,1.00
2017.01.16 14:03:00.367,1.2092,1.20925,1.00,1.00
2017.01.16 14:03:01.449,1.20919,1.20924,1.50,1.00
2017.01.16 14:03:01.500,1.20919,1.20926,2.25,1.25
2017.01.16 14:03:01.602,1.20917,1.20924,2.44,1.35
2017.01.16 14:03:01.906,1.2092,1.20926,1.50,1.25
2017.01.16 14:03:02.301,1.20921,1.20924,1.00,1.00
2017.01.16 14:03:02.352,1.20921,1.20927,1.00,1.69
2017.01.16 14:03:03.285,1.20919,1.20927,1.25,1.69
2017.01.16 14:03:03.791,1.2092,1.20927,1.00,1.69
2017.01.16 14:03:06.117,1.20919,1.20927,1.50,1.69
2017.01.16 14:03:06.421,1.20919,1.20923,1.00,1.00
2017.01.16 14:03:06.731,1.20917,1.2092,1.00,1.00
2017.01.16 14:03:06.883,1.20914,1.2092,2.25,1.19
2017.01.16 14:03:07.902,1.20915,1.2092,1.00,1.19
2017.01.16 14:03:08.408,1.20914,1.2092,1.00,1.19
2017.01.16 14:03:08.957,1.20912,1.2092,3.56,1.19
2017.01.16 14:03:09.059,1.20914,1.2092,1.00,1.19
2017.01.16 14:03:09.580,1.20913,1.2092,1.50,1.19
2017.01.16 14:03:10.211,1.20914,1.20919,1.00,1.25
2017.01.16 14:03:10.717,1.20914,1.2092,2.25,1.00
2017.01.16 14:03:11.573,1.20915,1.20919,1.00,1.00
2017.01.16 14:03:11.776,1.20913,1.2092,1.50,1.19
2017.01.16 14:03:11.827,1.20913,1.20917,1.50,1.00
2017.01.16 14:03:12.181,1.20915,1.20917,1.00,1.00
2017.01.16 14:03:12.641,1.20911,1.20916,2.44,1.00
2017.01.16 14:03:12.793,1.20909,1.20914,3.00,1.00
2017.01.16 14:03:12.894,1.20909,1.20915,3.00,1.00
2017.01.16 14:03:13.474,1.2091,1.20915,1.00,1.00
2017.01.16 14:03:14.014,1.20909,1.20915,3.00,1.00
2017.01.16 14:03:14.377,1.20911,1.20917,1.00,1.00
2017.01.16 14:03:14.884,1.20912,1.20918,1.50,1.35
2017.01.16 14:03:16.435,1.20911,1.20918,2.25,1.00
2017.01.16 14:03:16.745,1.20912,1.20916,1.00,1.00
2017.01.16 14:03:17.250,1.20912,1.20919,1.00,1.00
2017.01.16 14:03:17.352,1.20912,1.20917,1.00,1.00
2017.01.16 14:03:17.883,1.20911,1.20918,2.44,1.00
2017.01.16 14:03:18.187,1.20914,1.20919,1.00,1.00
2017.01.16 14:03:18.708,1.20912,1.20919,1.50,1.00
2017.01.16 14:03:18.810,1.20914,1.20919,1.00,1.00
2017.01.16 14:03:19.359,1.20915,1.20919,1.00,1.00
2017.01.16 14:03:19.707,1.20913,1.20918,1.00,1.00
2017.01.16 14:03:20.247,1.20913,1.20919,1.00,1.00
2017.01.16 14:03:22.028,1.20913,1.2092,2.25,1.25
2017.01.16 14:03:22.546,1.20914,1.2092,1.50,1.12
2017.01.16 14:03:25.077,1.20913,1.2092,1.00,1.12
2017.01.16 14:03:25.933,1.20914,1.2092,1.00,1.12
2017.01.16 14:03:26.306,1.20912,1.2092,1.50,1.25
2017.01.16 14:03:26.618,1.20912,1.20918,1.00,1.00
2017.01.16 14:03:26.956,1.20914,1.20918,1.00,1.00
2017.01.16 14:03:27.158,1.20912,1.20919,1.50,1.00
2017.01.16 14:03:27.667,1.20913,1.20919,1.00,1.00
2017.01.16 14:03:28.186,1.20914,1.20919,1.00,1.00
2017.01.16 14:03:28.431,1.20912,1.20919,1.50,1.00
2017.01.16 14:03:29.062,1.20913,1.20919,1.00,1.00
2017.01.16 14:03:29.886,1.20914,1.20919,1.00,1.00
2017.01.16 14:03:29.987,1.20912,1.20919,1.50,1.00
2017.01.16 14:03:30.548,1.20912,1.20918,1.00,1.00
2017.01.16 14:03:31.561,1.20911,1.20918,2.25,1.00
2017.01.16 14:03:32.344,1.20911,1.20917,1.50,1.19
2017.01.16 14:03:32.647,1.2091,1.20912,1.00,1.00
2017.01.16 14:03:33.157,1.20909,1.20912,1.00,1.00
2017.01.16 14:03:34.529,1.20909,1.20913,1.00,1.25
2017.01.16 14:03:35.035,1.20908,1.20913,1.00,1.25
2017.01.16 14:03:40.579,1.20907,1.20913,1.00,1.31
2017.01.16 14:03:41.508,1.20907,1.20911,1.50,1.00
2017.01.16 14:03:43.818,1.20909,1.20914,1.50,2.44
2017.01.16 14:03:44.124,1.20912,1.20914,1.00,1.00
2017.01.16 14:03:44.626,1.20911,1.20915,1.00,1.25
2017.01.16 14:03:44.930,1.20913,1.20916,1.00,1.00
2017.01.16 14:03:46.761,1.20912,1.20916,1.00,1.00
2017.01.16 14:03:47.610,1.20911,1.20916,1.00,1.00
2017.01.16 14:03:48.305,1.20912,1.20916,1.00,1.00
2017.01.16 14:03:48.648,1.20914,1.20916,1.00,1.00
2017.01.16 14:03:49.545,1.20914,1.20917,1.00,1.25
2017.01.16 14:03:49.850,1.20909,1.20916,1.00,1.69
2017.01.16 14:03:49.952,1.20911,1.20916,1.00,1.69
2017.01.16 14:03:50.150,1.20912,1.20917,1.00,1.25
2017.01.16 14:03:50.666,1.20913,1.20918,1.00,1.31
2017.01.16 14:03:51.230,1.20912,1.20918,1.69,1.31
2017.01.16 14:03:51.742,1.20913,1.20918,1.00,1.19
2017.01.16 14:03:55.703,1.20914,1.20919,1.00,1.31
2017.01.16 14:03:55.855,1.20915,1.2092,1.00,1.31
2017.01.16 14:03:59.017,1.20914,1.2092,1.50,1.00
2017.01.16 14:03:59.548,1.20914,1.20919,1.50,1.00
2017.01.16 14:04:00.092,1.20913,1.20917,1.00,1.85
2017.01.16 14:04:00.248,1.20909,1.20915,1.50,1.54
2017.01.16 14:04:00.868,1.20909,1.20913,1.69,1.00
2017.01.16 14:04:01.172,1.20909,1.20913,1.19,1.00
2017.01.16 14:04:02.289,1.20912,1.20914,1.00,1.25
2017.01.16 14:04:02.638,1.20916,1.20917,1.00,1.12
2017.01.16 14:04:02.791,1.20916,1.20921,1.50,2.44
2017.01.16 14:04:02.842,1.20917,1.20922,2.06,3.19
2017.01.16 14:04:02.944,1.20922,1.20926,1.19,1.31
2017.01.16 14:04:03.045,1.20922,1.20927,1.19,2.44
2017.01.16 14:04:04.320,1.20924,1.20929,1.00,3.04
2017.01.16 14:04:04.809,1.20923,1.20926,1.25,3.79
2017.01.16 14:04:04.860,1.20919,1.20924,1.31,1.00
2017.01.16 14:04:04.962,1.2092,1.20923,1.00,3.04
2017.01.16 14:04:05.469,1.2092,1.20923,1.00,1.05
2017.01.16 14:04:05.773,1.20922,1.20925,1.00,2.85
2017.01.16 14:04:05.824,1.20922,1.20927,1.00,1.69
2017.01.16 14:04:06.343,1.20923,1.20929,1.25,2.44
2017.01.16 14:04:06.961,1.20923,1.20929,1.19,2.44
2017.01.16 14:04:07.223,1.20924,1.20929,1.25,1.31
2017.01.16 14:04:07.592,1.20923,1.20927,1.19,1.00
2017.01.16 14:04:08.105,1.20923,1.20928,1.19,3.19
2017.01.16 14:04:08.156,1.2092,1.20927,1.00,1.69
2017.01.16 14:04:08.207,1.20919,1.20924,1.12,1.00
2017.01.16 14:04:08.662,1.20921,1.20923,1.00,1.00
2017.01.16 14:04:08.838,1.20921,1.20925,1.00,1.12
2017.01.16 14:04:09.344,1.20921,1.20927,1.25,2.81
2017.01.16 14:04:09.445,1.20923,1.20925,1.00,1.00
2017.01.16 14:04:09.950,1.20923,1.20927,1.00,2.44
2017.01.16 14:04:17.914,1.20921,1.20926,1.00,1.25
2017.01.16 14:04:18.437,1.20921,1.20925,1.00,1.00
2017.01.16 14:04:19.240,1.20921,1.20924,1.00,1.00
2017.01.16 14:04:19.940,1.20922,1.20924,1.00,1.00
2017.01.16 14:04:20.602,1.20921,1.20924,1.00,1.00
2017.01.16 14:04:21.449,1.20921,1.20925,1.00,1.69
2017.01.16 14:04:24.855,1.20922,1.20925,1.00,1.69
2017.01.16 14:04:25.363,1.20923,1.20924,1.00,1.00
2017.01.16 14:04:25.878,1.2092,1.20924,1.00,1.00
2017.01.16 14:04:26.892,1.20921,1.20924,1.00,1.00
2017.01.16 14:04:28.225,1.2092,1.20924,1.50,1.00
2017.01.16 14:04:28.797,1.20921,1.20924,1.00,1.00
2017.01.16 14:04:30.139,1.20922,1.20926,1.00,1.19
2017.01.16 14:04:30.190,1.20924,1.20927,1.50,1.00
2017.01.16 14:04:32.949,1.20922,1.20926,1.00,1.00
2017.01.16 14:04:33.149,1.20927,1.2093,1.25,3.79
2017.01.16 14:04:33.201,1.20928,1.2093,1.00,2.44
2017.01.16 14:04:33.354,1.2093,1.20933,1.00,1.50
2017.01.16 14:04:33.482,1.2093,1.20934,1.50,1.12
2017.01.16 14:04:33.533,1.2093,1.20934,1.69,1.50
2017.01.16 14:04:34.255,1.20931,1.20936,1.19,1.69
2017.01.16 14:04:34.616,1.20931,1.20934,1.00,1.00
2017.01.16 14:04:36.152,1.2093,1.20934,1.00,1.00
2017.01.16 14:04:36.482,1.20929,1.20932,1.00,1.00
2017.01.16 14:04:37.193,1.20928,1.20932,1.00,1.25
2017.01.16 14:04:37.500,1.2093,1.20932,1.00,1.25
2017.01.16 14:04:37.653,1.20928,1.20932,1.00,1.25
2017.01.16 14:04:38.160,1.20927,1.20932,2.25,1.25
2017.01.16 14:04:38.679,1.20928,1.20932,1.50,1.25
2017.01.16 14:04:40.126,1.20929,1.20934,1.50,1.00
2017.01.16 14:04:40.641,1.20929,1.20935,3.75,1.25
2017.01.16 14:04:41.971,1.20932,1.20936,1.00,1.87
2017.01.16 14:04:42.173,1.20932,1.20938,1.00,1.25
2017.01.16 14:04:42.527,1.20929,1.20936,1.50,1.25
2017.01.16 14:04:42.831,1.20925,1.20931,2.25,1.00
2017.01.16 14:04:43.473,1.20925,1.2093,1.50,1.00
2017.01.16 14:04:44.069,1.20923,1.2093,1.31,1.00
2017.01.16 14:04:44.525,1.20926,1.20932,1.00,1.62
2017.01.16 14:04:45.066,1.20926,1.20932,1.00,1.25
2017.01.16 14:04:46.524,1.20925,1.20932,2.25,1.25
2017.01.16 14:04:47.399,1.20925,1.20931,1.00,1.00
2017.01.16 14:04:47.955,1.20925,1.2093,1.00,1.00
2017.01.16 14:04:48.259,1.20927,1.20932,1.00,1.25
2017.01.16 14:04:48.411,1.20925,1.20931,1.50,1.00
2017.01.16 14:04:48.513,1.20927,1.20931,1.00,1.00
2017.01.16 14:04:48.664,1.20925,1.20932,2.25,1.31
2017.01.16 14:04:49.251,1.20926,1.20932,1.00,1.31
2017.01.16 14:04:49.422,1.20928,1.20932,1.00,1.25
2017.01.16 14:04:49.625,1.20925,1.20932,1.50,1.31
2017.01.16 14:04:50.156,1.20926,1.20932,1.00,1.25
2017.01.16 14:04:50.359,1.20928,1.20931,1.00,1.50
2017.01.16 14:04:50.984,1.20926,1.20931,1.00,1.00
2017.01.16 14:04:51.498,1.20927,1.2093,1.00,1.00
2017.01.16 14:04:52.149,1.20928,1.2093,1.00,1.00
2017.01.16 14:04:52.655,1.20927,1.2093,1.00,1.00
2017.01.16 14:04:53.156,1.20926,1.20929,1.00,1.00
2017.01.16 14:04:53.258,1.20922,1.20928,1.00,1.00
2017.01.16 14:04:53.644,1.20925,1.20928,1.00,1.00
2017.01.16 14:04:54.175,1.20925,1.20929,1.00,1.69
2017.01.16 14:04:54.681,1.20926,1.20929,1.00,1.25
2017.01.16 14:04:57.160,1.20926,1.2093,1.00,1.31
2017.01.16 14:04:58.947,1.20925,1.2093,1.00,1.25
2017.01.16 14:04:59.654,1.20927,1.2093,1.00,1.25
2017.01.16 14:05:00.245,1.20927,1.2093,1.00,1.25
2017.01.16 14:05:00.470,1.20925,1.20931,1.00,1.69
2017.01.16 14:05:00.875,1.20923,1.20928,2.44,1.00
2017.01.16 14:05:01.130,1.2092,1.20925,1.00,1.25
2017.01.16 14:05:01.443,1.20922,1.20924,1.00,1.00
2017.01.16 14:05:01.950,1.20921,1.20926,1.00,1.69
2017.01.16 14:05:02.001,1.20919,1.20924,1.00,1.00
2017.01.16 14:05:02.598,1.20919,1.20923,1.00,1.00
2017.01.16 14:05:03.106,1.20918,1.20923,1.00,1.00
2017.01.16 14:05:03.839,1.20917,1.20923,1.00,1.19
2017.01.16 14:05:04.517,1.20916,1.20923,1.50,1.19
2017.01.16 14:05:04.568,1.20918,1.20923,1.00,1.19
2017.01.16 14:05:04.821,1.20916,1.20923,1.50,1.19
2017.01.16 14:05:04.872,1.20918,1.20923,1.00,1.19
2017.01.16 14:05:05.164,1.20916,1.20923,2.25,1.19
2017.01.16 14:05:05.266,1.20918,1.20923,1.00,1.19
2017.01.16 14:05:05.367,1.20916,1.20923,2.25,1.19
2017.01.16 14:05:05.418,1.20918,1.20923,1.00,1.19
2017.01.16 14:05:05.966,1.20917,1.20923,1.00,1.19
2017.01.16 14:05:06.846,1.20917,1.2092,1.00,1.00
2017.01.16 14:05:07.978,1.20916,1.2092,1.50,1.00
2017.01.16 14:05:09.107,1.20918,1.2092,1.00,1.00
2017.01.16 14:05:09.731,1.20918,1.20922,1.50,1.69
2017.01.16 14:05:10.242,1.20918,1.20922,1.00,1.19
2017.01.16 14:05:10.894,1.20917,1.20922,1.69,1.19
2017.01.16 14:05:11.401,1.20918,1.20922,1.00,1.19
2017.01.16 14:05:11.903,1.20917,1.20922,1.69,1.19
2017.01.16 14:05:12.728,1.20919,1.20922,1.00,1.19
2017.01.16 14:05:12.829,1.20917,1.20923,2.44,1.69
2017.01.16 14:05:12.981,1.20917,1.20923,2.44,1.25
2017.01.16 14:05:14.439,1.20919,1.20923,1.00,1.25
2017.01.16 14:05:18.770,1.20919,1.20923,1.00,1.19
2017.01.16 14:05:19.272,1.2092,1.20923,1.00,1.69
2017.01.16 14:05:19.434,1.20918,1.20923,1.00,1.69
2017.01.16 14:05:20.850,1.20919,1.20923,1.00,1.19
2017.01.16 14:05:21.420,1.2092,1.20923,1.00,1.31
2017.01.16 14:05:25.314,1.20919,1.20923,1.00,1.31
2017.01.16 14:05:26.009,1.20915,1.2092,2.44,1.00
2017.01.16 14:05:26.212,1.20918,1.2092,1.00,1.19
2017.01.16 14:05:26.313,1.20917,1.20922,1.25,1.19
2017.01.16 14:05:26.827,1.20918,1.20922,1.00,1.19
2017.01.16 14:05:27.520,1.20917,1.20922,1.25,1.19
2017.01.16 14:05:27.723,1.20914,1.2092,3.19,1.69
2017.01.16 14:05:27.774,1.20914,1.2092,1.69,1.69
2017.01.16 14:05:28.433,1.20917,1.20919,1.00,1.19
2017.01.16 14:05:28.586,1.20917,1.20922,1.25,2.81
2017.01.16 14:05:29.143,1.20915,1.2092,1.69,1.25
2017.01.16 14:05:30.003,1.20914,1.2092,1.69,1.69
2017.01.16 14:05:30.104,1.20914,1.2092,1.69,1.12
2017.01.16 14:05:30.610,1.20915,1.20919,1.25,1.00
2017.01.16 14:05:31.117,1.20915,1.20919,1.25,1.19
2017.01.16 14:05:31.648,1.20916,1.2092,1.00,2.44
2017.01.16 14:05:32.201,1.20914,1.20919,1.69,1.19
2017.01.16 14:05:33.829,1.20914,1.20919,1.50,1.19
2017.01.16 14:05:33.880,1.20916,1.20919,1.50,1.19
2017.01.16 14:05:33.981,1.20916,1.2092,1.00,1.31
2017.01.16 14:05:34.234,1.20914,1.2092,1.50,1.25
2017.01.16 14:05:34.287,1.20914,1.2092,1.50,1.69
2017.01.16 14:05:34.591,1.20916,1.2092,1.00,1.25
2017.01.16 14:05:35.182,1.20914,1.2092,1.50,1.25
2017.01.16 14:05:35.234,1.20914,1.20918,1.50,1.25
2017.01.16 14:05:35.972,1.20913,1.20918,3.00,1.25
2017.01.16 14:05:38.430,1.20914,1.20918,1.00,1.25
2017.01.16 14:05:38.848,1.20917,1.20922,1.00,1.69
2017.01.16 14:05:38.899,1.20917,1.2092,1.00,1.19
2017.01.16 14:05:41.446,1.20918,1.20922,1.00,1.31
2017.01.16 14:05:41.952,1.20918,1.20924,3.00,2.29
2017.01.16 14:05:42.003,1.20918,1.20924,3.19,1.69
2017.01.16 14:05:42.508,1.20921,1.20924,1.50,1.19
2017.01.16 14:05:43.014,1.2092,1.20924,3.94,1.54
2017.01.16 14:05:43.332,1.20922,1.20924,1.00,1.54
2017.01.16 14:05:43.584,1.20919,1.20924,1.50,3.04
2017.01.16 14:05:44.099,1.20918,1.20924,1.69,3.41
2017.01.16 14:05:44.605,1.20918,1.20922,1.00,1.54
2017.01.16 14:05:48.581,1.20917,1.20922,1.50,1.69
2017.01.16 14:05:49.425,1.2092,1.20922,1.00,1.31
2017.01.16 14:05:49.577,1.2092,1.20924,1.19,1.62
2017.01.16 14:05:49.628,1.20922,1.20924,1.00,1.25
2017.01.16 14:05:50.136,1.20922,1.20924,1.00,1.25
2017.01.16 14:05:53.155,1.20921,1.20924,1.00,1.25
2017.01.16 14:05:53.775,1.20921,1.20924,1.19,1.25
2017.01.16 14:05:54.203,1.20924,1.20925,1.00,1.25
2017.01.16 14:05:55.230,1.20924,1.20927,1.00,1.69
2017.01.16 14:05:56.181,1.20923,1.20927,1.00,2.44
2017.01.16 14:05:57.374,1.20922,1.20927,1.50,1.69
2017.01.16 14:05:57.879,1.20922,1.20926,1.00,1.69
2017.01.16 14:05:57.981,1.20922,1.20927,1.50,1.69
2017.01.16 14:05:58.478,1.20924,1.20928,1.00,2.06
2017.01.16 14:05:58.984,1.20922,1.20928,2.25,1.69
2017.01.16 14:05:59.490,1.20923,1.20928,1.00,1.69
2017.01.16 14:06:00.331,1.20922,1.20928,1.50,1.69
2017.01.16 14:06:00.986,1.20923,1.20928,1.00,1.69
2017.01.16 14:06:01.972,1.20924,1.20928,1.00,1.69
2017.01.16 14:06:03.826,1.20923,1.20928,1.25,1.69
2017.01.16 14:06:06.031,1.20922,1.20928,1.00,1.69
2017.01.16 14:06:06.318,1.20924,1.20928,1.00,1.69
2017.01.16 14:06:07.082,1.20922,1.20928,2.25,1.69
2017.01.16 14:06:07.597,1.20923,1.20928,1.25,1.69
2017.01.16 14:06:09.149,1.20924,1.20928,1.00,1.31
2017.01.16 14:06:09.251,1.20922,1.20928,1.50,1.19
2017.01.16 14:06:09.302,1.20924,1.20928,1.00,1.19
2017.01.16 14:06:09.809,1.20922,1.20925,1.00,1.19
2017.01.16 14:06:09.962,1.20919,1.20925,3.75,1.19
2017.01.16 14:06:10.114,1.20922,1.20925,1.00,1.19
2017.01.16 14:06:10.165,1.20922,1.20927,1.00,1.69
2017.01.16 14:06:10.367,1.20924,1.20927,1.00,1.19
2017.01.16 14:06:10.903,1.20923,1.20927,1.00,1.19
2017.01.16 14:06:11.421,1.20924,1.20927,1.00,1.19
2017.01.16 14:06:11.704,1.20922,1.20927,1.50,1.19
2017.01.16 14:06:12.226,1.20921,1.20927,1.50,1.19
2017.01.16 14:06:12.780,1.20922,1.20927,1.00,1.19
2017.01.16 14:06:13.287,1.20923,1.20927,1.00,1.19
2017.01.16 14:06:13.400,1.20921,1.20927,1.50,1.19
2017.01.16 14:06:13.967,1.20918,1.20923,2.62,2.29
2017.01.16 14:06:14.270,1.20918,1.20922,1.00,2.06
2017.01.16 14:06:15.677,1.20919,1.20921,1.00,1.19
2017.01.16 14:06:15.892,1.20919,1.20922,1.00,1.00
2017.01.16 14:06:16.347,1.20916,1.20922,1.00,2.06
2017.01.16 14:06:19.578,1.20917,1.20922,1.00,2.06
2017.01.16 14:06:20.110,1.20916,1.20922,1.00,2.81
2017.01.16 14:06:20.161,1.20916,1.20919,1.00,1.19
2017.01.16 14:06:20.936,1.20915,1.20919,1.00,1.69
2017.01.16 14:06:23.072,1.20914,1.20919,1.00,1.19
2017.01.16 14:06:23.576,1.20915,1.20919,1.00,1.19
2017.01.16 14:06:23.941,1.20911,1.20916,1.00,1.69
2017.01.16 14:06:24.446,1.2091,1.20916,1.00,2.06
2017.01.16 14:06:25.206,1.20913,1.20916,1.00,1.31
2017.01.16 14:06:25.716,1.20913,1.20918,1.00,1.19
2017.01.16 14:06:28.521,1.20912,1.20918,1.00,1.69
2017.01.16 14:06:28.673,1.20909,1.20915,1.12,1.19
2017.01.16 14:06:28.744,1.20913,1.20915,1.00,1.19
2017.01.16 14:06:28.795,1.20909,1.20916,3.00,1.69
2017.01.16 14:06:28.846,1.20915,1.20919,1.00,2.62
2017.01.16 14:06:28.897,1.20912,1.20917,1.00,1.00
2017.01.16 14:06:28.948,1.20912,1.20916,1.00,2.29
2017.01.16 14:06:29.251,1.2091,1.20913,1.00,1.19
2017.01.16 14:06:29.302,1.20908,1.20913,1.00,1.19
2017.01.16 14:06:29.702,1.20908,1.20914,2.25,1.25
2017.01.16 14:06:30.209,1.2091,1.20916,1.00,2.44
2017.01.16 14:06:30.715,1.2091,1.20913,1.00,1.00
2017.01.16 14:06:30.766,1.20908,1.20914,1.00,1.50
2017.01.16 14:06:31.292,1.20908,1.20913,1.00,1.00
2017.01.16 14:06:31.979,1.20907,1.20913,1.00,2.44
2017.01.16 14:06:32.030,1.20904,1.20909,2.62,1.00
2017.01.16 14:06:32.536,1.20905,1.20908,1.00,1.00
2017.01.16 14:06:33.076,1.20906,1.20908,1.00,1.00
2017.01.16 14:06:34.186,1.20906,1.20909,1.00,1.69
2017.01.16 14:06:35.066,1.20906,1.20911,1.00,2.06
2017.01.16 14:06:35.591,1.20905,1.20911,1.00,1.31
2017.01.16 14:06:35.743,1.20906,1.20909,1.00,1.00
2017.01.16 14:06:36.497,1.20905,1.20909,1.00,1.00
2017.01.16 14:06:37.357,1.20904,1.20909,1.50,1.25
2017.01.16 14:06:38.355,1.20904,1.20907,1.50,1.00
2017.01.16 14:06:38.942,1.20905,1.20907,1.00,1.00
2017.01.16 14:06:43.300,1.20905,1.20909,1.00,1.00
2017.01.16 14:06:44.643,1.20904,1.20909,1.50,1.00
2017.01.16 14:06:44.745,1.20904,1.20906,1.00,1.00
2017.01.16 14:06:45.266,1.20905,1.20906,1.00,1.00
2017.01.16 14:06:47.340,1.20906,1.20909,1.00,1.87
2017.01.16 14:06:47.543,1.2091,1.20913,1.25,1.00
2017.01.16 14:06:47.695,1.20909,1.20915,1.69,1.50
2017.01.16 14:06:48.002,1.20907,1.20913,1.25,1.00
2017.01.16 14:06:48.457,1.20906,1.20912,1.69,1.19
2017.01.16 14:06:51.662,1.20906,1.20912,1.87,1.00
2017.01.16 14:06:52.180,1.20908,1.20913,1.00,1.69
2017.01.16 14:07:01.750,1.20907,1.20913,1.25,1.69
2017.01.16 14:07:02.054,1.20906,1.20909,1.00,1.00
2017.01.16 14:07:08.167,1.20906,1.2091,1.00,1.50
2017.01.16 14:07:08.958,1.20904,1.20909,1.25,1.00
2017.01.16 14:07:09.060,1.20902,1.20908,1.25,1.25
2017.01.16 14:07:10.247,1.20902,1.20907,1.25,1.00
2017.01.16 14:07:11.100,1.20904,1.20907,1.00,1.00
2017.01.16 14:07:15.789,1.20904,1.20908,1.00,1.69
2017.01.16 14:07:19.334,1.20904,1.20907,1.00,1.00
2017.01.16 14:07:21.200,1.20903,1.20907,1.00,1.00
2017.01.16 14:07:23.405,1.20904,1.20908,1.00,1.50
2017.01.16 14:07:23.715,1.20904,1.20911,1.69,1.69
2017.01.16 14:07:24.265,1.20904,1.20911,1.19,1.69
2017.01.16 14:07:25.669,1.20904,1.2091,1.19,1.00
2017.01.16 14:07:25.720,1.20907,1.2091,1.00,1.00
2017.01.16 14:07:25.892,1.20905,1.2091,1.12,1.00
2017.01.16 14:07:26.102,1.20908,1.20911,1.00,1.50
2017.01.16 14:07:27.000,1.2091,1.20911,1.00,1.00
2017.01.16 14:07:27.205,1.20908,1.20914,1.87,1.00
2017.01.16 14:07:27.767,1.20908,1.20914,1.69,1.00
2017.01.16 14:07:28.989,1.20909,1.20914,1.00,1.00
2017.01.16 14:07:31.857,1.20909,1.20913,1.00,1.25
2017.01.16 14:07:34.470,1.20908,1.20913,1.50,1.50
2017.01.16 14:07:36.163,1.20908,1.20915,4.87,1.31
2017.01.16 14:07:36.316,1.2091,1.20915,1.00,1.25
2017.01.16 14:07:36.840,1.2091,1.20913,1.00,1.19
2017.01.16 14:07:36.891,1.20907,1.20913,1.00,1.69
2017.01.16 14:07:37.397,1.20906,1.20912,1.00,2.44
2017.01.16 14:07:39.192,1.20906,1.20911,1.00,1.50
2017.01.16 14:07:40.085,1.20909,1.20913,1.00,3.00
2017.01.16 14:07:40.237,1.20908,1.20912,1.00,1.00
2017.01.16 14:07:40.863,1.20908,1.20913,1.00,2.25
2017.01.16 14:07:41.377,1.20907,1.20912,1.00,1.12
2017.01.16 14:07:41.918,1.20907,1.20911,1.00,1.00
2017.01.16 14:07:42.430,1.20907,1.20912,1.00,1.50
2017.01.16 14:07:47.969,1.20907,1.20911,1.00,1.00
2017.01.16 14:07:48.474,1.20907,1.20912,1.00,1.50
2017.01.16 14:07:52.117,1.20908,1.20912,1.00,1.31
2017.01.16 14:07:52.420,1.2091,1.20913,1.00,2.44
2017.01.16 14:07:52.472,1.20907,1.20913,1.00,1.69
2017.01.16 14:07:53.027,1.20905,1.20913,1.87,1.69
2017.01.16 14:07:53.533,1.20906,1.20912,1.19,1.00
2017.01.16 14:07:54.104,1.20906,1.20912,1.19,1.00
2017.01.16 14:08:01.128,1.20907,1.20912,1.19,1.00
2017.01.16 14:08:03.117,1.20902,1.2091,2.25,1.25
2017.01.16 14:08:03.320,1.20904,1.20909,1.00,1.37
2017.01.16 14:08:03.855,1.20903,1.20909,1.00,1.12
2017.01.16 14:08:04.361,1.20904,1.20908,1.00,1.50
2017.01.16 14:08:04.999,1.20904,1.20908,1.00,1.50
2017.01.16 14:08:05.890,1.20903,1.20908,1.25,1.50
2017.01.16 14:08:06.195,1.20905,1.20909,1.00,1.50
2017.01.16 14:08:06.498,1.20907,1.20909,1.00,1.00
2017.01.16 14:08:07.017,1.20906,1.20908,1.00,1.00
2017.01.16 14:08:07.547,1.20907,1.20909,1.00,1.50
2017.01.16 14:08:08.029,1.20905,1.20909,1.00,2.25
2017.01.16 14:08:08.080,1.20905,1.20907,1.00,1.00
2017.01.16 14:08:08.537,1.20902,1.20907,1.00,1.00
2017.01.16 14:08:08.589,1.20901,1.20905,1.12,1.00
2017.01.16 14:08:09.041,1.20899,1.20905,1.50,1.00
2017.01.16 14:08:09.142,1.209,1.20901,1.00,1.00
2017.01.16 14:08:09.851,1.20899,1.20901,1.00,2.44
2017.01.16 14:08:11.380,1.209,1.20902,1.00,1.00
2017.01.16 14:08:11.907,1.209,1.20901,1.00,1.00
2017.01.16 14:08:13.164,1.20898,1.20901,1.00,1.00
2017.01.16 14:08:13.677,1.20898,1.209,1.00,1.00
2017.01.16 14:08:14.349,1.20898,1.20899,1.00,1.00
2017.01.16 14:08:14.539,1.20899,1.20901,1.00,1.50
2017.01.16 14:08:14.832,1.20898,1.20899,1.00,1.00
2017.01.16 14:08:15.339,1.20898,1.209,1.00,1.00
2017.01.16 14:08:15.492,1.20901,1.20903,1.00,1.69
2017.01.16 14:08:15.543,1.209,1.20901,1.00,1.00
2017.01.16 14:08:16.080,1.20899,1.20901,1.69,1.00
2017.01.16 14:08:17.237,1.209,1.20902,1.00,1.00
2017.01.16 14:08:17.389,1.20901,1.20902,1.00,1.50
2017.01.16 14:08:17.555,1.20899,1.20902,1.50,1.00
2017.01.16 14:08:17.977,1.20902,1.20903,1.00,1.00
2017.01.16 14:08:18.079,1.20902,1.20905,1.00,1.12
2017.01.16 14:08:18.433,1.20904,1.20905,1.00,1.00
2017.01.16 14:08:18.484,1.20903,1.20905,1.50,1.00
2017.01.16 14:08:19.031,1.20903,1.20906,1.00,1.00
2017.01.16 14:08:19.544,1.20902,1.20906,1.50,1.12
2017.01.16 14:08:19.868,1.20902,1.20904,1.50,1.00
2017.01.16 14:08:20.377,1.20901,1.20904,1.50,1.00
2017.01.16 14:08:20.945,1.20901,1.20905,2.25,1.50
2017.01.16 14:08:21.682,1.20901,1.20904,2.25,1.00
2017.01.16 14:08:25.248,1.20901,1.20905,1.50,1.50
2017.01.16 14:08:25.918,1.20901,1.20904,1.00,1.00
2017.01.16 14:08:32.204,1.20903,1.20905,1.00,1.00
2017.01.16 14:08:32.609,1.20903,1.20908,2.25,1.69
2017.01.16 14:08:33.117,1.20904,1.20908,1.25,1.00
2017.01.16 14:08:34.245,1.20904,1.20909,3.19,1.00
2017.01.16 14:08:34.760,1.20905,1.20911,1.00,1.56
2017.01.16 14:08:35.299,1.20904,1.20911,1.31,1.19
2017.01.16 14:08:36.963,1.20906,1.2091,1.00,1.25
2017.01.16 14:08:37.267,1.2091,1.20914,1.50,2.44
2017.01.16 14:08:37.813,1.20911,1.20912,1.00,1.00
2017.01.16 14:08:38.478,1.20911,1.20914,1.00,1.69
2017.01.16 14:08:40.162,1.20908,1.20912,1.12,2.44
2017.01.16 14:08:40.303,1.20906,1.2091,1.37,1.19
2017.01.16 14:08:40.354,1.20905,1.20909,1.50,2.44
2017.01.16 14:08:40.811,1.20904,1.20911,1.69,3.56
2017.01.16 14:08:41.327,1.20905,1.2091,1.00,1.50
2017.01.16 14:08:43.986,1.20903,1.2091,2.44,2.25
2017.01.16 14:08:46.912,1.20903,1.20909,1.69,1.50
2017.01.16 14:08:47.116,1.20903,1.20908,1.00,2.25
2017.01.16 14:08:52.330,1.20903,1.20908,1.00,1.00
2017.01.16 14:08:52.684,1.20905,1.20908,1.50,1.00
2017.01.16 14:08:52.837,1.20906,1.20911,1.00,1.25
2017.01.16 14:08:53.040,1.20906,1.20913,2.81,1.69
2017.01.16 14:08:53.546,1.20907,1.20912,1.31,1.00
2017.01.16 14:08:54.229,1.20906,1.20913,1.69,3.19
2017.01.16 14:08:56.432,1.20905,1.20913,1.50,3.94
2017.01.16 14:08:57.665,1.20906,1.20913,1.00,3.94
2017.01.16 14:08:58.152,1.20904,1.20911,1.69,2.44
2017.01.16 14:08:58.615,1.20906,1.20913,1.00,6.37
2017.01.16 14:08:58.924,1.2091,1.20915,1.50,1.69
2017.01.16 14:08:59.291,1.2091,1.20916,1.87,1.00
2017.01.16 14:08:59.877,1.20912,1.20916,1.00,1.00
2017.01.16 14:09:00.498,1.2091,1.20916,1.50,1.00
2017.01.16 14:09:01.108,1.20909,1.20916,1.87,3.94
2017.01.16 14:09:05.757,1.20911,1.20915,1.00,1.69
2017.01.16 14:09:06.262,1.20912,1.20916,1.69,1.69
2017.01.16 14:09:06.465,1.20915,1.2092,1.50,1.19
2017.01.16 14:09:08.053,1.20914,1.2092,1.25,1.19
2017.01.16 14:09:09.630,1.20912,1.20919,1.69,2.44
2017.01.16 14:09:10.148,1.20909,1.20917,3.75,1.54
2017.01.16 14:09:10.300,1.20909,1.20916,2.62,1.00
2017.01.16 14:09:11.329,1.20911,1.20916,1.00,1.00
2017.01.16 14:09:11.854,1.20912,1.20918,1.25,1.69
2017.01.16 14:09:12.411,1.20911,1.20918,1.50,1.69
2017.01.16 14:09:12.929,1.20911,1.20917,1.50,1.69
2017.01.16 14:09:13.477,1.2091,1.20916,3.00,1.00
2017.01.16 14:09:14.394,1.20911,1.20916,1.00,1.00
2017.01.16 14:09:15.704,1.2091,1.20916,3.00,1.00
2017.01.16 14:09:16.208,1.20911,1.20916,1.00,1.00
2017.01.16 14:09:16.470,1.20913,1.20916,1.00,1.00
2017.01.16 14:09:16.724,1.20909,1.20916,6.37,1.19
2017.01.16 14:09:16.977,1.20907,1.20914,3.56,1.69
2017.01.16 14:09:17.559,1.20907,1.20913,1.00,2.44
2017.01.16 14:09:18.251,1.20906,1.20913,1.50,1.69
2017.01.16 14:09:18.513,1.20905,1.20912,1.50,1.69
2017.01.16 14:09:20.272,1.20907,1.20911,1.00,1.00
2017.01.16 14:09:20.778,1.20908,1.20913,1.00,1.62
2017.01.16 14:09:21.291,1.20907,1.20912,1.50,1.00
2017.01.16 14:09:23.708,1.20905,1.20913,2.44,2.44
2017.01.16 14:09:25.000,1.20909,1.20914,1.50,2.25
2017.01.16 14:09:25.255,1.20909,1.20914,1.00,1.00
2017.01.16 14:09:25.808,1.20908,1.20914,1.00,1.00
2017.01.16 14:09:26.858,1.20911,1.20914,1.00,1.00
2017.01.16 14:09:27.215,1.20911,1.20917,2.25,1.00
2017.01.16 14:09:27.776,1.20912,1.20917,1.00,1.00
2017.01.16 14:09:28.920,1.20911,1.20917,1.00,1.00
2017.01.16 14:09:29.082,1.2091,1.20916,1.00,1.62
2017.01.16 14:09:29.951,1.20909,1.20915,1.50,1.00
2017.01.16 14:09:30.980,1.2091,1.20915,1.00,1.00
2017.01.16 14:09:31.483,1.2091,1.20917,1.50,2.44
2017.01.16 14:09:31.817,1.20912,1.20918,1.00,2.81
2017.01.16 14:09:32.333,1.20913,1.20918,1.00,3.19
2017.01.16 14:09:32.737,1.20915,1.20917,1.00,1.00
2017.01.16 14:09:32.941,1.20915,1.20922,1.00,2.00
2017.01.16 14:09:33.501,1.20914,1.20921,1.87,1.00
2017.01.16 14:09:33.895,1.20914,1.2092,1.87,1.19
2017.01.16 14:09:34.198,1.20916,1.2092,1.00,1.56
2017.01.16 14:09:37.178,1.20915,1.20921,2.25,1.25
2017.01.16 14:09:37.691,1.20914,1.20921,1.69,1.69
2017.01.16 14:09:37.742,1.20918,1.20921,1.00,1.69
2017.01.16 14:09:38.590,1.20918,1.20922,1.00,2.44
2017.01.16 14:09:39.138,1.20919,1.2092,1.00,1.00
2017.01.16 14:09:39.270,1.20917,1.2092,1.25,1.00
2017.01.16 14:09:39.868,1.20918,1.2092,1.00,1.00
2017.01.16 14:09:40.424,1.20918,1.20921,1.00,1.25
2017.01.16 14:09:40.475,1.20919,1.20921,1.00,1.25
2017.01.16 14:09:40.728,1.2092,1.20925,1.25,3.19
2017.01.16 14:09:40.931,1.20921,1.20925,1.19,1.00
2017.01.16 14:09:41.133,1.20922,1.20928,1.19,2.44
2017.01.16 14:09:41.381,1.20919,1.20926,2.81,2.10
2017.01.16 14:09:41.735,1.2092,1.20927,1.69,1.91
2017.01.16 14:09:42.242,1.20921,1.20927,1.19,1.69
2017.01.16 14:09:42.778,1.2092,1.20926,1.69,1.12
2017.01.16 14:09:43.082,1.20917,1.20924,1.19,1.69
2017.01.16 14:09:46.101,1.20915,1.20922,3.00,1.00
2017.01.16 14:09:46.203,1.20912,1.20919,3.37,1.00
2017.01.16 14:09:46.254,1.20912,1.20918,2.25,1.19
2017.01.16 14:09:48.515,1.20912,1.20917,1.00,1.31
2017.01.16 14:09:48.777,1.20909,1.20917,2.44,2.44
2017.01.16 14:09:49.080,1.20909,1.20916,1.00,1.44
2017.01.16 14:09:49.824,1.20908,1.20916,1.12,1.44
2017.01.16 14:09:50.675,1.20909,1.20915,1.00,1.25
2017.01.16 14:09:51.514,1.20908,1.20915,1.69,1.25
2017.01.16 14:09:52.722,1.20909,1.20915,1.00,1.25
2017.01.16 14:09:53.724,1.20908,1.20915,1.69,1.25
2017.01.16 14:09:54.038,1.20908,1.20915,1.69,1.25
2017.01.16 14:09:55.408,1.20908,1.20914,1.56,1.50
2017.01.16 14:09:55.459,1.20908,1.20913,1.00,1.00
2017.01.16 14:09:55.510,1.20908,1.20912,1.00,1.19
2017.01.16 14:09:55.662,1.20905,1.20912,1.50,1.69
2017.01.16 14:09:56.313,1.20905,1.20911,1.00,1.69
2017.01.16 14:09:56.567,1.20905,1.20911,1.19,1.69
2017.01.16 14:09:57.424,1.20909,1.20913,1.00,1.94
2017.01.16 14:09:57.577,1.2091,1.20913,1.00,1.69
2017.01.16 14:09:57.943,1.20911,1.20914,1.00,1.00
2017.01.16 14:09:58.399,1.20909,1.20916,1.00,2.44
2017.01.16 14:09:59.427,1.20908,1.20915,2.06,1.69
2017.01.16 14:09:59.936,1.20908,1.20916,2.62,1.69
2017.01.16 14:10:00.440,1.20909,1.20916,1.00,1.69
2017.01.16 14:10:00.945,1.2091,1.20916,1.19,2.44
2017.01.16 14:10:02.269,1.2091,1.20918,1.19,4.31
2017.01.16 14:10:02.320,1.20909,1.20917,2.44,2.25
2017.01.16 14:10:02.506,1.2091,1.20914,1.25,1.19
2017.01.16 14:10:03.042,1.20909,1.20914,1.12,1.31
2017.01.16 14:10:04.536,1.20908,1.20914,1.31,1.31
2017.01.16 14:10:06.345,1.20908,1.20915,1.00,2.44
2017.01.16 14:10:07.753,1.20913,1.20916,1.00,2.25
2017.01.16 14:10:08.007,1.20915,1.20921,2.25,2.00
2017.01.16 14:10:08.529,1.20915,1.20922,2.25,3.37
2017.01.16 14:10:09.046,1.20916,1.20922,1.00,3.19
2017.01.16 14:10:09.584,1.20916,1.20921,1.00,1.25
2017.01.16 14:10:10.731,1.20918,1.20923,1.00,1.25
2017.01.16 14:10:11.044,1.20916,1.2092,1.50,1.00
2017.01.16 14:10:11.638,1.20915,1.20921,1.31,2.44
2017.01.16 14:10:11.741,1.20914,1.2092,1.31,1.50
2017.01.16 14:10:12.248,1.20914,1.20921,2.06,3.19
2017.01.16 14:10:16.225,1.20917,1.20921,1.00,1.00
2017.01.16 14:10:16.633,1.20921,1.20922,1.00,1.00
2017.01.16 14:10:16.939,1.20923,1.20927,1.31,1.00
2017.01.16 14:10:17.349,1.20923,1.20931,1.19,1.69
2017.01.16 14:10:17.893,1.20923,1.2093,3.19,1.00
2017.01.16 14:10:17.995,1.20924,1.20929,1.19,1.19
2017.01.16 14:10:18.148,1.20923,1.20929,1.25,1.19
2017.01.16 14:10:18.797,1.20924,1.20929,1.00,1.19
2017.01.16 14:10:20.158,1.20923,1.20929,1.00,1.19
2017.01.16 14:10:20.793,1.20922,1.2093,1.50,3.94
2017.01.16 14:10:21.298,1.20921,1.20929,2.06,1.69
2017.01.16 14:10:21.490,1.20924,1.20929,1.00,1.69
2017.01.16 14:10:21.832,1.20929,1.20934,1.00,1.69
2017.01.16 14:10:22.136,1.20927,1.20934,1.50,1.19
2017.01.16 14:10:22.654,1.20928,1.20934,1.00,1.19
2017.01.16 14:10:23.164,1.20929,1.20935,1.00,1.50
2017.01.16 14:10:23.316,1.20931,1.20935,1.00,1.00
2017.01.16 14:10:23.579,1.20931,1.20937,1.69,1.00
2017.01.16 14:10:24.107,1.20931,1.20938,1.25,1.91
2017.01.16 14:10:24.612,1.20932,1.20938,1.00,1.54
2017.01.16 14:10:24.764,1.20931,1.20938,1.69,1.85
2017.01.16 14:10:25.285,1.20931,1.20938,1.69,1.54
2017.01.16 14:10:25.793,1.2093,1.20937,1.87,1.60
2017.01.16 14:10:25.894,1.20929,1.20935,1.19,1.54
2017.01.16 14:10:25.996,1.20928,1.20935,1.00,1.69
2017.01.16 14:10:27.040,1.20926,1.20935,3.56,1.69
2017.01.16 14:10:27.556,1.20929,1.20935,1.00,1.69
2017.01.16 14:10:29.700,1.20928,1.20935,2.25,1.69
2017.01.16 14:10:30.156,1.2093,1.20935,1.69,1.25
2017.01.16 14:10:30.855,1.2093,1.20935,1.69,1.25
2017.01.16 14:10:31.403,1.20931,1.20935,1.00,1.25
2017.01.16 14:10:32.217,1.20928,1.20935,1.31,1.25
2017.01.16 14:10:32.269,1.20928,1.20935,1.00,1.25
2017.01.16 14:10:32.319,1.20928,1.20934,1.00,2.44
2017.01.16 14:10:32.674,1.20926,1.20933,1.00,1.19
2017.01.16 14:10:37.591,1.20927,1.20933,1.00,1.19
2017.01.16 14:10:38.099,1.20926,1.20933,1.50,1.19
2017.01.16 14:10:38.609,1.20925,1.20933,2.44,1.69
2017.01.16 14:10:40.367,1.20926,1.20933,1.00,2.44
2017.01.16 14:10:41.368,1.20927,1.20933,1.00,2.44
2017.01.16 14:10:41.470,1.20929,1.20934,1.00,2.25
2017.01.16 14:10:41.572,1.20927,1.20935,2.25,2.25
2017.01.16 14:10:41.875,1.20929,1.20935,1.00,1.00
2017.01.16 14:10:42.385,1.20928,1.20935,1.50,1.00
2017.01.16 14:10:42.905,1.2093,1.20935,1.00,1.00
2017.01.16 14:10:43.429,1.20929,1.20935,1.00,1.00
2017.01.16 14:10:43.958,1.2093,1.20935,1.00,1.00
2017.01.16 14:10:44.321,1.20928,1.20935,1.50,1.00
2017.01.16 14:10:44.423,1.2093,1.20935,1.00,1.50
2017.01.16 14:10:44.929,1.20931,1.20936,1.00,1.31
2017.01.16 14:10:46.153,1.2093,1.20936,1.00,1.25
2017.01.16 14:10:46.659,1.20931,1.20935,1.25,1.00
2017.01.16 14:10:46.811,1.20931,1.20938,1.25,1.69
2017.01.16 14:10:48.531,1.20931,1.20938,1.19,2.44
2017.01.16 14:10:48.583,1.20929,1.20936,2.06,2.29
2017.01.16 14:10:48.634,1.20928,1.20936,1.50,3.04
2017.01.16 14:10:48.685,1.20931,1.20936,1.00,1.00
2017.01.16 14:10:49.184,1.20928,1.20937,2.06,3.41
2017.01.16 14:10:49.589,1.20928,1.20933,1.19,1.00
2017.01.16 14:10:49.993,1.20928,1.20935,1.19,2.44
2017.01.16 14:10:50.535,1.20927,1.20934,1.19,1.00
2017.01.16 14:10:50.799,1.20931,1.20934,1.00,1.00
2017.01.16 14:10:51.108,1.20933,1.20936,1.00,1.31
2017.01.16 14:10:52.748,1.20932,1.20935,1.00,1.25
2017.01.16 14:10:53.721,1.20932,1.20936,1.00,1.25
2017.01.16 14:10:54.228,1.20931,1.20938,1.37,2.44
2017.01.16 14:10:55.117,1.2093,1.20939,6.00,3.94
2017.01.16 14:10:55.422,1.20933,1.20939,1.50,3.19
2017.01.16 14:10:55.523,1.20933,1.20939,1.50,3.19
2017.01.16 14:10:56.536,1.20936,1.20939,1.00,2.44
2017.01.16 14:10:56.637,1.20934,1.20938,1.00,1.69
2017.01.16 14:10:57.200,1.20934,1.20938,1.00,2.81
2017.01.16 14:10:58.398,1.20934,1.20938,1.00,2.81
2017.01.16 14:10:59.487,1.20934,1.20937,1.00,1.00
2017.01.16 14:11:00.722,1.20934,1.20938,1.00,2.06
2017.01.16 14:11:01.485,1.20931,1.20938,1.00,2.44
2017.01.16 14:11:01.839,1.20932,1.20939,1.56,4.31
2017.01.16 14:11:02.143,1.20934,1.20941,2.06,1.69
2017.01.16 14:11:02.731,1.20935,1.20941,1.19,1.25
2017.01.16 14:11:03.079,1.20935,1.20942,1.19,1.19
2017.01.16 14:11:04.139,1.20935,1.20942,1.19,1.19
2017.01.16 14:11:04.714,1.20934,1.20942,4.12,1.25
2017.01.16 14:11:07.175,1.20935,1.20942,1.87,1.25
2017.01.16 14:11:07.442,1.2094,1.20942,1.00,1.25
2017.01.16 14:11:07.746,1.20942,1.20945,1.00,1.69
2017.01.16 14:11:08.641,1.20941,1.20945,1.00,1.69
2017.01.16 14:11:09.578,1.20942,1.20945,1.00,1.69
2017.01.16 14:11:09.730,1.20944,1.20947,1.00,3.19
2017.01.16 14:11:09.934,1.2094,1.20946,1.50,1.16
2017.01.16 14:11:10.036,1.20941,1.20946,1.00,1.16
2017.01.16 14:11:10.138,1.2094,1.20947,2.25,4.54
2017.01.16 14:11:10.806,1.20941,1.20947,1.00,3.79
2017.01.16 14:11:11.365,1.20941,1.20947,1.00,2.29
2017.01.16 14:11:11.745,1.20941,1.20947,1.00,1.00
2017.01.16 14:11:11.796,1.20943,1.20947,1.00,1.00
2017.01.16 14:11:12.319,1.20942,1.20947,1.00,1.60
2017.01.16 14:11:12.421,1.2094,1.20947,1.25,2.47
2017.01.16 14:11:12.940,1.2094,1.20947,1.69,2.85
2017.01.16 14:11:13.825,1.20939,1.20947,4.12,1.72
2017.01.16 14:11:14.344,1.20939,1.20947,3.37,1.60
2017.01.16 14:11:15.121,1.20942,1.20947,1.00,1.35
2017.01.16 14:11:15.273,1.20939,1.20947,1.44,2.47
2017.01.16 14:11:15.778,1.2094,1.20946,1.25,1.00
2017.01.16 14:11:21.211,1.20941,1.20947,1.50,2.29
2017.01.16 14:11:21.313,1.20943,1.20947,1.50,1.00
2017.01.16 14:11:21.466,1.20942,1.20949,1.00,1.91
2017.01.16 14:11:21.517,1.2094,1.20948,4.69,1.72
2017.01.16 14:11:22.022,1.20941,1.20947,1.00,1.19
2017.01.16 14:11:22.543,1.2094,1.20948,1.50,1.69
2017.01.16 14:11:23.908,1.20941,1.20948,1.00,3.04
2017.01.16 14:11:24.693,1.20939,1.20945,1.25,1.00
2017.01.16 14:11:24.744,1.20938,1.20944,1.50,3.04
2017.01.16 14:11:24.846,1.20935,1.20942,1.19,1.00
2017.01.16 14:11:24.947,1.20933,1.20942,4.12,1.54
2017.01.16 14:11:24.998,1.20933,1.2094,3.75,1.25
2017.01.16 14:11:25.313,1.20933,1.2094,1.50,1.19
2017.01.16 14:11:26.868,1.20934,1.2094,1.00,1.19
2017.01.16 14:11:27.333,1.20936,1.20941,1.00,1.00
2017.01.16 14:11:27.539,1.20938,1.20944,1.00,3.94
2017.01.16 14:11:28.203,1.20937,1.20943,1.50,1.69
2017.01.16 14:11:28.789,1.20938,1.20943,1.00,1.69
2017.01.16 14:11:29.375,1.20937,1.20943,1.00,1.69
2017.01.16 14:11:30.429,1.20935,1.20943,1.50,1.69
2017.01.16 14:11:31.273,1.20936,1.20943,1.50,1.69
2017.01.16 14:11:31.324,1.20939,1.20944,1.00,2.44
2017.01.16 14:11:31.477,1.20939,1.20946,1.50,2.29
2017.01.16 14:11:31.528,1.20941,1.20946,1.00,1.69
2017.01.16 14:11:32.022,1.2094,1.20947,4.50,1.25
2017.01.16 14:11:32.395,1.20942,1.20948,1.00,1.31
2017.01.16 14:11:32.904,1.20941,1.20948,2.25,1.31
2017.01.16 14:11:33.511,1.20942,1.20948,1.00,1.31
2017.01.16 14:11:34.018,1.20943,1.20948,1.50,1.19
2017.01.16 14:11:34.527,1.20942,1.20948,1.00,2.44
2017.01.16 14:11:34.889,1.20941,1.20947,1.00,2.44
2017.01.16 14:11:34.940,1.20938,1.20946,1.69,1.54
2017.01.16 14:11:35.460,1.2094,1.20946,1.00,1.19
2017.01.16 14:11:39.974,1.20941,1.20947,1.00,1.91
2017.01.16 14:11:40.026,1.20939,1.20947,2.06,2.66
2017.01.16 14:11:40.077,1.20939,1.20945,1.12,1.79
2017.01.16 14:11:40.179,1.20937,1.20944,1.50,1.85
2017.01.16 14:11:40.432,1.20938,1.20945,1.00,3.04
2017.01.16 14:11:40.483,1.2094,1.20945,1.00,1.50
2017.01.16 14:11:40.534,1.20938,1.20946,1.00,2.85
2017.01.16 14:11:41.073,1.20936,1.20943,1.00,1.54
2017.01.16 14:11:41.588,1.20937,1.20943,1.00,1.25
2017.01.16 14:11:43.129,1.20938,1.20944,1.00,1.19
2017.01.16 14:11:43.181,1.20938,1.20945,1.25,1.25
2017.01.16 14:11:43.383,1.20942,1.20946,1.00,2.10
2017.01.16 14:11:44.013,1.2094,1.20945,1.00,1.25
2017.01.16 14:11:45.053,1.2094,1.20945,1.50,1.69
2017.01.16 14:11:46.265,1.2094,1.20945,1.00,1.25
2017.01.16 14:11:47.092,1.20941,1.20945,1.00,1.54
2017.01.16 14:11:47.194,1.20945,1.20947,1.00,1.12
2017.01.16 14:11:47.295,1.20945,1.20948,1.00,1.25
2017.01.16 14:11:47.548,1.20947,1.20949,1.00,1.50
2017.01.16 14:11:48.109,1.20945,1.20949,1.00,1.60
2017.01.16 14:11:48.651,1.20944,1.20947,1.00,1.16
2017.01.16 14:11:49.005,1.20942,1.20948,1.25,3.04
2017.01.16 14:11:49.056,1.20941,1.20947,1.87,1.16
2017.01.16 14:11:49.259,1.20941,1.20947,1.69,1.16
2017.01.16 14:11:49.641,1.20944,1.20947,1.00,1.16
2017.01.16 14:11:50.183,1.20943,1.20948,1.00,3.94
2017.01.16 14:11:50.538,1.20943,1.20947,1.00,1.16
2017.01.16 14:11:50.842,1.20948,1.20951,1.25,2.44
2017.01.16 14:11:50.893,1.20948,1.2095,1.25,1.25
2017.01.16 14:11:52.262,1.20945,1.2095,1.69,1.54
2017.01.16 14:11:52.767,1.20949,1.20951,1.25,1.00
2017.01.16 14:11:52.969,1.20951,1.20956,1.19,1.94
2017.01.16 14:11:53.071,1.20951,1.20956,1.00,1.00
2017.01.16 14:11:53.173,1.20952,1.20959,1.00,3.19
2017.01.16 14:11:53.285,1.20952,1.20959,1.19,3.19
2017.01.16 14:11:53.892,1.20951,1.20959,1.69,1.69
2017.01.16 14:11:55.908,1.2095,1.20958,3.75,1.16
2017.01.16 14:11:55.959,1.20952,1.20958,1.00,2.66
2017.01.16 14:11:56.010,1.20952,1.20958,1.00,1.91
2017.01.16 14:11:56.061,1.20953,1.20958,2.06,1.12
2017.01.16 14:11:56.163,1.20953,1.20961,1.00,3.22
2017.01.16 14:11:56.264,1.20955,1.2096,1.50,2.00
2017.01.16 14:11:56.599,1.20957,1.20963,2.62,1.69
2017.01.16 14:11:56.930,1.20959,1.20963,1.00,1.69
2017.01.16 14:11:57.183,1.20956,1.20963,2.25,1.69
2017.01.16 14:11:57.335,1.20955,1.20961,1.50,1.00
2017.01.16 14:11:57.386,1.20955,1.20961,1.19,1.00
2017.01.16 14:11:57.488,1.20955,1.20962,1.00,2.44
2017.01.16 14:11:57.995,1.20956,1.20962,1.25,1.69
2017.01.16 14:11:59.059,1.20954,1.20962,1.19,1.69
2017.01.16 14:11:59.515,1.20954,1.20959,1.00,1.19
2017.01.16 14:12:00.031,1.20953,1.20958,1.00,1.19
2017.01.16 14:12:00.556,1.20952,1.20957,1.00,1.05
2017.01.16 14:12:01.122,1.20952,1.20955,1.00,1.00
2017.01.16 14:12:01.173,1.2095,1.20955,1.69,1.35
2017.01.16 14:12:01.327,1.20947,1.20955,1.31,2.44
2017.01.16 14:12:01.378,1.20947,1.20955,3.19,1.69
2017.01.16 14:12:02.367,1.20948,1.20956,2.06,1.31
2017.01.16 14:12:06.973,1.20949,1.20955,1.00,1.69
2017.01.16 14:12:07.480,1.20948,1.20955,1.00,1.87
2017.01.16 14:12:08.646,1.20948,1.20955,1.00,2.81
2017.01.16 14:12:08.848,1.20946,1.20952,1.12,1.25
2017.01.16 14:12:08.950,1.20946,1.20951,1.00,2.81
2017.01.16 14:12:10.057,1.20946,1.20951,1.31,2.44
2017.01.16 14:12:10.159,1.20946,1.20951,1.25,1.31
2017.01.16 14:12:10.594,1.20945,1.20952,2.44,1.00
2017.01.16 14:12:11.099,1.20945,1.20952,1.25,1.12
2017.01.16 14:12:11.454,1.20946,1.20951,1.00,2.06
2017.01.16 14:12:12.005,1.20947,1.20952,1.25,2.44
2017.01.16 14:12:12.341,1.20947,1.20951,1.00,1.31
2017.01.16 14:12:13.976,1.20946,1.2095,1.00,1.19
2017.01.16 14:12:14.128,1.20944,1.20949,1.00,1.19
2017.01.16 14:12:14.282,1.20941,1.20949,1.00,3.75
2017.01.16 14:12:15.358,1.20943,1.20948,1.00,1.25
2017.01.16 14:12:15.718,1.20943,1.20946,1.00,1.69
2017.01.16 14:12:17.572,1.20943,1.20946,1.50,1.25
2017.01.16 14:12:18.284,1.20944,1.20948,1.00,1.69
2017.01.16 14:12:21.500,1.20945,1.20948,1.00,1.69
2017.01.16 14:12:21.653,1.20947,1.2095,1.00,1.56
2017.01.16 14:12:21.754,1.20947,1.20952,1.00,1.69
2017.01.16 14:12:22.373,1.20948,1.20953,1.00,3.19
2017.01.16 14:12:22.888,1.20949,1.20953,1.00,1.19
2017.01.16 14:12:24.240,1.20947,1.20953,1.00,1.19
2017.01.16 14:12:27.488,1.20945,1.20951,1.50,1.25
2017.01.16 14:12:28.001,1.20945,1.2095,1.00,1.00
2017.01.16 14:12:28.558,1.20945,1.20948,1.00,1.19
2017.01.16 14:12:28.609,1.20943,1.20948,1.12,1.19
2017.01.16 14:12:34.577,1.20946,1.20948,1.00,1.19
2017.01.16 14:12:34.679,1.20946,1.20949,1.00,1.25
2017.01.16 14:12:34.730,1.20944,1.20949,1.87,1.25
2017.01.16 14:12:34.832,1.20942,1.20949,3.00,2.44
2017.01.16 14:12:34.883,1.20942,1.20946,1.50,1.19
2017.01.16 14:12:35.525,1.20942,1.20947,1.50,1.69
2017.01.16 14:12:36.764,1.20941,1.20947,1.00,1.69
2017.01.16 14:12:39.411,1.20944,1.20947,1.00,1.69
2017.01.16 14:12:39.614,1.20942,1.20946,1.00,1.19
2017.01.16 14:12:39.767,1.20944,1.20947,1.00,1.19
2017.01.16 14:12:40.071,1.20947,1.20948,1.00,1.00
2017.01.16 14:12:40.480,1.20949,1.2095,1.00,1.69
2017.01.16 14:12:40.582,1.20948,1.2095,1.00,1.19
2017.01.16 14:12:41.151,1.20951,1.20953,1.00,1.19
2017.01.16 14:12:41.253,1.20951,1.20955,1.00,1.69
2017.01.16 14:12:41.760,1.2095,1.20954,1.00,1.19
2017.01.16 14:12:41.862,1.20948,1.20954,1.87,1.19
2017.01.16 14:12:41.964,1.2095,1.20954,1.00,1.19
2017.01.16 14:12:42.330,1.20949,1.20952,1.00,1.19
2017.01.16 14:12:42.810,1.2095,1.20954,1.00,2.06
2017.01.16 14:12:43.768,1.20951,1.20954,1.00,1.19
2017.01.16 14:12:44.274,1.2095,1.20954,1.00,1.19
2017.01.16 14:12:44.803,1.20951,1.20954,1.00,1.19
2017.01.16 14:12:47.072,1.20949,1.20953,1.00,1.19
2017.01.16 14:12:47.354,1.20951,1.20953,1.00,1.69
2017.01.16 14:12:47.859,1.20952,1.20954,1.00,1.19
2017.01.16 14:12:48.438,1.20951,1.20954,1.00,1.19
2017.01.16 14:12:48.641,1.20949,1.20954,1.00,1.19
2017.01.16 14:12:49.199,1.20948,1.20954,1.00,1.69
2017.01.16 14:12:49.755,1.20946,1.20954,3.94,2.44
2017.01.16 14:12:50.577,1.20948,1.20954,1.00,1.69
2017.01.16 14:12:50.889,1.20951,1.20954,1.00,1.69
2017.01.16 14:12:53.251,1.20949,1.20954,1.19,1.19
2017.01.16 14:12:54.633,1.2095,1.20954,1.19,1.19
2017.01.16 14:12:54.785,1.2095,1.20956,1.31,1.31
2017.01.16 14:12:54.987,1.2095,1.20956,1.69,1.31
2017.01.16 14:12:58.178,1.2095,1.20956,3.94,1.19
2017.01.16 14:12:59.900,1.2095,1.20956,2.44,2.29
2017.01.16 14:13:00.467,1.2095,1.20956,1.69,1.69
2017.01.16 14:13:00.519,1.2095,1.20954,1.69,1.19
2017.01.16 14:13:00.570,1.20947,1.20953,2.06,1.05
2017.01.16 14:13:00.621,1.20947,1.20952,1.50,1.19
2017.01.16 14:13:01.556,1.20946,1.20952,2.06,1.19
2017.01.16 14:13:02.062,1.20946,1.20952,2.06,1.19
2017.01.16 14:13:02.368,1.20948,1.20952,1.19,1.19
2017.01.16 14:13:03.278,1.20948,1.20952,1.25,1.19
2017.01.16 14:13:03.822,1.20945,1.20951,1.69,1.19
2017.01.16 14:13:04.177,1.20945,1.20952,1.87,1.25
2017.01.16 14:13:04.228,1.20945,1.20952,1.12,1.19
2017.01.16 14:13:05.296,1.20944,1.20952,1.00,3.56
2017.01.16 14:13:05.808,1.20945,1.20952,1.00,2.81
2017.01.16 14:13:06.112,1.20948,1.20952,1.00,1.69
2017.01.16 14:13:06.163,1.20947,1.20953,1.12,1.19
2017.01.16 14:13:06.619,1.20947,1.20954,1.69,1.69
2017.01.16 14:13:07.150,1.20947,1.20954,3.19,1.69
2017.01.16 14:13:07.301,1.20948,1.20954,1.00,1.69
2017.01.16 14:13:09.083,1.20948,1.20954,1.19,1.69
2017.01.16 14:13:09.285,1.20947,1.20954,1.69,2.29
2017.01.16 14:13:09.336,1.20945,1.20952,2.06,1.19
2017.01.16 14:13:09.488,1.20942,1.2095,3.00,1.25
2017.01.16 14:13:09.590,1.20947,1.2095,1.19,1.25
2017.01.16 14:13:09.893,1.20945,1.20952,1.00,2.06
2017.01.16 14:13:10.432,1.20944,1.20951,1.25,1.19
2017.01.16 14:13:10.836,1.20944,1.20949,1.25,1.19
2017.01.16 14:13:12.235,1.20944,1.20949,1.19,1.19
2017.01.16 14:13:12.741,1.20944,1.20949,1.25,1.19
2017.01.16 14:13:15.135,1.20945,1.20949,1.00,1.19
2017.01.16 14:13:17.899,1.20943,1.20949,1.69,1.19
2017.01.16 14:13:18.424,1.20944,1.20949,1.25,1.19
2017.01.16 14:13:18.940,1.20947,1.20949,1.00,1.19
2017.01.16 14:13:19.518,1.20943,1.20949,1.19,1.19
2017.01.16 14:13:19.619,1.20941,1.20947,2.25,1.54
2017.01.16 14:13:20.125,1.20942,1.20946,1.00,2.44
2017.01.16 14:13:20.644,1.20941,1.20946,1.00,2.44
2017.01.16 14:13:20.746,1.20945,1.20947,1.00,1.50
2017.01.16 14:13:20.797,1.20943,1.20946,1.50,1.00
2017.01.16 14:13:21.042,1.20944,1.20947,1.69,1.00
2017.01.16 14:13:21.245,1.20944,1.2095,3.19,1.69
2017.01.16 14:13:22.933,1.20946,1.20953,2.44,1.19
2017.01.16 14:13:24.132,1.20946,1.20953,2.44,1.19
2017.01.16 14:13:24.650,1.20946,1.20953,2.81,1.19
2017.01.16 14:13:25.478,1.20945,1.20951,2.44,1.19
2017.01.16 14:13:25.630,1.20943,1.20951,1.69,1.19
2017.01.16 14:13:25.751,1.20943,1.20951,1.56,1.31
2017.01.16 14:13:26.289,1.20946,1.20951,1.19,1.19
2017.01.16 14:13:26.441,1.20946,1.20951,1.50,1.19
2017.01.16 14:13:27.140,1.20946,1.20951,1.19,1.19
2017.01.16 14:13:27.242,1.20945,1.20951,1.50,1.19
2017.01.16 14:13:27.575,1.20947,1.20951,1.00,1.19
2017.01.16 14:13:27.728,1.20945,1.20951,1.50,1.19
2017.01.16 14:13:28.772,1.20944,1.20951,1.00,2.06
2017.01.16 14:13:30.384,1.20943,1.20951,1.50,1.50
2017.01.16 14:13:30.486,1.20945,1.20951,1.00,1.50
2017.01.16 14:13:30.638,1.20942,1.20949,1.00,3.37
2017.01.16 14:13:31.013,1.20942,1.20946,1.00,1.19
2017.01.16 14:13:31.216,1.20939,1.20943,1.00,1.19
2017.01.16 14:13:31.267,1.20937,1.20943,1.12,1.19
2017.01.16 14:13:31.805,1.20936,1.20943,2.25,3.94
2017.01.16 14:13:32.787,1.20937,1.20942,1.00,1.25
2017.01.16 14:13:32.838,1.20937,1.20941,1.00,1.19
2017.01.16 14:13:33.372,1.20936,1.20941,1.00,1.19
2017.01.16 14:13:34.868,1.20939,1.20942,1.00,1.12
2017.01.16 14:13:35.425,1.20937,1.20943,1.00,2.44
2017.01.16 14:13:36.016,1.20938,1.20943,1.00,1.69
2017.01.16 14:13:36.594,1.2094,1.20943,1.00,1.69
2017.01.16 14:13:37.040,1.20941,1.20944,1.19,1.00
2017.01.16 14:13:37.192,1.20941,1.20947,2.44,2.06
2017.01.16 14:13:37.243,1.20944,1.20947,1.00,1.31
2017.01.16 14:13:37.901,1.20941,1.20947,2.06,1.19
2017.01.16 14:13:38.407,1.20941,1.20947,1.69,1.69
2017.01.16 14:13:41.187,1.20941,1.20944,1.19,1.25
2017.01.16 14:13:42.852,1.20941,1.20945,1.00,1.19
2017.01.16 14:13:43.156,1.20944,1.20948,1.50,1.56
2017.01.16 14:13:44.677,1.20943,1.20948,1.00,2.06
2017.01.16 14:13:45.082,1.20941,1.20948,1.87,2.44
2017.01.16 14:13:45.183,1.20943,1.20948,1.00,3.94
2017.01.16 14:13:45.745,1.20944,1.20948,1.00,2.44
2017.01.16 14:13:50.634,1.20943,1.20948,1.00,1.69
2017.01.16 14:13:54.624,1.20942,1.20948,1.25,3.04
2017.01.16 14:13:54.979,1.20939,1.20942,1.25,1.19
2017.01.16 14:14:00.165,1.2094,1.20942,1.00,1.69
2017.01.16 14:14:00.703,1.20938,1.20942,1.19,1.19
2017.01.16 14:14:00.905,1.2094,1.20944,1.00,1.25
2017.01.16 14:14:01.218,1.20942,1.20945,1.00,3.00
2017.01.16 14:14:01.830,1.20941,1.20945,1.00,2.81
2017.01.16 14:14:02.374,1.2094,1.20944,1.00,1.00
2017.01.16 14:14:02.677,1.2094,1.20943,1.00,1.19
2017.01.16 14:14:04.228,1.20938,1.20943,1.50,1.19
2017.01.16 14:14:06.665,1.20939,1.20943,1.00,1.31
2017.01.16 14:14:07.673,1.20941,1.20945,1.50,1.00
2017.01.16 14:14:07.939,1.20938,1.20944,1.00,1.19
2017.01.16 14:14:08.449,1.20939,1.20945,1.00,1.31
2017.01.16 14:14:08.989,1.20938,1.20945,1.50,1.31
2017.01.16 14:14:09.504,1.20939,1.20945,1.00,1.31
2017.01.16 14:14:10.150,1.20939,1.20947,1.12,3.94
2017.01.16 14:14:10.252,1.20941,1.20947,1.00,2.29
2017.01.16 14:14:10.353,1.20938,1.20946,4.12,2.44
2017.01.16 14:14:10.455,1.20938,1.20944,2.25,1.19
2017.01.16 14:14:11.996,1.2094,1.20944,1.00,2.81
2017.01.16 14:14:14.231,1.20939,1.20944,1.00,1.69
2017.01.16 14:14:14.822,1.20937,1.20944,1.50,1.31
2017.01.16 14:14:15.394,1.20937,1.20943,1.00,1.69
2017.01.16 14:14:15.547,1.20935,1.20942,1.87,1.19
2017.01.16 14:14:17.268,1.2094,1.20943,1.00,1.69
2017.01.16 14:14:17.319,1.20938,1.20944,1.00,1.94
2017.01.16 14:14:17.522,1.20936,1.20943,1.50,1.69
2017.01.16 14:14:17.623,1.20936,1.20941,1.50,1.69
2017.01.16 14:14:18.627,1.20935,1.20941,1.00,1.19
2017.01.16 14:14:20.119,1.20937,1.20941,1.00,1.00
2017.01.16 14:14:20.645,1.20936,1.20943,1.00,3.19
2017.01.16 14:14:25.080,1.20936,1.20941,1.00,1.00
2017.01.16 14:14:26.686,1.20934,1.20941,2.25,3.19
2017.01.16 14:14:26.990,1.20936,1.2094,1.00,1.19
2017.01.16 14:14:27.092,1.20934,1.2094,1.50,1.19
2017.01.16 14:14:27.749,1.20933,1.2094,1.00,1.19
2017.01.16 14:14:29.728,1.20932,1.20937,1.50,1.69
2017.01.16 14:14:30.032,1.20933,1.20936,1.00,1.19
2017.01.16 14:14:30.373,1.20936,1.20937,1.00,1.25
2017.01.16 14:14:30.525,1.20937,1.20939,1.00,1.25
2017.01.16 14:14:31.041,1.20937,1.20939,1.00,1.19
2017.01.16 14:14:32.822,1.20935,1.20939,1.00,1.19
2017.01.16 14:14:35.301,1.20933,1.20939,1.50,1.19
2017.01.16 14:14:35.504,1.2093,1.20937,3.00,2.81
2017.01.16 14:14:36.009,1.20932,1.20937,1.00,2.81
2017.01.16 14:14:36.161,1.2093,1.20936,1.00,1.31
2017.01.16 14:14:36.698,1.20929,1.20934,2.25,1.00
2017.01.16 14:14:39.097,1.20931,1.20934,1.00,1.00
2017.01.16 14:14:39.602,1.20929,1.20935,1.50,1.62
2017.01.16 14:14:40.112,1.20929,1.20935,2.25,1.25
2017.01.16 14:14:40.617,1.20928,1.20935,1.00,1.69
2017.01.16 14:14:40.769,1.20928,1.20934,1.00,2.06
2017.01.16 14:14:41.335,1.2093,1.20933,1.00,1.25
2017.01.16 14:14:41.837,1.20929,1.20933,1.00,1.25
2017.01.16 14:14:42.142,1.20931,1.20934,1.00,1.69
2017.01.16 14:14:42.243,1.20927,1.20934,3.37,2.44
2017.01.16 14:14:42.295,1.2093,1.20934,1.00,3.19
2017.01.16 14:14:42.497,1.20927,1.20934,2.62,1.69
2017.01.16 14:14:42.874,1.20929,1.20934,1.00,1.69
2017.01.16 14:14:43.383,1.2093,1.20934,1.00,1.69
2017.01.16 14:14:45.618,1.20931,1.20935,1.50,3.00
2017.01.16 14:14:45.924,1.20934,1.20938,1.00,1.69
2017.01.16 14:14:46.820,1.20935,1.20938,1.00,2.06
2017.01.16 14:14:46.972,1.20935,1.20938,1.00,1.31
2017.01.16 14:14:47.023,1.20936,1.20938,1.00,1.31
2017.01.16 14:14:47.126,1.20936,1.20939,1.25,1.25
2017.01.16 14:14:47.834,1.20935,1.2094,2.25,1.19
2017.01.16 14:14:48.136,1.20937,1.2094,1.00,1.19
2017.01.16 14:14:48.440,1.20939,1.20941,1.00,1.25
2017.01.16 14:14:48.593,1.20939,1.20944,1.50,1.25
2017.01.16 14:14:48.795,1.20942,1.20945,1.00,1.69
2017.01.16 14:14:49.433,1.20939,1.20945,1.00,1.69
2017.01.16 14:14:51.009,1.20938,1.20944,2.44,1.25
2017.01.16 14:14:54.370,1.20938,1.20944,1.69,1.69
2017.01.16 14:14:54.870,1.20939,1.20944,1.50,1.69
2017.01.16 14:14:56.591,1.20938,1.20945,1.50,1.69
2017.01.16 14:14:58.072,1.20943,1.20946,1.00,1.69
2017.01.16 14:14:59.133,1.20941,1.20945,1.00,1.19
2017.01.16 14:14:59.686,1.20942,1.20945,1.00,1.19
2017.01.16 14:15:00.224,1.20941,1.20945,1.00,1.19
2017.01.16 14:15:00.275,1.20939,1.20945,1.00,1.19
2017.01.16 14:15:01.067,1.20941,1.20945,1.00,1.19
2017.01.16 14:15:01.614,1.2094,1.20945,1.00,1.19
2017.01.16 14:15:04.468,1.20938,1.20945,1.69,1.69
2017.01.16 14:15:04.519,1.20937,1.20942,1.00,1.19
2017.01.16 14:15:04.772,1.20935,1.20942,2.44,1.50
2017.01.16 14:15:06.331,1.20936,1.20942,1.50,1.31
2017.01.16 14:15:06.852,1.20937,1.20942,1.00,1.69
2017.01.16 14:15:08.550,1.20935,1.20942,1.25,1.69
2017.01.16 14:15:11.655,1.20934,1.2094,1.00,1.19
2017.01.16 14:15:12.368,1.20933,1.2094,2.25,1.69
2017.01.16 14:15:13.502,1.20934,1.2094,1.50,3.19
2017.01.16 14:15:15.149,1.20937,1.2094,1.00,2.06
2017.01.16 14:15:15.352,1.20936,1.2094,1.00,1.25
2017.01.16 14:15:16.303,1.20937,1.2094,1.00,1.25
2017.01.16 14:15:21.110,1.20939,1.20941,1.00,1.19
2017.01.16 14:15:21.534,1.20936,1.20938,1.00,1.19
2017.01.16 14:15:22.050,1.20935,1.20938,1.00,1.19
2017.01.16 14:15:22.729,1.20933,1.20938,1.00,1.19
2017.01.16 14:15:22.780,1.20935,1.20939,1.00,1.00
2017.01.16 14:15:23.235,1.20935,1.20938,1.00,1.19
2017.01.16 14:15:23.488,1.20936,1.20939,1.00,1.25
2017.01.16 14:15:23.589,1.20937,1.20939,1.00,1.25
2017.01.16 14:15:25.586,1.20937,1.2094,1.00,2.44
2017.01.16 14:15:26.867,1.20937,1.20939,1.00,1.25
2017.01.16 14:15:28.584,1.20938,1.2094,1.00,1.19
2017.01.16 14:15:28.948,1.20935,1.20936,1.50,1.00
2017.01.16 14:15:29.049,1.20936,1.20938,1.00,1.25
2017.01.16 14:15:29.252,1.20935,1.20937,2.25,1.00
2017.01.16 14:15:29.353,1.20936,1.20938,1.00,1.25
2017.01.16 14:15:29.505,1.20935,1.20937,1.00,1.00
2017.01.16 14:15:29.820,1.20936,1.20937,1.00,1.00
2017.01.16 14:15:29.996,1.20932,1.20934,1.50,1.00
2017.01.16 14:15:30.198,1.2093,1.20932,1.69,1.00
2017.01.16 14:15:31.093,1.20929,1.20931,1.50,1.00
2017.01.16 14:15:31.737,1.20931,1.20933,1.00,1.00
2017.01.16 14:15:31.889,1.20933,1.20935,1.50,1.00
2017.01.16 14:15:31.990,1.20934,1.20936,1.00,1.50
2017.01.16 14:15:32.525,1.20936,1.20937,1.00,1.00
2017.01.16 14:15:33.351,1.20936,1.20937,1.00,1.00
2017.01.16 14:15:33.957,1.20936,1.20938,1.00,1.00
2017.01.16 14:15:34.361,1.20936,1.2094,1.00,1.00
2017.01.16 14:15:34.579,1.20937,1.20942,1.00,1.31
2017.01.16 14:15:36.881,1.20936,1.20942,1.50,1.00
2017.01.16 14:15:36.932,1.20936,1.20939,1.00,1.00
2017.01.16 14:15:37.135,1.20934,1.20939,2.62,1.00
2017.01.16 14:15:38.354,1.20937,1.2094,1.00,1.00
2017.01.16 14:15:38.704,1.2094,1.20943,1.00,1.00
2017.01.16 14:15:40.120,1.20939,1.20943,1.00,1.00
2017.01.16 14:15:41.192,1.20939,1.20944,1.00,1.25
2017.01.16 14:15:41.596,1.20937,1.20944,2.06,1.25
2017.01.16 14:15:44.431,1.20939,1.20945,1.00,1.19
2017.01.16 14:15:50.489,1.20938,1.20945,1.50,1.44
2017.01.16 14:15:52.191,1.20939,1.20944,1.00,1.25
2017.01.16 14:15:54.679,1.2094,1.20944,1.00,1.25
2017.01.16 14:16:01.965,1.20938,1.20945,1.00,1.19
2017.01.16 14:16:02.612,1.20939,1.20945,1.00,1.19
2017.01.16 14:16:03.258,1.20937,1.20945,3.00,1.69
2017.01.16 14:16:05.964,1.20939,1.20945,1.00,1.87
2017.01.16 14:16:10.138,1.2094,1.20945,1.00,1.69
2017.01.16 14:16:10.441,1.20936,1.20945,3.19,5.25
2017.01.16 14:16:10.888,1.20939,1.20945,1.00,2.44
2017.01.16 14:16:11.458,1.20941,1.20947,1.50,2.62
2017.01.16 14:16:11.610,1.20941,1.20947,1.50,1.12
2017.01.16 14:16:12.368,1.20941,1.20948,1.00,1.87
2017.01.16 14:16:13.013,1.2094,1.20948,1.50,3.60
2017.01.16 14:16:13.548,1.2094,1.20946,1.50,1.87
2017.01.16 14:16:15.166,1.20939,1.20945,1.00,1.12
2017.01.16 14:16:15.267,1.20941,1.20945,1.00,1.00
2017.01.16 14:16:15.606,1.20946,1.20951,1.00,4.12
2017.01.16 14:16:16.536,1.20944,1.20951,1.00,4.50
2017.01.16 14:16:17.786,1.20946,1.20949,1.00,1.00
2017.01.16 14:16:18.293,1.20946,1.2095,1.00,2.62
2017.01.16 14:16:19.082,1.20946,1.2095,1.00,2.62
2017.01.16 14:16:19.415,1.20947,1.20951,1.00,1.87
2017.01.16 14:16:19.567,1.20947,1.2095,1.00,1.69
2017.01.16 14:16:20.021,1.20945,1.2095,1.00,2.06
2017.01.16 14:16:21.185,1.20945,1.20949,1.00,1.37
2017.01.16 14:16:21.490,1.20942,1.20949,2.44,3.97
2017.01.16 14:16:21.794,1.20946,1.20949,1.00,1.54
2017.01.16 14:16:21.857,1.20944,1.20949,1.00,1.19
2017.01.16 14:16:22.033,1.20946,1.2095,1.00,2.06
2017.01.16 14:16:22.135,1.20942,1.20948,1.00,1.25
2017.01.16 14:16:22.287,1.20942,1.20948,1.00,3.37
2017.01.16 14:16:22.596,1.2094,1.20946,1.00,1.31
2017.01.16 14:16:23.004,1.20939,1.20944,1.00,1.44
2017.01.16 14:16:23.106,1.2094,1.20944,1.00,1.25
2017.01.16 14:16:26.145,1.20938,1.20944,1.00,1.25
2017.01.16 14:16:26.250,1.20938,1.20943,1.00,2.44
2017.01.16 14:16:26.796,1.20937,1.20942,1.50,1.19
2017.01.16 14:16:28.606,1.20938,1.20942,1.00,1.00
2017.01.16 14:16:29.112,1.20938,1.20944,1.00,1.69
2017.01.16 14:16:30.618,1.20938,1.20945,2.62,1.19
2017.01.16 14:16:31.017,1.2094,1.20945,1.00,1.19
2017.01.16 14:16:31.537,1.20939,1.20945,1.00,1.19
2017.01.16 14:16:31.902,1.20941,1.20945,1.00,1.19
2017.01.16 14:16:31.953,1.20941,1.20947,1.25,1.69
2017.01.16 14:16:32.740,1.20942,1.20947,1.00,1.12
2017.01.16 14:16:33.102,1.20942,1.20948,1.69,1.00
2017.01.16 14:16:34.981,1.20942,1.2095,1.69,6.22
2017.01.16 14:16:39.603,1.20944,1.2095,1.00,1.31
2017.01.16 14:16:40.110,1.20943,1.2095,1.25,1.31
2017.01.16 14:16:41.528,1.20944,1.2095,2.25,1.19
2017.01.16 14:16:41.680,1.20946,1.20952,1.00,2.44
2017.01.16 14:16:42.225,1.20946,1.20952,1.00,1.69
2017.01.16 14:16:47.786,1.20945,1.20952,1.87,1.19
2017.01.16 14:16:48.140,1.20943,1.20951,2.25,1.69
2017.01.16 14:16:49.232,1.20944,1.20951,1.00,1.87
2017.01.16 14:16:49.750,1.20945,1.2095,1.25,1.00
2017.01.16 14:16:49.817,1.20943,1.2095,1.25,1.87
2017.01.16 14:16:50.210,1.20942,1.20949,3.00,1.25
2017.01.16 14:16:50.312,1.20942,1.2095,2.62,4.69
2017.01.16 14:16:51.812,1.20942,1.20949,4.50,1.25
2017.01.16 14:16:52.447,1.20942,1.20949,3.94,1.25
2017.01.16 14:16:53.055,1.20942,1.20949,3.75,1.25
2017.01.16 14:16:54.147,1.20942,1.20949,3.37,1.25
2017.01.16 14:16:58.854,1.20943,1.20948,1.25,1.35
2017.01.16 14:16:58.906,1.2094,1.20948,3.19,3.41
2017.01.16 14:16:59.261,1.20944,1.20947,1.00,2.25
2017.01.16 14:16:59.312,1.20941,1.20947,1.00,1.87
2017.01.16 14:16:59.566,1.20941,1.20946,1.00,1.19
2017.01.16 14:16:59.752,1.20938,1.20944,1.25,1.25
2017.01.16 14:17:00.259,1.20937,1.20944,2.25,1.25
2017.01.16 14:17:00.779,1.20938,1.20945,1.12,1.25
2017.01.16 14:17:01.341,1.20938,1.20945,1.44,1.25
2017.01.16 14:17:03.367,1.20939,1.20946,1.25,3.19
2017.01.16 14:17:03.968,1.20939,1.20946,1.25,3.56
2017.01.16 14:17:08.645,1.2094,1.20945,1.00,1.25
2017.01.16 14:17:08.797,1.20938,1.20945,1.25,3.22
2017.01.16 14:17:08.848,1.20938,1.20944,1.00,1.87
2017.01.16 14:17:09.203,1.20936,1.20941,1.25,1.00
2017.01.16 14:17:13.225,1.20936,1.20942,1.25,1.12
2017.01.16 14:17:20.534,1.20937,1.20943,1.00,3.00
2017.01.16 14:17:27.040,1.20935,1.20942,3.37,1.12
2017.01.16 14:17:27.192,1.20935,1.2094,1.19,1.25
2017.01.16 14:17:28.048,1.20935,1.2094,1.25,2.06
2017.01.16 14:17:30.091,1.20933,1.2094,4.12,2.06
2017.01.16 14:17:31.081,1.20933,1.20939,2.44,1.00
2017.01.16 14:17:33.007,1.20933,1.2094,1.00,2.62
2017.01.16 14:17:33.588,1.20934,1.2094,1.00,1.31
2017.01.16 14:17:35.161,1.20935,1.2094,1.00,1.19
2017.01.16 14:17:35.212,1.20935,1.20941,1.00,1.25
2017.01.16 14:17:36.099,1.20934,1.20943,2.25,7.12
2017.01.16 14:17:36.201,1.20934,1.2094,1.00,1.69
2017.01.16 14:17:36.716,1.20933,1.20939,1.00,1.25
2017.01.16 14:17:37.218,1.20932,1.20939,1.25,1.25
2017.01.16 14:17:37.521,1.20931,1.20937,1.50,2.06
2017.01.16 14:17:38.583,1.20932,1.20937,1.00,1.56
2017.01.16 14:17:39.106,1.20932,1.20939,1.69,2.44
2017.01.16 14:17:40.083,1.20932,1.20939,1.19,2.44
2017.01.16 14:17:40.436,1.2093,1.20937,1.50,1.25
2017.01.16 14:17:40.538,1.2093,1.20935,1.00,1.19
2017.01.16 14:17:41.055,1.20929,1.20935,1.00,2.06
2017.01.16 14:17:41.561,1.20928,1.20934,1.00,2.25
2017.01.16 14:17:42.092,1.20928,1.20932,1.00,1.00
2017.01.16 14:17:42.510,1.20928,1.20934,1.00,1.69
2017.01.16 14:17:43.246,1.20928,1.20934,1.00,1.69
2017.01.16 14:17:45.203,1.20926,1.20934,1.00,2.44
2017.01.16 14:17:45.257,1.20927,1.20934,1.19,1.69
2017.01.16 14:17:45.780,1.20927,1.20933,1.69,1.00
2017.01.16 14:17:45.831,1.20926,1.20933,1.00,1.25
2017.01.16 14:17:46.236,1.20926,1.20933,1.50,1.69
2017.01.16 14:17:46.826,1.20926,1.20932,1.00,1.00
2017.01.16 14:17:47.407,1.20924,1.20931,3.94,1.25
2017.01.16 14:17:47.924,1.20926,1.20931,2.25,1.00
2017.01.16 14:17:48.955,1.20927,1.20931,1.00,1.00
2017.01.16 14:17:49.258,1.20931,1.20934,1.00,1.00
2017.01.16 14:17:49.561,1.20928,1.20936,1.00,3.37
2017.01.16 14:17:50.070,1.20928,1.20935,1.00,3.19
2017.01.16 14:17:51.029,1.2093,1.20935,1.00,2.44
2017.01.16 14:17:51.334,1.20932,1.20935,1.00,2.44
2017.01.16 14:17:51.921,1.20932,1.20935,1.00,2.44
2017.01.16 14:17:53.017,1.20931,1.20934,1.00,1.12
2017.01.16 14:17:53.322,1.20929,1.20932,1.00,1.50
2017.01.16 14:17:53.828,1.2093,1.20933,1.50,1.75
2017.01.16 14:17:54.488,1.20932,1.20935,1.00,1.56
2017.01.16 14:17:54.645,1.20931,1.20935,1.00,1.69
2017.01.16 14:17:54.898,1.20932,1.20937,1.00,1.31
2017.01.16 14:17:55.303,1.20932,1.20935,1.00,1.00
2017.01.16 14:17:55.607,1.20929,1.20933,1.00,1.56
2017.01.16 14:17:57.066,1.20926,1.20934,1.25,4.31
2017.01.16 14:17:58.254,1.20929,1.20932,1.00,1.00
2017.01.16 14:17:58.355,1.20927,1.20932,1.00,1.00
2017.01.16 14:17:58.508,1.20927,1.20932,1.00,1.50
2017.01.16 14:17:58.909,1.20928,1.20932,1.00,1.50
2017.01.16 14:18:00.253,1.20929,1.20933,1.00,1.69
2017.01.16 14:18:05.235,1.20926,1.20933,1.60,2.62
2017.01.16 14:18:05.388,1.20923,1.20931,1.00,1.87
2017.01.16 14:18:05.541,1.20922,1.20928,1.50,1.19
2017.01.16 14:18:05.958,1.2092,1.20928,2.62,1.69
2017.01.16 14:18:06.498,1.20921,1.20928,1.00,1.69
2017.01.16 14:18:06.940,1.20921,1.20928,1.00,1.25
2017.01.16 14:18:07.441,1.2092,1.20929,2.62,4.87
2017.01.16 14:18:07.947,1.20921,1.20929,1.00,5.44
2017.01.16 14:18:08.585,1.2092,1.20928,1.25,1.69
2017.01.16 14:18:09.117,1.2092,1.20928,1.19,1.69
2017.01.16 14:18:09.797,1.2092,1.20928,1.00,3.19
2017.01.16 14:18:09.999,1.20921,1.20928,1.60,1.69
2017.01.16 14:18:10.334,1.2093,1.20932,2.29,1.50
2017.01.16 14:18:10.385,1.2093,1.20933,2.47,2.25
2017.01.16 14:18:10.436,1.20931,1.20937,1.19,1.19
2017.01.16 14:18:10.953,1.20931,1.20939,1.31,3.19
2017.01.16 14:18:11.257,1.20931,1.20939,1.69,1.69
2017.01.16 14:18:11.308,1.20933,1.20937,1.50,1.00
2017.01.16 14:18:11.410,1.20934,1.20939,1.25,1.25
2017.01.16 14:18:11.907,1.20935,1.20942,1.31,3.19
2017.01.16 14:18:12.210,1.20935,1.20942,1.69,3.19
2017.01.16 14:18:12.261,1.20934,1.20942,2.25,1.69
2017.01.16 14:18:13.980,1.20934,1.20942,1.87,2.44
2017.01.16 14:18:14.672,1.20935,1.20942,1.00,1.69
2017.01.16 14:18:15.689,1.20937,1.20942,1.00,1.31
2017.01.16 14:18:16.678,1.20936,1.20942,1.00,2.44
2017.01.16 14:18:18.112,1.20936,1.20942,1.19,1.69
2017.01.16 14:18:21.116,1.20937,1.20945,1.81,3.94
2017.01.16 14:18:23.850,1.20937,1.20945,1.50,4.69
2017.01.16 14:18:28.109,1.20937,1.20944,1.87,1.19
2017.01.16 14:18:28.806,1.20937,1.20944,2.25,1.19
2017.01.16 14:18:30.488,1.20937,1.20945,2.25,2.44
2017.01.16 14:18:31.092,1.2094,1.20945,1.31,1.69
2017.01.16 14:18:31.540,1.20938,1.20943,1.00,1.69
2017.01.16 14:18:32.082,1.20937,1.20943,1.25,1.19
2017.01.16 14:18:33.664,1.20936,1.20943,1.50,3.19
2017.01.16 14:18:33.767,1.20937,1.20941,1.00,1.19
2017.01.16 14:18:33.869,1.20937,1.20943,1.25,2.44
2017.01.16 14:18:33.971,1.20937,1.20941,1.25,1.19
2017.01.16 14:18:34.174,1.20939,1.20943,1.00,1.25
2017.01.16 14:18:34.681,1.20938,1.20945,1.19,2.44
2017.01.16 14:18:35.489,1.20938,1.20945,2.06,2.44
2017.01.16 14:18:35.590,1.20938,1.20943,1.00,1.19
2017.01.16 14:18:35.691,1.20938,1.20943,1.56,1.25
2017.01.16 14:18:35.742,1.20938,1.20945,1.56,2.81
2017.01.16 14:18:36.248,1.20938,1.20944,2.06,1.00
2017.01.16 14:18:36.791,1.20938,1.20945,3.56,1.69
2017.01.16 14:18:37.422,1.20938,1.20945,3.56,1.31
2017.01.16 14:18:38.797,1.2094,1.20946,1.69,2.06
2017.01.16 14:18:39.359,1.2094,1.20946,1.19,1.16
2017.01.16 14:18:39.890,1.2094,1.20947,1.69,2.44
2017.01.16 14:18:40.294,1.20942,1.20948,1.69,1.19
2017.01.16 14:18:41.124,1.20942,1.20948,1.25,1.19
2017.01.16 14:18:42.685,1.20942,1.20945,1.25,1.00
2017.01.16 14:18:43.519,1.20943,1.20945,1.00,1.00
2017.01.16 14:18:47.666,1.20943,1.20946,1.00,1.00
2017.01.16 14:18:48.552,1.20943,1.20945,1.00,1.00
2017.01.16 14:18:48.604,1.20941,1.20945,1.00,1.25
2017.01.16 14:18:48.857,1.20941,1.20943,1.50,1.00
2017.01.16 14:18:49.716,1.2094,1.20943,1.00,1.00
2017.01.16 14:18:51.544,1.2094,1.20943,1.19,1.00
2017.01.16 14:18:52.230,1.2094,1.20943,1.00,1.00
2017.01.16 14:18:52.442,1.20941,1.20946,1.00,1.19
2017.01.16 14:18:52.544,1.20941,1.20946,1.19,1.19
2017.01.16 14:18:53.320,1.20941,1.20946,1.25,1.19
2017.01.16 14:18:53.422,1.20941,1.20947,1.19,1.69
2017.01.16 14:18:54.155,1.20943,1.20947,1.19,1.00
2017.01.16 14:18:54.715,1.20945,1.20948,1.00,2.44
2017.01.16 14:18:54.867,1.2094,1.20945,1.69,1.00
2017.01.16 14:18:54.918,1.20942,1.20943,1.00,1.00
2017.01.16 14:18:54.969,1.2094,1.20943,1.25,1.00
2017.01.16 14:18:55.172,1.2094,1.20945,1.69,3.00
2017.01.16 14:18:55.223,1.20942,1.20945,1.00,1.50
2017.01.16 14:18:55.679,1.20942,1.20947,1.00,3.19
2017.01.16 14:18:56.185,1.20942,1.20945,1.00,1.00
2017.01.16 14:18:57.147,1.20942,1.20946,1.00,2.06
2017.01.16 14:18:57.652,1.20942,1.20948,1.25,4.69
2017.01.16 14:18:58.182,1.20942,1.20946,1.00,2.06
2017.01.16 14:18:58.671,1.20942,1.20949,1.19,1.31
2017.01.16 14:18:58.722,1.20943,1.20947,1.00,1.00
2017.01.16 14:18:59.026,1.20943,1.20946,1.00,1.69
2017.01.16 14:18:59.770,1.20942,1.20945,1.00,1.50
2017.01.16 14:19:01.127,1.20939,1.20943,1.19,1.19
2017.01.16 14:19:01.278,1.20939,1.20945,1.19,1.69
2017.01.16 14:19:02.142,1.20939,1.20945,1.19,1.69
2017.01.16 14:19:02.915,1.20939,1.20945,1.19,1.69
2017.01.16 14:19:05.160,1.20939,1.20945,1.25,1.69
2017.01.16 14:19:06.535,1.20939,1.20945,1.19,1.69
2017.01.16 14:19:07.634,1.20941,1.20945,1.00,1.69
2017.01.16 14:19:08.140,1.20942,1.20945,1.00,1.69
2017.01.16 14:19:08.191,1.2094,1.20945,1.69,1.69
2017.01.16 14:19:09.025,1.2094,1.20945,1.00,2.44
2017.01.16 14:19:09.430,1.20939,1.20942,1.00,1.62
2017.01.16 14:19:09.973,1.20939,1.20941,1.00,1.50
2017.01.16 14:19:11.604,1.20939,1.20941,1.25,1.25
2017.01.16 14:19:13.112,1.20939,1.20943,1.00,3.19
2017.01.16 14:19:13.640,1.20939,1.20943,1.00,1.25
2017.01.16 14:19:14.545,1.20939,1.20944,1.25,2.44
2017.01.16 14:19:16.275,1.20939,1.20942,1.25,1.50
2017.01.16 14:19:20.541,1.20936,1.20941,1.00,1.00
2017.01.16 14:19:20.592,1.20933,1.20938,1.31,1.25
2017.01.16 14:19:20.896,1.2093,1.20936,1.00,2.81
2017.01.16 14:19:21.401,1.20929,1.20936,2.44,2.44
2017.01.16 14:19:21.704,1.20931,1.20938,1.44,1.94
2017.01.16 14:19:22.255,1.20931,1.20937,1.44,1.25
2017.01.16 14:19:22.782,1.2093,1.20936,3.00,1.00
2017.01.16 14:19:25.946,1.20932,1.20937,1.19,1.25
2017.01.16 14:19:26.503,1.20932,1.20937,1.25,1.25
2017.01.16 14:19:27.012,1.20932,1.20937,1.19,1.25
2017.01.16 14:19:28.435,1.2093,1.20937,2.25,1.69
2017.01.16 14:19:28.976,1.20931,1.20937,1.87,1.69
2017.01.16 14:19:29.493,1.20931,1.20937,1.87,1.69
2017.01.16 14:19:32.329,1.2093,1.20937,1.19,2.44
2017.01.16 14:19:32.841,1.2093,1.20937,1.00,2.44
2017.01.16 14:19:33.251,1.2093,1.20937,1.19,1.69
2017.01.16 14:19:33.425,1.2093,1.20937,1.00,1.69
2017.01.16 14:19:35.626,1.20932,1.20937,1.00,1.69
2017.01.16 14:19:36.931,1.20934,1.20938,1.00,1.94
2017.01.16 14:19:36.982,1.20932,1.20939,1.25,6.94
2017.01.16 14:19:37.235,1.20932,1.20937,1.69,1.25
2017.01.16 14:19:37.740,1.20934,1.20938,1.69,1.19
2017.01.16 14:19:38.654,1.20934,1.20939,1.31,1.19
2017.01.16 14:19:38.857,1.20935,1.2094,1.19,1.25
2017.01.16 14:19:38.909,1.20935,1.20939,1.69,1.19
2017.01.16 14:19:38.960,1.20935,1.2094,1.69,1.25
2017.01.16 14:19:39.314,1.20939,1.20943,1.00,2.25
2017.01.16 14:19:39.416,1.20939,1.20945,2.06,3.19
2017.01.16 14:19:39.955,1.2094,1.20945,1.19,2.44
2017.01.16 14:19:40.629,1.20943,1.20945,1.00,1.69
2017.01.16 14:19:40.983,1.20943,1.20947,1.00,1.62
2017.01.16 14:19:41.135,1.20947,1.20949,1.00,3.19
2017.01.16 14:19:41.288,1.20949,1.2095,1.00,1.12
2017.01.16 14:19:41.339,1.20947,1.2095,1.50,1.12
2017.01.16 14:19:41.845,1.20946,1.2095,1.50,1.19
2017.01.16 14:19:46.286,1.20944,1.2095,2.06,2.29
2017.01.16 14:19:46.337,1.20943,1.20948,6.00,1.19
2017.01.16 14:19:46.844,1.20943,1.20948,1.19,1.19
2017.01.16 14:19:47.373,1.20943,1.20948,1.25,1.19
2017.01.16 14:19:48.108,1.20944,1.20948,1.00,1.19
2017.01.16 14:19:48.664,1.20945,1.20948,1.00,1.19
2017.01.16 14:19:49.180,1.20946,1.20948,1.00,1.19
2017.01.16 14:19:49.751,1.20945,1.20948,1.00,1.19
2017.01.16 14:19:50.285,1.20946,1.20948,1.00,1.19
2017.01.16 14:19:50.952,1.20945,1.20948,1.00,1.19
2017.01.16 14:19:51.830,1.20944,1.20948,1.50,1.19
2017.01.16 14:19:52.393,1.20945,1.20948,1.00,1.19
2017.01.16 14:19:52.854,1.20948,1.2095,1.00,1.00
2017.01.16 14:19:53.255,1.20951,1.20953,1.00,1.25
2017.01.16 14:19:53.559,1.20955,1.20959,1.69,1.12
2017.01.16 14:19:53.610,1.20957,1.20959,1.00,1.00
2017.01.16 14:19:54.217,1.20958,1.2096,1.00,1.12
2017.01.16 14:19:54.347,1.2096,1.20961,1.00,1.00
2017.01.16 14:19:55.015,1.20959,1.20962,1.00,2.44
2017.01.16 14:19:55.249,1.2096,1.20963,1.00,3.94
2017.01.16 14:19:55.704,1.20961,1.20963,1.00,1.50
2017.01.16 14:19:55.924,1.20961,1.20963,1.00,1.00
2017.01.16 14:19:56.435,1.20962,1.20965,1.00,2.25
2017.01.16 14:19:57.043,1.20963,1.20965,1.00,2.25
2017.01.16 14:19:57.354,1.20963,1.20966,1.00,1.42
2017.01.16 14:19:57.596,1.20966,1.20969,1.00,1.25
2017.01.16 14:20:01.068,1.20964,1.20966,1.00,1.00
2017.01.16 14:20:01.369,1.20963,1.20964,1.00,1.00
2017.01.16 14:20:01.788,1.20962,1.20965,1.50,2.44
2017.01.16 14:20:02.324,1.20963,1.20965,1.00,1.69
2017.01.16 14:20:03.027,1.20963,1.20965,1.00,1.69
2017.01.16 14:20:04.332,1.20964,1.20965,1.50,1.00
2017.01.16 14:20:04.383,1.20965,1.20967,1.00,2.25
2017.01.16 14:20:04.486,1.20967,1.20969,1.00,1.25
2017.01.16 14:20:04.587,1.20966,1.20967,1.00,1.00
2017.01.16 14:20:04.739,1.20964,1.20967,1.00,1.69
2017.01.16 14:20:04.892,1.20963,1.20965,1.00,1.19
2017.01.16 14:20:04.943,1.20962,1.20965,1.25,1.19
2017.01.16 14:20:05.792,1.20963,1.20965,1.00,1.37
2017.01.16 14:20:06.437,1.20963,1.20967,1.00,2.81
2017.01.16 14:20:06.639,1.20964,1.20967,1.00,1.31
2017.01.16 14:20:06.690,1.20964,1.20968,1.00,2.44
2017.01.16 14:20:06.741,1.20962,1.20968,1.50,3.79
2017.01.16 14:20:07.121,1.20959,1.20964,1.25,1.87
2017.01.16 14:20:07.172,1.20956,1.2096,1.12,1.00
2017.01.16 14:20:07.683,1.20957,1.2096,1.00,1.69
2017.01.16 14:20:08.038,1.20955,1.2096,1.00,3.19
2017.01.16 14:20:09.147,1.20955,1.20959,1.00,1.00
2017.01.16 14:20:09.676,1.20954,1.2096,1.00,4.31
2017.01.16 14:20:11.127,1.20957,1.2096,1.00,1.50
2017.01.16 14:20:11.380,1.20955,1.20961,1.25,1.69
2017.01.16 14:20:11.908,1.20955,1.2096,1.00,1.19
2017.01.16 14:20:12.418,1.20954,1.20959,1.00,1.69
2017.01.16 14:20:14.063,1.20953,1.20959,1.00,2.44
2017.01.16 14:20:21.891,1.20955,1.20959,1.00,1.69
2017.01.16 14:20:22.398,1.20955,1.2096,1.00,1.31
2017.01.16 14:20:23.977,1.20957,1.2096,1.00,1.31
2017.01.16 14:20:24.079,1.20955,1.2096,1.50,1.69
2017.01.16 14:20:24.180,1.20958,1.2096,1.00,1.19
2017.01.16 14:20:24.282,1.20956,1.2096,1.00,1.19
2017.01.16 14:20:24.586,1.20958,1.2096,1.00,1.19
2017.01.16 14:20:24.767,1.20957,1.20962,1.00,1.19
2017.01.16 14:20:24.818,1.2096,1.20962,1.00,1.19
2017.01.16 14:20:24.920,1.20957,1.20963,1.19,1.00
2017.01.16 14:20:24.971,1.20957,1.20962,1.19,1.69
2017.01.16 14:20:25.326,1.20955,1.20962,2.06,1.69
2017.01.16 14:20:25.869,1.20955,1.20961,1.69,1.25
2017.01.16 14:20:27.308,1.20954,1.20961,1.00,1.25
2017.01.16 14:20:27.411,1.20954,1.20959,1.00,1.19
2017.01.16 14:20:27.919,1.20953,1.20959,1.00,1.19
2017.01.16 14:20:28.794,1.20951,1.20959,4.69,1.19
2017.01.16 14:20:29.329,1.20951,1.20959,2.81,1.69
2017.01.16 14:20:30.112,1.20951,1.20959,3.19,1.69
2017.01.16 14:20:31.700,1.20953,1.2096,1.00,3.56
2017.01.16 14:20:32.551,1.20954,1.2096,1.00,1.31
2017.01.16 14:20:33.132,1.20953,1.2096,1.25,3.94
2017.01.16 14:20:33.335,1.20954,1.2096,2.06,1.69
2017.01.16 14:20:33.588,1.2095,1.20957,1.50,1.19
2017.01.16 14:20:33.748,1.2095,1.20954,1.25,1.19
2017.01.16 14:20:33.799,1.20948,1.20954,2.25,1.19
2017.01.16 14:20:33.900,1.20948,1.20952,1.50,1.19
2017.01.16 14:20:34.103,1.20946,1.20952,2.25,1.19
2017.01.16 14:20:34.633,1.20947,1.20952,1.00,1.19
2017.01.16 14:20:35.726,1.20946,1.20952,2.25,1.19
2017.01.16 14:20:36.362,1.20945,1.20952,2.81,1.19
2017.01.16 14:20:38.766,1.20946,1.20952,1.00,1.69
2017.01.16 14:20:40.904,1.20947,1.20952,1.00,1.69
2017.01.16 14:20:41.108,1.20948,1.20954,1.00,1.31
2017.01.16 14:20:41.413,1.2095,1.20956,1.00,1.94
2017.01.16 14:20:41.916,1.2095,1.20956,1.00,1.69
2017.01.16 14:20:45.388,1.20949,1.20956,1.12,1.19
2017.01.16 14:20:45.731,1.20949,1.20954,1.25,1.19
2017.01.16 14:20:46.641,1.20948,1.20954,3.19,1.19
2017.01.16 14:20:47.302,1.20949,1.20954,1.00,1.19
2017.01.16 14:20:48.289,1.20948,1.20954,1.25,1.19
2017.01.16 14:20:50.041,1.20947,1.20954,2.44,1.19
2017.01.16 14:20:50.573,1.20947,1.20954,3.00,1.19
2017.01.16 14:20:51.243,1.20947,1.20954,2.44,1.19
2017.01.16 14:20:51.859,1.20947,1.20954,3.75,1.19
2017.01.16 14:20:52.409,1.20947,1.20954,3.94,1.31
2017.01.16 14:20:52.944,1.20948,1.20954,1.00,1.31
2017.01.16 14:20:53.887,1.20951,1.20954,1.00,1.31
2017.01.16 14:20:54.039,1.20952,1.20955,1.00,1.25
2017.01.16 14:20:55.023,1.20951,1.20955,1.00,1.25
2017.01.16 14:20:55.714,1.2095,1.20955,1.00,1.25
2017.01.16 14:20:57.356,1.20949,1.20955,2.44,1.87
2017.01.16 14:20:57.856,1.20949,1.20954,1.50,1.19
2017.01.16 14:21:00.240,1.20951,1.20954,1.00,1.19
2017.01.16 14:21:00.292,1.20951,1.20955,1.00,1.12
2017.01.16 14:21:00.832,1.20951,1.20955,1.00,1.19
2017.01.16 14:21:01.415,1.2095,1.20954,1.00,1.25
2017.01.16 14:21:01.830,1.20949,1.20952,1.00,1.25
2017.01.16 14:21:01.982,1.20947,1.20952,1.00,1.25
2017.01.16 14:21:03.720,1.20947,1.20952,1.00,2.44
2017.01.16 14:21:04.438,1.2095,1.20952,1.00,1.25
2017.01.16 14:21:04.794,1.20949,1.20953,1.00,1.31
2017.01.16 14:21:04.895,1.20947,1.20951,1.00,1.00
2017.01.16 14:21:04.946,1.20946,1.20951,1.00,1.19
2017.01.16 14:21:05.047,1.20944,1.20949,1.00,1.12
2017.01.16 14:21:05.099,1.20944,1.20947,1.00,1.00
2017.01.16 14:21:05.286,1.20942,1.20946,1.00,1.25
2017.01.16 14:21:05.805,1.20941,1.20947,1.00,2.44
2017.01.16 14:21:10.155,1.20943,1.20947,1.00,2.44
2017.01.16 14:21:10.459,1.20946,1.20948,1.00,1.31
2017.01.16 14:21:11.560,1.20946,1.20948,1.00,1.19
2017.01.16 14:21:12.196,1.20947,1.20948,1.00,1.25
2017.01.16 14:21:13.282,1.20947,1.2095,1.00,1.31
2017.01.16 14:21:14.900,1.20946,1.2095,1.69,1.19
2017.01.16 14:21:15.498,1.20945,1.20948,1.50,1.19
2017.01.16 14:21:15.753,1.20943,1.20948,1.00,1.19
2017.01.16 14:21:16.818,1.20945,1.20947,1.00,1.25
2017.01.16 14:21:17.426,1.20946,1.20948,1.00,1.19
2017.01.16 14:21:17.727,1.20948,1.20952,1.50,2.00
2017.01.16 14:21:17.828,1.20946,1.20949,2.25,1.19
2017.01.16 14:21:17.879,1.2095,1.20952,1.00,1.25
2017.01.16 14:21:18.000,1.20948,1.2095,2.25,1.19
2017.01.16 14:21:18.102,1.2095,1.20954,1.00,3.56
2017.01.16 14:21:18.625,1.20949,1.20954,1.00,3.19
2017.01.16 14:21:18.828,1.20946,1.20952,1.69,1.69
2017.01.16 14:21:19.248,1.20946,1.2095,1.25,1.00
2017.01.16 14:21:19.773,1.20946,1.20951,1.25,1.00
2017.01.16 14:21:21.322,1.20948,1.20951,1.00,1.00
2017.01.16 14:21:21.840,1.20949,1.20952,1.00,1.25
2017.01.16 14:21:22.144,1.2095,1.20953,1.00,1.31
2017.01.16 14:21:22.980,1.20949,1.20953,1.00,1.25
2017.01.16 14:21:23.517,1.20949,1.20954,1.00,1.87
2017.01.16 14:21:24.101,1.20949,1.20952,1.00,1.00
2017.01.16 14:21:24.424,1.20951,1.20954,1.00,1.44
2017.01.16 14:21:24.693,1.20948,1.20953,1.25,1.25
2017.01.16 14:21:24.744,1.2095,1.20953,1.00,1.25
2017.01.16 14:21:24.795,1.20947,1.20952,1.00,1.50
2017.01.16 14:21:26.110,1.20947,1.20951,1.00,1.00
2017.01.16 14:21:27.230,1.20947,1.20952,1.00,2.44
2017.01.16 14:21:27.689,1.20947,1.2095,1.00,1.00
2017.01.16 14:21:28.103,1.20944,1.20948,1.25,1.00
2017.01.16 14:21:28.407,1.20946,1.20949,1.00,1.12
2017.01.16 14:21:28.570,1.20947,1.20952,1.00,1.69
2017.01.16 14:21:29.099,1.20948,1.20953,1.00,2.44
2017.01.16 14:21:29.251,1.20947,1.20951,1.00,1.69
2017.01.16 14:21:29.302,1.20945,1.2095,1.00,1.25
2017.01.16 14:21:29.605,1.20945,1.20948,1.00,1.00
2017.01.16 14:21:30.135,1.20945,1.20949,1.00,1.25
2017.01.16 14:21:30.539,1.20943,1.20947,1.69,1.00
2017.01.16 14:21:31.046,1.20944,1.20948,1.25,1.00
2017.01.16 14:21:31.592,1.20944,1.20949,1.25,1.00
2017.01.16 14:21:31.946,1.20947,1.20951,1.00,2.81
2017.01.16 14:21:32.098,1.20947,1.20952,1.00,3.19
2017.01.16 14:21:32.609,1.20947,1.20951,1.00,1.00
2017.01.16 14:21:33.143,1.20947,1.20952,1.00,2.44
2017.01.16 14:21:37.924,1.20946,1.20951,1.00,3.94
2017.01.16 14:21:38.430,1.20945,1.2095,1.00,2.06
2017.01.16 14:21:38.734,1.20947,1.20951,1.00,1.50
2017.01.16 14:21:38.886,1.20947,1.20952,1.25,1.00
2017.01.16 14:21:38.937,1.2095,1.20952,1.00,1.00
2017.01.16 14:21:39.093,1.20948,1.20952,1.00,1.00
2017.01.16 14:21:39.195,1.20948,1.20954,1.00,1.50
2017.01.16 14:21:40.560,1.20949,1.20954,1.00,3.00
2017.01.16 14:21:40.661,1.20948,1.20953,1.00,1.87
2017.01.16 14:21:40.941,1.20945,1.2095,1.69,1.50
2017.01.16 14:21:41.195,1.20944,1.20948,1.25,1.00
2017.01.16 14:21:41.701,1.20943,1.20949,1.69,2.25
2017.01.16 14:21:42.148,1.20943,1.20947,1.69,1.00
2017.01.16 14:21:42.604,1.20943,1.20949,1.69,1.50
2017.01.16 14:21:42.933,1.20946,1.20949,1.00,1.87
2017.01.16 14:21:44.051,1.20946,1.20948,1.00,1.00
2017.01.16 14:21:44.597,1.20946,1.20948,1.00,2.06
2017.01.16 14:21:44.802,1.20944,1.20947,1.25,1.25
2017.01.16 14:21:45.358,1.20945,1.20948,1.00,2.81
2017.01.16 14:21:46.907,1.20945,1.20946,1.00,1.00
2017.01.16 14:21:47.478,1.20945,1.20947,1.00,1.69
2017.01.16 14:21:49.159,1.20944,1.20947,1.25,1.25
2017.01.16 14:21:50.165,1.20943,1.20947,1.00,1.56
2017.01.16 14:21:50.469,1.20945,1.20947,1.00,1.56
2017.01.16 14:21:50.772,1.20943,1.20948,1.50,6.94
2017.01.16 14:21:51.045,1.20942,1.20946,1.00,1.00
2017.01.16 14:21:51.096,1.20941,1.20946,1.00,6.94
2017.01.16 14:21:51.501,1.20936,1.20942,1.19,1.19
2017.01.16 14:21:52.338,1.2094,1.20942,1.00,1.69
2017.01.16 14:21:52.389,1.20936,1.20943,2.44,2.25
2017.01.16 14:21:52.556,1.20936,1.20942,1.00,1.75
2017.01.16 14:21:52.641,1.20934,1.20939,1.50,1.56
2017.01.16 14:21:52.692,1.20934,1.2094,1.50,2.44
2017.01.16 14:21:52.845,1.20936,1.20941,1.00,1.69
2017.01.16 14:21:53.199,1.20937,1.20944,1.00,1.87
2017.01.16 14:21:53.708,1.20937,1.20945,2.44,2.44
2017.01.16 14:21:54.290,1.20939,1.20945,1.00,1.87
2017.01.16 14:21:54.346,1.20941,1.20945,1.25,1.25
2017.01.16 14:21:54.866,1.2094,1.20948,2.44,2.25
2017.01.16 14:21:55.372,1.20941,1.20948,1.25,1.19
2017.01.16 14:21:56.667,1.20941,1.20949,2.44,2.44
2017.01.16 14:21:56.971,1.20944,1.20952,1.69,4.87
2017.01.16 14:21:57.123,1.20942,1.2095,4.31,1.44
2017.01.16 14:21:57.224,1.20941,1.20948,2.44,1.12
2017.01.16 14:21:58.236,1.20942,1.20949,1.00,2.44
2017.01.16 14:21:58.287,1.20944,1.20949,1.00,2.44
2017.01.16 14:21:58.389,1.2094,1.20948,3.00,1.25
2017.01.16 14:21:58.457,1.20939,1.20946,2.44,1.25
2017.01.16 14:21:58.762,1.2094,1.20945,1.00,1.69
2017.01.16 14:21:59.388,1.20939,1.20945,1.00,1.19
2017.01.16 14:21:59.944,1.2094,1.20946,1.00,2.44
2017.01.16 14:22:00.147,1.20942,1.20948,1.25,1.69
2017.01.16 14:22:00.669,1.20943,1.20948,1.00,1.19
2017.01.16 14:22:01.111,1.20941,1.20948,1.69,1.19
2017.01.16 14:22:02.148,1.20942,1.20948,1.00,1.19
2017.01.16 14:22:02.300,1.20943,1.20949,1.00,1.25
2017.01.16 14:22:03.276,1.20942,1.2095,3.19,2.81
2017.01.16 14:22:03.806,1.20943,1.2095,1.00,1.31
2017.01.16 14:22:04.841,1.20942,1.2095,4.12,1.31
2017.01.16 14:22:06.084,1.20943,1.2095,1.00,2.06
2017.01.16 14:22:06.672,1.20942,1.2095,3.37,2.81
2017.01.16 14:22:08.640,1.20943,1.2095,1.00,2.81
2017.01.16 14:22:09.383,1.20942,1.2095,2.62,2.06
2017.01.16 14:22:11.228,1.20943,1.2095,1.00,3.56
2017.01.16 14:22:11.740,1.20942,1.2095,1.69,2.81
2017.01.16 14:22:15.229,1.20941,1.20947,2.81,1.00
2017.01.16 14:22:15.280,1.20939,1.20947,1.69,1.19
2017.01.16 14:22:15.433,1.20938,1.20947,3.56,3.75
2017.01.16 14:22:15.535,1.20938,1.20947,3.19,2.44
2017.01.16 14:22:16.954,1.20938,1.20945,1.69,1.00
2017.01.16 14:22:19.185,1.20937,1.20945,1.69,4.31
2017.01.16 14:22:19.943,1.20938,1.20944,1.00,1.69
2017.01.16 14:22:20.449,1.20939,1.20945,1.00,4.69
2017.01.16 14:22:21.131,1.20937,1.20945,1.50,3.94
2017.01.16 14:22:21.233,1.20939,1.20945,1.00,3.94
2017.01.16 14:22:21.962,1.20938,1.20945,1.00,2.44
2017.01.16 14:22:22.467,1.20939,1.20945,1.00,2.62
2017.01.16 14:22:22.932,1.20937,1.20945,3.00,2.62
2017.01.16 14:22:23.201,1.20939,1.20945,1.00,3.19
2017.01.16 14:22:24.287,1.20938,1.20945,1.00,1.69
2017.01.16 14:22:25.518,1.20939,1.20945,1.00,1.69
2017.01.16 14:22:25.867,1.20937,1.20945,3.00,2.44
2017.01.16 14:22:25.969,1.20939,1.20945,1.00,3.19
2017.01.16 14:22:26.496,1.20938,1.20945,1.00,2.44
2017.01.16 14:22:28.145,1.20939,1.20945,1.00,3.19
2017.01.16 14:22:28.632,1.20942,1.20946,1.25,1.50
2017.01.16 14:22:28.877,1.20942,1.2095,1.25,2.06
2017.01.16 14:22:29.822,1.20943,1.2095,1.00,2.81
2017.01.16 14:22:30.369,1.20942,1.2095,2.44,2.81
2017.01.16 14:22:32.957,1.20943,1.2095,1.00,2.81
2017.01.16 14:22:33.984,1.20944,1.2095,1.00,1.19
2017.01.16 14:22:34.035,1.20944,1.20951,1.69,1.87
2017.01.16 14:22:34.136,1.20944,1.2095,1.00,1.19
2017.01.16 14:22:34.716,1.20943,1.2095,1.25,1.19
2017.01.16 14:22:35.663,1.20944,1.2095,1.00,2.44
2017.01.16 14:22:39.568,1.20943,1.2095,1.69,1.44
2017.01.16 14:22:42.629,1.20944,1.2095,1.19,1.00
2017.01.16 14:22:42.841,1.20943,1.20949,1.25,1.25
2017.01.16 14:22:42.942,1.20944,1.20948,1.69,1.00
2017.01.16 14:22:43.195,1.20947,1.20953,1.44,2.25
2017.01.16 14:22:43.246,1.20946,1.20953,1.12,2.44
2017.01.16 14:22:43.297,1.20945,1.20951,2.81,1.69
2017.01.16 14:22:43.449,1.20943,1.20949,1.25,1.19
2017.01.16 14:22:44.940,1.20943,1.20949,1.00,1.00
2017.01.16 14:22:45.535,1.20941,1.20948,5.06,1.00
2017.01.16 14:22:46.057,1.20941,1.20947,3.94,1.00
2017.01.16 14:22:46.251,1.20942,1.20947,3.19,1.00
2017.01.16 14:22:46.780,1.20942,1.20948,3.19,1.00
2017.01.16 14:22:47.584,1.20941,1.20947,1.19,1.00
2017.01.16 14:22:47.787,1.20945,1.20949,1.00,1.75
2017.01.16 14:22:47.941,1.20945,1.2095,1.00,1.69
2017.01.16 14:22:48.166,1.20946,1.20952,1.19,3.94
2017.01.16 14:22:48.268,1.20946,1.20952,2.44,1.69
2017.01.16 14:22:48.369,1.20946,1.20952,2.44,1.69
2017.01.16 14:22:48.925,1.20947,1.20952,1.19,1.00
2017.01.16 14:22:50.237,1.20947,1.20953,2.44,1.25
2017.01.16 14:22:51.770,1.20949,1.20954,1.19,1.31
2017.01.16 14:22:54.597,1.20949,1.20954,1.25,1.31
2017.01.16 14:22:59.866,1.20948,1.20954,1.00,1.31
2017.01.16 14:23:01.479,1.20947,1.20953,3.00,1.25
2017.01.16 14:23:11.350,1.20947,1.20955,3.19,1.87
2017.01.16 14:23:12.586,1.20948,1.20956,1.00,3.94
2017.01.16 14:23:13.610,1.20947,1.20956,3.94,3.94
2017.01.16 14:23:17.096,1.20946,1.20954,4.69,1.00
2017.01.16 14:23:17.197,1.20945,1.20953,2.81,1.69
2017.01.16 14:23:17.736,1.20945,1.20952,1.25,2.25
2017.01.16 14:23:20.822,1.20946,1.20952,1.00,1.00
2017.01.16 14:23:24.317,1.20946,1.20951,1.00,1.19
2017.01.16 14:23:24.961,1.20946,1.20951,1.19,1.19
2017.01.16 14:23:25.244,1.20946,1.20952,1.19,1.25
2017.01.16 14:23:29.460,1.20945,1.20952,1.87,2.44
2017.01.16 14:23:32.160,1.20945,1.20952,1.44,1.69
2017.01.16 14:23:32.912,1.20945,1.20952,1.44,2.44
2017.01.16 14:23:33.992,1.20945,1.2095,1.19,1.19
2017.01.16 14:23:34.619,1.20945,1.20952,1.19,2.44
2017.01.16 14:23:35.180,1.20945,1.20951,1.19,1.31
2017.01.16 14:23:35.571,1.20945,1.20952,1.25,2.44
2017.01.16 14:23:36.078,1.20945,1.20952,2.44,1.25
2017.01.16 14:23:39.730,1.20945,1.20952,3.94,1.69
2017.01.16 14:23:40.383,1.20947,1.20954,1.00,1.69
2017.01.16 14:23:40.434,1.20947,1.20954,1.00,1.12
2017.01.16 14:23:40.961,1.20946,1.20953,2.06,1.69
2017.01.16 14:23:41.476,1.20946,1.20953,1.31,1.69
2017.01.16 14:23:43.640,1.20946,1.20954,1.50,1.69
2017.01.16 14:23:44.665,1.20948,1.20954,1.00,2.44
2017.01.16 14:23:47.042,1.20946,1.20954,2.81,3.19
2017.01.16 14:23:50.761,1.20947,1.20954,1.00,2.62
2017.01.16 14:23:53.392,1.20946,1.20953,1.25,1.31
2017.01.16 14:23:53.933,1.20946,1.20953,1.25,1.69
2017.01.16 14:23:54.342,1.20944,1.2095,1.00,1.87
2017.01.16 14:23:54.393,1.20942,1.2095,1.12,1.44
2017.01.16 14:23:56.653,1.20942,1.20949,1.19,1.12
2017.01.16 14:23:56.754,1.20945,1.20951,1.00,3.19
2017.01.16 14:23:57.272,1.20946,1.20952,1.00,1.69
2017.01.16 14:23:57.323,1.20946,1.20952,1.25,1.00
2017.01.16 14:23:57.829,1.20945,1.20954,5.62,1.69
2017.01.16 14:23:58.779,1.20947,1.20954,1.00,1.69
2017.01.16 14:24:12.045,1.20946,1.20953,2.44,1.31
2017.01.16 14:24:13.148,1.20946,1.20952,1.25,1.00
2017.01.16 14:24:13.806,1.20946,1.20952,1.00,2.44
2017.01.16 14:24:13.908,1.20945,1.20949,1.00,1.19
2017.01.16 14:24:13.959,1.20943,1.20948,1.50,1.25
2017.01.16 14:24:14.062,1.20941,1.20946,1.50,1.00
2017.01.16 14:24:14.571,1.20941,1.20946,1.00,2.06
2017.01.16 14:24:16.107,1.20941,1.20948,1.60,2.81
2017.01.16 14:24:16.411,1.20942,1.20945,1.35,1.19
2017.01.16 14:24:16.611,1.20942,1.20948,1.35,2.44
2017.01.16 14:24:18.019,1.2094,1.20948,2.47,2.62
2017.01.16 14:24:18.568,1.2094,1.20947,2.47,1.25
2017.01.16 14:24:18.720,1.20942,1.20945,1.00,1.19
2017.01.16 14:24:26.246,1.20943,1.20945,1.00,1.19
2017.01.16 14:24:26.348,1.20943,1.20948,1.00,2.62
2017.01.16 14:24:26.929,1.20945,1.2095,2.25,2.44
2017.01.16 14:24:27.233,1.20949,1.20951,1.00,1.25
2017.01.16 14:24:27.588,1.20949,1.20954,1.00,1.69
2017.01.16 14:24:27.740,1.20947,1.20954,1.69,1.31
2017.01.16 14:24:28.062,1.20947,1.2095,1.25,1.19
2017.01.16 14:24:28.455,1.20944,1.20948,1.00,1.19
2017.01.16 14:24:28.506,1.20942,1.20948,1.00,1.69
2017.01.16 14:24:28.862,1.20942,1.20945,1.00,1.19
2017.01.16 14:24:29.167,1.20942,1.20947,1.00,1.00
2017.01.16 14:24:29.687,1.20943,1.20948,1.00,1.25
2017.01.16 14:24:30.111,1.20945,1.20948,1.00,1.69
2017.01.16 14:24:30.414,1.20944,1.20946,1.00,1.19
2017.01.16 14:24:30.465,1.20943,1.20946,1.00,1.19
2017.01.16 14:24:30.516,1.20943,1.20949,1.56,2.44
2017.01.16 14:24:30.568,1.20944,1.20949,1.00,1.69
2017.01.16 14:24:30.619,1.20941,1.20947,1.25,1.19
2017.01.16 14:24:30.771,1.20942,1.20949,1.25,1.69
2017.01.16 14:24:30.822,1.20942,1.20946,1.69,1.19
2017.01.16 14:24:30.873,1.20942,1.20948,1.69,1.25
2017.01.16 14:24:31.025,1.20944,1.20949,1.00,1.31
2017.01.16 14:24:31.546,1.20944,1.20949,1.00,1.69
2017.01.16 14:24:31.799,1.20944,1.20949,1.00,1.25
2017.01.16 14:24:32.134,1.20946,1.20949,1.00,1.25
2017.01.16 14:24:35.184,1.20946,1.20949,1.00,2.44
2017.01.16 14:24:35.235,1.20944,1.20947,1.00,1.00
2017.01.16 14:24:35.509,1.2094,1.20946,1.50,2.06
2017.01.16 14:24:35.661,1.20941,1.20947,1.60,2.44
2017.01.16 14:24:35.965,1.20945,1.20949,1.00,1.87
2017.01.16 14:24:36.506,1.20944,1.20948,1.00,1.50
2017.01.16 14:24:37.012,1.20945,1.2095,1.00,2.44
2017.01.16 14:24:37.921,1.20944,1.2095,1.00,2.44
2017.01.16 14:24:40.018,1.20945,1.2095,1.00,1.69
2017.01.16 14:24:42.882,1.20943,1.20949,1.00,1.69
2017.01.16 14:24:43.236,1.2094,1.20945,2.81,1.00
2017.01.16 14:24:43.742,1.20942,1.20945,1.00,1.00
2017.01.16 14:24:45.223,1.20943,1.20945,1.00,1.00
2017.01.16 14:24:45.729,1.20943,1.20946,1.00,1.25
2017.01.16 14:24:46.849,1.20941,1.20946,1.00,1.25
2017.01.16 14:24:46.951,1.20941,1.20945,1.00,2.44
2017.01.16 14:24:47.458,1.20941,1.20945,1.60,1.00
2017.01.16 14:24:47.964,1.20943,1.20945,1.00,1.69
2017.01.16 14:24:50.910,1.20943,1.20945,1.00,1.00
2017.01.16 14:24:52.131,1.2094,1.20945,1.50,1.00
2017.01.16 14:24:52.665,1.20939,1.20944,1.00,1.25
2017.01.16 14:24:52.766,1.20939,1.20942,1.00,1.19
2017.01.16 14:24:53.955,1.20937,1.20942,1.25,1.19
2017.01.16 14:24:54.107,1.2094,1.20942,1.00,1.25
2017.01.16 14:24:54.158,1.20941,1.20944,1.00,1.31
2017.01.16 14:24:54.259,1.20941,1.20945,1.00,1.25
2017.01.16 14:24:58.315,1.20942,1.20946,1.00,1.19
2017.01.16 14:24:58.440,1.20941,1.20943,1.50,1.19
2017.01.16 14:24:59.073,1.20942,1.20947,1.00,3.37
2017.01.16 14:24:59.124,1.20942,1.20944,1.00,1.19
2017.01.16 14:25:00.054,1.20942,1.20947,1.00,2.62
2017.01.16 14:25:00.628,1.20944,1.20947,1.00,1.19
2017.01.16 14:25:02.920,1.20942,1.20947,1.50,1.19
2017.01.16 14:25:03.439,1.20943,1.20947,1.00,1.19
2017.01.16 14:25:04.016,1.20941,1.20947,1.00,1.19
2017.01.16 14:25:04.524,1.20942,1.20947,1.69,1.31
2017.01.16 14:25:04.877,1.20943,1.20949,1.00,1.69
2017.01.16 14:25:05.395,1.20943,1.20949,1.19,1.69
2017.01.16 14:25:05.901,1.20942,1.20948,1.19,1.31
2017.01.16 14:25:06.428,1.20942,1.20948,1.19,1.31
2017.01.16 14:25:07.348,1.20946,1.20948,1.00,1.31
2017.01.16 14:25:07.449,1.20946,1.2095,1.00,2.44
2017.01.16 14:25:08.310,1.20945,1.20948,1.00,1.69
2017.01.16 14:25:08.462,1.20947,1.2095,1.00,1.31
2017.01.16 14:25:08.976,1.20946,1.2095,1.00,1.31
2017.01.16 14:25:09.129,1.20948,1.20953,1.00,3.19
2017.01.16 14:25:09.635,1.20948,1.20953,1.00,1.69
2017.01.16 14:25:10.331,1.20947,1.20953,1.00,1.69
2017.01.16 14:25:11.042,1.20948,1.20953,1.00,1.19
2017.01.16 14:25:11.621,1.2095,1.20953,1.00,1.19
2017.01.16 14:25:11.874,1.2095,1.20955,1.00,2.44
2017.01.16 14:25:12.398,1.20949,1.20955,1.25,1.19
2017.01.16 14:25:12.808,1.20951,1.20955,1.00,1.19
2017.01.16 14:25:13.728,1.20952,1.20955,1.00,1.19
2017.01.16 14:25:14.087,1.20952,1.20958,1.25,1.69
2017.01.16 14:25:14.189,1.20951,1.20958,2.81,1.69
2017.01.16 14:25:14.699,1.20951,1.20958,2.44,2.44
2017.01.16 14:25:16.720,1.20951,1.20957,1.00,1.69
2017.01.16 14:25:16.922,1.2095,1.20955,1.00,1.19
2017.01.16 14:25:17.226,1.20949,1.20953,1.00,1.69
2017.01.16 14:25:18.157,1.20949,1.20953,1.00,2.44
2017.01.16 14:25:19.392,1.20945,1.20953,1.31,1.69
2017.01.16 14:25:19.494,1.20945,1.20951,1.00,1.87
2017.01.16 14:25:19.596,1.20943,1.20951,1.00,3.37
2017.01.16 14:25:19.698,1.20942,1.20949,3.34,1.19
2017.01.16 14:25:20.002,1.20939,1.20945,1.50,1.19
2017.01.16 14:25:20.539,1.20939,1.20945,1.00,1.19
2017.01.16 14:25:20.858,1.20944,1.20946,1.00,1.00
2017.01.16 14:25:20.909,1.20945,1.20946,1.00,1.00
2017.01.16 14:25:21.111,1.20945,1.20949,1.25,1.19
2017.01.16 14:25:21.264,1.20947,1.20949,1.00,1.19
2017.01.16 14:25:21.793,1.20948,1.2095,1.00,1.19
2017.01.16 14:25:22.047,1.20946,1.2095,1.00,1.19
2017.01.16 14:25:22.099,1.20948,1.2095,1.00,1.19
2017.01.16 14:25:22.150,1.20948,1.20952,1.00,1.31
2017.01.16 14:25:22.302,1.20945,1.20953,2.62,3.19
2017.01.16 14:25:22.353,1.20945,1.20948,1.12,1.00
2017.01.16 14:25:22.657,1.20934,1.20935,2.25,1.00
2017.01.16 14:25:22.810,1.20928,1.20933,1.12,1.87
2017.01.16 14:25:23.004,1.20928,1.2093,1.00,1.25
2017.01.16 14:25:23.308,1.20928,1.20934,1.50,1.87
2017.01.16 14:25:23.864,1.20929,1.20934,1.00,1.44
2017.01.16 14:25:23.915,1.20931,1.20937,1.00,2.06
2017.01.16 14:25:24.424,1.20932,1.20937,1.00,1.19
2017.01.16 14:25:25.592,1.20933,1.20937,1.00,1.19
2017.01.16 14:25:26.325,1.20935,1.20938,1.00,1.31
2017.01.16 14:25:26.760,1.20933,1.20938,1.00,1.31
2017.01.16 14:25:26.862,1.20936,1.20939,1.00,2.06
2017.01.16 14:25:26.913,1.20936,1.2094,1.00,1.25
2017.01.16 14:25:27.421,1.20937,1.20941,1.00,1.69
2017.01.16 14:25:27.472,1.20938,1.20941,1.00,1.69
2017.01.16 14:25:27.825,1.20936,1.20941,1.00,1.69
2017.01.16 14:25:28.925,1.20936,1.20941,1.00,1.25
2017.01.16 14:25:29.026,1.20936,1.2094,1.00,1.69
2017.01.16 14:25:30.140,1.20936,1.2094,1.00,1.00
2017.01.16 14:25:30.342,1.20934,1.20939,1.00,1.00
2017.01.16 14:25:30.393,1.20934,1.20937,1.00,1.19
2017.01.16 14:25:30.697,1.20931,1.20933,1.00,1.19
2017.01.16 14:25:30.748,1.20933,1.20934,1.00,1.00
2017.01.16 14:25:30.799,1.20934,1.20937,1.00,1.69
2017.01.16 14:25:31.413,1.20934,1.20937,1.00,1.69
2017.01.16 14:25:33.432,1.20933,1.20937,1.00,2.44
2017.01.16 14:25:34.161,1.20933,1.20937,1.00,2.44
2017.01.16 14:25:35.020,1.20934,1.20939,1.00,3.94
2017.01.16 14:25:35.439,1.20935,1.2094,1.00,1.87
2017.01.16 14:25:35.642,1.20932,1.20939,1.50,1.00
2017.01.16 14:25:35.694,1.20932,1.20939,1.00,3.19
2017.01.16 14:25:36.219,1.2093,1.20938,1.87,1.69
2017.01.16 14:25:36.732,1.2093,1.20936,2.47,1.50
2017.01.16 14:25:37.297,1.2093,1.20935,2.47,1.00
2017.01.16 14:25:37.821,1.2093,1.20936,2.47,1.50
2017.01.16 14:25:38.387,1.20931,1.20935,1.72,1.00
2017.01.16 14:25:38.716,1.20936,1.20939,1.50,1.00
2017.01.16 14:25:39.387,1.20935,1.20939,3.75,1.00
2017.01.16 14:25:39.894,1.20936,1.20939,1.50,1.00
2017.01.16 14:25:41.360,1.20936,1.20944,1.50,1.25
2017.01.16 14:25:42.034,1.20936,1.20944,1.00,1.44
2017.01.16 14:25:42.548,1.20936,1.20944,1.00,1.25
2017.01.16 14:25:43.074,1.20936,1.20944,1.00,1.87
2017.01.16 14:25:43.125,1.20938,1.20944,1.00,1.87
2017.01.16 14:25:43.503,1.20936,1.20944,3.00,1.12
2017.01.16 14:25:43.940,1.20938,1.20944,1.00,1.87
2017.01.16 14:25:44.661,1.20939,1.20944,1.00,1.25
2017.01.16 14:25:47.477,1.20938,1.20945,1.12,3.94
2017.01.16 14:25:49.341,1.20939,1.20944,1.00,1.25
2017.01.16 14:25:49.847,1.20938,1.20944,1.00,1.25
2017.01.16 14:25:52.139,1.20938,1.20943,1.00,1.00
2017.01.16 14:25:53.345,1.20937,1.20943,1.87,1.00
2017.01.16 14:25:53.952,1.20938,1.20943,1.00,1.00
2017.01.16 14:25:54.458,1.20939,1.20944,1.00,1.25
2017.01.16 14:25:54.888,1.20937,1.20944,1.25,1.69
2017.01.16 14:25:56.918,1.20937,1.20943,1.00,1.00
2017.01.16 14:25:57.424,1.20936,1.20943,1.50,1.00
2017.01.16 14:25:58.176,1.20937,1.20943,1.00,1.25
2017.01.16 14:26:00.859,1.20935,1.20944,3.94,2.44
2017.01.16 14:26:01.630,1.20936,1.20944,1.00,1.69
2017.01.16 14:26:01.946,1.20935,1.20941,3.19,1.00
2017.01.16 14:26:02.099,1.20936,1.20943,1.00,1.12
2017.01.16 14:26:02.605,1.20936,1.20942,1.00,1.00
2017.01.16 14:26:03.156,1.20935,1.20943,6.00,1.31
2017.01.16 14:26:04.036,1.20935,1.2094,4.50,1.00
2017.01.16 14:26:04.971,1.20934,1.2094,5.06,1.00
2017.01.16 14:26:05.619,1.20935,1.20942,1.50,1.69
2017.01.16 14:26:05.866,1.20935,1.2094,3.75,1.00
2017.01.16 14:26:06.068,1.20935,1.20942,3.75,1.69
2017.01.16 14:26:06.926,1.20935,1.20941,5.25,1.00
2017.01.16 14:26:07.557,1.20935,1.20942,4.50,2.62
2017.01.16 14:26:08.094,1.20935,1.20941,1.00,2.25
2017.01.16 14:26:08.715,1.20934,1.2094,4.69,1.00
2017.01.16 14:26:09.241,1.20935,1.2094,1.00,1.00
2017.01.16 14:26:09.748,1.20934,1.2094,5.44,1.00
2017.01.16 14:26:09.900,1.20931,1.20938,1.87,1.19
2017.01.16 14:26:10.870,1.2093,1.20938,2.44,1.69
2017.01.16 14:26:12.757,1.2093,1.20936,1.00,1.19
2017.01.16 14:26:15.503,1.20928,1.20932,1.87,1.19
2017.01.16 14:26:15.715,1.20925,1.20932,3.19,1.19
2017.01.16 14:26:15.766,1.20929,1.20932,1.00,1.19
2017.01.16 14:26:15.817,1.20927,1.20932,1.00,1.19
2017.01.16 14:26:15.919,1.20925,1.20928,2.25,1.25
2017.01.16 14:26:16.071,1.20923,1.20927,2.25,1.25
2017.01.16 14:26:16.172,1.20922,1.20924,1.00,1.25
2017.01.16 14:26:16.679,1.20922,1.20923,1.00,1.00
2017.01.16 14:26:16.730,1.20917,1.20923,1.00,1.00
2017.01.16 14:26:16.831,1.20916,1.20922,1.00,1.69
2017.01.16 14:26:17.348,1.20917,1.20922,1.00,1.19
2017.01.16 14:26:18.674,1.20916,1.20922,1.00,1.19
2017.01.16 14:26:19.715,1.20918,1.20922,1.00,1.19
2017.01.16 14:26:20.027,1.20922,1.20925,1.00,1.00
2017.01.16 14:26:20.533,1.20922,1.20927,1.00,1.19
2017.01.16 14:26:20.836,1.20927,1.20929,1.00,1.69
2017.01.16 14:26:21.141,1.2093,1.20933,1.00,1.19
2017.01.16 14:26:21.242,1.2093,1.20934,1.50,1.00
2017.01.16 14:26:21.449,1.2093,1.20933,1.50,1.19
2017.01.16 14:26:23.319,1.20929,1.20933,1.50,1.19
2017.01.16 14:26:23.936,1.20931,1.20933,1.00,1.19
2017.01.16 14:26:24.517,1.20931,1.20933,1.00,1.25
2017.01.16 14:26:24.868,1.20932,1.20936,1.00,3.19
2017.01.16 14:26:25.343,1.2093,1.20936,1.00,3.19
2017.01.16 14:26:27.100,1.20929,1.20936,1.00,3.19
2017.01.16 14:26:27.612,1.20926,1.20934,1.25,1.50
2017.01.16 14:26:28.135,1.20927,1.20934,1.00,1.31
2017.01.16 14:26:28.655,1.20926,1.20935,1.50,3.94
2017.01.16 14:26:29.169,1.20927,1.20935,1.00,2.62
2017.01.16 14:26:29.321,1.20926,1.20931,1.69,1.00
2017.01.16 14:26:29.423,1.20927,1.20935,1.50,3.94
2017.01.16 14:26:29.474,1.20929,1.20933,1.00,1.19
2017.01.16 14:26:29.783,1.20929,1.20935,1.00,1.50
2017.01.16 14:26:30.288,1.20929,1.20937,1.19,3.94
2017.01.16 14:26:30.643,1.20933,1.20937,1.00,1.87
2017.01.16 14:26:30.897,1.20935,1.20938,1.35,1.00
2017.01.16 14:26:31.050,1.20938,1.2094,1.00,1.00
2017.01.16 14:26:31.463,1.20937,1.20943,1.00,1.19
2017.01.16 14:26:31.915,1.20935,1.20942,6.00,1.25
2017.01.16 14:26:31.966,1.20935,1.20942,1.12,1.87
2017.01.16 14:26:32.247,1.20933,1.2094,1.00,1.19
2017.01.16 14:26:32.450,1.20931,1.20939,1.87,1.25
2017.01.16 14:26:33.814,1.20931,1.20938,2.25,1.00
2017.01.16 14:26:33.865,1.20931,1.20936,1.12,1.19
2017.01.16 14:26:34.169,1.20924,1.2093,2.25,1.69
2017.01.16 14:26:34.494,1.20919,1.2092,1.00,1.00
2017.01.16 14:26:34.799,1.20913,1.20915,3.62,1.00
2017.01.16 14:26:35.257,1.20905,1.20912,10.42,1.31
2017.01.16 14:26:36.246,1.20907,1.20912,1.00,2.81
2017.01.16 14:26:37.082,1.20908,1.20913,1.00,1.25
2017.01.16 14:26:37.133,1.20911,1.20913,1.00,1.00
2017.01.16 14:26:37.437,1.20913,1.20917,1.00,1.19
2017.01.16 14:26:37.970,1.20914,1.20917,1.00,1.19
2017.01.16 14:26:38.072,1.20913,1.20916,1.00,1.69
2017.01.16 14:26:38.348,1.20911,1.20915,1.00,1.00
2017.01.16 14:26:38.869,1.20911,1.20917,1.00,1.87
2017.01.16 14:26:38.970,1.20914,1.20917,1.00,1.25
2017.01.16 14:26:39.375,1.20912,1.20918,1.00,1.19
2017.01.16 14:26:40.100,1.20912,1.20918,1.00,1.69
2017.01.16 14:26:40.988,1.20914,1.20919,1.00,2.44
2017.01.16 14:26:41.291,1.20916,1.20921,1.50,1.19
2017.01.16 14:26:41.798,1.20916,1.20921,1.00,1.19
2017.01.16 14:26:42.314,1.20915,1.20922,1.00,3.56
2017.01.16 14:26:42.821,1.20914,1.20922,1.00,4.31
2017.01.16 14:26:43.364,1.20915,1.20921,1.00,1.37
2017.01.16 14:26:44.368,1.20916,1.20921,1.00,1.87
2017.01.16 14:26:44.820,1.20914,1.2092,1.00,1.25
2017.01.16 14:26:45.767,1.20914,1.20919,1.00,1.00
2017.01.16 14:26:46.510,1.20913,1.20919,1.50,1.00
2017.01.16 14:26:47.016,1.20912,1.20917,1.12,1.69
2017.01.16 14:26:47.220,1.2091,1.20917,2.10,1.69
2017.01.16 14:26:47.685,1.20912,1.20917,1.00,1.69
2017.01.16 14:26:49.605,1.20911,1.20916,1.35,1.19
2017.01.16 14:26:50.557,1.20912,1.20916,1.00,1.44
2017.01.16 14:26:51.104,1.20911,1.20916,1.00,1.25
2017.01.16 14:26:51.408,1.2092,1.20924,1.50,2.44
2017.01.16 14:26:51.713,1.20927,1.20929,1.00,1.00
2017.01.16 14:26:51.998,1.20928,1.20934,1.00,1.00
2017.01.16 14:26:53.405,1.20928,1.20933,1.00,1.00
2017.01.16 14:26:55.049,1.20924,1.20929,5.25,1.25
2017.01.16 14:26:55.152,1.20924,1.20928,1.00,1.25
2017.01.16 14:26:55.203,1.20921,1.20927,1.12,1.50
2017.01.16 14:26:55.355,1.2092,1.20926,1.50,1.69
2017.01.16 14:26:55.895,1.2092,1.20926,1.35,1.69
2017.01.16 14:26:56.927,1.2092,1.20927,2.10,1.25
2017.01.16 14:26:57.282,1.20925,1.20927,1.00,1.25
2017.01.16 14:26:57.791,1.20925,1.20929,1.00,1.44
2017.01.16 14:26:58.185,1.20923,1.20928,1.00,1.25
2017.01.16 14:26:58.287,1.20923,1.20926,1.00,1.19
2017.01.16 14:26:58.594,1.20923,1.20927,1.00,2.06
2017.01.16 14:26:59.549,1.20922,1.20925,1.00,1.19
2017.01.16 14:26:59.600,1.20918,1.20925,1.00,1.37
2017.01.16 14:26:59.702,1.20918,1.20925,1.87,1.19
2017.01.16 14:26:59.803,1.20916,1.20923,1.87,2.44
2017.01.16 14:27:00.108,1.20911,1.20913,1.12,1.19
2017.01.16 14:27:00.269,1.2091,1.20915,1.12,1.00
2017.01.16 14:27:00.775,1.20908,1.20915,1.00,1.87
2017.01.16 14:27:01.079,1.20909,1.20912,1.00,1.00
2017.01.16 14:27:01.332,1.20906,1.20911,1.50,1.00
2017.01.16 14:27:01.535,1.20903,1.20908,1.37,1.00
2017.01.16 14:27:01.737,1.20902,1.20909,1.50,1.69
2017.01.16 14:27:01.890,1.20906,1.20908,1.00,1.00
2017.01.16 14:27:01.941,1.20905,1.20911,1.35,3.37
2017.01.16 14:27:02.143,1.20907,1.20912,1.00,1.50
2017.01.16 14:27:02.650,1.20908,1.20912,1.00,1.00
2017.01.16 14:27:02.953,1.2091,1.20915,1.00,1.25
2017.01.16 14:27:03.055,1.20912,1.20917,2.10,1.69
2017.01.16 14:27:03.557,1.20912,1.20918,1.50,1.19
2017.01.16 14:27:04.551,1.20914,1.20918,1.00,1.69
2017.01.16 14:27:04.653,1.20914,1.2092,1.50,1.69
2017.01.16 14:27:04.872,1.20912,1.20917,1.50,1.19
2017.01.16 14:27:05.330,1.20911,1.20917,1.00,1.75
2017.01.16 14:27:06.064,1.20909,1.20915,2.85,1.37
2017.01.16 14:27:06.218,1.20911,1.20917,1.60,1.87
2017.01.16 14:27:07.353,1.20914,1.20917,1.00,1.37
2017.01.16 14:27:07.455,1.20914,1.20919,1.60,1.69
2017.01.16 14:27:07.967,1.20914,1.20919,1.00,1.37
2017.01.16 14:27:08.466,1.2091,1.20912,3.00,1.19
2017.01.16 14:27:08.582,1.20908,1.20912,1.50,1.37
2017.01.16 14:27:09.089,1.20908,1.20912,1.00,1.37
2017.01.16 14:27:09.371,1.20906,1.20909,1.00,1.25
2017.01.16 14:27:09.524,1.20907,1.20913,1.35,1.19
2017.01.16 14:27:09.889,1.20906,1.20915,3.19,1.50
2017.01.16 14:27:10.395,1.20909,1.20915,1.00,1.19
2017.01.16 14:27:10.900,1.20908,1.20915,1.31,1.19
2017.01.16 14:27:11.439,1.20907,1.20915,4.50,1.19
2017.01.16 14:27:12.351,1.2091,1.20917,1.00,2.62
2017.01.16 14:27:12.604,1.20912,1.20917,1.00,2.62
2017.01.16 14:27:13.506,1.20911,1.20916,1.00,1.50
2017.01.16 14:27:14.023,1.20912,1.20916,1.00,1.50
2017.01.16 14:27:14.369,1.20912,1.20916,1.00,1.12
2017.01.16 14:27:14.857,1.2091,1.20916,1.00,1.12
2017.01.16 14:27:15.363,1.2091,1.20915,1.00,1.19
2017.01.16 14:27:15.904,1.20909,1.20915,1.50,1.19
2017.01.16 14:27:16.259,1.20909,1.20916,1.12,3.37
2017.01.16 14:27:19.241,1.20909,1.20916,1.12,2.62
2017.01.16 14:27:19.394,1.20911,1.20916,1.00,1.69
2017.01.16 14:27:19.546,1.20914,1.2092,1.05,2.06
2017.01.16 14:27:19.748,1.20916,1.20921,1.00,1.19
2017.01.16 14:27:20.273,1.20916,1.20922,1.00,2.62
2017.01.16 14:27:21.058,1.20916,1.20922,1.00,3.00
2017.01.16 14:27:21.591,1.20916,1.20922,1.69,1.31
2017.01.16 14:27:23.080,1.20916,1.20921,1.69,1.25
2017.01.16 14:27:25.245,1.20916,1.20921,1.19,1.69
2017.01.16 14:27:25.822,1.20916,1.20921,1.19,2.06
2017.01.16 14:27:25.873,1.20916,1.20922,1.69,2.06
2017.01.16 14:27:26.075,1.20916,1.20922,1.69,1.00
2017.01.16 14:27:29.608,1.20914,1.20921,2.44,2.44
2017.01.16 14:27:29.861,1.20915,1.20923,2.06,1.87
2017.01.16 14:27:30.767,1.20918,1.20924,1.19,1.69
2017.01.16 14:27:31.115,1.20917,1.20924,1.87,1.44
2017.01.16 14:27:32.171,1.20916,1.20924,1.25,1.44
2017.01.16 14:27:33.450,1.20917,1.20924,1.00,1.44
2017.01.16 14:27:33.552,1.20918,1.20926,1.19,3.37
2017.01.16 14:27:35.024,1.20917,1.20919,1.25,1.25
2017.01.16 14:27:35.126,1.20916,1.20922,1.69,1.25
2017.01.16 14:27:35.660,1.20916,1.20922,1.12,1.25
2017.01.16 14:27:36.545,1.20916,1.20922,1.69,1.25
2017.01.16 14:27:37.051,1.20916,1.20921,1.69,1.00
2017.01.16 14:27:37.161,1.20919,1.20924,1.69,1.50
2017.01.16 14:27:37.325,1.20921,1.20927,1.19,1.37
2017.01.16 14:27:37.834,1.20921,1.20927,1.19,1.00
2017.01.16 14:27:38.524,1.2092,1.20927,2.44,1.69
2017.01.16 14:27:38.626,1.20919,1.20923,1.00,1.00
2017.01.16 14:27:38.851,1.20915,1.20922,1.37,1.25
2017.01.16 14:27:41.106,1.20917,1.20922,1.00,1.25
2017.01.16 14:27:41.948,1.20915,1.20921,1.00,1.44
2017.01.16 14:27:42.454,1.20915,1.20921,1.50,1.12
2017.01.16 14:27:43.064,1.20915,1.20922,1.69,1.19
2017.01.16 14:27:46.017,1.20918,1.20924,1.00,3.00
2017.01.16 14:27:46.068,1.20918,1.20924,1.00,2.44
2017.01.16 14:27:46.573,1.20917,1.20924,1.69,2.44
2017.01.16 14:27:47.103,1.20916,1.20924,1.31,2.62
2017.01.16 14:27:48.251,1.20917,1.20924,1.00,1.69
2017.01.16 14:27:49.116,1.20918,1.20925,1.25,1.25
2017.01.16 14:27:50.110,1.20918,1.20926,2.81,2.62
2017.01.16 14:27:50.262,1.20918,1.20922,2.06,1.00
2017.01.16 14:27:50.364,1.20916,1.20921,3.75,1.00
2017.01.16 14:27:50.721,1.20919,1.20924,1.00,1.94
2017.01.16 14:27:51.342,1.20918,1.20926,2.81,1.44
2017.01.16 14:27:53.959,1.20918,1.20926,1.12,1.44
2017.01.16 14:27:56.529,1.20917,1.20923,4.69,1.00
2017.01.16 14:27:57.034,1.20918,1.20924,1.12,1.00
2017.01.16 14:27:58.521,1.20918,1.20923,1.12,1.00
2017.01.16 14:28:00.446,1.20917,1.20924,2.44,1.00
2017.01.16 14:28:00.751,1.20918,1.20921,1.00,1.00
2017.01.16 14:28:01.062,1.20915,1.20922,1.25,1.00
2017.01.16 14:28:02.282,1.20917,1.20922,1.00,1.25
2017.01.16 14:28:02.795,1.20916,1.20923,1.12,1.87
2017.01.16 14:28:03.301,1.20915,1.20921,2.44,1.00
2017.01.16 14:28:03.841,1.20915,1.20921,1.31,1.00
2017.01.16 14:28:04.145,1.20917,1.20924,1.00,2.44
2017.01.16 14:28:04.656,1.20916,1.20924,5.25,2.62
2017.01.16 14:28:05.050,1.20916,1.20921,1.00,1.00
2017.01.16 14:28:05.556,1.20915,1.20921,1.25,1.00
2017.01.16 14:28:06.552,1.20916,1.20923,1.00,2.25
2017.01.16 14:28:07.065,1.20915,1.20923,3.04,1.12
2017.01.16 14:28:07.166,1.20915,1.20921,1.31,1.00
2017.01.16 14:28:07.731,1.20914,1.20921,1.19,1.19
2017.01.16 14:28:08.700,1.20912,1.2092,3.00,1.69
2017.01.16 14:28:08.803,1.20912,1.20921,2.62,2.25
2017.01.16 14:28:08.961,1.20916,1.20923,1.50,2.62
2017.01.16 14:28:09.265,1.20918,1.20923,1.00,1.12
2017.01.16 14:28:10.274,1.20917,1.20923,1.00,1.25
2017.01.16 14:28:10.874,1.20916,1.20922,1.12,1.00
2017.01.16 14:28:11.422,1.20915,1.20922,1.25,1.25
2017.01.16 14:28:11.939,1.20915,1.20921,1.25,1.00
2017.01.16 14:28:13.644,1.20914,1.2092,1.19,1.00
2017.01.16 14:28:17.569,1.20913,1.20919,3.94,1.00
2017.01.16 14:28:17.915,1.20918,1.20923,1.00,1.19
2017.01.16 14:28:18.220,1.2092,1.20927,1.19,1.44
2017.01.16 14:28:19.092,1.20921,1.20927,1.25,1.44
2017.01.16 14:28:21.704,1.20921,1.20929,2.06,2.62
2017.01.16 14:28:22.220,1.20922,1.20929,1.00,2.62
2017.01.16 14:28:22.714,1.20922,1.20931,3.19,1.44
2017.01.16 14:28:23.300,1.20923,1.20931,1.25,1.12
2017.01.16 14:28:23.814,1.20923,1.20931,1.69,1.44
2017.01.16 14:28:24.831,1.20925,1.20932,1.00,3.37
2017.01.16 14:28:25.336,1.20926,1.20932,1.00,1.37
2017.01.16 14:28:26.882,1.20926,1.20932,1.00,1.50
2017.01.16 14:28:32.624,1.20926,1.20933,1.00,3.00
2017.01.16 14:28:34.245,1.20928,1.20933,1.00,2.62
2017.01.16 14:28:34.965,1.20927,1.20933,1.00,2.62
2017.01.16 14:28:36.209,1.20926,1.20933,1.50,2.25
2017.01.16 14:28:36.728,1.20926,1.20933,1.50,2.25
2017.01.16 14:28:38.099,1.20925,1.20933,1.00,4.12
2017.01.16 14:28:39.391,1.20924,1.20932,1.25,1.50
2017.01.16 14:28:43.997,1.20925,1.20932,1.00,2.25
2017.01.16 14:28:45.280,1.20926,1.20932,1.00,1.50
2017.01.16 14:28:45.784,1.20925,1.20932,1.12,1.50
2017.01.16 14:28:46.297,1.20924,1.20932,1.69,2.25
2017.01.16 14:28:47.095,1.20924,1.20932,1.69,3.75
2017.01.16 14:28:47.608,1.20924,1.20931,2.44,1.44
2017.01.16 14:28:48.882,1.20922,1.2093,2.44,1.87
2017.01.16 14:29:05.451,1.20924,1.20929,1.00,1.12
2017.01.16 14:29:05.755,1.20926,1.2093,1.00,1.00
2017.01.16 14:29:06.279,1.20925,1.20931,1.69,1.44
2017.01.16 14:29:06.820,1.20926,1.20931,1.00,1.44
2017.01.16 14:29:13.370,1.20925,1.20931,2.44,1.44
2017.01.16 14:29:13.718,1.20926,1.20932,1.00,1.75
2017.01.16 14:29:13.793,1.20926,1.20932,1.00,1.37
2017.01.16 14:29:15.181,1.20926,1.20931,1.00,1.44
2017.01.16 14:29:15.695,1.20925,1.20931,1.25,1.44
2017.01.16 14:29:16.479,1.20924,1.20931,1.69,1.87
2017.01.16 14:29:17.591,1.20923,1.20927,1.00,1.00
2017.01.16 14:29:17.895,1.20923,1.20925,1.00,1.25
2017.01.16 14:29:18.452,1.20922,1.20925,1.25,1.25
2017.01.16 14:29:21.281,1.20922,1.20925,1.25,1.19
2017.01.16 14:29:22.470,1.2092,1.20925,1.87,1.44
2017.01.16 14:29:22.780,1.20919,1.20922,1.00,2.25
2017.01.16 14:29:22.883,1.20919,1.20923,2.44,1.00
2017.01.16 14:29:23.018,1.20919,1.20925,2.00,1.25
2017.01.16 14:29:23.069,1.20918,1.20925,1.94,3.37
2017.01.16 14:29:23.171,1.20918,1.20923,1.37,1.00
2017.01.16 14:29:23.222,1.20918,1.20919,1.00,1.00
2017.01.16 14:29:23.273,1.20916,1.20919,1.00,1.00
2017.01.16 14:29:23.374,1.20914,1.20919,1.00,1.00
2017.01.16 14:29:23.476,1.20914,1.20923,1.00,3.94
2017.01.16 14:29:23.679,1.20915,1.2092,1.50,1.19
2017.01.16 14:29:23.780,1.20914,1.2092,1.00,1.50
2017.01.16 14:29:24.371,1.20915,1.20919,1.00,1.00
2017.01.16 14:29:24.982,1.20915,1.20919,1.00,1.19
2017.01.16 14:29:25.488,1.20914,1.20919,1.00,1.00
2017.01.16 14:29:26.043,1.20913,1.20919,1.00,1.50
2017.01.16 14:29:26.555,1.20914,1.20919,1.00,1.00
2017.01.16 14:29:28.731,1.20914,1.20918,1.00,1.12
2017.01.16 14:29:28.793,1.20911,1.20912,1.00,1.00
2017.01.16 14:29:29.098,1.20901,1.20907,1.00,2.06
2017.01.16 14:29:29.454,1.20899,1.20906,2.44,1.69
2017.01.16 14:29:30.372,1.20899,1.20906,2.44,3.19
2017.01.16 14:29:30.899,1.20899,1.20905,2.44,1.56
2017.01.16 14:29:31.291,1.209,1.20906,1.69,1.87
2017.01.16 14:29:31.446,1.20899,1.20904,2.81,1.00
2017.01.16 14:29:31.598,1.20901,1.20906,1.69,1.87
2017.01.16 14:29:32.053,1.20903,1.20908,1.00,1.69
2017.01.16 14:29:33.275,1.20902,1.20907,1.25,1.00
2017.01.16 14:29:33.780,1.20902,1.20908,1.25,1.69
2017.01.16 14:29:35.924,1.20903,1.20909,1.00,2.06
2017.01.16 14:29:36.279,1.20904,1.2091,1.25,3.00
2017.01.16 14:29:36.785,1.20904,1.20912,2.44,4.69
2017.01.16 14:29:38.080,1.20905,1.20911,1.00,1.12
2017.01.16 14:29:38.630,1.20904,1.20911,2.44,1.87
2017.01.16 14:29:39.087,1.20904,1.20911,2.44,1.31
2017.01.16 14:29:39.628,1.20906,1.2091,1.00,1.19
2017.01.16 14:29:39.679,1.20904,1.2091,1.25,1.69
2017.01.16 14:29:39.882,1.20906,1.2091,1.00,1.00
2017.01.16 14:29:40.186,1.20906,1.20912,1.00,1.50
2017.01.16 14:29:40.389,1.20905,1.2091,1.00,1.00
2017.01.16 14:29:40.895,1.20903,1.20909,1.19,1.00
2017.01.16 14:29:41.426,1.20902,1.2091,3.04,3.37
2017.01.16 14:29:42.064,1.20902,1.20909,1.25,1.00
2017.01.16 14:29:43.156,1.20901,1.20908,1.31,1.00
2017.01.16 14:29:43.766,1.209,1.20908,1.91,3.19
2017.01.16 14:29:43.969,1.20903,1.20908,1.54,1.00
2017.01.16 14:29:44.274,1.20907,1.20913,1.19,1.12
2017.01.16 14:29:44.528,1.20906,1.20913,1.19,1.12
2017.01.16 14:29:45.070,1.20906,1.20914,1.19,2.44
2017.01.16 14:29:45.283,1.20905,1.20911,1.00,1.00
2017.01.16 14:29:45.805,1.20904,1.20911,1.25,1.00
2017.01.16 14:29:46.109,1.20906,1.2091,1.00,1.00
2017.01.16 14:29:46.659,1.20906,1.20911,1.00,1.25
2017.01.16 14:29:47.014,1.20902,1.2091,3.19,1.25
2017.01.16 14:29:48.638,1.20904,1.20911,1.69,1.31
2017.01.16 14:29:50.227,1.20904,1.2091,1.19,1.00
2017.01.16 14:29:50.742,1.20904,1.20911,1.19,2.06
2017.01.16 14:29:51.262,1.20902,1.20911,3.79,5.06
2017.01.16 14:29:52.050,1.20902,1.20908,3.04,1.00
2017.01.16 14:29:54.549,1.20902,1.20907,2.29,1.00
2017.01.16 14:29:55.543,1.20904,1.20905,1.25,1.00
2017.01.16 14:29:55.593,1.20903,1.20905,1.25,1.00
2017.01.16 14:29:55.796,1.20903,1.20905,1.19,1.00
2017.01.16 14:29:55.847,1.20903,1.20905,1.25,1.00
2017.01.16 14:29:56.485,1.20901,1.20904,1.16,1.00
2017.01.16 14:29:56.587,1.209,1.20905,1.69,1.00
2017.01.16 14:29:56.991,1.20901,1.20903,1.25,1.00
2017.01.16 14:29:57.593,1.20899,1.20903,1.25,1.31
2017.01.16 14:29:57.694,1.20899,1.20903,1.19,1.25
2017.01.16 14:29:58.005,1.20899,1.20901,1.19,1.00
2017.01.16 14:29:58.107,1.20896,1.20903,1.19,1.19
2017.01.16 14:29:58.158,1.20901,1.20903,2.55,1.00
2017.01.16 14:29:58.261,1.20906,1.20908,1.00,1.25
2017.01.16 14:29:58.313,1.20907,1.20911,1.19,1.00
2017.01.16 14:29:58.364,1.20906,1.20913,2.29,1.69
2017.01.16 14:29:58.517,1.20906,1.20911,1.19,1.00
2017.01.16 14:29:58.567,1.20904,1.20908,1.00,1.00
2017.01.16 14:29:58.670,1.20901,1.20908,1.12,1.00
2017.01.16 14:29:58.923,1.209,1.20906,1.72,1.00
2017.01.16 14:29:59.336,1.20899,1.20905,1.25,1.19
2017.01.16 14:29:59.757,1.20896,1.20901,1.00,1.50
2017.01.16 14:29:59.808,1.20896,1.20901,1.00,1.69
2017.01.16 14:29:59.859,1.20893,1.20901,2.06,1.69
2017.01.16 14:30:00.214,1.20897,1.20902,1.69,1.50
2017.01.16 14:30:00.670,1.20898,1.20904,1.69,1.25
2017.01.16 14:30:01.185,1.20896,1.20904,1.31,3.37
2017.01.16 14:30:01.236,1.20896,1.20901,1.25,1.12
2017.01.16 14:30:01.539,1.20893,1.20898,1.25,1.00
2017.01.16 14:30:01.893,1.20891,1.20897,1.00,2.62
2017.01.16 14:30:01.944,1.20892,1.20897,1.00,1.69
2017.01.16 14:30:02.142,1.20889,1.20897,2.44,2.06
2017.01.16 14:30:02.718,1.20889,1.20895,2.44,1.00
2017.01.16 14:30:02.819,1.20889,1.20895,1.00,1.44
2017.01.16 14:30:03.022,1.20889,1.2089,1.00,1.00
2017.01.16 14:30:03.073,1.20885,1.2089,2.00,1.00
2017.01.16 14:30:03.124,1.20885,1.20888,2.00,1.00
2017.01.16 14:30:03.175,1.20885,1.20888,1.25,1.00
2017.01.16 14:30:03.226,1.20884,1.20888,1.00,1.69
2017.01.16 14:30:03.328,1.20886,1.20888,1.25,1.25
2017.01.16 14:30:03.584,1.20887,1.20888,1.00,1.00
2017.01.16 14:30:03.787,1.20893,1.20895,1.50,1.00
2017.01.16 14:30:04.293,1.20894,1.20898,1.50,1.00
2017.01.16 14:30:04.610,1.20891,1.20894,1.50,1.00
2017.01.16 14:30:04.661,1.20889,1.20898,2.06,1.12
2017.01.16 14:30:04.813,1.20888,1.20895,2.66,1.00
2017.01.16 14:30:05.062,1.20887,1.20894,2.06,1.25
2017.01.16 14:30:05.113,1.2089,1.20895,1.00,1.00
2017.01.16 14:30:05.619,1.20891,1.20895,1.25,1.00
2017.01.16 14:30:06.173,1.20889,1.20895,2.44,1.00
2017.01.16 14:30:06.757,1.2089,1.20897,1.25,2.81
2017.01.16 14:30:07.939,1.2089,1.20895,1.25,1.00
2017.01.16 14:30:08.411,1.20894,1.20898,1.60,1.87
2017.01.16 14:30:08.515,1.20893,1.20899,1.25,1.31
2017.01.16 14:30:09.477,1.20896,1.20899,1.00,1.00
2017.01.16 14:30:09.528,1.20894,1.20899,1.69,1.00
2017.01.16 14:30:10.113,1.20894,1.209,2.44,1.00
2017.01.16 14:30:10.903,1.20894,1.20902,1.25,1.69
2017.01.16 14:30:11.517,1.20895,1.20902,1.00,1.25
2017.01.16 14:30:12.212,1.20895,1.20901,1.00,1.00
2017.01.16 14:30:12.313,1.20893,1.20897,1.00,1.00
2017.01.16 14:30:12.415,1.2089,1.20897,2.44,1.69
2017.01.16 14:30:12.920,1.20891,1.20896,1.25,1.00
2017.01.16 14:30:13.587,1.2089,1.20897,3.19,2.06
2017.01.16 14:30:14.296,1.20892,1.20898,1.00,1.19
2017.01.16 14:30:14.805,1.20891,1.20898,1.69,2.44
2017.01.16 14:30:15.226,1.20893,1.20897,1.00,1.25
2017.01.16 14:30:16.412,1.20894,1.20898,1.00,1.19
2017.01.16 14:30:16.564,1.20897,1.20902,1.00,1.69
2017.01.16 14:30:17.114,1.20895,1.20901,2.44,1.25
2017.01.16 14:30:17.372,1.20893,1.209,1.50,1.00
2017.01.16 14:30:17.878,1.20894,1.209,1.00,1.00
2017.01.16 14:30:18.592,1.20893,1.20899,1.00,1.00
2017.01.16 14:30:18.869,1.20892,1.20897,1.25,1.00
2017.01.16 14:30:19.289,1.20893,1.20899,2.10,1.87
2017.01.16 14:30:19.391,1.20895,1.20899,1.00,1.00
2017.01.16 14:30:19.492,1.20895,1.20901,1.50,3.19
2017.01.16 14:30:19.998,1.20896,1.20901,1.00,2.81
2017.01.16 14:30:21.668,1.20897,1.20901,1.00,1.25
2017.01.16 14:30:22.174,1.20896,1.20901,1.00,1.00
2017.01.16 14:30:22.795,1.20895,1.20901,1.25,1.00
2017.01.16 14:30:23.302,1.20895,1.209,1.00,1.25
2017.01.16 14:30:23.849,1.20894,1.209,1.25,1.25
2017.01.16 14:30:24.991,1.20896,1.20902,1.25,2.44
2017.01.16 14:30:25.499,1.20897,1.20902,1.00,1.19
2017.01.16 14:30:25.989,1.20894,1.20901,1.50,1.25
2017.01.16 14:30:26.495,1.20896,1.20901,1.00,1.31
2017.01.16 14:30:27.320,1.20896,1.209,1.00,1.00
2017.01.16 14:30:27.892,1.20894,1.20899,1.00,1.00
2017.01.16 14:30:29.031,1.20896,1.20899,1.00,1.25
2017.01.16 14:30:29.133,1.20893,1.20898,1.69,1.19
2017.01.16 14:30:29.642,1.20894,1.20898,1.00,1.19
2017.01.16 14:30:29.984,1.20897,1.209,1.00,2.06
2017.01.16 14:30:30.035,1.20896,1.209,1.00,1.31
2017.01.16 14:30:30.390,1.20898,1.20901,1.00,1.87
2017.01.16 14:30:30.644,1.209,1.20903,1.00,1.44
2017.01.16 14:30:31.149,1.20899,1.20903,1.00,1.44
2017.01.16 14:30:31.351,1.20898,1.20902,1.00,2.06
2017.01.16 14:30:31.669,1.20894,1.20897,1.12,1.87
2017.01.16 14:30:32.190,1.20893,1.20898,1.00,1.50
2017.01.16 14:30:35.270,1.20892,1.20897,1.00,1.69
2017.01.16 14:30:35.972,1.20892,1.20897,1.00,1.69
2017.01.16 14:30:37.377,1.20892,1.20897,1.00,1.19
2017.01.16 14:30:38.467,1.20893,1.20897,1.00,1.69
2017.01.16 14:30:39.030,1.20892,1.20897,2.10,1.69
2017.01.16 14:30:39.559,1.20893,1.20897,1.00,1.69
2017.01.16 14:30:40.138,1.20892,1.20897,1.00,1.69
2017.01.16 14:30:40.972,1.2089,1.20897,2.29,1.69
2017.01.16 14:30:44.043,1.20891,1.20897,1.00,1.50
2017.01.16 14:30:45.324,1.20891,1.20896,1.35,1.00
2017.01.16 14:30:46.222,1.20891,1.20896,1.60,1.00
2017.01.16 14:30:47.079,1.20891,1.20896,1.00,1.00
2017.01.16 14:30:47.585,1.20889,1.20895,1.69,1.00
2017.01.16 14:30:48.097,1.20889,1.20894,1.69,1.00
2017.01.16 14:30:48.612,1.20889,1.20894,1.00,1.00
2017.01.16 14:30:49.474,1.20887,1.20893,1.69,1.00
2017.01.16 14:30:50.012,1.20887,1.20892,1.69,1.00
2017.01.16 14:30:50.541,1.20887,1.20893,1.25,1.00
2017.01.16 14:30:52.945,1.20888,1.20893,1.00,1.00
2017.01.16 14:30:52.996,1.2089,1.20893,1.00,1.00
2017.01.16 14:30:53.199,1.2089,1.20896,1.25,1.31
2017.01.16 14:30:54.215,1.20892,1.20896,1.00,1.69
2017.01.16 14:30:54.881,1.20891,1.20896,3.19,1.00
2017.01.16 14:30:55.151,1.20891,1.20898,3.19,2.44
2017.01.16 14:30:56.201,1.20891,1.20897,2.44,1.00
2017.01.16 14:30:57.005,1.20893,1.20897,1.00,1.00
2017.01.16 14:30:57.108,1.20895,1.209,1.25,1.50
2017.01.16 14:30:57.209,1.20893,1.20898,1.31,1.25
2017.01.16 14:30:57.564,1.20891,1.20897,1.25,1.25
2017.01.16 14:30:58.035,1.2089,1.20895,1.00,1.00
2017.01.16 14:30:58.340,1.20888,1.20895,1.25,3.00
2017.01.16 14:30:59.044,1.20886,1.20893,1.38,1.00
2017.01.16 14:30:59.548,1.20885,1.20893,2.44,3.00
2017.01.16 14:30:59.851,1.20885,1.20891,1.69,1.00
2017.01.16 14:31:00.004,1.20887,1.20894,1.00,5.06
2017.01.16 14:31:00.105,1.2089,1.20894,1.00,1.50
2017.01.16 14:31:00.359,1.20888,1.20895,1.94,1.50
2017.01.16 14:31:00.764,1.20885,1.20893,1.25,2.25
2017.01.16 14:31:01.333,1.20885,1.20892,1.25,1.50
2017.01.16 14:31:01.848,1.20885,1.20891,2.44,1.00
2017.01.16 14:31:02.387,1.20883,1.20889,1.50,1.00
2017.01.16 14:31:02.760,1.20887,1.20892,1.35,1.37
2017.01.16 14:31:02.912,1.20887,1.20893,2.25,1.00
2017.01.16 14:31:04.008,1.20886,1.20894,1.25,3.19
2017.01.16 14:31:04.059,1.20887,1.20892,1.19,1.00
2017.01.16 14:31:04.110,1.20885,1.20892,2.06,1.00
2017.01.16 14:31:04.624,1.20886,1.20892,1.75,1.00
2017.01.16 14:31:05.130,1.20885,1.20892,2.44,2.25
2017.01.16 14:31:05.182,1.20885,1.2089,2.44,1.00
2017.01.16 14:31:05.488,1.20886,1.20888,1.00,1.00
2017.01.16 14:31:05.640,1.20886,1.20889,1.00,1.00
2017.01.16 14:31:05.895,1.20886,1.20888,1.25,1.00
2017.01.16 14:31:06.299,1.20885,1.20887,1.19,1.00
2017.01.16 14:31:06.350,1.20883,1.20886,3.06,1.00
2017.01.16 14:31:06.755,1.20883,1.20887,1.69,1.00
2017.01.16 14:31:06.907,1.20881,1.20886,4.41,1.00
2017.01.16 14:31:07.008,1.20882,1.20884,3.63,1.00
2017.01.16 14:31:07.110,1.20881,1.20885,3.44,1.00
2017.01.16 14:31:07.862,1.20882,1.20886,2.54,1.00
2017.01.16 14:31:07.913,1.20883,1.20886,1.19,1.00
2017.01.16 14:31:08.993,1.20883,1.20887,1.69,1.00
2017.01.16 14:31:09.340,1.20882,1.20884,1.00,1.00
2017.01.16 14:31:09.847,1.2088,1.20884,1.69,1.00
2017.01.16 14:31:10.818,1.2088,1.20885,1.19,1.00
2017.01.16 14:31:12.593,1.2088,1.20883,1.19,1.00
2017.01.16 14:31:16.220,1.20879,1.2088,1.00,1.00
2017.01.16 14:31:16.323,1.20877,1.20884,2.06,3.56
2017.01.16 14:31:16.588,1.20879,1.20884,1.19,1.50
2017.01.16 14:31:16.740,1.20877,1.20885,1.19,4.69
2017.01.16 14:31:16.841,1.20879,1.20885,1.50,2.00
2017.01.16 14:31:16.943,1.20881,1.20886,1.69,1.00
2017.01.16 14:31:17.455,1.20882,1.20888,1.00,1.19
2017.01.16 14:31:17.969,1.20881,1.20888,1.25,1.69
2017.01.16 14:31:22.743,1.20881,1.20888,1.25,2.44
2017.01.16 14:31:23.853,1.20882,1.20888,1.00,1.25
2017.01.16 14:31:25.153,1.2088,1.20889,3.56,2.44
2017.01.16 14:31:25.254,1.20882,1.20889,2.10,1.19
2017.01.16 14:31:25.356,1.20884,1.2089,4.20,1.12
2017.01.16 14:31:25.407,1.20882,1.2089,3.19,2.81
2017.01.16 14:31:25.508,1.20882,1.20889,1.62,1.25
2017.01.16 14:31:25.746,1.20882,1.20889,1.25,2.44
2017.01.16 14:31:26.272,1.20882,1.20889,3.19,1.50
2017.01.16 14:31:26.939,1.20882,1.20888,1.19,1.00
2017.01.16 14:31:27.192,1.20884,1.20889,1.19,2.25
2017.01.16 14:31:27.500,1.20884,1.20891,3.19,1.50
2017.01.16 14:31:28.010,1.20884,1.20892,1.69,4.31
2017.01.16 14:31:28.064,1.20884,1.2089,1.19,1.00
2017.01.16 14:31:28.608,1.20884,1.20891,1.19,1.50
2017.01.16 14:31:28.928,1.20887,1.20893,1.00,3.94
2017.01.16 14:31:29.434,1.20887,1.20893,1.00,1.50
2017.01.16 14:31:29.737,1.20885,1.20892,1.69,1.50
2017.01.16 14:31:30.243,1.20886,1.20892,1.00,1.00
2017.01.16 14:31:30.771,1.20885,1.20892,2.44,1.00
2017.01.16 14:31:31.337,1.20885,1.20893,1.69,2.44
2017.01.16 14:31:33.779,1.20885,1.20892,2.44,1.00
2017.01.16 14:31:34.330,1.20886,1.20893,1.69,1.00
2017.01.16 14:31:34.836,1.20888,1.20894,1.19,1.00
2017.01.16 14:31:35.625,1.20888,1.20895,1.19,1.50
2017.01.16 14:31:36.153,1.20889,1.20896,1.25,1.00
2017.01.16 14:31:36.656,1.2089,1.20896,1.00,1.00
2017.01.16 14:31:37.198,1.20889,1.20896,1.25,1.00
2017.01.16 14:31:38.631,1.20889,1.20895,1.25,1.00
2017.01.16 14:31:41.253,1.20888,1.20894,1.19,1.50
2017.01.16 14:31:42.780,1.20888,1.20893,1.19,1.00
2017.01.16 14:31:43.292,1.20889,1.20894,1.25,1.00
2017.01.16 14:31:43.950,1.20888,1.20895,1.19,1.69
2017.01.16 14:31:44.456,1.20888,1.20894,1.69,1.00
2017.01.16 14:31:44.968,1.20889,1.20896,1.50,1.31
2017.01.16 14:31:45.273,1.20894,1.20901,1.00,2.44
2017.01.16 14:31:45.541,1.20896,1.20901,1.00,1.69
2017.01.16 14:31:45.947,1.20893,1.20899,1.69,1.00
2017.01.16 14:31:46.200,1.20892,1.20899,1.00,1.25
2017.01.16 14:31:46.765,1.2089,1.20899,4.12,1.25
2017.01.16 14:31:47.289,1.20892,1.20899,1.00,1.25
2017.01.16 14:31:47.819,1.20891,1.20899,1.69,1.25
2017.01.16 14:31:48.994,1.20892,1.20899,1.00,1.25
2017.01.16 14:31:51.116,1.20891,1.20899,1.25,2.81
2017.01.16 14:31:54.024,1.20892,1.20899,1.00,1.69
2017.01.16 14:31:54.076,1.20895,1.20899,1.00,1.25
2017.01.16 14:31:54.127,1.20893,1.20899,1.12,1.00
2017.01.16 14:31:54.670,1.20894,1.209,1.00,1.69
2017.01.16 14:31:55.282,1.20893,1.209,1.12,1.69
2017.01.16 14:31:56.634,1.20894,1.20899,1.25,1.00
2017.01.16 14:31:57.173,1.20893,1.20899,1.12,1.00
2017.01.16 14:31:57.506,1.20895,1.20899,1.00,1.00
2017.01.16 14:31:58.012,1.20896,1.20901,1.00,1.19
2017.01.16 14:31:58.393,1.20894,1.20901,1.00,1.19
2017.01.16 14:31:58.469,1.20896,1.20901,1.31,1.19
2017.01.16 14:31:58.729,1.20898,1.20903,1.00,1.50
2017.01.16 14:31:58.945,1.20895,1.20903,4.87,1.00
2017.01.16 14:31:59.494,1.20898,1.20905,1.00,4.31
2017.01.16 14:32:00.117,1.20899,1.20905,1.00,2.44
2017.01.16 14:32:00.475,1.209,1.20907,1.25,1.19
2017.01.16 14:32:00.830,1.20901,1.20908,1.31,3.19
2017.01.16 14:32:01.675,1.20899,1.20905,1.12,1.00
2017.01.16 14:32:02.232,1.20898,1.20906,6.19,1.69
2017.01.16 14:32:02.333,1.209,1.20906,1.00,1.25
2017.01.16 14:32:06.728,1.20898,1.20906,2.25,1.25
2017.01.16 14:32:08.503,1.20899,1.20905,1.12,1.00
2017.01.16 14:32:09.050,1.20898,1.20906,3.75,1.31
2017.01.16 14:32:09.580,1.20899,1.20905,1.12,1.50
2017.01.16 14:32:10.642,1.20898,1.20904,1.31,1.00
2017.01.16 14:32:11.276,1.20896,1.20904,2.25,1.50
2017.01.16 14:32:11.822,1.20896,1.20903,2.25,1.00
2017.01.16 14:32:11.873,1.20896,1.20903,2.25,1.00
2017.01.16 14:32:12.076,1.20897,1.20903,1.00,1.50
2017.01.16 14:32:12.278,1.20897,1.20903,1.56,1.50
2017.01.16 14:32:12.582,1.20906,1.20913,1.19,1.87
2017.01.16 14:32:12.886,1.20906,1.20912,1.94,1.00
2017.01.16 14:32:13.417,1.20907,1.20912,1.00,1.00
2017.01.16 14:32:13.929,1.20908,1.20912,1.00,1.00
2017.01.16 14:32:15.145,1.20907,1.20911,1.25,1.00
2017.01.16 14:32:16.047,1.20908,1.20913,1.00,1.00
2017.01.16 14:32:16.350,1.20909,1.20915,1.25,1.12
2017.01.16 14:32:16.656,1.20908,1.20913,2.50,1.00
2017.01.16 14:32:17.001,1.2091,1.20915,1.00,1.00
2017.01.16 14:32:17.439,1.2091,1.20917,1.25,2.44
2017.01.16 14:32:17.894,1.20911,1.20915,1.00,1.00
2017.01.16 14:32:18.110,1.20911,1.20917,1.00,1.69
2017.01.16 14:32:18.548,1.2091,1.20915,1.00,1.00
2017.01.16 14:32:18.867,1.20913,1.20916,1.00,1.00
2017.01.16 14:32:19.394,1.20913,1.20917,1.00,1.00
2017.01.16 14:32:19.848,1.20914,1.20919,1.00,1.69
2017.01.16 14:32:20.388,1.20915,1.20919,1.00,1.50
2017.01.16 14:32:22.367,1.20913,1.20919,1.38,1.00
2017.01.16 14:32:22.888,1.20914,1.20919,1.00,1.00
2017.01.16 14:32:24.697,1.20915,1.20919,1.00,1.00
2017.01.16 14:32:25.255,1.20914,1.20919,1.50,1.00
2017.01.16 14:32:26.703,1.20915,1.20919,1.00,1.00
2017.01.16 14:32:27.235,1.20914,1.20919,1.50,1.00
2017.01.16 14:32:27.897,1.20915,1.20919,1.00,1.00
2017.01.16 14:32:28.099,1.20917,1.20921,1.00,1.50
2017.01.16 14:32:28.453,1.20917,1.20919,1.00,1.00
2017.01.16 14:32:29.009,1.20916,1.20919,1.50,1.00
2017.01.16 14:32:30.138,1.20915,1.2092,1.00,1.00
2017.01.16 14:32:30.442,1.20915,1.20922,1.00,1.69
2017.01.16 14:32:30.695,1.20917,1.20922,1.00,1.00
2017.01.16 14:32:31.661,1.20915,1.20922,1.69,1.00
2017.01.16 14:32:33.226,1.20915,1.20921,1.19,1.00
2017.01.16 14:32:35.226,1.20916,1.20922,1.25,1.00
2017.01.16 14:32:36.262,1.20917,1.20922,1.00,1.00
2017.01.16 14:32:37.230,1.20917,1.20923,1.50,1.25
2017.01.16 14:32:37.549,1.20917,1.20921,1.00,1.00
2017.01.16 14:32:38.211,1.20916,1.20921,1.25,1.00
2017.01.16 14:32:38.873,1.20917,1.20923,1.00,1.69
2017.01.16 14:32:39.077,1.20918,1.20923,1.31,1.25
2017.01.16 14:32:39.179,1.20916,1.20923,1.50,1.25
2017.01.16 14:32:39.282,1.20917,1.20922,1.00,3.19
2017.01.16 14:32:39.777,1.20917,1.20922,2.06,1.00
2017.01.16 14:32:40.245,1.20917,1.20923,1.00,1.69
2017.01.16 14:32:40.346,1.20917,1.20923,1.56,1.37
2017.01.16 14:32:40.852,1.20919,1.20923,1.31,1.00
2017.01.16 14:32:41.724,1.20918,1.20924,1.56,1.50
2017.01.16 14:32:43.016,1.20917,1.20923,1.19,1.50
2017.01.16 14:32:43.523,1.20915,1.20922,1.81,1.25
2017.01.16 14:32:43.929,1.20915,1.20916,1.12,1.50
2017.01.16 14:32:44.347,1.20904,1.20908,1.37,1.00
2017.01.16 14:32:44.398,1.20903,1.20908,1.31,1.00
2017.01.16 14:32:44.601,1.209,1.20908,1.50,1.69
2017.01.16 14:32:45.171,1.20901,1.20906,1.00,1.00
2017.01.16 14:32:45.578,1.20903,1.20907,1.50,1.00
2017.01.16 14:32:45.831,1.209,1.20907,3.19,1.50
2017.01.16 14:32:47.590,1.20902,1.20907,1.00,1.50
2017.01.16 14:32:48.046,1.209,1.20906,1.00,1.00
2017.01.16 14:32:48.552,1.209,1.20905,1.00,1.00
2017.01.16 14:32:49.062,1.20899,1.20905,1.25,1.00
2017.01.16 14:32:49.568,1.20899,1.20906,1.25,3.00
2017.01.16 14:32:54.136,1.20899,1.20905,1.25,1.00
2017.01.16 14:32:55.794,1.20903,1.20905,1.00,1.00
2017.01.16 14:32:55.845,1.20903,1.20907,1.00,1.69
2017.01.16 14:32:57.319,1.20902,1.20908,1.25,1.69
2017.01.16 14:32:57.895,1.20901,1.20906,1.69,1.00
2017.01.16 14:32:57.946,1.209,1.20907,1.00,1.69
2017.01.16 14:32:58.047,1.20902,1.20907,1.50,1.25
2017.01.16 14:32:58.098,1.20902,1.20909,3.04,1.31
2017.01.16 14:32:58.149,1.20904,1.20909,1.00,1.25
2017.01.16 14:32:58.604,1.20902,1.20909,1.25,1.69
2017.01.16 14:32:58.655,1.20902,1.20907,1.25,1.00
2017.01.16 14:32:58.756,1.209,1.20907,1.69,1.00
2017.01.16 14:33:00.512,1.20901,1.20907,1.00,1.00
2017.01.16 14:33:01.041,1.20902,1.20908,1.00,1.69
2017.01.16 14:33:01.483,1.20902,1.20906,1.00,1.25
2017.01.16 14:33:01.534,1.20898,1.20905,2.06,1.25
2017.01.16 14:33:02.040,1.20898,1.20905,1.69,1.25
2017.01.16 14:33:02.386,1.209,1.20905,1.00,1.25
2017.01.16 14:33:02.892,1.20901,1.20905,1.00,1.25
2017.01.16 14:33:03.425,1.209,1.20905,1.00,1.25
2017.01.16 14:33:03.944,1.20901,1.20905,1.00,1.25
2017.01.16 14:33:05.411,1.209,1.20906,1.50,1.19
2017.01.16 14:33:05.946,1.20902,1.20906,1.00,1.19
2017.01.16 14:33:07.374,1.20901,1.20907,1.00,2.06
2017.01.16 14:33:08.825,1.209,1.20907,1.50,1.31
2017.01.16 14:33:08.876,1.20898,1.20905,1.69,1.69
2017.01.16 14:33:09.383,1.20899,1.20906,1.50,1.31
2017.01.16 14:33:09.435,1.20901,1.20906,1.00,1.19
2017.01.16 14:33:09.740,1.20896,1.20902,1.69,1.00
2017.01.16 14:33:10.243,1.20898,1.20904,1.00,2.06
2017.01.16 14:33:10.602,1.20904,1.20906,1.00,1.12
2017.01.16 14:33:10.805,1.20907,1.20914,1.50,2.25
2017.01.16 14:33:10.907,1.20911,1.20914,1.00,1.87
2017.01.16 14:33:11.109,1.2091,1.20914,1.00,1.00
2017.01.16 14:33:11.369,1.20908,1.20914,1.87,1.00
2017.01.16 14:33:11.521,1.20908,1.20916,1.50,4.50
2017.01.16 14:33:11.840,1.20908,1.20914,1.00,1.00
2017.01.16 14:33:12.345,1.20907,1.20914,1.50,1.00
2017.01.16 14:33:12.649,1.20905,1.20912,2.06,1.00
2017.01.16 14:33:13.164,1.20904,1.20911,3.79,1.00
2017.01.16 14:33:14.109,1.20905,1.20912,2.10,3.19
2017.01.16 14:33:14.610,1.20905,1.20912,1.00,2.44
2017.01.16 14:33:15.637,1.20903,1.20906,1.25,1.00
2017.01.16 14:33:15.789,1.209,1.20906,1.25,1.00
2017.01.16 14:33:15.890,1.20902,1.20906,1.00,1.00
2017.01.16 14:33:16.617,1.20901,1.20907,1.00,1.75
2017.01.16 14:33:18.315,1.20903,1.20907,1.00,4.19
2017.01.16 14:33:18.619,1.20903,1.20904,1.00,1.00
2017.01.16 14:33:18.758,1.20901,1.20904,1.00,1.50
2017.01.16 14:33:19.294,1.20902,1.20904,1.00,1.00
2017.01.16 14:33:19.866,1.20902,1.20905,1.00,1.00
2017.01.16 14:33:20.521,1.20902,1.20906,1.00,3.00
2017.01.16 14:33:21.091,1.20903,1.20906,1.00,3.00
2017.01.16 14:33:21.192,1.209,1.20905,1.25,1.00
2017.01.16 14:33:21.243,1.20903,1.20906,1.00,2.81
2017.01.16 14:33:21.547,1.20905,1.2091,1.50,1.31
2017.01.16 14:33:21.649,1.20904,1.20907,1.00,1.25
2017.01.16 14:33:21.802,1.20902,1.20908,1.00,2.47
2017.01.16 14:33:21.853,1.20904,1.20908,1.00,2.25
2017.01.16 14:33:21.904,1.20903,1.20907,1.00,1.87
2017.01.16 14:33:22.790,1.20904,1.20907,1.00,3.37
2017.01.16 14:33:24.689,1.20901,1.20906,1.00,2.62
2017.01.16 14:33:25.195,1.20901,1.20905,1.00,3.37
2017.01.16 14:33:25.701,1.20902,1.20906,1.00,1.87
2017.01.16 14:33:26.215,1.20903,1.20906,1.00,1.50
2017.01.16 14:33:26.317,1.20901,1.20906,1.00,1.87
2017.01.16 14:33:26.861,1.20902,1.20905,1.00,1.00
2017.01.16 14:33:27.012,1.209,1.20905,1.25,1.00
2017.01.16 14:33:27.063,1.20902,1.20905,1.00,1.00
2017.01.16 14:33:27.266,1.209,1.20905,1.25,1.00
2017.01.16 14:33:27.419,1.20902,1.20905,1.00,1.25
2017.01.16 14:33:27.723,1.209,1.20903,1.00,1.00
2017.01.16 14:33:28.231,1.20901,1.20903,1.00,1.00
2017.01.16 14:33:28.856,1.20899,1.20903,1.25,1.25
2017.01.16 14:33:29.059,1.20898,1.20903,1.69,1.19
2017.01.16 14:33:29.265,1.20902,1.20905,1.00,1.00
2017.01.16 14:33:29.443,1.20904,1.20905,1.00,1.00
2017.01.16 14:33:29.494,1.20904,1.20907,1.00,1.87
2017.01.16 14:33:29.747,1.20906,1.20908,1.00,1.50
2017.01.16 14:33:29.950,1.20905,1.20907,1.00,1.00
2017.01.16 14:33:30.483,1.20906,1.20907,1.00,1.00
2017.01.16 14:33:30.989,1.20906,1.20908,1.00,1.00
2017.01.16 14:33:31.394,1.20907,1.20909,1.00,1.00
2017.01.16 14:33:31.648,1.20909,1.20911,1.00,1.87
2017.01.16 14:33:33.106,1.20908,1.2091,1.00,1.00
2017.01.16 14:33:33.309,1.20907,1.20909,1.00,1.50
2017.01.16 14:33:33.461,1.20909,1.20911,1.00,2.25
2017.01.16 14:33:33.562,1.20908,1.20911,1.50,1.00
2017.01.16 14:33:34.171,1.20907,1.20911,1.00,3.04
2017.01.16 14:33:34.491,1.20902,1.20905,1.00,1.00
2017.01.16 14:33:35.115,1.20902,1.20903,1.00,1.00
2017.01.16 14:33:35.516,1.209,1.20902,1.00,1.00
2017.01.16 14:33:35.570,1.20901,1.20903,1.00,1.00
2017.01.16 14:33:35.621,1.20899,1.20903,1.00,1.00
2017.01.16 14:33:36.128,1.20899,1.20903,1.00,1.87
2017.01.16 14:33:36.280,1.20902,1.20905,1.00,2.62
2017.01.16 14:33:36.584,1.20905,1.20907,1.00,1.00
2017.01.16 14:33:37.121,1.20904,1.20907,1.00,1.50
2017.01.16 14:33:37.577,1.20905,1.20907,1.00,1.00
2017.01.16 14:33:37.629,1.20903,1.20906,1.00,1.00
2017.01.16 14:33:37.680,1.20904,1.20906,1.00,1.00
2017.01.16 14:33:38.185,1.20904,1.20906,1.00,1.00
2017.01.16 14:33:38.700,1.20904,1.20907,1.00,2.25
2017.01.16 14:33:38.801,1.20903,1.20907,1.00,2.25
2017.01.16 14:33:38.852,1.20905,1.20907,1.00,1.50
2017.01.16 14:33:38.903,1.20903,1.20907,1.00,2.25
2017.01.16 14:33:38.954,1.20904,1.20907,1.00,2.25
2017.01.16 14:33:39.167,1.20903,1.20907,1.00,1.50
2017.01.16 14:33:39.420,1.20904,1.20907,1.00,2.25
2017.01.16 14:33:39.928,1.20905,1.20907,1.00,2.25
2017.01.16 14:33:40.081,1.20904,1.20907,1.00,2.25
2017.01.16 14:33:40.485,1.20906,1.20907,1.00,1.00
2017.01.16 14:33:40.688,1.20904,1.20907,1.00,1.00
2017.01.16 14:33:40.891,1.20902,1.20907,1.00,2.62
2017.01.16 14:33:40.942,1.20904,1.20907,1.00,1.87
2017.01.16 14:33:41.446,1.20901,1.20907,1.50,2.25
2017.01.16 14:33:41.497,1.20903,1.20905,1.00,1.50
2017.01.16 14:33:41.750,1.20904,1.20907,1.00,1.12
2017.01.16 14:33:42.054,1.209,1.20903,1.50,1.00
2017.01.16 14:33:42.105,1.20899,1.20905,1.87,8.66
2017.01.16 14:33:42.156,1.20902,1.20905,1.25,6.37
2017.01.16 14:33:42.410,1.209,1.20906,1.69,1.50
2017.01.16 14:33:42.563,1.20901,1.20904,1.00,1.00
2017.01.16 14:33:45.959,1.20899,1.20904,1.25,1.50
2017.01.16 14:33:46.507,1.209,1.20905,1.00,3.19
2017.01.16 14:33:46.811,1.209,1.20903,1.00,1.00
2017.01.16 14:33:47.545,1.209,1.20904,1.00,1.87
2017.01.16 14:33:48.075,1.209,1.20903,1.00,1.00
2017.01.16 14:33:48.601,1.209,1.20904,1.00,2.25
2017.01.16 14:33:52.675,1.20901,1.20904,1.00,1.50
2017.01.16 14:33:52.979,1.209,1.20902,1.00,1.00
2017.01.16 14:33:53.029,1.20899,1.20902,1.00,1.00
2017.01.16 14:33:53.402,1.20901,1.20904,1.00,2.62
2017.01.16 14:33:53.678,1.20909,1.20911,1.00,1.12
2017.01.16 14:33:54.179,1.20909,1.20911,1.00,1.12
2017.01.16 14:33:54.337,1.20909,1.20911,1.00,1.00
2017.01.16 14:33:54.388,1.20911,1.20913,1.00,1.00
2017.01.16 14:33:54.905,1.20912,1.20914,1.00,1.00
2017.01.16 14:33:55.410,1.20912,1.20915,1.00,1.00
2017.01.16 14:33:56.211,1.20912,1.20915,1.00,1.00
2017.01.16 14:33:56.625,1.20918,1.2092,1.00,1.00
2017.01.16 14:33:56.676,1.20919,1.20922,1.00,1.87
2017.01.16 14:33:56.778,1.20916,1.20919,1.00,1.00
2017.01.16 14:33:56.829,1.20915,1.20918,1.00,2.10
2017.01.16 14:33:56.930,1.20913,1.20916,1.50,1.00
2017.01.16 14:33:57.032,1.20914,1.20916,1.00,1.00
2017.01.16 14:33:57.235,1.20913,1.20916,1.00,1.00
2017.01.16 14:33:57.336,1.20915,1.20916,1.00,1.00
2017.01.16 14:33:57.589,1.20913,1.20916,1.00,1.00
2017.01.16 14:33:57.640,1.20914,1.20916,1.00,1.00
2017.01.16 14:33:57.842,1.20914,1.20918,1.00,1.50
2017.01.16 14:33:58.104,1.20916,1.20918,1.00,1.00
2017.01.16 14:33:58.408,1.20919,1.20921,1.00,1.00
2017.01.16 14:33:58.476,1.2092,1.20922,1.00,1.12
2017.01.16 14:33:58.974,1.2092,1.20923,1.00,3.22
2017.01.16 14:34:00.064,1.2092,1.20922,1.00,1.00
2017.01.16 14:34:00.470,1.20916,1.20923,1.50,1.87
2017.01.16 14:34:00.521,1.20919,1.20921,1.00,1.00
2017.01.16 14:34:00.572,1.20915,1.20921,1.50,1.00
2017.01.16 14:34:00.674,1.20915,1.20918,1.00,1.00
2017.01.16 14:34:00.776,1.20913,1.20918,1.00,1.00
2017.01.16 14:34:01.318,1.20913,1.20917,1.00,1.00
2017.01.16 14:34:01.791,1.2091,1.20916,1.25,1.50
2017.01.16 14:34:01.842,1.20912,1.20916,1.00,1.00
2017.01.16 14:34:02.443,1.20913,1.20917,1.00,3.75
2017.01.16 14:34:02.747,1.20915,1.20917,1.00,1.00
2017.01.16 14:34:03.356,1.20913,1.20917,1.00,1.50
2017.01.16 14:34:03.406,1.20914,1.20917,1.00,1.50
2017.01.16 14:34:03.476,1.20913,1.20917,1.00,1.50
2017.01.16 14:34:03.628,1.20911,1.20917,1.25,2.25
2017.01.16 14:34:03.902,1.20914,1.20917,1.00,2.25
2017.01.16 14:34:03.952,1.20912,1.20917,1.00,2.25
2017.01.16 14:34:05.543,1.20915,1.20917,1.00,1.00
2017.01.16 14:34:05.868,1.20916,1.20919,1.00,1.00
2017.01.16 14:34:06.696,1.20916,1.2092,1.00,1.00
2017.01.16 14:34:06.798,1.20919,1.20921,1.00,1.12
2017.01.16 14:34:06.952,1.20917,1.20921,1.69,1.12
2017.01.16 14:34:07.003,1.2092,1.20921,1.00,1.12
2017.01.16 14:34:07.842,1.2092,1.20923,1.00,1.00
2017.01.16 14:34:08.045,1.20918,1.20922,1.00,3.00
2017.01.16 14:34:08.146,1.20916,1.20921,1.00,1.62
2017.01.16 14:34:08.652,1.20918,1.20921,1.00,1.69
2017.01.16 14:34:09.024,1.20915,1.20919,1.00,1.00
2017.01.16 14:34:09.176,1.20917,1.20919,1.00,1.00
2017.01.16 14:34:09.479,1.2092,1.20923,1.00,1.37
2017.01.16 14:34:09.530,1.20921,1.20923,1.00,1.00
2017.01.16 14:34:09.581,1.20919,1.20923,1.00,1.00
2017.01.16 14:34:09.899,1.20921,1.20924,1.00,2.62
2017.01.16 14:34:10.203,1.20919,1.20924,1.00,1.31
2017.01.16 14:34:10.281,1.2092,1.20924,2.06,1.00
2017.01.16 14:34:10.586,1.20926,1.20927,1.00,1.00
2017.01.16 14:34:10.800,1.20926,1.2093,1.00,1.00
2017.01.16 14:34:11.412,1.20926,1.20929,1.00,1.00
2017.01.16 14:34:13.712,1.20926,1.20931,1.25,1.50
2017.01.16 14:34:13.814,1.20929,1.20931,1.69,1.00
2017.01.16 14:34:14.118,1.20936,1.20938,1.00,1.00
2017.01.16 14:34:14.405,1.20933,1.20938,1.19,1.00
2017.01.16 14:34:14.457,1.20931,1.20938,1.19,1.00
2017.01.16 14:34:14.963,1.2093,1.20937,1.87,1.00
2017.01.16 14:34:15.569,1.2093,1.20936,1.69,1.00
2017.01.16 14:34:16.945,1.2093,1.20937,1.69,4.12
2017.01.16 14:34:17.097,1.20929,1.20934,1.00,1.00
2017.01.16 14:34:17.488,1.20928,1.20936,1.87,4.31
2017.01.16 14:34:17.996,1.20927,1.20933,1.44,1.50
2017.01.16 14:34:18.300,1.20927,1.20932,1.19,1.50
2017.01.16 14:34:18.811,1.20927,1.20932,1.69,1.00
2017.01.16 14:34:19.646,1.20927,1.20933,1.69,1.50
2017.01.16 14:34:19.950,1.20923,1.20928,1.81,1.50
2017.01.16 14:34:21.171,1.20922,1.20928,1.19,1.87
2017.01.16 14:34:21.677,1.20922,1.20928,1.19,1.12
2017.01.16 14:34:22.504,1.20926,1.20928,1.00,1.12
2017.01.16 14:34:22.555,1.20922,1.20928,1.87,1.12
2017.01.16 14:34:22.606,1.20926,1.20929,1.00,1.87
2017.01.16 14:34:22.811,1.20924,1.20931,1.25,2.25
2017.01.16 14:34:23.318,1.20923,1.20929,1.25,1.12
2017.01.16 14:34:23.369,1.20926,1.20929,1.00,1.12
2017.01.16 14:34:23.673,1.20925,1.20931,1.25,1.87
2017.01.16 14:34:23.775,1.20923,1.20928,1.69,1.60
2017.01.16 14:34:25.271,1.20922,1.20928,1.69,1.50
2017.01.16 14:34:25.863,1.20923,1.20927,1.25,1.00
2017.01.16 14:34:26.167,1.20927,1.20929,1.00,1.00
2017.01.16 14:34:26.268,1.20927,1.20931,1.25,1.12
2017.01.16 14:34:26.319,1.20929,1.20931,1.00,1.12
2017.01.16 14:34:26.927,1.20929,1.20933,1.00,1.00
2017.01.16 14:34:27.945,1.2093,1.20933,1.00,1.00
2017.01.16 14:34:28.450,1.20931,1.20933,1.00,1.00
2017.01.16 14:34:28.502,1.20933,1.20934,1.00,1.00
2017.01.16 14:34:28.553,1.20933,1.20936,1.00,1.12
2017.01.16 14:34:29.084,1.20934,1.20936,1.00,1.00
2017.01.16 14:34:29.770,1.20934,1.20938,1.00,1.12
2017.01.16 14:34:30.709,1.20932,1.20937,1.00,1.00
2017.01.16 14:34:31.215,1.20931,1.20937,1.25,1.50
2017.01.16 14:34:31.318,1.20936,1.20938,1.00,1.87
2017.01.16 14:34:31.421,1.20938,1.20942,1.00,1.50
2017.01.16 14:34:31.959,1.20937,1.20942,1.69,1.00
2017.01.16 14:34:32.491,1.20937,1.20943,1.69,1.00
2017.01.16 14:34:33.402,1.20936,1.20941,1.19,1.00
2017.01.16 14:34:33.845,1.20934,1.20939,1.69,1.00
2017.01.16 14:34:34.813,1.20936,1.20939,1.00,1.00
2017.01.16 14:34:35.277,1.20935,1.20942,1.25,1.00
2017.01.16 14:34:35.911,1.20936,1.20942,1.19,1.00
2017.01.16 14:34:36.417,1.20939,1.20943,1.00,1.00
2017.01.16 14:34:36.518,1.2094,1.20945,1.25,1.12
2017.01.16 14:34:37.030,1.20941,1.20945,1.00,1.00
2017.01.16 14:34:37.579,1.20939,1.20945,1.19,1.00
2017.01.16 14:34:37.681,1.20937,1.20943,2.44,1.69
2017.01.16 14:34:38.899,1.20938,1.20944,1.25,1.00
2017.01.16 14:34:40.367,1.20939,1.20944,1.69,1.00
2017.01.16 14:34:40.580,1.20939,1.20946,1.69,2.25
2017.01.16 14:34:41.407,1.20939,1.20947,1.19,5.06
2017.01.16 14:34:42.405,1.20939,1.20945,1.19,1.00
2017.01.16 14:34:43.248,1.20938,1.20943,1.25,1.00
2017.01.16 14:34:43.552,1.20936,1.20941,1.69,1.00
2017.01.16 14:34:45.268,1.20934,1.20941,2.06,1.00
2017.01.16 14:34:46.704,1.20934,1.2094,1.69,1.00
2017.01.16 14:34:47.825,1.20934,1.20936,1.25,1.00
2017.01.16 14:34:47.876,1.20932,1.20934,1.87,1.19
2017.01.16 14:34:47.978,1.20931,1.20937,1.75,1.00
2017.01.16 14:34:49.825,1.20931,1.20938,1.19,1.00
2017.01.16 14:34:50.181,1.20929,1.20935,2.44,1.50
2017.01.16 14:34:50.507,1.20928,1.20932,1.19,1.00
2017.01.16 14:34:51.105,1.20928,1.20931,1.19,1.00
2017.01.16 14:34:51.523,1.20928,1.20934,1.69,1.87
2017.01.16 14:34:51.675,1.2093,1.20937,1.19,2.25
2017.01.16 14:34:51.726,1.2093,1.20937,1.69,2.25
2017.01.16 14:34:53.195,1.2093,1.20935,1.19,1.00
2017.01.16 14:34:55.727,1.20929,1.20934,1.19,1.00
2017.01.16 14:34:56.030,1.20928,1.20936,1.69,2.25
2017.01.16 14:34:56.372,1.20931,1.20939,3.45,1.75
2017.01.16 14:34:56.676,1.20933,1.20939,1.19,1.87
2017.01.16 14:34:56.727,1.20931,1.20939,3.19,2.25
2017.01.16 14:34:57.556,1.2093,1.20937,2.44,2.25
2017.01.16 14:34:57.607,1.2093,1.20936,1.25,1.00
2017.01.16 14:34:57.977,1.20931,1.20938,1.00,1.87
2017.01.16 14:34:58.255,1.20931,1.20938,1.69,1.00
2017.01.16 14:34:58.559,1.20931,1.20937,1.25,1.00
2017.01.16 14:34:59.723,1.20931,1.20937,1.19,1.00
2017.01.16 14:34:59.825,1.20931,1.20939,3.04,1.12
2017.01.16 14:35:00.826,1.20932,1.20938,2.29,1.00
2017.01.16 14:35:01.373,1.20932,1.20939,3.04,1.50
2017.01.16 14:35:02.294,1.20932,1.20939,3.00,1.50
2017.01.16 14:35:02.755,1.20933,1.20941,1.81,3.00
2017.01.16 14:35:03.290,1.20932,1.2094,4.50,1.00
2017.01.16 14:35:03.712,1.20932,1.20938,1.50,1.00
2017.01.16 14:35:04.797,1.20931,1.20937,1.75,1.00
2017.01.16 14:35:05.428,1.20931,1.20938,2.25,1.87
2017.01.16 14:35:05.947,1.20931,1.20937,2.25,1.00
2017.01.16 14:35:08.173,1.20931,1.20939,2.25,2.25
2017.01.16 14:35:09.665,1.20937,1.20939,1.00,1.00
2017.01.16 14:35:09.868,1.20943,1.20949,2.62,1.50
2017.01.16 14:35:09.985,1.20943,1.20949,2.62,1.87
2017.01.16 14:35:10.189,1.20943,1.20946,1.25,1.00
2017.01.16 14:35:10.240,1.20942,1.20949,3.88,1.69
2017.01.16 14:35:10.847,1.20942,1.20949,1.00,1.19
2017.01.16 14:35:11.151,1.20944,1.2095,1.50,1.12
2017.01.16 14:35:11.303,1.20944,1.20953,4.31,3.94
2017.01.16 14:35:11.354,1.20946,1.20953,1.00,3.56
2017.01.16 14:35:11.670,1.20956,1.20959,1.00,1.25
2017.01.16 14:35:11.822,1.20956,1.20962,1.50,1.25
2017.01.16 14:35:12.026,1.20958,1.20963,1.00,2.06
2017.01.16 14:35:12.867,1.20957,1.20962,1.00,1.54
2017.01.16 14:35:12.919,1.20955,1.20961,1.87,1.35
2017.01.16 14:35:12.971,1.20955,1.20959,1.12,1.35
2017.01.16 14:35:13.274,1.20953,1.20958,1.00,1.19
2017.01.16 14:35:13.866,1.20952,1.20957,1.00,1.25
2017.01.16 14:35:14.182,1.20954,1.20957,1.00,1.25
2017.01.16 14:35:14.233,1.20952,1.20957,1.00,1.25
2017.01.16 14:35:15.681,1.20952,1.20955,1.00,1.00
2017.01.16 14:35:15.985,1.2095,1.20952,1.87,1.00
2017.01.16 14:35:16.190,1.20948,1.2095,1.00,1.00
2017.01.16 14:35:16.444,1.20946,1.20949,1.25,1.00
2017.01.16 14:35:16.946,1.20946,1.20951,1.25,1.00
2017.01.16 14:35:17.199,1.20945,1.20949,1.69,1.00
2017.01.16 14:35:17.502,1.20952,1.20955,1.00,1.00
2017.01.16 14:35:17.654,1.20954,1.20958,1.50,1.00
2017.01.16 14:35:17.756,1.20955,1.20958,1.50,1.00
2017.01.16 14:35:18.094,1.20952,1.20954,1.25,1.00
2017.01.16 14:35:18.246,1.20952,1.20956,1.00,1.00
2017.01.16 14:35:18.348,1.20952,1.20954,2.33,1.00
2017.01.16 14:35:18.849,1.20951,1.20954,2.33,1.00
2017.01.16 14:35:19.053,1.20953,1.20958,1.58,2.25
2017.01.16 14:35:19.328,1.20955,1.20958,1.12,1.00
2017.01.16 14:35:19.531,1.20955,1.2096,1.50,1.50
2017.01.16 14:35:19.582,1.2096,1.20962,1.50,1.00
2017.01.16 14:35:19.633,1.2096,1.20965,2.25,2.44
2017.01.16 14:35:19.785,1.20961,1.20967,3.08,1.50
2017.01.16 14:35:20.040,1.20962,1.20965,2.14,1.00
2017.01.16 14:35:20.293,1.20961,1.20966,1.69,1.00
2017.01.16 14:35:20.395,1.20962,1.20966,1.19,1.00
2017.01.16 14:35:20.802,1.20968,1.2097,1.58,2.25
2017.01.16 14:35:20.875,1.20965,1.20969,4.39,1.00
2017.01.16 14:35:21.027,1.20966,1.20969,2.71,1.00
2017.01.16 14:35:21.180,1.20965,1.20968,1.00,1.00
2017.01.16 14:35:21.686,1.20964,1.20969,1.60,1.00
2017.01.16 14:35:21.983,1.20963,1.20968,1.91,1.00
2017.01.16 14:35:22.035,1.20962,1.20965,1.50,1.00
2017.01.16 14:35:22.409,1.20957,1.20959,4.02,1.00
2017.01.16 14:35:22.512,1.20948,1.20953,3.94,1.00
2017.01.16 14:35:22.566,1.20949,1.20952,2.52,1.00
2017.01.16 14:35:22.770,1.20951,1.20952,1.00,1.00
2017.01.16 14:35:23.187,1.20949,1.20953,2.89,1.00
2017.01.16 14:35:23.693,1.2095,1.20953,1.00,1.00
2017.01.16 14:35:24.998,1.2095,1.20956,1.50,1.12
2017.01.16 14:35:26.886,1.20951,1.20956,1.00,1.12
2017.01.16 14:35:27.089,1.20953,1.20955,1.00,1.00
2017.01.16 14:35:27.610,1.20952,1.20955,1.00,1.00
2017.01.16 14:35:28.351,1.20951,1.20956,1.00,1.00
2017.01.16 14:35:28.677,1.20952,1.20953,1.00,1.00
2017.01.16 14:35:29.182,1.20951,1.20953,1.00,1.00
2017.01.16 14:35:30.294,1.20951,1.20954,1.00,1.00
2017.01.16 14:35:30.496,1.20949,1.20954,1.50,1.00
2017.01.16 14:35:30.966,1.20949,1.20951,1.50,1.00
2017.01.16 14:35:31.270,1.20945,1.20948,2.62,1.00
2017.01.16 14:35:31.574,1.20945,1.20949,1.87,1.00
2017.01.16 14:35:31.625,1.20944,1.20947,1.50,1.00
2017.01.16 14:35:32.162,1.20945,1.20947,1.00,1.00
2017.01.16 14:35:33.070,1.20944,1.20946,1.00,1.00
2017.01.16 14:35:33.138,1.20945,1.20947,1.00,1.00
2017.01.16 14:35:33.797,1.20946,1.20948,1.00,1.00
2017.01.16 14:35:35.772,1.20945,1.20948,1.25,1.00
2017.01.16 14:35:40.622,1.20945,1.20948,1.44,1.00
2017.01.16 14:35:40.921,1.20945,1.20951,1.87,1.00
2017.01.16 14:35:41.073,1.2095,1.20954,1.00,1.31
2017.01.16 14:35:41.174,1.2095,1.20958,1.12,2.06
2017.01.16 14:35:41.276,1.2095,1.20958,2.25,1.25
2017.01.16 14:35:41.681,1.2095,1.20956,1.12,1.00
2017.01.16 14:35:42.201,1.20949,1.20957,1.87,1.35
2017.01.16 14:35:42.864,1.20949,1.20955,1.87,1.00
2017.01.16 14:35:47.055,1.20949,1.20956,1.37,1.50
2017.01.16 14:35:49.396,1.20949,1.20955,1.37,1.00
2017.01.16 14:35:50.403,1.20948,1.20955,3.37,1.69
2017.01.16 14:35:50.869,1.2095,1.20956,2.06,1.00
2017.01.16 14:35:51.376,1.2095,1.20957,2.81,1.25
2017.01.16 14:35:53.775,1.20952,1.20959,1.19,1.00
2017.01.16 14:35:53.926,1.20951,1.20961,5.62,2.06
2017.01.16 14:35:54.146,1.20951,1.20959,4.50,1.00
2017.01.16 14:35:54.320,1.20951,1.20959,3.37,1.50
2017.01.16 14:35:54.882,1.20951,1.20959,3.19,1.69
2017.01.16 14:35:55.418,1.20952,1.20957,1.00,1.00
2017.01.16 14:35:56.743,1.20952,1.20959,1.00,1.50
2017.01.16 14:35:57.957,1.20952,1.20959,1.50,1.69
2017.01.16 14:35:58.623,1.20951,1.20958,3.19,1.25
2017.01.16 14:35:59.193,1.20952,1.20958,1.00,1.25
2017.01.16 14:35:59.753,1.20952,1.20957,1.00,1.00
2017.01.16 14:36:00.380,1.20954,1.20957,1.00,1.00
2017.01.16 14:36:00.785,1.20952,1.20954,1.00,1.00
2017.01.16 14:36:00.937,1.2095,1.20953,1.50,1.00
2017.01.16 14:36:01.139,1.20949,1.20951,2.25,1.00
2017.01.16 14:36:01.330,1.20946,1.20949,1.12,1.25
2017.01.16 14:36:01.684,1.20944,1.20949,2.29,1.00
2017.01.16 14:36:02.039,1.20944,1.20947,1.30,1.00
2017.01.16 14:36:02.292,1.20942,1.20947,4.91,1.00
2017.01.16 14:36:02.478,1.20943,1.20947,1.60,1.00
2017.01.16 14:36:03.093,1.20943,1.20947,1.35,1.00
2017.01.16 14:36:03.144,1.20943,1.2095,2.10,1.87
2017.01.16 14:36:03.470,1.20942,1.20946,1.25,1.00
2017.01.16 14:36:03.779,1.2094,1.20945,2.81,1.00
2017.01.16 14:36:05.139,1.20941,1.20945,1.00,1.00
2017.01.16 14:36:05.440,1.2094,1.20943,1.54,1.00
2017.01.16 14:36:05.946,1.20941,1.20944,1.00,1.00
2017.01.16 14:36:06.098,1.20939,1.20944,1.00,1.00
2017.01.16 14:36:06.649,1.20938,1.20944,1.00,1.00
2017.01.16 14:36:07.894,1.20938,1.20942,1.00,1.00
2017.01.16 14:36:08.197,1.20935,1.2094,3.56,1.00
2017.01.16 14:36:08.518,1.20938,1.20942,1.50,1.00
2017.01.16 14:36:08.832,1.20938,1.20943,1.31,1.00
2017.01.16 14:36:08.984,1.20936,1.20941,1.87,1.00
2017.01.16 14:36:09.492,1.20937,1.20942,1.00,1.25
2017.01.16 14:36:10.039,1.20938,1.20943,1.00,1.19
2017.01.16 14:36:10.571,1.20937,1.20943,1.69,1.19
2017.01.16 14:36:10.929,1.20939,1.20943,1.00,1.00
2017.01.16 14:36:11.434,1.20938,1.20943,1.50,1.00
2017.01.16 14:36:12.127,1.20939,1.20943,1.00,1.00
2017.01.16 14:36:13.054,1.2094,1.20943,1.00,1.00
2017.01.16 14:36:13.155,1.20938,1.20943,1.87,1.00
2017.01.16 14:36:13.462,1.2094,1.20943,1.00,1.00
2017.01.16 14:36:13.564,1.20938,1.20943,2.62,1.00
2017.01.16 14:36:14.073,1.20939,1.20943,1.00,1.00
2017.01.16 14:36:14.174,1.20938,1.20941,1.12,1.00
2017.01.16 14:36:14.479,1.20936,1.2094,1.00,1.00
2017.01.16 14:36:14.998,1.20935,1.20939,3.94,1.00
2017.01.16 14:36:15.507,1.20935,1.20938,3.19,1.00
2017.01.16 14:36:16.136,1.20935,1.2094,3.19,1.00
2017.01.16 14:36:16.187,1.20936,1.20942,1.00,1.00
2017.01.16 14:36:16.733,1.20934,1.20941,9.04,1.00
2017.01.16 14:36:17.240,1.20935,1.20942,1.31,1.00
2017.01.16 14:36:17.747,1.20935,1.20943,2.44,1.69
2017.01.16 14:36:18.172,1.20934,1.2094,1.12,1.25
2017.01.16 14:36:19.043,1.20935,1.20942,1.00,4.12
2017.01.16 14:36:19.549,1.20934,1.20941,1.50,1.19
2017.01.16 14:36:21.391,1.20936,1.20942,1.00,1.00
2017.01.16 14:36:21.695,1.20938,1.20944,1.00,1.25
2017.01.16 14:36:22.598,1.20939,1.20945,1.00,1.69
2017.01.16 14:36:25.522,1.2094,1.20945,1.00,1.19
2017.01.16 14:36:26.027,1.2094,1.20947,2.25,1.69
2017.01.16 14:36:26.533,1.20941,1.20947,1.00,1.19
2017.01.16 14:36:27.070,1.20941,1.20947,1.00,1.25
2017.01.16 14:36:27.853,1.2094,1.20947,1.00,1.25
2017.01.16 14:36:29.732,1.2094,1.20947,1.00,2.25
2017.01.16 14:36:29.834,1.2094,1.20947,1.12,1.69
2017.01.16 14:36:30.786,1.20939,1.20945,1.69,1.00
2017.01.16 14:36:31.316,1.20939,1.20946,1.69,1.00
2017.01.16 14:36:32.470,1.20938,1.20943,1.00,1.69
2017.01.16 14:36:32.622,1.20936,1.20943,1.00,1.69
2017.01.16 14:36:33.456,1.20935,1.20941,1.25,1.50
2017.01.16 14:36:34.087,1.20933,1.20942,3.22,1.19
2017.01.16 14:36:34.647,1.20934,1.20941,1.00,1.25
2017.01.16 14:36:36.380,1.20933,1.20941,1.50,1.25
2017.01.16 14:36:37.080,1.20933,1.2094,1.50,1.50
2017.01.16 14:36:37.596,1.20932,1.2094,1.05,5.62
2017.01.16 14:36:38.138,1.20931,1.2094,2.29,6.19
2017.01.16 14:36:40.019,1.20932,1.2094,1.05,3.94
2017.01.16 14:36:40.567,1.20931,1.2094,3.04,3.56
2017.01.16 14:36:41.864,1.20931,1.2094,5.59,3.56
2017.01.16 14:36:43.850,1.20931,1.20939,2.10,3.19
2017.01.16 14:36:44.053,1.2093,1.20937,1.00,1.44
2017.01.16 14:36:44.641,1.20929,1.20936,3.04,1.25
2017.01.16 14:36:46.080,1.20929,1.20935,1.54,1.00
2017.01.16 14:36:46.181,1.2093,1.20937,1.60,2.06
2017.01.16 14:36:46.485,1.20936,1.20941,1.69,1.00
2017.01.16 14:36:46.536,1.20936,1.20944,1.69,2.81
2017.01.16 14:36:50.132,1.20935,1.20943,1.50,1.25
2017.01.16 14:36:50.234,1.20933,1.20942,4.69,1.00
2017.01.16 14:36:51.553,1.20934,1.20941,1.00,1.00
2017.01.16 14:36:52.068,1.20933,1.20941,3.22,1.69
2017.01.16 14:36:57.636,1.20933,1.20941,5.10,1.69
2017.01.16 14:36:59.116,1.20935,1.20942,1.25,1.00
2017.01.16 14:36:59.618,1.20934,1.20941,1.69,1.25
2017.01.16 14:37:00.277,1.20934,1.2094,1.69,1.19
2017.01.16 14:37:00.534,1.20934,1.20943,1.69,3.94
2017.01.16 14:37:00.686,1.20935,1.20941,1.25,1.19
2017.01.16 14:37:01.096,1.20935,1.20942,1.44,1.87
2017.01.16 14:37:02.110,1.20936,1.20943,1.25,5.44
2017.01.16 14:37:02.537,1.20935,1.20942,1.19,1.87
2017.01.16 14:37:04.934,1.20934,1.20938,1.87,1.00
2017.01.16 14:37:04.985,1.20934,1.20938,1.69,1.00
2017.01.16 14:37:06.003,1.20932,1.20937,2.62,1.00
2017.01.16 14:37:06.156,1.20931,1.20937,1.25,1.25
2017.01.16 14:37:06.699,1.20932,1.20937,1.00,1.00
2017.01.16 14:37:08.337,1.20931,1.20937,1.25,1.25
2017.01.16 14:37:08.592,1.20933,1.20937,1.00,1.00
2017.01.16 14:37:11.593,1.20931,1.20936,1.25,1.00
2017.01.16 14:37:11.644,1.2093,1.20938,1.44,3.00
2017.01.16 14:37:11.746,1.2093,1.20938,1.25,3.37
2017.01.16 14:37:11.898,1.2093,1.20938,1.25,2.62
2017.01.16 14:37:12.649,1.2093,1.20937,1.25,1.00
2017.01.16 14:37:14.458,1.20932,1.20938,2.10,1.00
2017.01.16 14:37:14.966,1.20932,1.20939,1.35,1.12
2017.01.16 14:37:15.283,1.20928,1.20935,3.94,1.69
2017.01.16 14:37:15.793,1.20927,1.20934,5.29,1.00
2017.01.16 14:37:16.311,1.20928,1.20935,1.54,1.25
2017.01.16 14:37:16.971,1.20928,1.20935,1.19,1.69
2017.01.16 14:37:17.679,1.20927,1.2093,1.00,1.00
2017.01.16 14:37:17.730,1.20923,1.2093,2.62,1.50
2017.01.16 14:37:17.781,1.20923,1.2093,1.69,2.44
2017.01.16 14:37:18.347,1.20921,1.20928,3.04,1.19
2017.01.16 14:37:18.871,1.20922,1.20929,2.29,2.81
2017.01.16 14:37:19.141,1.20921,1.20929,1.65,3.75
2017.01.16 14:37:19.744,1.20921,1.20928,1.05,1.44
2017.01.16 14:37:20.380,1.2092,1.20928,2.10,4.69
2017.01.16 14:37:20.583,1.20922,1.20928,1.00,2.44
2017.01.16 14:37:21.088,1.20921,1.20928,1.35,1.31
2017.01.16 14:37:21.392,1.20923,1.20929,1.00,3.37
2017.01.16 14:37:23.274,1.2092,1.20928,5.66,1.25
2017.01.16 14:37:23.579,1.2092,1.20926,1.54,1.69
2017.01.16 14:37:24.096,1.20919,1.20927,2.29,3.94
2017.01.16 14:37:24.603,1.2092,1.20927,1.54,1.69
2017.01.16 14:37:25.122,1.20919,1.20924,3.04,1.00
2017.01.16 14:37:25.224,1.20919,1.20926,2.29,1.25
2017.01.16 14:37:25.275,1.20919,1.20926,2.29,1.31
2017.01.16 14:37:25.326,1.20917,1.20924,1.69,2.44
2017.01.16 14:37:25.376,1.20916,1.20922,2.81,1.50
2017.01.16 14:37:25.427,1.20915,1.2092,1.69,1.00
2017.01.16 14:37:25.681,1.20915,1.20923,1.25,2.25
2017.01.16 14:37:26.760,1.20914,1.20921,1.19,1.00
2017.01.16 14:37:27.261,1.20914,1.20922,1.35,2.44
2017.01.16 14:37:27.864,1.20915,1.20922,1.00,2.44
2017.01.16 14:37:28.426,1.20915,1.20922,1.25,1.50
2017.01.16 14:37:30.125,1.20914,1.20921,2.44,1.50
2017.01.16 14:37:30.176,1.20914,1.20919,1.69,1.25
2017.01.16 14:37:30.379,1.20912,1.20919,2.44,1.19
2017.01.16 14:37:31.073,1.20912,1.20919,2.29,1.19
2017.01.16 14:37:32.073,1.20912,1.20919,2.29,1.19
2017.01.16 14:37:33.298,1.20912,1.20919,2.29,1.19
2017.01.16 14:37:34.264,1.20914,1.20919,1.00,1.19
2017.01.16 14:37:34.806,1.20914,1.2092,1.00,4.31
2017.01.16 14:37:36.654,1.20915,1.2092,1.00,3.56
2017.01.16 14:37:36.755,1.20917,1.2092,1.00,1.69
2017.01.16 14:37:36.806,1.20918,1.20922,1.00,2.00
2017.01.16 14:37:36.957,1.20919,1.20923,1.00,2.62
2017.01.16 14:37:37.008,1.20917,1.20923,1.00,1.87
2017.01.16 14:37:37.109,1.20917,1.20923,1.00,2.25
2017.01.16 14:37:37.414,1.20916,1.20922,1.00,2.06
2017.01.16 14:37:38.096,1.20916,1.20922,1.00,1.69
2017.01.16 14:37:38.968,1.20917,1.20921,1.00,1.19
2017.01.16 14:37:39.419,1.20918,1.20923,1.00,3.37
2017.01.16 14:37:40.955,1.20917,1.20922,1.00,1.25
2017.01.16 14:37:45.153,1.20916,1.20919,1.00,1.00
2017.01.16 14:37:45.507,1.20916,1.20922,1.50,1.69
2017.01.16 14:37:45.558,1.20919,1.20922,1.00,1.31
2017.01.16 14:37:46.960,1.20916,1.20923,2.44,1.31
2017.01.16 14:37:50.293,1.20918,1.20924,1.25,1.69
2017.01.16 14:37:52.411,1.20919,1.20925,1.00,3.94
2017.01.16 14:37:53.779,1.2092,1.20925,1.00,2.06
2017.01.16 14:37:54.293,1.20919,1.20925,1.25,2.06
2017.01.16 14:37:55.159,1.20921,1.20925,1.00,1.31
2017.01.16 14:37:55.666,1.20922,1.20926,1.00,1.87
2017.01.16 14:37:55.717,1.20922,1.20928,1.00,1.00
2017.01.16 14:37:56.267,1.20922,1.20929,1.00,3.00
2017.01.16 14:37:58.283,1.20923,1.20929,1.00,1.50
2017.01.16 14:38:00.314,1.20924,1.20929,1.50,1.12
2017.01.16 14:38:00.567,1.20925,1.20931,1.00,1.12
2017.01.16 14:38:01.100,1.20924,1.20932,1.50,1.50
2017.01.16 14:38:01.509,1.20926,1.20932,1.50,1.50
2017.01.16 14:38:01.814,1.20923,1.2093,1.50,1.25
2017.01.16 14:38:02.763,1.20924,1.2093,1.00,1.69
2017.01.16 14:38:03.333,1.20923,1.2093,1.50,1.69
2017.01.16 14:38:04.249,1.20923,1.2093,2.44,1.69
2017.01.16 14:38:05.023,1.20925,1.2093,1.00,1.00
2017.01.16 14:38:06.508,1.20924,1.20929,1.25,1.00
2017.01.16 14:38:06.660,1.20923,1.20926,1.19,1.00
2017.01.16 14:38:06.863,1.20923,1.20929,1.69,1.56
2017.01.16 14:38:07.225,1.2092,1.20926,1.87,1.31
2017.01.16 14:38:07.731,1.20918,1.20924,1.19,1.31
2017.01.16 14:38:08.730,1.2092,1.20925,1.00,1.19
2017.01.16 14:38:09.280,1.20918,1.20926,2.44,2.44
2017.01.16 14:38:10.317,1.20918,1.20926,2.44,1.69
2017.01.16 14:38:11.131,1.20918,1.20926,1.69,2.06
2017.01.16 14:38:12.358,1.20918,1.20926,1.69,2.06
2017.01.16 14:38:12.459,1.20918,1.20925,1.69,2.44
2017.01.16 14:38:13.745,1.20918,1.20925,1.69,2.44
2017.01.16 14:38:14.644,1.20918,1.20924,1.25,1.56
2017.01.16 14:38:14.695,1.20917,1.20924,1.00,2.81
2017.01.16 14:38:15.224,1.20916,1.20923,1.25,1.19
2017.01.16 14:38:16.335,1.20917,1.20923,1.00,1.19
2017.01.16 14:38:17.435,1.20916,1.20923,1.25,1.19
2017.01.16 14:38:18.861,1.20917,1.20923,1.00,1.19
2017.01.16 14:38:19.437,1.20916,1.20923,1.25,1.69
2017.01.16 14:38:20.355,1.20917,1.20923,1.00,1.31
2017.01.16 14:38:21.281,1.20917,1.20923,1.00,1.25
2017.01.16 14:38:21.332,1.20917,1.20924,1.50,2.06
2017.01.16 14:38:21.872,1.20915,1.20923,2.44,1.31
2017.01.16 14:38:22.960,1.20917,1.20922,1.00,1.19
2017.01.16 14:38:23.503,1.20915,1.20921,2.44,1.00
2017.01.16 14:38:26.593,1.20916,1.20923,1.25,1.31
2017.01.16 14:38:27.581,1.20915,1.20923,2.44,1.31
2017.01.16 14:38:28.179,1.20916,1.20923,1.25,1.31
2017.01.16 14:38:28.782,1.20916,1.20923,1.25,2.06
2017.01.16 14:38:29.771,1.20917,1.20923,1.00,2.81
2017.01.16 14:38:30.042,1.20915,1.2092,2.44,1.00
2017.01.16 14:38:30.345,1.20915,1.20919,1.25,1.19
2017.01.16 14:38:30.976,1.20916,1.20921,1.00,3.19
2017.01.16 14:38:31.178,1.20916,1.20921,1.00,2.44
2017.01.16 14:38:31.863,1.20916,1.20921,1.00,2.44
2017.01.16 14:38:32.405,1.20914,1.20921,2.44,2.06
2017.01.16 14:38:34.450,1.20916,1.20922,1.00,2.44
2017.01.16 14:38:34.552,1.20918,1.20924,1.00,3.19
2017.01.16 14:38:34.704,1.20919,1.20924,1.25,1.69
2017.01.16 14:38:35.210,1.20919,1.20925,1.25,1.00
2017.01.16 14:38:35.463,1.20921,1.20926,1.00,1.37
2017.01.16 14:38:35.769,1.20918,1.20923,1.19,1.19
2017.01.16 14:38:36.578,1.20919,1.20924,1.25,1.69
2017.01.16 14:38:37.890,1.20918,1.20925,2.44,1.00
2017.01.16 14:38:38.863,1.20919,1.20924,1.25,1.00
2017.01.16 14:38:39.593,1.20918,1.20923,1.69,1.00
2017.01.16 14:38:40.102,1.20918,1.20922,1.69,1.25
2017.01.16 14:38:44.133,1.20917,1.20922,1.00,1.25
2017.01.16 14:38:44.539,1.20919,1.20923,1.00,2.44
2017.01.16 14:38:44.742,1.20917,1.20924,2.44,1.50
2017.01.16 14:38:45.151,1.20917,1.20922,2.44,1.00
2017.01.16 14:38:45.725,1.20917,1.20922,1.25,1.00
2017.01.16 14:38:46.190,1.20916,1.2092,1.19,1.00
2017.01.16 14:38:46.704,1.20916,1.20921,1.69,1.00
2017.01.16 14:38:47.210,1.20918,1.20921,1.00,1.00
2017.01.16 14:38:48.287,1.20917,1.20923,1.25,1.25
2017.01.16 14:38:48.338,1.2092,1.20924,1.00,1.12
2017.01.16 14:38:48.847,1.20919,1.20925,1.25,1.50
2017.01.16 14:38:49.424,1.2092,1.20925,1.00,1.00
2017.01.16 14:38:49.915,1.20922,1.20928,1.05,1.25
2017.01.16 14:38:50.284,1.20921,1.20925,1.19,1.00
2017.01.16 14:38:50.335,1.2092,1.20926,1.69,1.69
2017.01.16 14:38:50.847,1.2092,1.20925,1.25,1.50
2017.01.16 14:38:51.354,1.20919,1.20924,1.19,1.00
2017.01.16 14:38:51.890,1.20919,1.20925,1.69,2.25
2017.01.16 14:38:51.941,1.20919,1.20923,1.69,1.00
2017.01.16 14:38:52.478,1.20919,1.20924,1.69,1.00
2017.01.16 14:38:54.793,1.20919,1.20923,1.19,1.00
2017.01.16 14:38:55.954,1.20917,1.20923,1.25,1.00
2017.01.16 14:38:56.898,1.20918,1.20924,1.00,1.50
2017.01.16 14:38:57.222,1.20918,1.20921,1.00,1.00
2017.01.16 14:38:57.781,1.20916,1.20921,1.69,1.00
2017.01.16 14:38:58.830,1.20916,1.20922,1.69,1.50
2017.01.16 14:39:06.799,1.20917,1.20923,1.25,1.31
2017.01.16 14:39:07.103,1.20918,1.20924,1.19,1.50
2017.01.16 14:39:07.815,1.20918,1.20925,1.25,1.50
2017.01.16 14:39:08.333,1.20917,1.20924,1.19,1.00
2017.01.16 14:39:08.865,1.20917,1.20923,1.19,1.00
2017.01.16 14:39:09.213,1.20914,1.2092,1.50,1.12
2017.01.16 14:39:10.152,1.20914,1.20919,1.25,1.00
2017.01.16 14:39:11.851,1.20913,1.2092,1.54,2.25
2017.01.16 14:39:13.536,1.20915,1.2092,1.19,1.50
2017.01.16 14:39:13.637,1.20912,1.2092,1.72,3.30
2017.01.16 14:39:14.086,1.20915,1.2092,1.19,1.50
2017.01.16 14:39:15.011,1.20914,1.2092,1.25,1.50
2017.01.16 14:39:16.805,1.20915,1.2092,1.00,1.50
2017.01.16 14:39:16.907,1.20918,1.20922,1.00,1.50
2017.01.16 14:39:16.959,1.20916,1.20922,1.25,1.50
2017.01.16 14:39:17.161,1.20918,1.20922,1.25,1.00
2017.01.16 14:39:19.689,1.20919,1.20924,1.00,2.25
2017.01.16 14:39:19.942,1.2092,1.20926,1.00,3.37
2017.01.16 14:39:22.434,1.20919,1.20925,1.19,1.00
2017.01.16 14:39:23.461,1.20919,1.20926,1.19,2.25
2017.01.16 14:39:23.665,1.20922,1.20926,1.00,1.50
2017.01.16 14:39:23.841,1.20921,1.20928,1.69,2.06
2017.01.16 14:39:23.943,1.20921,1.20926,1.69,1.50
2017.01.16 14:39:24.205,1.20919,1.20926,1.31,1.50
2017.01.16 14:39:24.854,1.20919,1.20927,1.31,1.00
2017.01.16 14:39:25.393,1.2092,1.20927,1.00,2.25
2017.01.16 14:39:25.938,1.20919,1.20927,1.31,2.25
2017.01.16 14:39:26.071,1.20921,1.20928,1.69,1.69
2017.01.16 14:39:26.527,1.20923,1.20931,3.00,1.50
2017.01.16 14:39:26.781,1.20926,1.20931,1.00,1.50
2017.01.16 14:39:27.287,1.20927,1.20932,1.00,1.00
2017.01.16 14:39:27.840,1.20925,1.20932,1.19,1.00
2017.01.16 14:39:28.498,1.20923,1.20926,1.87,1.00
2017.01.16 14:39:28.701,1.20922,1.20927,1.50,1.00
2017.01.16 14:39:29.207,1.2092,1.20928,2.85,2.25
2017.01.16 14:39:29.935,1.20921,1.20928,1.00,2.25
2017.01.16 14:39:31.583,1.20921,1.20927,1.00,1.00
2017.01.16 14:39:31.785,1.20923,1.20927,1.00,1.00
2017.01.16 14:39:32.291,1.20922,1.20927,1.25,1.00
2017.01.16 14:39:32.760,1.20923,1.20929,1.00,1.00
2017.01.16 14:39:33.064,1.20924,1.20931,1.25,2.06
2017.01.16 14:39:33.310,1.20926,1.20932,1.00,2.06
2017.01.16 14:39:33.650,1.20928,1.20932,1.00,1.00
2017.01.16 14:39:33.802,1.20926,1.20932,1.69,1.00
2017.01.16 14:39:34.005,1.20929,1.20934,1.69,2.06
2017.01.16 14:39:34.309,1.20936,1.20938,1.00,1.00
2017.01.16 14:39:34.517,1.20936,1.20942,1.00,1.00
2017.01.16 14:39:35.015,1.20936,1.2094,1.00,1.00
2017.01.16 14:39:35.421,1.20934,1.20942,2.62,1.00
2017.01.16 14:39:36.534,1.20935,1.20942,1.87,2.25
2017.01.16 14:39:36.738,1.20935,1.20939,1.44,1.00
2017.01.16 14:39:37.259,1.20935,1.20939,1.12,1.00
2017.01.16 14:39:38.099,1.20935,1.20941,1.12,1.00
2017.01.16 14:39:38.643,1.20936,1.20942,1.00,1.00
2017.01.16 14:39:39.171,1.20936,1.20941,1.00,1.00
2017.01.16 14:39:39.931,1.20937,1.20941,1.00,1.00
2017.01.16 14:39:40.475,1.20936,1.20942,1.69,1.00
2017.01.16 14:39:41.300,1.20937,1.20942,1.00,1.00
2017.01.16 14:39:41.806,1.20938,1.20943,1.00,2.06
2017.01.16 14:39:42.213,1.20936,1.20943,1.50,1.31
2017.01.16 14:39:43.082,1.20937,1.20943,1.00,1.31
2017.01.16 14:39:46.920,1.20936,1.20943,1.00,1.31
2017.01.16 14:39:47.150,1.20933,1.20937,1.87,1.31
2017.01.16 14:39:47.353,1.20929,1.20932,1.12,1.00
2017.01.16 14:39:47.758,1.20924,1.20933,2.44,3.94
2017.01.16 14:39:47.860,1.20927,1.2093,1.00,1.31
2017.01.16 14:39:48.164,1.20927,1.20932,1.00,1.12
2017.01.16 14:39:48.947,1.20926,1.20931,1.00,1.25
2017.01.16 14:39:49.402,1.20924,1.20931,1.69,2.06
2017.01.16 14:39:49.929,1.20924,1.20931,1.25,2.06
2017.01.16 14:39:52.314,1.20925,1.20931,1.00,2.06
2017.01.16 14:39:52.859,1.20926,1.20932,1.00,3.56
2017.01.16 14:39:53.162,1.20922,1.2093,2.81,1.19
2017.01.16 14:39:53.213,1.20925,1.20929,1.00,1.69
2017.01.16 14:39:53.264,1.20923,1.20928,1.69,1.00
2017.01.16 14:39:53.821,1.20923,1.20927,1.50,1.00
2017.01.16 14:39:54.350,1.20923,1.20928,1.00,1.50
2017.01.16 14:39:54.553,1.20923,1.20926,1.00,1.19
2017.01.16 14:39:55.009,1.2092,1.20926,1.00,1.69
2017.01.16 14:39:55.565,1.20919,1.20925,1.25,1.00
2017.01.16 14:39:56.982,1.2092,1.20925,1.00,1.00
2017.01.16 14:39:57.514,1.20919,1.20925,1.25,1.50
2017.01.16 14:39:58.030,1.20918,1.20924,1.19,1.00
2017.01.16 14:39:58.586,1.2092,1.20925,1.00,2.44
2017.01.16 14:40:01.640,1.20919,1.20925,1.25,3.19
2017.01.16 14:40:01.792,1.20922,1.20925,1.00,1.00
2017.01.16 14:40:02.297,1.20921,1.20928,1.69,1.19
2017.01.16 14:40:02.819,1.20922,1.20927,1.00,1.25
2017.01.16 14:40:03.379,1.20923,1.20927,1.00,1.25
2017.01.16 14:40:03.630,1.20921,1.20927,1.69,1.25
2017.01.16 14:40:04.138,1.20923,1.20927,1.00,1.25
2017.01.16 14:40:04.441,1.20927,1.20932,1.25,2.00
2017.01.16 14:40:04.594,1.20926,1.20932,1.69,1.25
2017.01.16 14:40:05.199,1.20928,1.20932,1.19,1.25
2017.01.16 14:40:05.332,1.20926,1.20932,1.00,1.25
2017.01.16 14:40:05.686,1.20926,1.2093,1.00,1.00
2017.01.16 14:40:06.202,1.20925,1.20931,1.00,1.25
2017.01.16 14:40:06.507,1.20922,1.20926,1.25,1.19
2017.01.16 14:40:06.710,1.20921,1.20927,1.85,1.31
2017.01.16 14:40:06.762,1.20925,1.20929,1.00,1.12
2017.01.16 14:40:06.948,1.20927,1.2093,1.00,2.62
2017.01.16 14:40:07.478,1.20927,1.20931,1.00,1.25
2017.01.16 14:40:08.981,1.20928,1.20932,1.00,1.44
2017.01.16 14:40:09.494,1.20927,1.20932,1.25,1.19
2017.01.16 14:40:10.252,1.20928,1.20934,1.00,3.19
2017.01.16 14:40:10.794,1.20927,1.20934,1.25,3.19
2017.01.16 14:40:12.894,1.20927,1.20932,1.25,1.25
2017.01.16 14:40:13.496,1.20926,1.20932,1.25,1.25
2017.01.16 14:40:14.200,1.20925,1.20932,1.00,1.44
2017.01.16 14:40:14.710,1.20926,1.20931,1.69,1.00
2017.01.16 14:40:15.018,1.20925,1.20933,1.25,1.69
2017.01.16 14:40:15.532,1.20925,1.20933,1.00,1.87
2017.01.16 14:40:16.082,1.20926,1.20933,1.00,1.87
2017.01.16 14:40:16.601,1.20925,1.20933,1.00,1.87
2017.01.16 14:40:17.191,1.20926,1.20933,1.00,1.87
2017.01.16 14:40:18.038,1.20925,1.20933,1.00,1.87
2017.01.16 14:40:18.305,1.20927,1.20933,1.00,1.87
2017.01.16 14:40:18.673,1.20924,1.2093,1.69,1.00
2017.01.16 14:40:19.179,1.20923,1.2093,3.19,2.25
2017.01.16 14:40:19.725,1.20923,1.2093,3.19,1.50
2017.01.16 14:40:19.978,1.20926,1.2093,1.00,1.00
2017.01.16 14:40:20.504,1.20926,1.20932,1.00,1.37
2017.01.16 14:40:21.138,1.20927,1.20932,1.00,1.37
2017.01.16 14:40:21.240,1.20927,1.20933,1.00,2.06
2017.01.16 14:40:21.393,1.20927,1.20931,1.00,1.25
2017.01.16 14:40:21.899,1.20925,1.20931,1.69,1.25
2017.01.16 14:40:22.179,1.20927,1.20932,1.00,1.19
2017.01.16 14:40:22.832,1.20928,1.20933,1.00,2.06
2017.01.16 14:40:22.882,1.20928,1.20933,1.00,1.31
2017.01.16 14:40:23.425,1.20927,1.20933,1.00,1.31
2017.01.16 14:40:23.832,1.20926,1.20931,1.00,1.00
2017.01.16 14:40:23.986,1.20927,1.20933,1.00,2.06
2017.01.16 14:40:24.340,1.2093,1.20934,1.00,1.31
2017.01.16 14:40:24.392,1.2093,1.20936,1.50,2.06
2017.01.16 14:40:24.979,1.20929,1.20936,1.00,1.19
2017.01.16 14:40:25.498,1.20928,1.20934,1.25,1.00
2017.01.16 14:40:26.263,1.20927,1.20933,3.19,1.00
2017.01.16 14:40:26.364,1.20925,1.20932,2.25,1.00
2017.01.16 14:40:26.416,1.20925,1.2093,1.62,1.00
2017.01.16 14:40:26.518,1.20924,1.2093,1.12,1.25
2017.01.16 14:40:27.023,1.20925,1.2093,1.00,1.25
2017.01.16 14:40:28.218,1.20925,1.20929,1.00,1.00
2017.01.16 14:40:28.477,1.20922,1.2093,1.50,1.31
2017.01.16 14:40:28.527,1.20922,1.20928,1.50,1.00
2017.01.16 14:40:34.421,1.20924,1.20929,1.50,1.38
2017.01.16 14:40:34.980,1.20925,1.2093,1.00,1.69
2017.01.16 14:40:35.142,1.20921,1.2093,2.62,3.94
2017.01.16 14:40:35.192,1.20921,1.20927,1.12,1.00
2017.01.16 14:40:35.556,1.20923,1.20928,1.00,1.87
2017.01.16 14:40:35.860,1.20928,1.20931,1.00,5.50
2017.01.16 14:40:35.912,1.20928,1.20931,1.00,1.00
2017.01.16 14:40:36.114,1.20928,1.20933,1.50,1.00
2017.01.16 14:40:36.543,1.20926,1.20931,1.00,1.00
2017.01.16 14:40:37.788,1.20927,1.20931,1.00,1.00
2017.01.16 14:40:39.616,1.20927,1.20932,1.00,2.06
2017.01.16 14:40:40.905,1.20926,1.20932,1.00,2.81
2017.01.16 14:40:45.099,1.20925,1.20932,1.00,2.81
2017.01.16 14:40:45.634,1.20924,1.20932,3.19,1.31
2017.01.16 14:40:45.976,1.20924,1.2093,2.44,1.00
2017.01.16 14:40:46.633,1.20924,1.2093,1.50,1.69
2017.01.16 14:40:47.593,1.20923,1.2093,1.50,1.69
2017.01.16 14:40:48.525,1.20925,1.2093,1.00,1.69
2017.01.16 14:40:48.677,1.20925,1.20931,1.50,1.00
2017.01.16 14:40:48.830,1.20924,1.20931,1.50,1.69
2017.01.16 14:40:53.266,1.20925,1.2093,1.00,1.44
2017.01.16 14:40:56.515,1.20925,1.20932,1.69,1.69
2017.01.16 14:40:56.566,1.20927,1.20932,1.00,1.31
2017.01.16 14:40:57.069,1.20928,1.20934,1.19,1.00
2017.01.16 14:40:57.120,1.2093,1.20936,1.00,2.81
2017.01.16 14:40:57.778,1.20931,1.20937,1.00,1.19
2017.01.16 14:40:58.382,1.20931,1.20938,1.50,1.25
2017.01.16 14:40:59.484,1.20932,1.20938,1.00,1.25
2017.01.16 14:40:59.897,1.20932,1.2094,1.44,2.06
2017.01.16 14:41:00.100,1.20934,1.20941,2.44,1.00
2017.01.16 14:41:00.644,1.20936,1.20943,1.00,2.25
2017.01.16 14:41:01.436,1.20937,1.20943,1.00,1.75
2017.01.16 14:41:01.790,1.20939,1.20945,1.00,2.25
2017.01.16 14:41:02.304,1.20939,1.20946,1.00,1.87
2017.01.16 14:41:03.773,1.20938,1.20946,1.25,1.37
2017.01.16 14:41:04.231,1.20935,1.20942,1.50,1.87
2017.01.16 14:41:04.282,1.20934,1.20942,1.75,1.87
2017.01.16 14:41:04.587,1.20936,1.20944,2.06,2.25
2017.01.16 14:41:04.720,1.20936,1.20944,1.12,2.25
2017.01.16 14:41:05.050,1.2093,1.20938,2.44,1.50
2017.01.16 14:41:05.557,1.20931,1.20938,1.00,1.50
2017.01.16 14:41:06.099,1.2093,1.20938,1.69,1.50
2017.01.16 14:41:07.773,1.2093,1.20937,1.69,1.19
2017.01.16 14:41:09.059,1.2093,1.20938,1.25,1.12
2017.01.16 14:41:10.142,1.2093,1.20937,1.69,1.00
2017.01.16 14:41:11.216,1.20931,1.20937,1.00,1.00
2017.01.16 14:41:11.986,1.20931,1.20939,1.00,5.25
2017.01.16 14:41:13.666,1.2093,1.20939,1.25,4.50
2017.01.16 14:41:16.445,1.20931,1.20939,1.00,4.31
2017.01.16 14:41:17.123,1.20932,1.20939,1.00,4.31
2017.01.16 14:41:17.671,1.20933,1.20939,1.00,4.31
2017.01.16 14:41:19.120,1.20934,1.20939,1.00,1.31
2017.01.16 14:41:19.534,1.20933,1.20941,1.25,2.44
2017.01.16 14:41:22.508,1.20934,1.20941,1.00,1.31
2017.01.16 14:41:23.317,1.20933,1.20941,1.25,1.25
2017.01.16 14:41:23.470,1.20932,1.20939,1.00,2.06
2017.01.16 14:41:23.986,1.20931,1.20938,1.00,1.31
2017.01.16 14:41:24.570,1.20932,1.20939,1.00,3.19
2017.01.16 14:41:25.103,1.20931,1.20939,1.00,3.19
2017.01.16 14:41:25.628,1.20931,1.20937,1.00,1.00
2017.01.16 14:41:26.134,1.20932,1.20937,1.00,1.00
2017.01.16 14:41:27.484,1.20931,1.20937,1.00,1.00
2017.01.16 14:41:28.461,1.20933,1.20937,1.00,1.00
2017.01.16 14:41:31.077,1.20932,1.20938,1.00,1.25
2017.01.16 14:41:31.381,1.20934,1.2094,1.00,1.69
2017.01.16 14:41:33.433,1.20933,1.2094,1.00,1.69
2017.01.16 14:41:34.252,1.20935,1.2094,1.00,2.81
2017.01.16 14:41:34.554,1.20934,1.20939,1.00,1.44
2017.01.16 14:41:39.068,1.20934,1.20939,1.00,2.62
2017.01.16 14:41:40.538,1.20935,1.20939,1.00,1.87
2017.01.16 14:41:40.640,1.20936,1.20941,1.00,2.44
2017.01.16 14:41:40.792,1.20937,1.20941,1.00,1.87
2017.01.16 14:41:40.984,1.20938,1.20942,1.00,1.00
2017.01.16 14:41:50.922,1.20936,1.20942,1.00,1.50
2017.01.16 14:41:51.428,1.20937,1.20942,1.00,2.25
2017.01.16 14:41:51.479,1.20935,1.20941,1.50,1.00
2017.01.16 14:41:51.990,1.20935,1.2094,1.00,1.25
2017.01.16 14:41:52.193,1.20934,1.20938,1.00,1.19
2017.01.16 14:41:52.697,1.20933,1.20939,1.00,2.62
2017.01.16 14:41:53.698,1.20933,1.20938,1.00,1.87
2017.01.16 14:41:54.531,1.20935,1.20938,1.00,1.12
2017.01.16 14:41:54.684,1.20936,1.2094,1.00,1.87
2017.01.16 14:41:54.836,1.20934,1.2094,1.50,1.25
2017.01.16 14:41:54.941,1.20936,1.2094,1.00,1.25
2017.01.16 14:41:55.488,1.20937,1.20941,1.00,1.12
2017.01.16 14:41:56.032,1.20938,1.20941,1.00,1.00
2017.01.16 14:41:56.582,1.20937,1.20943,1.00,1.19
2017.01.16 14:41:58.312,1.20938,1.20944,1.00,2.62
2017.01.16 14:41:58.795,1.20938,1.20944,1.00,1.12
2017.01.16 14:41:59.305,1.20939,1.20945,1.00,3.37
2017.01.16 14:42:00.092,1.2094,1.20945,1.00,3.37
2017.01.16 14:42:00.632,1.20941,1.20945,1.00,3.75
2017.01.16 14:42:00.693,1.20939,1.20945,1.00,3.75
2017.01.16 14:42:00.763,1.20941,1.20944,1.00,1.25
2017.01.16 14:42:00.914,1.20939,1.20944,1.00,1.25
2017.01.16 14:42:00.965,1.20941,1.20944,1.00,1.25
2017.01.16 14:42:01.370,1.20939,1.20945,1.50,4.87
2017.01.16 14:42:01.674,1.20941,1.20945,1.00,4.87
2017.01.16 14:42:01.724,1.20939,1.20945,1.50,4.87
2017.01.16 14:42:02.079,1.20941,1.20944,1.00,1.25
2017.01.16 14:42:02.601,1.2094,1.20945,1.00,1.87
2017.01.16 14:42:03.586,1.2094,1.20943,1.00,1.00
2017.01.16 14:42:03.637,1.20937,1.20942,1.00,1.69
2017.01.16 14:42:04.143,1.20938,1.20941,1.00,1.12
2017.01.16 14:42:04.194,1.20937,1.20941,1.00,1.44
2017.01.16 14:42:04.851,1.20937,1.20941,1.00,1.87
2017.01.16 14:42:05.366,1.20937,1.20941,1.00,2.62
2017.01.16 14:42:06.012,1.20937,1.20941,1.00,2.44
2017.01.16 14:42:06.367,1.20935,1.20941,1.00,2.62
2017.01.16 14:42:06.653,1.20937,1.20941,1.00,2.62
2017.01.16 14:42:07.159,1.20938,1.20941,1.00,2.62
2017.01.16 14:42:07.209,1.20936,1.20941,1.00,2.62
2017.01.16 14:42:07.260,1.20938,1.20941,1.00,2.62
2017.01.16 14:42:07.311,1.20936,1.20941,1.00,2.62
2017.01.16 14:42:07.412,1.20938,1.20941,1.00,2.62
2017.01.16 14:42:07.463,1.20936,1.20941,1.00,2.62
2017.01.16 14:42:07.514,1.20938,1.20941,1.00,2.62
2017.01.16 14:42:07.565,1.20936,1.20941,1.00,2.62
2017.01.16 14:42:07.616,1.20937,1.20941,1.00,2.62
2017.01.16 14:42:07.919,1.20936,1.20941,1.00,2.62
2017.01.16 14:42:07.970,1.20937,1.20941,1.00,2.62
2017.01.16 14:42:08.295,1.20936,1.20941,1.00,2.62
2017.01.16 14:42:08.497,1.20937,1.20941,1.00,2.62
2017.01.16 14:42:08.649,1.20936,1.20941,1.00,2.62
2017.01.16 14:42:08.700,1.20937,1.20941,1.00,2.62
2017.01.16 14:42:09.120,1.20936,1.20941,1.00,2.62
2017.01.16 14:42:09.227,1.20937,1.20941,1.00,2.62
2017.01.16 14:42:09.480,1.20936,1.20941,1.00,2.62
2017.01.16 14:42:09.588,1.20937,1.20941,1.00,2.62
2017.01.16 14:42:09.639,1.20936,1.20941,1.00,2.62
2017.01.16 14:42:09.744,1.20934,1.20936,1.00,1.00
2017.01.16 14:42:10.049,1.20932,1.20934,1.00,1.00
2017.01.16 14:42:10.415,1.2093,1.20934,1.00,1.00
2017.01.16 14:42:10.466,1.20932,1.20934,1.00,1.00
2017.01.16 14:42:10.517,1.2093,1.20935,1.00,2.25
2017.01.16 14:42:11.023,1.2093,1.20934,1.00,2.06
2017.01.16 14:42:11.226,1.20927,1.20932,1.00,2.62
2017.01.16 14:42:11.328,1.20928,1.20931,1.00,1.62
2017.01.16 14:42:11.531,1.20931,1.20935,1.00,1.31
2017.01.16 14:42:11.582,1.20931,1.20935,1.00,1.31
2017.01.16 14:42:11.746,1.20931,1.20935,1.00,1.25
2017.01.16 14:42:11.948,1.20933,1.20935,1.00,1.25
2017.01.16 14:42:11.999,1.20931,1.20935,1.00,1.25
2017.01.16 14:42:12.353,1.20932,1.20935,1.00,1.25
2017.01.16 14:42:12.606,1.20934,1.20938,1.00,1.25
2017.01.16 14:42:12.657,1.20935,1.20937,1.00,1.19
2017.01.16 14:42:12.708,1.20932,1.20936,1.50,1.87
2017.01.16 14:42:12.860,1.20929,1.20934,1.50,1.69
2017.01.16 14:42:12.912,1.20928,1.20934,1.00,5.06
2017.01.16 14:42:16.538,1.20927,1.20932,1.00,1.00
2017.01.16 14:42:17.131,1.20926,1.20932,1.50,1.00
2017.01.16 14:42:17.650,1.20927,1.20932,1.00,1.00
2017.01.16 14:42:18.170,1.20926,1.20932,1.00,1.00
2017.01.16 14:42:18.672,1.20925,1.20932,1.69,1.00
2017.01.16 14:42:19.199,1.20926,1.20932,1.00,1.00
2017.01.16 14:42:19.541,1.20924,1.20932,1.00,2.44
2017.01.16 14:42:19.643,1.20922,1.20928,1.00,1.44
2017.01.16 14:42:19.947,1.20919,1.20926,1.25,2.06
2017.01.16 14:42:21.850,1.2092,1.20926,1.00,4.31
2017.01.16 14:42:22.356,1.20919,1.20925,1.50,1.25
2017.01.16 14:42:23.167,1.20918,1.20925,1.25,1.25
2017.01.16 14:42:23.218,1.20918,1.20924,1.25,1.19
2017.01.16 14:42:23.320,1.20916,1.20923,1.12,2.06
2017.01.16 14:42:23.912,1.20915,1.20922,1.50,1.00
2017.01.16 14:42:25.928,1.20915,1.20923,2.25,2.44
2017.01.16 14:42:26.433,1.20918,1.20923,1.00,1.25
2017.01.16 14:42:26.636,1.20918,1.20925,1.69,1.25
2017.01.16 14:42:27.445,1.20921,1.20925,1.00,1.25
2017.01.16 14:42:27.965,1.20923,1.20926,1.00,1.19
2017.01.16 14:42:28.268,1.20922,1.20926,1.50,1.44
2017.01.16 14:42:29.358,1.20921,1.20926,1.00,2.44
2017.01.16 14:42:29.884,1.20922,1.20926,1.00,1.19
2017.01.16 14:42:30.364,1.20919,1.20926,1.50,1.69
2017.01.16 14:42:30.466,1.20918,1.20923,1.50,1.19
2017.01.16 14:42:30.952,1.20916,1.20922,1.00,1.25
2017.01.16 14:42:31.053,1.20914,1.20921,2.25,2.62
2017.01.16 14:42:31.980,1.20915,1.20921,1.00,3.37
2017.01.16 14:42:32.504,1.20914,1.20921,1.00,4.50
2017.01.16 14:42:33.466,1.20914,1.20919,1.50,1.19
2017.01.16 14:42:33.979,1.20915,1.20919,1.00,1.69
2017.01.16 14:42:34.511,1.20914,1.20919,1.50,1.69
2017.01.16 14:42:40.145,1.20916,1.20919,1.00,1.19
2017.01.16 14:42:40.705,1.20915,1.20919,1.00,1.19
2017.01.16 14:42:41.633,1.20916,1.2092,1.00,1.87
2017.01.16 14:42:41.684,1.20917,1.2092,1.00,1.25
2017.01.16 14:42:41.736,1.20919,1.20922,2.85,1.62
2017.01.16 14:42:41.888,1.2092,1.20924,1.50,1.50
2017.01.16 14:42:42.147,1.20922,1.20926,1.00,1.87
2017.01.16 14:42:42.619,1.2092,1.20926,1.00,1.44
2017.01.16 14:42:42.670,1.20917,1.20923,3.56,1.00
2017.01.16 14:42:42.924,1.20917,1.20923,1.00,1.69
2017.01.16 14:42:43.556,1.20918,1.20924,1.00,2.44
2017.01.16 14:42:43.607,1.20921,1.20926,1.00,4.50
2017.01.16 14:42:44.113,1.20922,1.20926,1.00,1.31
2017.01.16 14:42:44.642,1.20921,1.20926,1.00,1.19
2017.01.16 14:42:46.886,1.20919,1.20926,1.19,1.69
2017.01.16 14:42:46.938,1.20918,1.20924,1.31,1.00
2017.01.16 14:42:46.989,1.20918,1.20923,1.31,1.19
2017.01.16 14:42:48.982,1.20917,1.20923,1.50,1.19
2017.01.16 14:42:49.236,1.20915,1.20923,2.06,1.19
2017.01.16 14:42:51.115,1.20914,1.20921,2.62,1.00
2017.01.16 14:42:52.429,1.20913,1.2092,1.87,1.00
2017.01.16 14:42:52.733,1.20914,1.20919,1.00,1.69
2017.01.16 14:42:53.278,1.20913,1.20919,1.25,1.69
2017.01.16 14:42:53.704,1.20912,1.20915,1.31,1.00
2017.01.16 14:42:53.923,1.2091,1.20913,1.69,1.00
2017.01.16 14:42:54.227,1.20908,1.2091,1.69,1.00
2017.01.16 14:42:54.379,1.20908,1.20911,1.69,1.00
2017.01.16 14:42:54.531,1.20908,1.2091,1.25,1.00
2017.01.16 14:42:55.159,1.20907,1.20912,1.19,1.25
2017.01.16 14:42:55.982,1.20908,1.20913,1.19,1.19
2017.01.16 14:42:56.541,1.20908,1.20913,1.00,1.19
2017.01.16 14:42:57.058,1.20907,1.20913,1.00,1.69
2017.01.16 14:42:57.682,1.20905,1.20913,1.69,1.69
2017.01.16 14:42:57.733,1.20904,1.20911,2.44,1.19
2017.01.16 14:42:57.784,1.20904,1.20911,1.12,1.19
2017.01.16 14:42:58.037,1.20904,1.20909,1.00,1.19
2017.01.16 14:42:58.647,1.20903,1.20909,1.00,1.69
2017.01.16 14:42:58.968,1.20905,1.20909,1.00,1.19
2017.01.16 14:43:00.205,1.20905,1.20909,1.50,1.00
2017.01.16 14:43:00.508,1.2091,1.20914,1.00,2.06
2017.01.16 14:43:00.661,1.2091,1.20914,1.00,1.25
2017.01.16 14:43:01.186,1.20909,1.20914,1.00,1.25
2017.01.16 14:43:01.693,1.2091,1.20914,1.00,1.25
2017.01.16 14:43:02.240,1.20907,1.20914,2.25,1.25
2017.01.16 14:43:02.755,1.20908,1.20915,1.00,2.81
2017.01.16 14:43:03.159,1.20906,1.20913,2.62,1.00
2017.01.16 14:43:03.518,1.20907,1.20912,1.00,1.19
2017.01.16 14:43:04.016,1.20905,1.20912,1.00,1.31
2017.01.16 14:43:05.142,1.20906,1.20912,1.00,1.31
2017.01.16 14:43:05.678,1.20905,1.2091,1.00,1.00
2017.01.16 14:43:05.830,1.20904,1.20906,1.00,1.00
2017.01.16 14:43:05.932,1.20903,1.20907,1.12,1.00
2017.01.16 14:43:05.983,1.20903,1.20905,1.12,1.00
2017.01.16 14:43:06.085,1.209,1.20904,1.12,1.19
2017.01.16 14:43:06.490,1.20902,1.20906,1.60,1.31
2017.01.16 14:43:07.115,1.20903,1.20908,1.00,1.19
2017.01.16 14:43:08.000,1.20902,1.20908,1.35,1.19
2017.01.16 14:43:08.410,1.20904,1.20908,1.00,1.19
2017.01.16 14:43:08.593,1.20905,1.2091,1.00,1.25
2017.01.16 14:43:08.796,1.20905,1.2091,1.00,1.50
2017.01.16 14:43:08.982,1.20903,1.2091,2.85,2.69
2017.01.16 14:43:09.185,1.20905,1.2091,1.00,1.94
2017.01.16 14:43:09.804,1.20905,1.2091,1.00,1.94
2017.01.16 14:43:10.368,1.20904,1.2091,1.50,1.94
2017.01.16 14:43:12.118,1.20903,1.2091,1.50,1.50
2017.01.16 14:43:12.754,1.20904,1.20911,1.50,4.19
2017.01.16 14:43:13.363,1.20904,1.2091,1.00,1.69
2017.01.16 14:43:13.515,1.20904,1.20909,1.00,2.44
2017.01.16 14:43:13.769,1.20902,1.20908,2.10,1.19
2017.01.16 14:43:14.029,1.20905,1.20907,1.00,1.19
2017.01.16 14:43:14.080,1.20905,1.20908,1.00,1.00
2017.01.16 14:43:14.494,1.20904,1.20908,1.00,1.69
2017.01.16 14:43:14.545,1.20901,1.20907,2.25,1.19
2017.01.16 14:43:15.310,1.20903,1.20908,1.00,2.44
2017.01.16 14:43:16.141,1.20902,1.20908,1.35,1.69
2017.01.16 14:43:17.208,1.20905,1.20908,1.00,1.69
2017.01.16 14:43:17.310,1.20908,1.2091,1.00,1.50
2017.01.16 14:43:17.411,1.20912,1.20914,1.00,1.31
2017.01.16 14:43:17.702,1.20915,1.20919,1.00,1.69
2017.01.16 14:43:18.360,1.20916,1.20919,1.00,1.31
2017.01.16 14:43:18.462,1.20915,1.20919,1.00,1.31
2017.01.16 14:43:18.664,1.20913,1.20919,1.50,1.69
2017.01.16 14:43:19.019,1.20914,1.2092,1.00,4.69
2017.01.16 14:43:19.527,1.20915,1.2092,1.00,3.19
2017.01.16 14:43:19.679,1.20913,1.20919,1.00,1.25
2017.01.16 14:43:19.831,1.20911,1.20919,2.44,1.25
2017.01.16 14:43:20.351,1.20912,1.20919,1.00,1.25
2017.01.16 14:43:20.949,1.20911,1.20919,3.56,1.25
2017.01.16 14:43:21.000,1.20913,1.20919,1.00,1.25
2017.01.16 14:43:21.548,1.20912,1.20919,1.00,1.25
2017.01.16 14:43:23.224,1.20912,1.20918,1.00,1.00
2017.01.16 14:43:23.585,1.20912,1.20918,1.00,1.69
2017.01.16 14:43:24.348,1.20911,1.20918,3.00,1.69
2017.01.16 14:43:25.040,1.20912,1.20918,1.00,1.69
2017.01.16 14:43:25.576,1.20911,1.20917,1.50,1.69
2017.01.16 14:43:25.955,1.20912,1.20916,1.00,1.19
2017.01.16 14:43:26.006,1.20911,1.20917,1.25,1.19
2017.01.16 14:43:26.673,1.20913,1.20917,1.00,1.19
2017.01.16 14:43:27.022,1.20914,1.20919,1.50,1.25
2017.01.16 14:43:27.224,1.20916,1.2092,1.00,1.19
2017.01.16 14:43:28.270,1.20913,1.2092,3.00,1.19
2017.01.16 14:43:28.807,1.20914,1.2092,1.00,1.69
2017.01.16 14:43:29.335,1.20913,1.2092,1.50,1.69
2017.01.16 14:43:30.400,1.20914,1.2092,1.00,2.44
2017.01.16 14:43:32.289,1.20913,1.2092,1.00,3.19
2017.01.16 14:43:32.968,1.20912,1.2092,1.00,3.19
2017.01.16 14:43:33.474,1.20913,1.2092,1.00,3.19
2017.01.16 14:43:34.170,1.20913,1.2092,1.00,1.69
2017.01.16 14:43:34.685,1.20914,1.2092,1.00,2.44
2017.01.16 14:43:35.358,1.20913,1.2092,1.00,2.44
2017.01.16 14:43:36.564,1.20912,1.2092,1.69,2.44
2017.01.16 14:43:36.816,1.20914,1.2092,1.00,2.44
2017.01.16 14:43:37.464,1.20912,1.2092,1.69,2.44
2017.01.16 14:43:37.690,1.20914,1.2092,1.00,2.44
2017.01.16 14:43:37.885,1.20912,1.2092,1.69,2.44
2017.01.16 14:43:38.403,1.20913,1.2092,1.00,2.44
2017.01.16 14:43:39.373,1.20915,1.2092,1.00,2.44
2017.01.16 14:43:39.577,1.20913,1.2092,1.00,2.44
2017.01.16 14:43:39.678,1.20915,1.2092,1.00,2.44
2017.01.16 14:43:40.597,1.20912,1.20919,2.06,1.00
2017.01.16 14:43:40.901,1.20911,1.20917,1.69,1.00
2017.01.16 14:43:43.893,1.20912,1.20916,1.00,1.00
2017.01.16 14:43:44.107,1.20911,1.20918,1.50,1.69
2017.01.16 14:43:44.310,1.20911,1.20916,1.00,1.25
2017.01.16 14:43:44.564,1.20908,1.20915,1.69,1.50
2017.01.16 14:43:47.013,1.20909,1.20915,1.00,1.00
2017.01.16 14:43:48.492,1.2091,1.20915,1.00,1.00
2017.01.16 14:43:49.020,1.2091,1.20916,1.00,2.44
2017.01.16 14:43:49.985,1.20909,1.20916,1.50,1.69
2017.01.16 14:43:50.487,1.20909,1.20915,1.50,1.00
2017.01.16 14:43:51.242,1.20909,1.20916,1.00,3.19
2017.01.16 14:43:52.634,1.20909,1.20915,1.50,1.00
2017.01.16 14:43:53.174,1.20909,1.20916,2.25,2.44
2017.01.16 14:43:53.728,1.20909,1.20914,1.00,1.00
2017.01.16 14:43:55.509,1.20909,1.20916,1.00,3.94
2017.01.16 14:43:55.951,1.20908,1.20913,1.31,1.00
2017.01.16 14:43:56.261,1.20908,1.20911,1.19,1.00
2017.01.16 14:43:56.465,1.20906,1.20911,1.50,1.00
2017.01.16 14:43:56.914,1.20905,1.20911,1.50,1.00
2017.01.16 14:43:56.965,1.20907,1.20911,1.00,1.00
2017.01.16 14:43:57.481,1.20906,1.20912,1.00,2.25
2017.01.16 14:43:57.996,1.20905,1.20912,1.50,2.25
2017.01.16 14:43:59.834,1.20908,1.20911,2.06,1.00
2017.01.16 14:44:00.204,1.20911,1.20918,1.69,3.19
2017.01.16 14:44:01.236,1.20911,1.20917,1.00,1.25
2017.01.16 14:44:01.742,1.2091,1.20917,2.44,1.25
2017.01.16 14:44:02.152,1.20913,1.20918,2.16,1.00
2017.01.16 14:44:02.475,1.20912,1.20914,2.06,1.00
2017.01.16 14:44:02.526,1.2091,1.20914,1.25,1.00
2017.01.16 14:44:03.041,1.20909,1.20914,1.50,1.00
2017.01.16 14:44:05.095,1.2091,1.20914,1.00,1.00
2017.01.16 14:44:06.651,1.20909,1.20914,1.00,1.00
2017.01.16 14:44:06.803,1.20908,1.20912,1.12,1.00
2017.01.16 14:44:07.156,1.20906,1.20912,1.00,1.69
2017.01.16 14:44:08.421,1.20907,1.20913,1.00,2.81
2017.01.16 14:44:08.591,1.20909,1.20913,1.00,1.00
2017.01.16 14:44:08.693,1.20909,1.20915,1.00,2.06
2017.01.16 14:44:09.564,1.2091,1.20915,1.00,2.06
2017.01.16 14:44:09.843,1.20908,1.20915,1.50,2.06
2017.01.16 14:44:10.096,1.20908,1.20913,1.25,1.00
2017.01.16 14:44:10.612,1.20909,1.20914,1.00,1.00
2017.01.16 14:44:11.123,1.20908,1.20915,1.69,1.31
2017.01.16 14:44:11.606,1.20911,1.20915,1.00,1.31
2017.01.16 14:44:11.910,1.20911,1.20918,1.00,2.25
2017.01.16 14:44:12.449,1.20911,1.20918,1.19,1.31
2017.01.16 14:44:13.776,1.20911,1.20918,1.50,1.31
2017.01.16 14:44:14.310,1.20912,1.20918,1.00,1.31
2017.01.16 14:44:15.549,1.20913,1.20919,1.00,3.94
2017.01.16 14:44:15.600,1.20913,1.20919,1.69,2.25
2017.01.16 14:44:15.651,1.20915,1.20919,1.00,1.00
2017.01.16 14:44:16.186,1.20914,1.20919,1.50,1.00
2017.01.16 14:44:16.721,1.20914,1.20921,1.50,2.62
2017.01.16 14:44:17.253,1.20916,1.20922,1.54,2.44
2017.01.16 14:44:17.575,1.20919,1.20924,1.00,1.25
2017.01.16 14:44:18.194,1.20918,1.20924,1.50,1.25
2017.01.16 14:44:18.725,1.20918,1.20924,1.50,1.44
2017.01.16 14:44:18.980,1.20919,1.20926,1.00,1.25
2017.01.16 14:44:19.523,1.2092,1.20927,1.00,2.25
2017.01.16 14:44:21.248,1.2092,1.20926,1.50,1.19
2017.01.16 14:44:21.401,1.20918,1.20926,1.00,1.44
2017.01.16 14:44:26.272,1.20919,1.20924,1.00,1.19
2017.01.16 14:44:28.715,1.20918,1.20924,1.50,1.19
2017.01.16 14:44:28.817,1.2092,1.20924,1.00,1.19
2017.01.16 14:44:28.969,1.20918,1.20924,1.50,1.19
2017.01.16 14:44:31.294,1.2092,1.20924,1.00,1.19
2017.01.16 14:44:32.198,1.20919,1.20924,1.00,1.19
2017.01.16 14:44:32.594,1.2092,1.20926,1.00,1.44
2017.01.16 14:44:32.876,1.20918,1.20926,3.00,1.44
2017.01.16 14:44:32.980,1.2092,1.20926,1.00,1.44
2017.01.16 14:44:35.185,1.20918,1.20925,1.50,1.25
2017.01.16 14:44:35.236,1.2092,1.20925,1.00,1.25
2017.01.16 14:44:35.810,1.20919,1.20924,1.00,1.00
2017.01.16 14:44:36.277,1.20917,1.20926,3.56,1.87
2017.01.16 14:44:36.791,1.20918,1.20926,1.00,1.87
2017.01.16 14:44:37.341,1.20919,1.20926,1.00,1.87
2017.01.16 14:44:37.888,1.20917,1.20926,4.31,1.87
2017.01.16 14:44:37.989,1.20919,1.20926,1.00,1.87
2017.01.16 14:44:38.601,1.20918,1.20926,1.50,1.87
2017.01.16 14:44:40.064,1.20918,1.20925,2.25,1.00
2017.01.16 14:44:41.415,1.20918,1.20924,1.50,1.50
2017.01.16 14:44:42.933,1.20917,1.20923,1.12,1.69
2017.01.16 14:44:43.237,1.20917,1.20922,1.00,2.44
2017.01.16 14:44:43.644,1.20915,1.20922,1.50,1.00
2017.01.16 14:44:44.133,1.20918,1.20924,1.25,1.00
2017.01.16 14:44:44.443,1.20916,1.20923,1.00,1.00
2017.01.16 14:44:44.975,1.20917,1.20922,1.00,1.00
2017.01.16 14:44:45.292,1.20915,1.20922,1.69,1.00
2017.01.16 14:44:45.494,1.20914,1.2092,1.12,1.00
2017.01.16 14:44:46.195,1.20915,1.2092,1.00,1.00
2017.01.16 14:44:48.392,1.20914,1.20918,1.00,1.00
2017.01.16 14:44:48.645,1.2091,1.20917,4.12,1.00
2017.01.16 14:44:49.175,1.20912,1.20917,1.00,1.69
2017.01.16 14:44:49.345,1.20909,1.20916,1.25,1.25
2017.01.16 14:44:49.865,1.20911,1.20916,1.00,2.44
2017.01.16 14:44:50.371,1.20912,1.20916,1.00,1.25
2017.01.16 14:44:50.924,1.20911,1.20916,1.00,1.69
2017.01.16 14:44:51.229,1.20917,1.20918,1.00,1.00
2017.01.16 14:44:51.280,1.20915,1.2092,1.25,1.00
2017.01.16 14:44:51.434,1.20914,1.20918,1.00,1.50
2017.01.16 14:44:51.687,1.20912,1.20918,1.00,1.25
2017.01.16 14:44:52.209,1.20911,1.20917,1.25,1.00
2017.01.16 14:44:53.281,1.2091,1.20915,1.25,1.00
2017.01.16 14:44:53.811,1.20909,1.20915,1.12,1.00
2017.01.16 14:44:53.862,1.20909,1.20917,1.12,2.06
2017.01.16 14:44:54.398,1.2091,1.20917,1.00,2.06
2017.01.16 14:44:54.581,1.20909,1.20915,1.87,1.00
2017.01.16 14:44:55.419,1.2091,1.20915,1.00,1.50
2017.01.16 14:44:56.412,1.20911,1.20915,1.00,1.50
2017.01.16 14:44:56.970,1.2091,1.20915,1.50,1.50
2017.01.16 14:44:57.792,1.20909,1.20915,1.25,1.00
2017.01.16 14:44:58.628,1.2091,1.20915,1.00,1.00
2017.01.16 14:44:59.205,1.20908,1.20915,2.25,1.50
2017.01.16 14:44:59.312,1.2091,1.20915,1.00,1.50
2017.01.16 14:44:59.902,1.20908,1.20916,2.25,1.00
2017.01.16 14:44:59.953,1.2091,1.20916,1.00,1.00
2017.01.16 14:45:00.257,1.2091,1.20913,1.00,1.00
2017.01.16 14:45:00.460,1.2091,1.20915,1.00,1.00
2017.01.16 14:45:00.648,1.20913,1.20917,1.00,2.81
2017.01.16 14:45:01.019,1.20911,1.20916,1.00,1.00
2017.01.16 14:45:01.373,1.20909,1.20912,1.00,1.00
2017.01.16 14:45:01.523,1.20907,1.20912,1.50,1.00
2017.01.16 14:45:02.603,1.20909,1.20912,1.00,1.00
2017.01.16 14:45:03.342,1.20908,1.20912,1.00,1.00
2017.01.16 14:45:03.843,1.20909,1.20912,1.00,1.00
2017.01.16 14:45:04.717,1.20907,1.20912,1.00,1.00
2017.01.16 14:45:05.236,1.20906,1.20911,1.00,1.00
2017.01.16 14:45:06.384,1.20906,1.20912,1.00,1.00
2017.01.16 14:45:06.485,1.20906,1.20908,1.00,1.00
2017.01.16 14:45:06.587,1.20904,1.20907,2.25,1.00
2017.01.16 14:45:06.688,1.20906,1.20907,1.00,1.00
2017.01.16 14:45:06.739,1.20904,1.20907,1.00,1.00
2017.01.16 14:45:07.114,1.20906,1.20908,1.00,1.00
2017.01.16 14:45:07.631,1.20905,1.20908,1.00,1.00
2017.01.16 14:45:07.936,1.20906,1.20907,1.25,1.00
2017.01.16 14:45:08.365,1.20905,1.20907,1.19,1.00
2017.01.16 14:45:08.869,1.20906,1.20907,1.25,1.00
2017.01.16 14:45:09.253,1.20905,1.20907,1.00,1.00
2017.01.16 14:45:10.073,1.20904,1.20905,1.25,1.00
2017.01.16 14:45:10.124,1.20903,1.20906,1.19,1.00
2017.01.16 14:45:10.225,1.20902,1.20905,1.31,1.00
2017.01.16 14:45:10.731,1.20904,1.20905,1.00,1.00
2017.01.16 14:45:11.197,1.20905,1.20907,1.00,1.69
2017.01.16 14:45:11.588,1.20904,1.20905,1.00,1.00
2017.01.16 14:45:11.639,1.20902,1.20904,1.50,1.00
2017.01.16 14:45:12.244,1.20903,1.20904,1.00,1.00
2017.01.16 14:45:13.800,1.20902,1.20904,1.00,1.00
2017.01.16 14:45:14.417,1.20903,1.20904,1.00,1.00
2017.01.16 14:45:14.935,1.20904,1.20905,1.00,1.00
2017.01.16 14:45:15.522,1.20902,1.20904,1.35,1.00
2017.01.16 14:45:15.851,1.20905,1.20906,1.00,1.00
2017.01.16 14:45:16.508,1.20904,1.20905,1.00,1.00
2017.01.16 14:45:17.069,1.20903,1.20905,1.00,1.00
2017.01.16 14:45:17.658,1.20905,1.20906,1.00,1.00
2017.01.16 14:45:17.861,1.20903,1.20905,1.00,1.00
2017.01.16 14:45:18.431,1.20905,1.20906,1.00,1.00
2017.01.16 14:45:18.731,1.20902,1.20904,1.50,1.00
2017.01.16 14:45:19.467,1.20903,1.20905,1.00,1.00
2017.01.16 14:45:19.821,1.20904,1.20906,1.00,1.00
2017.01.16 14:45:19.873,1.20902,1.20904,1.25,1.00
2017.01.16 14:45:20.076,1.20902,1.20904,1.00,1.00
2017.01.16 14:45:20.439,1.20904,1.20905,1.00,1.50
2017.01.16 14:45:20.489,1.20902,1.20904,1.00,1.00
2017.01.16 14:45:20.840,1.20902,1.20903,1.00,1.00
2017.01.16 14:45:21.931,1.20902,1.20904,1.00,1.00
2017.01.16 14:45:22.285,1.20904,1.20905,1.00,1.00
2017.01.16 14:45:22.336,1.209,1.20902,2.81,1.00
2017.01.16 14:45:22.491,1.20898,1.20903,2.81,1.50
2017.01.16 14:45:22.999,1.20898,1.20902,1.19,1.00
2017.01.16 14:45:23.150,1.20897,1.20901,1.00,1.00
2017.01.16 14:45:23.356,1.20898,1.20899,1.00,1.00
2017.01.16 14:45:24.341,1.20897,1.20899,1.00,1.00
2017.01.16 14:45:25.476,1.20898,1.20899,1.00,1.00
2017.01.16 14:45:25.983,1.20897,1.20899,1.50,1.00
2017.01.16 14:45:26.982,1.20897,1.20899,1.19,1.00
2017.01.16 14:45:27.191,1.20896,1.20899,1.87,1.00
2017.01.16 14:45:27.623,1.20898,1.20899,1.00,1.00
2017.01.16 14:45:31.606,1.20896,1.20899,1.87,1.00
2017.01.16 14:45:32.221,1.20897,1.20899,1.00,1.00
2017.01.16 14:45:32.943,1.20896,1.20899,1.25,1.00
2017.01.16 14:45:33.479,1.20896,1.20898,1.25,1.00
2017.01.16 14:45:34.254,1.20896,1.20899,1.25,1.00
2017.01.16 14:45:35.243,1.20896,1.20899,2.44,1.00
2017.01.16 14:45:35.785,1.20897,1.20899,1.69,1.00
2017.01.16 14:45:35.937,1.20897,1.209,1.69,1.00
2017.01.16 14:45:36.514,1.20899,1.209,1.00,1.00
2017.01.16 14:45:37.229,1.20898,1.209,1.25,1.00
2017.01.16 14:45:37.280,1.209,1.20901,1.25,1.00
2017.01.16 14:45:37.581,1.20905,1.20906,1.00,1.00
2017.01.16 14:45:37.969,1.20903,1.20904,1.25,1.00
2017.01.16 14:45:38.222,1.20903,1.20906,1.12,1.50
2017.01.16 14:45:38.324,1.20905,1.20906,1.00,1.00
2017.01.16 14:45:39.516,1.20905,1.20906,1.00,1.00
2017.01.16 14:45:39.758,1.20902,1.20905,1.69,1.00
2017.01.16 14:45:39.809,1.209,1.20904,3.37,1.00
2017.01.16 14:45:39.910,1.20901,1.20902,1.25,1.00
2017.01.16 14:45:41.962,1.20899,1.20901,1.50,1.50
2017.01.16 14:45:42.115,1.20898,1.209,1.00,1.00
2017.01.16 14:45:42.166,1.20896,1.20898,1.25,1.00
2017.01.16 14:45:42.928,1.20899,1.209,1.00,1.50
2017.01.16 14:45:43.232,1.20902,1.20903,1.00,1.00
2017.01.16 14:45:43.697,1.20902,1.20905,1.00,1.00
2017.01.16 14:45:43.748,1.20901,1.20903,1.00,1.00
2017.01.16 14:45:44.254,1.20903,1.20904,1.00,1.00
2017.01.16 14:45:44.507,1.20905,1.20906,1.00,1.00
2017.01.16 14:45:45.020,1.20905,1.20906,1.00,1.50
2017.01.16 14:45:45.071,1.20905,1.20907,1.00,1.50
2017.01.16 14:45:45.172,1.20902,1.20905,2.06,1.00
2017.01.16 14:45:45.324,1.20901,1.20904,1.00,1.00
2017.01.16 14:45:45.375,1.20901,1.20903,1.00,1.00
2017.01.16 14:45:45.945,1.20901,1.20902,1.00,1.00
2017.01.16 14:45:46.048,1.20904,1.20906,1.00,1.50
2017.01.16 14:45:46.150,1.20905,1.20907,1.00,1.50
2017.01.16 14:45:46.681,1.20904,1.20906,1.00,1.00
2017.01.16 14:45:47.166,1.20906,1.20907,1.00,1.50
2017.01.16 14:45:47.267,1.20904,1.20906,1.00,1.00
2017.01.16 14:45:47.318,1.20902,1.20905,1.12,1.00
2017.01.16 14:45:47.835,1.209,1.20903,3.56,1.00
2017.01.16 14:45:49.717,1.20902,1.20904,1.00,1.00
2017.01.16 14:45:50.254,1.20901,1.20903,1.87,1.00
2017.01.16 14:45:50.709,1.20898,1.209,2.62,1.00
2017.01.16 14:45:50.810,1.20899,1.20901,1.19,1.00
2017.01.16 14:45:51.450,1.20899,1.20901,1.25,1.00
2017.01.16 14:45:54.580,1.20898,1.209,1.19,1.00
2017.01.16 14:45:54.794,1.20896,1.20898,1.19,1.00
2017.01.16 14:45:54.845,1.20896,1.20898,1.19,1.50
2017.01.16 14:45:55.409,1.20896,1.20898,1.69,1.00
2017.01.16 14:45:56.577,1.20896,1.20898,1.25,1.00
2017.01.16 14:45:57.101,1.20896,1.20898,1.19,1.00
2017.01.16 14:45:59.324,1.20897,1.209,1.69,1.19
2017.01.16 14:45:59.375,1.20899,1.20902,1.19,1.12
2017.01.16 14:45:59.726,1.20906,1.20908,1.00,1.00
2017.01.16 14:46:00.035,1.20907,1.20909,1.69,1.00
2017.01.16 14:46:00.549,1.20906,1.20909,3.75,1.00
2017.01.16 14:46:01.099,1.20908,1.2091,1.00,1.00
2017.01.16 14:46:01.403,1.20906,1.20908,1.12,1.00
2017.01.16 14:46:01.909,1.20905,1.20906,1.00,1.50
2017.01.16 14:46:02.596,1.20903,1.20905,1.12,1.00
2017.01.16 14:46:03.115,1.20903,1.20905,1.25,1.00
2017.01.16 14:46:03.779,1.20904,1.20906,1.00,1.00
2017.01.16 14:46:04.407,1.20903,1.20905,1.69,1.50
2017.01.16 14:46:05.722,1.20903,1.20905,1.25,1.50
2017.01.16 14:46:06.114,1.209,1.20902,2.81,1.00
2017.01.16 14:46:06.620,1.209,1.20901,1.00,1.00
2017.01.16 14:46:07.114,1.20899,1.209,1.50,1.50
2017.01.16 14:46:07.166,1.20898,1.209,1.87,1.69
2017.01.16 14:46:07.711,1.20898,1.209,1.50,2.75
2017.01.16 14:46:09.356,1.20896,1.20898,2.25,1.00
2017.01.16 14:46:09.508,1.20895,1.20896,1.69,1.00
2017.01.16 14:46:12.686,1.20896,1.20897,1.00,1.00
2017.01.16 14:46:12.739,1.20899,1.209,1.50,1.00
2017.01.16 14:46:12.791,1.20899,1.209,1.69,1.00
2017.01.16 14:46:12.944,1.20901,1.20902,1.00,1.00
2017.01.16 14:46:13.209,1.20901,1.20904,1.87,1.00
2017.01.16 14:46:13.260,1.20905,1.20906,1.00,1.87
2017.01.16 14:46:13.768,1.20903,1.20905,1.69,1.00
2017.01.16 14:46:14.297,1.20903,1.20905,1.25,1.00
2017.01.16 14:46:15.145,1.20902,1.20904,1.50,1.00
2017.01.16 14:46:16.992,1.20901,1.20903,1.00,1.00
2017.01.16 14:46:17.982,1.20901,1.20903,1.25,1.00
2017.01.16 14:46:18.083,1.20899,1.20901,1.87,1.00
2017.01.16 14:46:18.296,1.20895,1.20898,1.75,1.00
2017.01.16 14:46:18.398,1.20898,1.20899,1.00,1.50
2017.01.16 14:46:18.450,1.20898,1.20901,1.69,1.00
2017.01.16 14:46:18.501,1.20899,1.209,1.00,1.00
2017.01.16 14:46:19.007,1.209,1.20901,1.00,1.00
2017.01.16 14:46:19.513,1.20899,1.20901,1.50,1.00
2017.01.16 14:46:20.018,1.209,1.20901,1.00,1.00
2017.01.16 14:46:20.536,1.20899,1.209,1.00,1.00
2017.01.16 14:46:22.169,1.20898,1.209,1.00,1.00
2017.01.16 14:46:22.372,1.20899,1.20903,1.00,1.69
2017.01.16 14:46:24.484,1.209,1.20903,1.00,1.25
2017.01.16 14:46:25.018,1.20899,1.20903,1.50,1.25
2017.01.16 14:46:25.679,1.20898,1.20901,1.50,1.25
2017.01.16 14:46:27.651,1.209,1.20902,1.00,1.19
2017.01.16 14:46:27.702,1.20902,1.20905,1.00,1.69
2017.01.16 14:46:27.803,1.20904,1.20905,1.25,1.00
2017.01.16 14:46:28.148,1.20906,1.20911,2.06,1.00
2017.01.16 14:46:28.250,1.20909,1.20913,1.19,1.00
2017.01.16 14:46:30.012,1.20907,1.20911,2.06,1.00
2017.01.16 14:46:30.063,1.20907,1.20911,1.25,1.19
2017.01.16 14:46:30.165,1.20906,1.2091,1.81,1.00
2017.01.16 14:46:30.215,1.20906,1.2091,1.81,1.00
2017.01.16 14:46:30.722,1.20906,1.20909,1.50,1.00
2017.01.16 14:46:31.028,1.20909,1.20912,1.25,1.25
2017.01.16 14:46:31.079,1.20912,1.20914,1.25,1.50
2017.01.16 14:46:31.623,1.20912,1.20915,1.25,1.25
2017.01.16 14:46:31.927,1.20913,1.20919,2.44,1.54
2017.01.16 14:46:32.180,1.20912,1.20919,2.25,1.54
2017.01.16 14:46:32.701,1.20912,1.20915,1.44,1.00
2017.01.16 14:46:33.026,1.2091,1.20913,1.19,1.25
2017.01.16 14:46:34.111,1.20908,1.20913,1.19,1.25
2017.01.16 14:46:34.625,1.20909,1.20912,1.19,1.00
2017.01.16 14:46:36.992,1.20907,1.2091,1.31,1.00
2017.01.16 14:46:37.528,1.20907,1.20909,1.31,1.00
2017.01.16 14:46:38.370,1.20907,1.2091,1.19,1.00
2017.01.16 14:46:38.893,1.20907,1.2091,1.19,1.00
2017.01.16 14:46:39.403,1.20907,1.2091,1.00,1.00
2017.01.16 14:46:40.626,1.20905,1.2091,1.00,1.50
2017.01.16 14:46:40.938,1.20903,1.20907,2.81,1.00
2017.01.16 14:46:41.192,1.209,1.20904,1.25,1.00
2017.01.16 14:46:41.546,1.20898,1.20903,1.00,1.25
2017.01.16 14:46:42.042,1.209,1.20903,1.00,1.25
2017.01.16 14:46:42.296,1.209,1.20905,1.25,1.00
2017.01.16 14:46:43.683,1.20901,1.20905,1.00,1.00
2017.01.16 14:46:44.203,1.20902,1.20906,1.00,1.00
2017.01.16 14:46:45.911,1.20902,1.20907,1.00,1.00
2017.01.16 14:46:46.461,1.20903,1.20907,1.69,1.00
2017.01.16 14:46:47.617,1.20906,1.20909,1.25,1.87
2017.01.16 14:46:47.820,1.20906,1.20911,1.25,1.50
2017.01.16 14:46:48.224,1.20908,1.20911,1.19,1.00
2017.01.16 14:46:48.486,1.20908,1.20914,1.19,1.12
2017.01.16 14:46:48.587,1.20908,1.20912,1.19,1.00
2017.01.16 14:46:48.689,1.20906,1.20911,1.19,1.00
2017.01.16 14:46:48.841,1.20908,1.20911,1.19,1.00
2017.01.16 14:46:48.942,1.20906,1.20912,2.44,1.00
2017.01.16 14:46:49.809,1.20908,1.20912,1.44,1.00
2017.01.16 14:46:50.319,1.20908,1.20912,1.25,1.00
2017.01.16 14:46:50.865,1.20907,1.20911,1.19,1.00
2017.01.16 14:46:50.916,1.20908,1.20913,1.25,1.00
2017.01.16 14:46:51.170,1.20906,1.20912,1.25,1.00
2017.01.16 14:46:51.272,1.20908,1.20913,1.00,1.00
2017.01.16 14:46:51.584,1.20907,1.20911,1.50,1.00
2017.01.16 14:46:51.888,1.20907,1.20911,1.19,1.00
2017.01.16 14:46:52.120,1.20911,1.20914,1.00,1.00
2017.01.16 14:46:52.626,1.20912,1.20916,1.00,1.25
2017.01.16 14:46:53.182,1.20913,1.20918,1.00,1.87
2017.01.16 14:46:53.233,1.20911,1.20918,1.00,1.50
2017.01.16 14:46:53.739,1.2091,1.20918,1.87,1.50
2017.01.16 14:46:54.147,1.20912,1.20918,1.00,1.00
2017.01.16 14:46:54.653,1.20911,1.20918,1.00,1.35
2017.01.16 14:46:54.958,1.20909,1.20916,1.31,1.50
2017.01.16 14:46:55.262,1.20911,1.20917,1.69,1.00
2017.01.16 14:46:55.780,1.20913,1.20918,1.00,1.50
2017.01.16 14:46:56.302,1.20913,1.20919,1.25,1.05
2017.01.16 14:46:56.606,1.20917,1.20922,1.00,1.50
2017.01.16 14:46:56.708,1.20915,1.20922,3.19,1.50
2017.01.16 14:46:56.809,1.20915,1.2092,1.00,1.00
2017.01.16 14:46:56.911,1.20913,1.20919,1.00,1.00
2017.01.16 14:46:57.164,1.20911,1.20919,2.25,1.50
2017.01.16 14:46:57.214,1.20913,1.20919,1.00,1.50
2017.01.16 14:46:58.262,1.20913,1.2092,1.50,1.69
2017.01.16 14:46:58.878,1.20914,1.2092,1.00,1.69
2017.01.16 14:46:59.217,1.20913,1.20918,1.00,1.00
2017.01.16 14:46:59.728,1.20913,1.20919,1.00,1.00
2017.01.16 14:47:00.265,1.20915,1.20919,1.00,1.00
2017.01.16 14:47:00.417,1.20913,1.20919,1.50,1.00
2017.01.16 14:47:00.493,1.20915,1.20919,1.00,1.00
2017.01.16 14:47:01.480,1.20914,1.20919,1.00,1.00
2017.01.16 14:47:01.903,1.20912,1.20919,1.00,1.00
2017.01.16 14:47:02.106,1.20914,1.20919,1.00,1.00
2017.01.16 14:47:03.555,1.20913,1.20919,1.00,1.00
2017.01.16 14:47:04.086,1.20914,1.20919,1.00,1.00
2017.01.16 14:47:04.621,1.20912,1.20919,2.06,1.25
2017.01.16 14:47:04.722,1.20914,1.20919,1.00,1.44
2017.01.16 14:47:05.229,1.20913,1.20918,1.00,1.00
2017.01.16 14:47:05.939,1.20913,1.20917,1.50,1.69
2017.01.16 14:47:05.990,1.2091,1.20915,1.87,1.35
2017.01.16 14:47:06.193,1.20908,1.20915,2.44,1.25
2017.01.16 14:47:06.245,1.20911,1.20915,1.00,1.00
2017.01.16 14:47:06.296,1.20909,1.20915,1.00,1.00
2017.01.16 14:47:06.398,1.20908,1.20913,1.25,1.00
2017.01.16 14:47:06.703,1.20906,1.20911,1.00,1.25
2017.01.16 14:47:07.010,1.20904,1.20909,1.00,1.25
2017.01.16 14:47:07.061,1.20902,1.20908,1.69,1.00
2017.01.16 14:47:07.276,1.20905,1.2091,1.00,1.87
2017.01.16 14:47:07.428,1.20901,1.20907,1.69,1.00
2017.01.16 14:47:07.933,1.20901,1.20906,1.00,1.00
2017.01.16 14:47:08.469,1.209,1.20906,1.87,1.00
2017.01.16 14:47:09.007,1.20901,1.20905,1.00,1.00
2017.01.16 14:47:10.353,1.209,1.20905,1.25,1.00
2017.01.16 14:47:10.892,1.209,1.20906,1.25,1.00
2017.01.16 14:47:11.462,1.20899,1.20905,2.44,1.00
2017.01.16 14:47:11.513,1.20899,1.20903,1.00,1.00
2017.01.16 14:47:12.019,1.20898,1.20902,1.00,1.00
2017.01.16 14:47:12.534,1.20897,1.20902,1.00,1.25
2017.01.16 14:47:12.585,1.20895,1.20901,1.00,1.00
2017.01.16 14:47:13.106,1.20895,1.209,1.00,1.00
2017.01.16 14:47:13.628,1.20895,1.20902,1.00,1.12
2017.01.16 14:47:14.845,1.20896,1.20902,1.00,1.12
2017.01.16 14:47:14.897,1.20898,1.20902,1.00,1.12
2017.01.16 14:47:15.390,1.20895,1.20903,1.69,1.19
2017.01.16 14:47:15.758,1.20897,1.20903,1.00,1.00
2017.01.16 14:47:16.298,1.20895,1.20903,1.69,1.00
2017.01.16 14:47:16.400,1.20897,1.20903,1.00,1.00
2017.01.16 14:47:16.940,1.20896,1.20903,1.00,1.00
2017.01.16 14:47:17.573,1.20897,1.20903,1.00,1.00
2017.01.16 14:47:17.881,1.209,1.20903,1.00,1.00
2017.01.16 14:47:18.386,1.209,1.20902,1.00,1.25
2017.01.16 14:47:18.946,1.209,1.20903,1.00,1.25
2017.01.16 14:47:20.268,1.209,1.20904,1.00,3.37
2017.01.16 14:47:20.624,1.20901,1.20906,1.00,1.69
2017.01.16 14:47:20.675,1.20903,1.20906,1.00,1.69
2017.01.16 14:47:20.827,1.20901,1.20908,3.75,1.62
2017.01.16 14:47:20.878,1.20901,1.20908,3.75,1.25
2017.01.16 14:47:21.030,1.20903,1.20908,1.00,1.25
2017.01.16 14:47:21.182,1.20901,1.20908,3.00,1.25
2017.01.16 14:47:21.284,1.20903,1.20908,1.00,1.25
2017.01.16 14:47:22.137,1.20902,1.20909,2.10,1.19
2017.01.16 14:47:23.018,1.20903,1.20909,1.00,1.19
2017.01.16 14:47:24.081,1.209,1.20906,2.44,1.00
2017.01.16 14:47:24.284,1.20899,1.20905,1.00,1.25
2017.01.16 14:47:24.740,1.20901,1.20905,1.00,1.00
2017.01.16 14:47:25.504,1.20899,1.20905,1.00,1.00
2017.01.16 14:47:25.656,1.20901,1.20905,1.00,1.00
2017.01.16 14:47:25.809,1.20902,1.20907,1.00,1.31
2017.01.16 14:47:25.977,1.20902,1.2091,1.25,5.44
2017.01.16 14:47:26.031,1.20906,1.2091,1.00,1.69
2017.01.16 14:47:26.183,1.20906,1.20912,1.00,1.69
2017.01.16 14:47:27.167,1.20905,1.20912,1.00,1.69
2017.01.16 14:47:27.787,1.20904,1.20912,2.44,1.69
2017.01.16 14:47:27.939,1.20906,1.20912,1.00,1.69
2017.01.16 14:47:29.810,1.20904,1.20912,2.44,1.69
2017.01.16 14:47:29.861,1.20907,1.20912,1.00,1.69
2017.01.16 14:47:31.911,1.20906,1.20912,1.00,1.31
2017.01.16 14:47:33.082,1.20906,1.20913,1.69,1.50
2017.01.16 14:47:33.387,1.2092,1.20924,1.00,2.25
2017.01.16 14:47:33.488,1.20921,1.20924,1.00,1.37
2017.01.16 14:47:33.590,1.20921,1.20927,1.00,1.12
2017.01.16 14:47:35.225,1.2092,1.20927,1.31,1.87
2017.01.16 14:47:35.619,1.20922,1.20928,1.00,1.50
2017.01.16 14:47:36.139,1.20921,1.20928,1.00,1.50
2017.01.16 14:47:36.478,1.20921,1.20928,3.00,1.25
2017.01.16 14:47:36.986,1.20927,1.20932,1.56,1.00
2017.01.16 14:47:37.245,1.20928,1.20935,1.31,1.69
2017.01.16 14:47:37.649,1.20928,1.20935,1.31,1.69
2017.01.16 14:47:38.115,1.20926,1.20933,3.00,1.00
2017.01.16 14:47:38.419,1.20925,1.20932,1.19,1.69
2017.01.16 14:47:39.169,1.20923,1.20931,1.87,1.25
2017.01.16 14:47:39.270,1.20923,1.20931,1.50,1.25
2017.01.16 14:47:40.176,1.20922,1.20929,1.50,1.19
2017.01.16 14:47:40.481,1.20919,1.20925,1.50,1.25
2017.01.16 14:47:40.802,1.20917,1.20922,1.00,1.00
2017.01.16 14:47:43.046,1.20915,1.20922,2.62,1.25
2017.01.16 14:47:43.147,1.20915,1.20921,1.00,2.44
2017.01.16 14:47:43.249,1.20913,1.2092,2.25,1.25
2017.01.16 14:47:43.847,1.20914,1.20921,1.00,3.19
2017.01.16 14:47:45.078,1.20915,1.20921,1.00,1.69
2017.01.16 14:47:45.616,1.20914,1.20921,1.50,1.69
2017.01.16 14:47:47.388,1.20915,1.20921,1.00,1.19
2017.01.16 14:47:47.948,1.20915,1.20922,1.50,1.19
2017.01.16 14:47:48.659,1.20914,1.20922,2.44,1.69
2017.01.16 14:47:50.250,1.20916,1.20922,1.00,1.19
2017.01.16 14:47:50.508,1.20922,1.20929,1.50,2.06
2017.01.16 14:47:52.710,1.20921,1.20927,1.00,1.00
2017.01.16 14:47:52.811,1.20918,1.20925,1.50,1.50
2017.01.16 14:47:52.862,1.20918,1.20923,1.12,1.50
2017.01.16 14:47:53.377,1.20918,1.20925,1.44,1.50
2017.01.16 14:47:53.479,1.2092,1.20925,2.44,1.00
2017.01.16 14:47:53.681,1.20921,1.20929,4.50,1.12
2017.01.16 14:47:53.733,1.20922,1.20932,1.31,3.41
2017.01.16 14:47:54.138,1.20923,1.2093,1.19,1.60
2017.01.16 14:47:54.581,1.20924,1.20932,1.44,1.87
2017.01.16 14:47:55.092,1.20925,1.20932,1.00,1.00
2017.01.16 14:47:55.613,1.20923,1.20929,1.31,1.00
2017.01.16 14:47:56.119,1.20923,1.2093,1.19,1.87
2017.01.16 14:47:56.625,1.20922,1.20929,1.69,1.00
2017.01.16 14:47:58.178,1.20922,1.20929,1.69,1.00
2017.01.16 14:47:58.754,1.20922,1.20929,1.19,1.00
2017.01.16 14:47:59.296,1.20924,1.2093,1.00,2.06
2017.01.16 14:48:01.770,1.20921,1.20928,3.00,1.00
2017.01.16 14:48:02.092,1.20921,1.20928,3.19,1.00
2017.01.16 14:48:02.143,1.20921,1.2093,3.94,2.06
2017.01.16 14:48:02.396,1.20926,1.20932,1.00,3.19
2017.01.16 14:48:02.548,1.20927,1.20933,1.00,1.25
2017.01.16 14:48:03.073,1.20927,1.20934,1.00,2.44
2017.01.16 14:48:04.393,1.20926,1.20933,1.00,1.19
2017.01.16 14:48:04.962,1.20924,1.2093,4.12,1.00
2017.01.16 14:48:05.064,1.20924,1.2093,1.00,1.25
2017.01.16 14:48:06.042,1.20923,1.2093,3.00,1.00
2017.01.16 14:48:06.501,1.20925,1.2093,1.19,1.12
2017.01.16 14:48:07.126,1.20925,1.20931,1.69,1.00
2017.01.16 14:48:10.297,1.20925,1.20931,1.19,1.00
2017.01.16 14:48:10.347,1.20925,1.20931,1.00,1.00
2017.01.16 14:48:10.934,1.20924,1.20931,2.62,1.00
2017.01.16 14:48:12.216,1.20923,1.20931,3.37,2.25
2017.01.16 14:48:14.998,1.20923,1.2093,1.00,1.00
2017.01.16 14:48:15.532,1.20922,1.20928,1.00,1.00
2017.01.16 14:48:16.041,1.20922,1.20929,1.50,2.44
2017.01.16 14:48:18.189,1.20922,1.20928,1.00,1.00
2017.01.16 14:48:18.725,1.20922,1.20929,1.00,3.19
2017.01.16 14:48:20.496,1.20923,1.2093,1.00,3.19
2017.01.16 14:48:21.167,1.20922,1.2093,1.50,3.19
2017.01.16 14:48:21.532,1.20922,1.20929,1.19,1.69
2017.01.16 14:48:22.038,1.20923,1.20929,1.00,1.50
2017.01.16 14:48:22.738,1.20923,1.20929,1.00,1.69
2017.01.16 14:48:23.417,1.20922,1.20929,1.00,1.69
2017.01.16 14:48:25.612,1.20923,1.2093,1.00,2.25
2017.01.16 14:48:26.207,1.20924,1.2093,1.00,1.00
2017.01.16 14:48:27.895,1.20925,1.2093,1.00,1.00
2017.01.16 14:48:28.199,1.20923,1.2093,1.00,1.00
2017.01.16 14:48:28.741,1.20924,1.20931,1.00,2.81
2017.01.16 14:48:28.893,1.20922,1.2093,1.50,1.00
2017.01.16 14:48:30.082,1.20924,1.2093,1.00,1.00
2017.01.16 14:48:30.307,1.20922,1.20929,1.50,1.00
2017.01.16 14:48:30.506,1.20924,1.20929,1.00,1.00
2017.01.16 14:48:32.009,1.20923,1.20929,1.00,1.50
2017.01.16 14:48:32.527,1.20924,1.20929,1.00,1.00
2017.01.16 14:48:33.071,1.20925,1.2093,1.00,1.00
2017.01.16 14:48:33.475,1.20922,1.20928,2.62,1.00
2017.01.16 14:48:33.983,1.20923,1.20929,1.00,3.37
2017.01.16 14:48:34.520,1.20922,1.20929,1.50,1.50
2017.01.16 14:48:35.158,1.20922,1.20928,1.00,1.00
2017.01.16 14:48:36.035,1.20921,1.20928,1.87,1.00
2017.01.16 14:48:36.835,1.20922,1.20928,1.00,1.00
2017.01.16 14:48:37.449,1.20921,1.20928,1.87,1.00
2017.01.16 14:48:37.984,1.20922,1.20928,1.00,1.00
2017.01.16 14:48:38.645,1.20921,1.20928,1.87,1.00
2017.01.16 14:48:38.961,1.20926,1.2093,1.00,3.56
2017.01.16 14:48:39.013,1.20923,1.2093,1.00,3.19
2017.01.16 14:48:39.064,1.20928,1.2093,1.00,1.00
2017.01.16 14:48:39.115,1.20926,1.20931,1.00,1.75
2017.01.16 14:48:39.520,1.20927,1.20935,1.87,3.19
2017.01.16 14:48:39.722,1.20927,1.20935,2.25,2.44
2017.01.16 14:48:40.428,1.20928,1.20934,1.50,1.00
2017.01.16 14:48:41.232,1.20927,1.20932,1.69,1.00
2017.01.16 14:48:41.537,1.20926,1.20932,2.25,1.19
2017.01.16 14:48:41.819,1.20926,1.20934,1.75,2.81
2017.01.16 14:48:42.042,1.20926,1.20934,1.37,4.31
2017.01.16 14:48:42.575,1.20927,1.20934,1.37,5.06
2017.01.16 14:48:44.086,1.20925,1.20931,1.44,1.50
2017.01.16 14:48:44.137,1.20924,1.20928,1.37,1.00
2017.01.16 14:48:44.239,1.20922,1.20928,1.19,1.00
2017.01.16 14:48:44.291,1.20923,1.20931,1.69,2.81
2017.01.16 14:48:44.707,1.20924,1.2093,2.62,1.00
2017.01.16 14:48:45.011,1.20929,1.20934,1.31,1.00
2017.01.16 14:48:45.163,1.2093,1.20936,1.19,1.00
2017.01.16 14:48:45.672,1.2093,1.20937,1.56,1.12
2017.01.16 14:48:46.287,1.2093,1.20936,1.56,1.00
2017.01.16 14:48:46.837,1.20929,1.20935,2.44,1.00
2017.01.16 14:48:47.660,1.20929,1.20936,3.19,1.00
2017.01.16 14:48:52.179,1.2093,1.20936,1.37,1.00
2017.01.16 14:48:53.172,1.2093,1.20937,1.37,1.87
2017.01.16 14:48:54.180,1.20932,1.20938,1.25,1.87
2017.01.16 14:48:55.942,1.20932,1.20938,1.19,1.87
2017.01.16 14:48:57.950,1.20936,1.20939,1.00,2.44
2017.01.16 14:48:58.458,1.20935,1.20938,1.00,1.12
2017.01.16 14:49:00.528,1.20934,1.20935,1.00,1.00
2017.01.16 14:49:01.035,1.20934,1.20936,1.00,1.12
2017.01.16 14:49:01.842,1.20932,1.20936,1.50,1.12
2017.01.16 14:49:01.998,1.20935,1.20936,1.00,1.12
2017.01.16 14:49:02.201,1.20937,1.20938,1.12,1.00
2017.01.16 14:49:02.739,1.20937,1.20941,1.00,1.87
2017.01.16 14:49:05.778,1.20937,1.20942,1.00,2.44
2017.01.16 14:49:06.310,1.20937,1.20941,1.00,1.00
2017.01.16 14:49:07.322,1.20937,1.20942,1.00,2.44
2017.01.16 14:49:09.531,1.20939,1.20942,1.00,1.00
2017.01.16 14:49:11.208,1.20938,1.20942,1.00,1.00
2017.01.16 14:49:11.987,1.20939,1.20942,1.00,1.00
2017.01.16 14:49:12.594,1.20939,1.20943,1.00,1.50
2017.01.16 14:49:19.977,1.2094,1.20943,1.00,1.00
2017.01.16 14:49:20.534,1.20941,1.20944,1.00,1.25
2017.01.16 14:49:20.795,1.20939,1.20944,1.00,1.00
2017.01.16 14:49:20.948,1.2094,1.20946,1.00,2.81
2017.01.16 14:49:21.474,1.2094,1.20945,1.00,1.12
2017.01.16 14:49:22.074,1.2094,1.20944,1.00,1.00
2017.01.16 14:49:23.104,1.2094,1.20945,1.00,1.12
2017.01.16 14:49:24.295,1.20939,1.20946,1.00,4.69
2017.01.16 14:49:24.845,1.20939,1.20946,1.25,3.00
2017.01.16 14:49:25.410,1.20939,1.20945,1.25,1.00
2017.01.16 14:49:25.943,1.20939,1.20945,1.00,4.24
2017.01.16 14:49:27.125,1.2094,1.20944,1.00,1.00
2017.01.16 14:49:27.176,1.2094,1.20944,1.37,1.00
2017.01.16 14:49:27.480,1.20945,1.20948,1.00,1.00
2017.01.16 14:49:29.008,1.20943,1.20948,1.31,1.00
2017.01.16 14:49:33.692,1.20942,1.20948,2.06,1.60
2017.01.16 14:49:33.744,1.2094,1.20947,2.44,2.29
2017.01.16 14:49:34.462,1.20939,1.20945,1.31,3.00
2017.01.16 14:49:36.826,1.20939,1.20944,1.87,1.00
2017.01.16 14:49:36.929,1.20941,1.20946,1.25,1.00
2017.01.16 14:49:37.481,1.20941,1.20945,1.25,1.00
2017.01.16 14:49:37.863,1.20941,1.20947,1.25,1.69
2017.01.16 14:49:38.066,1.20943,1.20947,1.25,1.50
2017.01.16 14:49:40.940,1.20943,1.20949,1.69,3.04
2017.01.16 14:49:44.268,1.20943,1.20949,1.25,4.54
2017.01.16 14:49:48.472,1.2094,1.20945,1.44,1.50
2017.01.16 14:49:48.523,1.20939,1.20944,1.12,1.25
2017.01.16 14:49:49.038,1.20937,1.20943,1.19,1.50
2017.01.16 14:49:50.211,1.20936,1.2094,1.87,1.00
2017.01.16 14:49:50.616,1.20936,1.20943,2.62,4.50
2017.01.16 14:49:51.127,1.20937,1.20941,1.44,1.00
2017.01.16 14:49:51.758,1.20936,1.20941,1.19,1.25
2017.01.16 14:49:52.307,1.20936,1.20941,1.25,1.25
2017.01.16 14:49:52.560,1.20933,1.20938,2.25,1.00
2017.01.16 14:49:52.662,1.20932,1.20937,2.06,1.00
2017.01.16 14:49:55.740,1.20932,1.20938,1.25,1.69
2017.01.16 14:49:55.791,1.20934,1.20938,1.00,1.69
2017.01.16 14:49:55.943,1.20935,1.20941,1.25,2.44
2017.01.16 14:49:57.458,1.20935,1.20942,2.62,2.62
2017.01.16 14:49:58.002,1.20935,1.2094,1.12,1.00
2017.01.16 14:49:58.255,1.20935,1.20942,1.69,4.12
2017.01.16 14:50:00.321,1.20935,1.20941,1.69,1.50
2017.01.16 14:50:00.808,1.20933,1.2094,1.69,3.94
2017.01.16 14:50:01.315,1.20931,1.20938,1.69,2.25
2017.01.16 14:50:01.366,1.2093,1.20937,1.87,2.81
2017.01.16 14:50:01.672,1.20932,1.20937,1.00,1.31
2017.01.16 14:50:02.179,1.20931,1.20938,1.69,6.19
2017.01.16 14:50:02.505,1.20931,1.20935,1.25,1.00
2017.01.16 14:50:02.657,1.2093,1.20937,1.50,2.44
2017.01.16 14:50:03.204,1.2093,1.20936,1.12,1.00
2017.01.16 14:50:03.933,1.20931,1.20936,1.00,1.00
2017.01.16 14:50:05.585,1.20932,1.20935,1.00,1.00
2017.01.16 14:50:06.115,1.20933,1.20935,1.00,1.00
2017.01.16 14:50:06.635,1.20933,1.20938,1.00,3.19
2017.01.16 14:50:07.166,1.20933,1.20938,1.69,1.00
2017.01.16 14:50:07.691,1.20932,1.20935,1.69,1.00
2017.01.16 14:50:08.046,1.20932,1.20938,1.25,3.00
2017.01.16 14:50:10.486,1.20931,1.20937,1.19,1.00
2017.01.16 14:50:11.013,1.20931,1.20936,1.69,1.00
2017.01.16 14:50:11.216,1.2093,1.20935,2.44,1.00
2017.01.16 14:50:11.778,1.2093,1.20936,1.69,1.00
2017.01.16 14:50:12.320,1.2093,1.20937,1.25,3.37
2017.01.16 14:50:12.851,1.20929,1.20936,1.87,1.00
2017.01.16 14:50:13.911,1.2093,1.20935,1.25,1.00
2017.01.16 14:50:14.113,1.20932,1.20935,1.00,1.00
2017.01.16 14:50:14.164,1.20932,1.20937,1.31,3.00
2017.01.16 14:50:14.266,1.20929,1.20937,2.44,1.50
2017.01.16 14:50:14.317,1.20932,1.20938,1.19,2.62
2017.01.16 14:50:14.823,1.20933,1.20939,1.12,2.44
2017.01.16 14:50:16.237,1.20931,1.20937,2.44,1.00
2017.01.16 14:50:17.146,1.20933,1.20938,1.25,1.00
2017.01.16 14:50:17.640,1.20934,1.2094,1.19,2.06
2017.01.16 14:50:18.185,1.20934,1.2094,1.25,2.06
2017.01.16 14:50:18.489,1.20936,1.2094,1.25,1.00
2017.01.16 14:50:20.162,1.20935,1.20941,1.44,1.00
2017.01.16 14:50:20.668,1.20935,1.2094,1.44,1.50
2017.01.16 14:50:21.207,1.20935,1.2094,1.25,1.50
2017.01.16 14:50:22.713,1.20934,1.20941,1.69,1.69
2017.01.16 14:50:23.017,1.20934,1.20939,1.50,1.00
2017.01.16 14:50:23.524,1.20934,1.2094,2.25,1.00
2017.01.16 14:50:24.060,1.20935,1.2094,1.00,1.50
2017.01.16 14:50:24.579,1.20936,1.20941,1.00,1.31
2017.01.16 14:50:25.090,1.20935,1.20941,1.00,1.25
2017.01.16 14:50:26.043,1.20934,1.20941,1.50,1.25
2017.01.16 14:50:26.983,1.20935,1.20941,1.00,1.25
2017.01.16 14:50:27.292,1.20938,1.20942,1.00,1.00
2017.01.16 14:50:27.597,1.20941,1.20947,1.50,1.87
2017.01.16 14:50:29.502,1.2094,1.20946,1.00,1.00
2017.01.16 14:50:29.856,1.20938,1.20944,1.00,1.00
2017.01.16 14:50:30.362,1.20939,1.20945,1.00,2.25
2017.01.16 14:50:31.314,1.20939,1.20945,1.19,1.50
2017.01.16 14:50:31.998,1.2094,1.20947,1.25,5.06
2017.01.16 14:50:38.182,1.20941,1.20946,1.00,1.25
2017.01.16 14:50:39.503,1.20941,1.20948,1.50,2.81
2017.01.16 14:50:40.137,1.20939,1.20948,3.19,3.04
2017.01.16 14:50:41.376,1.20939,1.20948,2.25,2.44
2017.01.16 14:50:42.343,1.2094,1.20948,1.00,2.06
2017.01.16 14:50:42.884,1.20939,1.20948,3.00,2.06
2017.01.16 14:50:43.543,1.2094,1.20948,1.00,1.31
2017.01.16 14:50:43.812,1.2094,1.20946,1.00,1.00
2017.01.16 14:50:44.339,1.2094,1.20946,1.50,1.69
2017.01.16 14:50:44.864,1.20941,1.20946,1.50,1.19
2017.01.16 14:50:47.947,1.2094,1.20946,1.25,1.69
2017.01.16 14:50:48.470,1.20939,1.20945,1.00,1.69
2017.01.16 14:50:49.026,1.20937,1.20945,2.06,1.69
2017.01.16 14:50:49.555,1.20938,1.20945,1.00,2.44
2017.01.16 14:50:50.671,1.20938,1.20943,1.00,1.00
2017.01.16 14:50:53.964,1.20936,1.20943,2.44,1.00
2017.01.16 14:50:54.511,1.20937,1.20943,1.00,1.00
2017.01.16 14:50:55.122,1.20936,1.20943,2.44,1.00
2017.01.16 14:50:55.273,1.20939,1.20943,1.00,1.00
2017.01.16 14:50:55.818,1.2094,1.20944,1.00,1.25
2017.01.16 14:50:58.150,1.20939,1.20944,1.00,1.25
2017.01.16 14:51:01.014,1.20941,1.20945,1.00,1.50
2017.01.16 14:51:04.118,1.20941,1.20943,1.00,1.00
2017.01.16 14:51:04.986,1.20941,1.20946,1.00,2.44
2017.01.16 14:51:05.686,1.20941,1.20946,1.00,1.50
2017.01.16 14:51:09.085,1.20942,1.20947,1.00,3.37
2017.01.16 14:51:09.594,1.20942,1.20947,1.00,1.00
2017.01.16 14:51:10.102,1.20941,1.20947,1.00,1.50
2017.01.16 14:51:10.457,1.20943,1.20948,1.00,2.44
2017.01.16 14:51:10.818,1.20945,1.20948,1.00,1.69
2017.01.16 14:51:10.920,1.20942,1.20948,1.00,2.66
2017.01.16 14:51:12.293,1.20943,1.20947,1.00,1.31
2017.01.16 14:51:13.282,1.20941,1.20947,1.25,1.54
2017.01.16 14:51:13.457,1.2094,1.20946,1.19,1.50
2017.01.16 14:51:13.766,1.20943,1.20946,1.00,1.00
2017.01.16 14:51:13.837,1.20943,1.20949,1.00,3.75
2017.01.16 14:51:14.356,1.20942,1.20949,1.00,5.81
2017.01.16 14:51:15.098,1.20942,1.20947,1.00,1.25
2017.01.16 14:51:15.724,1.20942,1.20948,1.00,2.85
2017.01.16 14:51:15.876,1.20942,1.20947,1.00,2.44
2017.01.16 14:51:16.329,1.2094,1.20947,1.25,2.81
2017.01.16 14:51:16.634,1.20942,1.20947,1.50,1.12
2017.01.16 14:51:17.146,1.20942,1.20947,1.00,1.19
2017.01.16 14:51:17.299,1.20942,1.20948,1.00,3.00
2017.01.16 14:51:17.805,1.20944,1.20949,1.00,1.31
2017.01.16 14:51:18.336,1.20943,1.20949,1.50,1.91
2017.01.16 14:51:19.603,1.20943,1.20949,1.50,1.91
2017.01.16 14:51:21.315,1.20943,1.20949,1.50,1.54
2017.01.16 14:51:22.275,1.20944,1.20949,1.00,3.22
2017.01.16 14:51:22.781,1.20944,1.20949,1.00,3.22
2017.01.16 14:51:23.578,1.20943,1.20949,1.50,2.47
2017.01.16 14:51:24.085,1.20943,1.20949,1.50,2.47
2017.01.16 14:51:24.399,1.20945,1.20949,1.25,1.69
2017.01.16 14:51:24.956,1.20944,1.20949,1.00,2.47
2017.01.16 14:51:25.584,1.20944,1.20948,1.00,1.54
2017.01.16 14:51:25.635,1.20941,1.20948,2.44,1.72
2017.01.16 14:51:26.195,1.20941,1.20948,2.44,1.69
2017.01.16 14:51:27.684,1.20944,1.20948,1.00,2.29
2017.01.16 14:51:28.276,1.20943,1.20948,1.50,1.84
2017.01.16 14:51:28.801,1.20944,1.20949,1.00,2.40
2017.01.16 14:51:30.822,1.20944,1.20949,1.69,1.77
2017.01.16 14:51:31.831,1.20943,1.2095,1.25,4.87
2017.01.16 14:51:32.171,1.20944,1.20949,1.19,1.34
2017.01.16 14:51:32.542,1.20943,1.20949,1.00,2.02
2017.01.16 14:51:32.946,1.20941,1.20948,1.50,3.30
2017.01.16 14:51:33.455,1.2094,1.20948,1.50,6.15
2017.01.16 14:51:35.288,1.20941,1.20948,1.00,6.15
2017.01.16 14:51:36.411,1.20943,1.20947,1.00,1.25
2017.01.16 14:51:37.016,1.20941,1.20948,1.00,4.35
2017.01.16 14:51:37.067,1.20941,1.20945,1.00,1.25
2017.01.16 14:51:37.169,1.20939,1.20945,1.00,1.69
2017.01.16 14:51:37.531,1.20938,1.20944,2.25,1.19
2017.01.16 14:51:38.056,1.20938,1.20944,1.00,2.44
2017.01.16 14:51:38.158,1.20938,1.20944,1.00,2.25
2017.01.16 14:51:38.697,1.20938,1.20943,1.00,1.00
2017.01.16 14:51:39.126,1.20939,1.20945,1.50,2.06
2017.01.16 14:51:39.666,1.2094,1.20945,1.00,1.25
2017.01.16 14:51:40.478,1.20942,1.20945,1.00,1.25
2017.01.16 14:51:41.841,1.2094,1.20945,1.00,1.69
2017.01.16 14:51:42.347,1.20941,1.20945,1.00,1.25
2017.01.16 14:51:42.903,1.2094,1.20945,1.50,1.25
2017.01.16 14:51:43.580,1.20941,1.20945,1.50,1.25
2017.01.16 14:51:43.763,1.20943,1.20945,1.00,1.25
2017.01.16 14:51:43.814,1.20943,1.20947,1.00,2.06
2017.01.16 14:51:44.329,1.20942,1.20947,1.00,1.25
2017.01.16 14:51:44.885,1.20941,1.20947,2.25,1.25
2017.01.16 14:51:45.540,1.20939,1.20944,1.69,1.00
2017.01.16 14:51:45.858,1.20941,1.20944,1.00,1.00
2017.01.16 14:51:46.515,1.2094,1.20944,1.00,1.00
2017.01.16 14:51:46.855,1.20943,1.20946,1.00,2.25
2017.01.16 14:51:47.397,1.20944,1.20946,1.00,1.31
2017.01.16 14:51:47.448,1.20944,1.20946,1.00,1.12
2017.01.16 14:51:47.961,1.20943,1.20946,1.00,1.12
2017.01.16 14:51:52.285,1.20945,1.20948,1.00,1.99
2017.01.16 14:51:53.941,1.20944,1.20949,1.00,1.69
2017.01.16 14:51:54.501,1.20943,1.20948,1.00,1.69
2017.01.16 14:51:54.805,1.20941,1.20947,1.25,2.25
2017.01.16 14:51:54.856,1.20939,1.20945,2.25,1.25
2017.01.16 14:51:55.362,1.2094,1.20945,1.00,1.61
2017.01.16 14:51:55.870,1.2094,1.20946,2.44,1.42
2017.01.16 14:51:56.448,1.20942,1.20945,1.00,1.00
2017.01.16 14:51:56.701,1.20945,1.20949,1.50,1.12
2017.01.16 14:51:57.273,1.20944,1.20949,1.25,1.60
2017.01.16 14:51:57.374,1.20944,1.20949,1.25,1.50
2017.01.16 14:51:57.880,1.20944,1.2095,1.69,3.19
2017.01.16 14:51:58.578,1.20948,1.2095,1.00,1.31
2017.01.16 14:51:58.933,1.20947,1.20953,2.44,1.50
2017.01.16 14:51:59.034,1.20946,1.20953,2.44,1.42
2017.01.16 14:51:59.490,1.20947,1.20951,1.00,2.59
2017.01.16 14:51:59.541,1.20944,1.2095,1.00,2.00
2017.01.16 14:51:59.643,1.20944,1.2095,1.00,2.29
2017.01.16 14:52:00.160,1.20945,1.2095,1.00,1.69
2017.01.16 14:52:00.704,1.20944,1.2095,1.50,1.00
2017.01.16 14:52:01.240,1.20944,1.2095,1.50,3.94
2017.01.16 14:52:02.721,1.20945,1.2095,1.00,3.19
2017.01.16 14:52:02.823,1.20948,1.20951,1.00,1.69
2017.01.16 14:52:03.741,1.20947,1.20951,1.00,1.99
2017.01.16 14:52:03.996,1.20949,1.20951,1.00,1.00
2017.01.16 14:52:04.262,1.20947,1.20953,1.50,2.40
2017.01.16 14:52:04.781,1.20947,1.20953,1.69,1.84
2017.01.16 14:52:05.331,1.20947,1.20952,1.25,1.49
2017.01.16 14:52:08.364,1.20947,1.2095,1.25,1.00
2017.01.16 14:52:08.516,1.20945,1.20948,1.00,1.00
2017.01.16 14:52:08.839,1.20944,1.20946,1.00,1.00
2017.01.16 14:52:08.891,1.20943,1.20946,1.00,1.00
2017.01.16 14:52:08.942,1.20943,1.20948,1.00,2.25
2017.01.16 14:52:10.087,1.20942,1.20948,1.00,1.87
2017.01.16 14:52:10.592,1.20942,1.20947,1.00,1.00
2017.01.16 14:52:14.646,1.20941,1.20946,1.00,1.00
2017.01.16 14:52:14.698,1.20944,1.20947,1.00,1.00
2017.01.16 14:52:14.799,1.2094,1.20946,1.00,1.00
2017.01.16 14:52:14.901,1.20943,1.20946,1.00,1.69
2017.01.16 14:52:15.002,1.20939,1.20947,1.69,2.06
2017.01.16 14:52:15.053,1.20941,1.20947,1.00,2.44
2017.01.16 14:52:15.568,1.2094,1.20946,1.00,1.19
2017.01.16 14:52:16.642,1.20939,1.20946,1.69,1.19
2017.01.16 14:52:20.299,1.2094,1.20944,1.00,1.00
2017.01.16 14:52:20.350,1.20937,1.20945,4.87,1.69
2017.01.16 14:52:20.857,1.20937,1.20943,1.50,1.69
2017.01.16 14:52:20.908,1.20937,1.20941,1.50,1.00
2017.01.16 14:52:21.410,1.20937,1.20942,1.00,1.00
2017.01.16 14:52:21.916,1.20938,1.20941,1.00,1.00
2017.01.16 14:52:22.037,1.20939,1.20943,1.00,1.69
2017.01.16 14:52:22.571,1.20939,1.20944,1.00,1.12
2017.01.16 14:52:23.840,1.20938,1.20941,1.00,1.00
2017.01.16 14:52:23.992,1.20936,1.2094,1.25,1.00
2017.01.16 14:52:24.397,1.20938,1.20941,1.25,1.00
2017.01.16 14:52:24.947,1.20938,1.20942,1.00,2.25
2017.01.16 14:52:27.981,1.20936,1.20941,1.69,1.00
2017.01.16 14:52:28.744,1.20938,1.20942,1.00,1.00
2017.01.16 14:52:28.845,1.20939,1.20944,1.00,1.00
2017.01.16 14:52:29.352,1.20939,1.20945,1.00,1.25
2017.01.16 14:52:30.819,1.20938,1.20945,1.87,1.25
2017.01.16 14:52:30.972,1.20937,1.20944,1.31,2.44
2017.01.16 14:52:31.512,1.20938,1.20944,1.25,1.69
2017.01.16 14:52:35.181,1.20938,1.20944,1.69,1.00
2017.01.16 14:52:35.885,1.20939,1.20944,1.00,1.00
2017.01.16 14:52:37.893,1.2094,1.20944,1.00,1.00
2017.01.16 14:52:38.619,1.2094,1.20945,1.00,1.69
2017.01.16 14:52:38.670,1.20938,1.20945,2.62,1.69
2017.01.16 14:52:39.712,1.20939,1.20945,1.00,1.69
2017.01.16 14:52:40.865,1.20938,1.20945,2.44,1.69
2017.01.16 14:52:44.494,1.20939,1.20945,1.00,2.44
2017.01.16 14:52:46.519,1.20938,1.20945,1.69,1.69
2017.01.16 14:52:46.621,1.20937,1.20943,1.50,1.00
2017.01.16 14:52:49.793,1.20937,1.20942,1.00,1.00
2017.01.16 14:52:50.300,1.20937,1.20943,1.00,1.00
2017.01.16 14:52:51.003,1.20938,1.20944,1.00,1.25
2017.01.16 14:52:51.566,1.20939,1.20944,1.00,1.05
2017.01.16 14:52:51.870,1.20941,1.20945,1.00,1.05
2017.01.16 14:52:52.182,1.20936,1.20943,4.69,1.24
2017.01.16 14:52:52.233,1.20936,1.20943,3.56,1.19
2017.01.16 14:52:52.334,1.20936,1.20943,2.62,1.00
2017.01.16 14:52:52.385,1.20936,1.20943,2.25,1.19
2017.01.16 14:52:53.940,1.20937,1.20942,1.00,1.19
2017.01.16 14:52:54.476,1.20938,1.20942,1.00,1.25
2017.01.16 14:52:56.022,1.20937,1.20942,1.00,1.00
2017.01.16 14:52:56.667,1.20936,1.2094,1.69,1.00
2017.01.16 14:52:56.769,1.20934,1.20939,1.12,1.69
2017.01.16 14:52:57.073,1.20932,1.20936,1.37,1.00
2017.01.16 14:52:57.657,1.20932,1.20936,1.00,1.00
2017.01.16 14:52:58.969,1.2093,1.20935,1.87,2.25
2017.01.16 14:52:59.070,1.20928,1.20932,1.00,1.00
2017.01.16 14:52:59.222,1.20926,1.20931,2.25,1.25
2017.01.16 14:52:59.760,1.20925,1.2093,1.69,1.00
2017.01.16 14:53:00.282,1.20926,1.20931,1.50,1.25
2017.01.16 14:53:00.788,1.20927,1.20932,1.00,1.69
2017.01.16 14:53:01.842,1.20926,1.20932,1.00,1.69
2017.01.16 14:53:01.915,1.20925,1.2093,1.00,2.44
2017.01.16 14:53:01.966,1.20923,1.20928,1.25,1.00
2017.01.16 14:53:02.017,1.20922,1.20925,1.75,1.00
2017.01.16 14:53:02.118,1.20921,1.20925,1.00,1.00
2017.01.16 14:53:02.704,1.20919,1.20925,1.69,2.25
2017.01.16 14:53:03.604,1.20918,1.20924,1.25,1.00
2017.01.16 14:53:04.111,1.20916,1.20922,3.00,1.00
2017.01.16 14:53:04.212,1.20916,1.20921,1.69,1.00
2017.01.16 14:53:05.444,1.20916,1.20922,2.44,1.69
2017.01.16 14:53:05.982,1.20918,1.20924,1.69,1.12
2017.01.16 14:53:06.312,1.20923,1.20929,1.87,1.69
2017.01.16 14:53:06.413,1.20923,1.2093,2.44,2.44
2017.01.16 14:53:09.218,1.20923,1.20927,1.31,1.00
2017.01.16 14:53:09.320,1.20922,1.20927,1.00,1.69
2017.01.16 14:53:09.868,1.20921,1.20927,1.25,1.25
2017.01.16 14:53:10.513,1.20921,1.20926,1.25,1.00
2017.01.16 14:53:14.389,1.20921,1.20927,1.25,1.69
2017.01.16 14:53:16.087,1.20924,1.20927,1.00,1.25
2017.01.16 14:53:16.404,1.20926,1.20928,1.00,1.00
2017.01.16 14:53:16.967,1.20927,1.20929,1.00,1.25
2017.01.16 14:53:19.441,1.20927,1.2093,1.00,2.25
2017.01.16 14:53:21.306,1.20928,1.2093,1.00,1.00
2017.01.16 14:53:21.509,1.20929,1.20932,1.00,1.38
2017.01.16 14:53:22.022,1.20929,1.20932,1.69,1.87
2017.01.16 14:53:22.534,1.20929,1.20931,1.00,1.00
2017.01.16 14:53:24.441,1.20928,1.2093,1.00,1.50
2017.01.16 14:53:24.942,1.20927,1.2093,1.00,3.00
2017.01.16 14:53:26.243,1.20927,1.2093,1.00,3.00
2017.01.16 14:53:26.546,1.20926,1.20927,1.00,1.00
2017.01.16 14:53:26.598,1.20926,1.20929,1.00,3.37
2017.01.16 14:53:27.155,1.20925,1.20929,1.00,2.62
2017.01.16 14:53:27.700,1.20925,1.20928,1.00,1.00
2017.01.16 14:53:27.852,1.20926,1.20929,1.00,2.62
2017.01.16 14:53:28.400,1.20927,1.20929,1.00,1.50
2017.01.16 14:53:35.985,1.20927,1.20929,1.00,1.00
2017.01.16 14:53:36.683,1.20928,1.2093,1.00,1.00
2017.01.16 14:53:36.988,1.20929,1.20931,1.00,1.87
2017.01.16 14:53:37.881,1.20929,1.20932,1.00,2.25
2017.01.16 14:53:38.943,1.20928,1.20932,1.00,2.25
2017.01.16 14:53:39.297,1.20927,1.2093,1.00,1.00
2017.01.16 14:53:44.240,1.20926,1.2093,1.25,2.25
2017.01.16 14:53:45.809,1.20926,1.2093,1.00,3.19
2017.01.16 14:53:45.961,1.20926,1.2093,1.00,3.94
2017.01.16 14:53:48.338,1.20927,1.2093,1.00,1.50
2017.01.16 14:53:48.490,1.20929,1.20931,1.00,1.25
2017.01.16 14:53:48.999,1.2093,1.20933,1.00,1.19
2017.01.16 14:53:49.509,1.2093,1.20933,1.00,2.44
2017.01.16 14:53:50.773,1.2093,1.20933,1.00,2.44
2017.01.16 14:53:51.022,1.20934,1.20936,1.00,2.06
2017.01.16 14:53:51.451,1.20933,1.20934,1.00,1.00
2017.01.16 14:53:51.654,1.20933,1.20938,1.00,3.56
2017.01.16 14:53:52.192,1.20934,1.20938,1.00,5.44
2017.01.16 14:53:52.293,1.20932,1.20935,1.00,1.19
2017.01.16 14:53:52.833,1.20932,1.20935,1.00,1.19
2017.01.16 14:53:53.161,1.20931,1.20934,1.00,1.19
2017.01.16 14:53:54.376,1.20932,1.20936,1.00,1.69
2017.01.16 14:53:55.165,1.20932,1.20936,1.00,1.00
2017.01.16 14:53:55.216,1.20934,1.20936,1.00,1.00
2017.01.16 14:53:55.520,1.20936,1.20938,1.00,2.44
2017.01.16 14:53:57.205,1.20936,1.20939,1.00,2.81
2017.01.16 14:53:57.719,1.20936,1.20939,1.00,2.06
2017.01.16 14:53:58.617,1.20936,1.20939,1.00,2.06
2017.01.16 14:54:00.851,1.20937,1.20939,1.00,1.12
2017.01.16 14:54:01.360,1.20938,1.20941,1.00,2.44
2017.01.16 14:54:01.867,1.20938,1.20941,1.00,1.25
2017.01.16 14:54:02.421,1.20939,1.20941,1.00,1.25
2017.01.16 14:54:02.472,1.20937,1.20941,1.00,1.25
2017.01.16 14:54:02.523,1.20938,1.20941,1.00,1.25
2017.01.16 14:54:02.826,1.20937,1.20941,1.00,1.25
2017.01.16 14:54:02.978,1.20938,1.20941,1.00,1.25
2017.01.16 14:54:03.180,1.20937,1.20941,1.00,1.25
2017.01.16 14:54:03.257,1.20938,1.20941,1.00,1.25
2017.01.16 14:54:03.307,1.20937,1.20941,1.00,1.25
2017.01.16 14:54:03.358,1.20938,1.20941,1.00,1.25
2017.01.16 14:54:03.880,1.20938,1.20941,1.00,1.25
2017.01.16 14:54:04.133,1.20935,1.2094,1.69,1.50
2017.01.16 14:54:04.437,1.20935,1.20938,1.00,1.19
2017.01.16 14:54:05.012,1.20936,1.20938,1.00,1.19
2017.01.16 14:54:05.063,1.20933,1.20938,1.00,1.69
2017.01.16 14:54:05.165,1.20935,1.20938,1.00,1.69
2017.01.16 14:54:05.216,1.20933,1.20938,1.00,1.69
2017.01.16 14:54:05.905,1.20934,1.20937,1.00,1.25
2017.01.16 14:54:06.414,1.20933,1.20938,1.00,1.69
2017.01.16 14:54:06.515,1.20935,1.20938,1.00,1.69
2017.01.16 14:54:07.021,1.20934,1.20938,1.00,1.69
2017.01.16 14:54:07.713,1.20935,1.20938,1.00,1.69
2017.01.16 14:54:07.865,1.20933,1.20938,1.00,1.69
2017.01.16 14:54:10.189,1.20934,1.20938,1.00,1.69
2017.01.16 14:54:10.564,1.20935,1.20939,1.00,1.54
2017.01.16 14:54:11.133,1.20934,1.20939,1.00,1.69
2017.01.16 14:54:11.861,1.20933,1.20938,1.00,1.35
2017.01.16 14:54:15.872,1.20933,1.20939,1.00,1.25
2017.01.16 14:54:16.279,1.20936,1.2094,1.00,1.50
2017.01.16 14:54:16.811,1.20937,1.20941,1.25,1.00
2017.01.16 14:54:17.494,1.20937,1.20944,1.00,6.04
2017.01.16 14:54:18.045,1.20935,1.20942,2.44,1.75
2017.01.16 14:54:18.550,1.20934,1.2094,1.69,2.81
2017.01.16 14:54:19.175,1.20934,1.2094,1.25,1.31
2017.01.16 14:54:20.040,1.20934,1.2094,1.25,1.62
2017.01.16 14:54:20.622,1.20933,1.2094,1.69,1.62
2017.01.16 14:54:24.489,1.20933,1.2094,1.69,2.06
2017.01.16 14:54:24.591,1.20933,1.20937,1.69,1.00
2017.01.16 14:54:24.642,1.2093,1.20936,1.37,1.60
2017.01.16 14:54:24.794,1.20927,1.20934,5.06,1.72
2017.01.16 14:54:25.048,1.20927,1.20932,1.00,1.37
2017.01.16 14:54:25.418,1.20923,1.20927,2.81,2.85
2017.01.16 14:54:25.469,1.20923,1.20925,2.25,1.30
2017.01.16 14:54:25.520,1.2092,1.20925,2.25,2.29
2017.01.16 14:54:25.622,1.2092,1.20924,1.00,1.35
2017.01.16 14:54:25.673,1.20918,1.20924,1.00,1.00
2017.01.16 14:54:26.189,1.20917,1.20924,2.25,1.00
2017.01.16 14:54:26.467,1.20919,1.20924,1.00,1.00
2017.01.16 14:54:27.003,1.20919,1.20925,1.00,1.50
2017.01.16 14:54:27.535,1.20918,1.20925,1.50,1.50
2017.01.16 14:54:28.043,1.20917,1.20924,2.06,1.50
2017.01.16 14:54:28.690,1.20917,1.20923,1.69,1.00
2017.01.16 14:54:29.020,1.20916,1.20921,1.00,1.00
2017.01.16 14:54:29.883,1.20915,1.20921,1.25,1.50
2017.01.16 14:54:30.237,1.20917,1.20922,1.00,1.69
2017.01.16 14:54:30.668,1.20917,1.20924,1.50,1.25
2017.01.16 14:54:32.131,1.20919,1.20925,1.00,5.06
2017.01.16 14:54:32.283,1.20917,1.20925,1.87,3.19
2017.01.16 14:54:32.385,1.20919,1.20925,1.00,2.44
2017.01.16 14:54:33.912,1.2092,1.20925,1.00,1.69
2017.01.16 14:54:34.015,1.2092,1.20926,1.19,1.00
2017.01.16 14:54:34.563,1.20919,1.20927,4.31,1.54
2017.01.16 14:54:35.059,1.20919,1.20925,1.31,1.00
2017.01.16 14:54:35.542,1.20917,1.20923,1.31,1.00
2017.01.16 14:54:36.049,1.20917,1.20923,1.25,1.19
2017.01.16 14:54:36.586,1.20915,1.20921,2.06,1.00
2017.01.16 14:54:36.890,1.20912,1.20918,2.00,1.00
2017.01.16 14:54:37.143,1.20911,1.20917,3.19,1.00
2017.01.16 14:54:38.256,1.20912,1.20919,1.25,2.81
2017.01.16 14:54:39.559,1.20911,1.20918,1.31,1.87
2017.01.16 14:54:40.071,1.20911,1.20917,1.25,1.62
2017.01.16 14:54:40.224,1.20912,1.20919,1.69,2.06
2017.01.16 14:54:40.427,1.20913,1.2092,1.25,3.19
2017.01.16 14:54:40.529,1.20912,1.2092,2.81,2.44
2017.01.16 14:54:41.054,1.20912,1.20919,1.19,1.62
2017.01.16 14:54:41.846,1.20911,1.20917,2.44,1.19
2017.01.16 14:54:44.589,1.2091,1.20915,1.19,1.00
2017.01.16 14:54:44.640,1.20909,1.20914,1.12,1.12
2017.01.16 14:54:44.742,1.20908,1.20914,1.69,2.85
2017.01.16 14:54:45.248,1.20907,1.20914,1.69,1.87
2017.01.16 14:54:49.578,1.20907,1.20914,1.19,3.75
2017.01.16 14:54:49.679,1.20907,1.20914,1.19,1.87
2017.01.16 14:54:50.046,1.20907,1.20914,1.69,1.87
2017.01.16 14:54:50.751,1.20907,1.20912,1.19,1.87
2017.01.16 14:54:50.802,1.20905,1.20908,2.62,1.00
2017.01.16 14:54:50.854,1.20899,1.20904,5.25,4.00
2017.01.16 14:54:51.012,1.20903,1.20904,1.00,1.00
2017.01.16 14:54:51.518,1.20901,1.20906,1.37,1.37
2017.01.16 14:54:51.569,1.20901,1.20906,1.00,1.37
2017.01.16 14:54:51.771,1.20898,1.20906,1.50,3.97
2017.01.16 14:54:52.276,1.20898,1.20904,1.50,1.12
2017.01.16 14:54:53.977,1.20897,1.20905,2.25,1.87
2017.01.16 14:54:54.962,1.20898,1.20905,1.00,1.50
2017.01.16 14:54:55.367,1.20899,1.20905,1.50,1.50
2017.01.16 14:54:55.877,1.20898,1.20905,1.00,2.44
2017.01.16 14:54:56.388,1.20899,1.20906,1.00,4.31
2017.01.16 14:54:56.987,1.20899,1.20906,1.50,3.19
2017.01.16 14:54:57.527,1.209,1.20906,1.00,2.44
2017.01.16 14:54:58.050,1.20901,1.20906,1.50,1.56
2017.01.16 14:54:58.202,1.20904,1.20909,1.50,1.25
2017.01.16 14:54:58.847,1.20904,1.20912,2.44,1.69
2017.01.16 14:54:59.396,1.20905,1.20912,2.25,1.31
2017.01.16 14:55:00.877,1.20904,1.20912,1.69,2.81
2017.01.16 14:55:00.928,1.20904,1.2091,1.69,1.00
2017.01.16 14:55:02.081,1.20905,1.2091,1.00,1.12
2017.01.16 14:55:02.794,1.20904,1.2091,1.69,1.12
2017.01.16 14:55:03.350,1.20904,1.2091,1.25,1.37
2017.01.16 14:55:03.949,1.20904,1.20907,1.00,1.00
2017.01.16 14:55:05.386,1.20899,1.20906,1.69,1.50
2017.01.16 14:55:05.678,1.20897,1.20903,1.25,1.87
2017.01.16 14:55:06.133,1.20897,1.20903,1.69,2.25
2017.01.16 14:55:06.335,1.20897,1.20903,1.69,1.87
2017.01.16 14:55:08.218,1.20895,1.20903,2.62,2.06
2017.01.16 14:55:08.478,1.20897,1.20902,1.00,1.12
2017.01.16 14:55:08.957,1.20896,1.20902,1.00,1.87
2017.01.16 14:55:09.567,1.20897,1.20902,1.00,1.37
2017.01.16 14:55:10.107,1.20896,1.20901,1.00,1.87
2017.01.16 14:55:10.616,1.20895,1.20901,1.00,1.87
2017.01.16 14:55:11.177,1.20895,1.20901,1.00,2.25
2017.01.16 14:55:12.646,1.20895,1.20901,1.69,2.25
2017.01.16 14:55:13.031,1.20895,1.20901,1.19,1.87
2017.01.16 14:55:13.427,1.20898,1.20902,1.00,2.25
2017.01.16 14:55:13.529,1.209,1.20903,1.00,1.12
2017.01.16 14:55:13.581,1.20898,1.20903,1.00,1.12
2017.01.16 14:55:13.632,1.20898,1.20903,1.00,1.50
2017.01.16 14:55:13.683,1.20896,1.20903,2.06,1.50
2017.01.16 14:55:13.987,1.20898,1.20903,1.00,2.25
2017.01.16 14:55:14.649,1.20898,1.20904,1.00,1.31
2017.01.16 14:55:15.209,1.20899,1.20905,1.25,1.87
2017.01.16 14:55:16.161,1.20899,1.20902,1.25,1.37
2017.01.16 14:55:16.214,1.20897,1.20901,1.00,1.37
2017.01.16 14:55:16.419,1.20893,1.20899,1.25,1.50
2017.01.16 14:55:16.926,1.20894,1.20899,1.50,1.00
2017.01.16 14:55:17.460,1.20895,1.20899,1.00,1.00
2017.01.16 14:55:18.380,1.20896,1.20901,1.50,2.62
2017.01.16 14:55:19.164,1.20896,1.20901,1.69,1.19
2017.01.16 14:55:19.700,1.20896,1.20901,1.69,1.87
2017.01.16 14:55:20.126,1.20895,1.20901,1.69,1.75
2017.01.16 14:55:21.574,1.20896,1.20901,1.25,1.37
2017.01.16 14:55:23.158,1.20896,1.20901,1.25,1.50
2017.01.16 14:55:24.771,1.20896,1.209,1.00,1.37
2017.01.16 14:55:24.974,1.20895,1.209,1.00,1.31
2017.01.16 14:55:25.653,1.20895,1.209,1.00,1.19
2017.01.16 14:55:25.856,1.20895,1.20902,1.50,5.62
2017.01.16 14:55:26.210,1.20897,1.20902,1.25,1.00
2017.01.16 14:55:26.413,1.20899,1.20906,1.31,3.19
2017.01.16 14:55:26.484,1.20902,1.20906,1.00,1.69
2017.01.16 14:55:26.997,1.209,1.20907,1.19,2.81
2017.01.16 14:55:27.514,1.20905,1.20909,1.19,3.56
2017.01.16 14:55:27.565,1.20905,1.20909,1.19,2.06
2017.01.16 14:55:27.969,1.20904,1.20909,1.69,1.31
2017.01.16 14:55:28.489,1.20904,1.20909,1.00,1.87
2017.01.16 14:55:29.003,1.20904,1.20908,1.00,1.00
2017.01.16 14:55:29.512,1.20903,1.20908,1.25,1.00
2017.01.16 14:55:30.017,1.20904,1.20909,1.00,1.25
2017.01.16 14:55:30.557,1.20904,1.2091,1.25,1.00
2017.01.16 14:55:31.069,1.20904,1.20909,2.44,1.00
2017.01.16 14:55:32.144,1.20905,1.2091,1.25,1.69
2017.01.16 14:55:34.278,1.20906,1.20911,1.00,2.62
2017.01.16 14:55:34.983,1.20905,1.20911,1.25,1.44
2017.01.16 14:55:36.584,1.20907,1.20911,1.00,1.44
2017.01.16 14:55:36.686,1.20909,1.20913,1.87,1.69
2017.01.16 14:55:36.737,1.20912,1.20915,1.00,1.12
2017.01.16 14:55:37.155,1.20912,1.20919,1.25,1.69
2017.01.16 14:55:37.592,1.2091,1.20917,1.00,1.25
2017.01.16 14:55:37.950,1.2091,1.20915,1.00,1.50
2017.01.16 14:55:38.479,1.2091,1.20914,1.00,1.25
2017.01.16 14:55:39.071,1.20908,1.20913,1.25,1.00
2017.01.16 14:55:39.945,1.20911,1.20914,1.00,1.87
2017.01.16 14:55:40.047,1.20907,1.20914,5.25,1.69
2017.01.16 14:55:42.053,1.20907,1.20914,2.44,1.44
2017.01.16 14:55:42.263,1.20907,1.20915,2.44,1.50
2017.01.16 14:55:43.465,1.20907,1.20914,1.19,2.62
2017.01.16 14:55:45.949,1.20907,1.20912,1.19,2.25
2017.01.16 14:55:46.000,1.20905,1.2091,1.25,1.25
2017.01.16 14:55:46.506,1.20906,1.20911,1.25,1.69
2017.01.16 14:55:47.250,1.20909,1.20912,1.00,1.50
2017.01.16 14:55:47.554,1.20911,1.20913,1.00,1.25
2017.01.16 14:55:47.860,1.20911,1.20916,1.00,1.12
2017.01.16 14:55:47.962,1.20914,1.20917,1.00,1.25
2017.01.16 14:55:48.468,1.20913,1.20917,1.00,1.25
2017.01.16 14:55:48.825,1.20911,1.20917,1.00,1.25
2017.01.16 14:55:54.090,1.20914,1.20918,1.00,1.19
2017.01.16 14:55:54.678,1.20914,1.20918,1.00,1.25
2017.01.16 14:55:55.202,1.20914,1.20918,1.00,1.19
2017.01.16 14:55:55.692,1.20915,1.20919,1.69,1.12
2017.01.16 14:55:56.200,1.20916,1.2092,1.25,1.00
2017.01.16 14:55:56.742,1.20915,1.20921,1.69,2.29
2017.01.16 14:55:57.937,1.20915,1.2092,1.69,1.00
2017.01.16 14:55:59.025,1.20915,1.20921,1.69,3.60
2017.01.16 14:55:59.533,1.20916,1.2092,1.25,1.50
2017.01.16 14:56:00.548,1.20916,1.2092,1.00,3.97
2017.01.16 14:56:00.599,1.20913,1.20918,1.87,1.54
2017.01.16 14:56:00.735,1.20913,1.20916,1.50,1.50
2017.01.16 14:56:00.786,1.2091,1.20913,1.00,1.00
2017.01.16 14:56:00.939,1.20908,1.20914,2.25,1.25
2017.01.16 14:56:01.485,1.20908,1.20915,2.25,2.62
2017.01.16 14:56:03.371,1.20908,1.20914,2.25,1.00
2017.01.16 14:56:04.312,1.2091,1.20914,1.50,1.00
2017.01.16 14:56:04.819,1.20912,1.20916,1.00,1.19
2017.01.16 14:56:05.345,1.20911,1.20916,1.00,1.19
2017.01.16 14:56:07.653,1.20912,1.20916,1.00,1.19
2017.01.16 14:56:09.087,1.20912,1.20918,3.19,1.00
2017.01.16 14:56:09.593,1.20913,1.20919,1.25,1.50
2017.01.16 14:56:10.587,1.20914,1.20919,1.00,1.69
2017.01.16 14:56:12.172,1.20912,1.20919,3.56,1.25
2017.01.16 14:56:12.689,1.20913,1.2092,2.44,1.50
2017.01.16 14:56:13.276,1.20914,1.20921,2.25,2.06
2017.01.16 14:56:13.428,1.20916,1.20921,1.00,1.25
2017.01.16 14:56:14.269,1.20916,1.20923,1.25,2.25
2017.01.16 14:56:14.863,1.20917,1.20922,1.00,1.00
2017.01.16 14:56:15.390,1.20913,1.2092,3.19,1.25
2017.01.16 14:56:15.942,1.20912,1.2092,1.69,4.31
2017.01.16 14:56:17.256,1.20914,1.20919,1.00,2.81
2017.01.16 14:56:17.762,1.20914,1.2092,1.25,1.25
2017.01.16 14:56:19.166,1.20915,1.2092,1.00,1.25
2017.01.16 14:56:21.951,1.20913,1.20921,2.06,2.44
2017.01.16 14:56:22.484,1.20914,1.20919,1.25,1.00
2017.01.16 14:56:23.013,1.20914,1.20921,1.69,3.19
2017.01.16 14:56:24.286,1.20914,1.20916,1.25,1.00
2017.01.16 14:56:24.590,1.20914,1.20917,1.00,1.00
2017.01.16 14:56:25.153,1.20914,1.20916,1.00,1.00
2017.01.16 14:56:26.676,1.20914,1.20916,1.00,1.00
2017.01.16 14:56:26.778,1.20912,1.20915,1.25,1.00
2017.01.16 14:56:27.321,1.20913,1.20915,1.00,1.00
2017.01.16 14:56:29.290,1.20912,1.20915,1.25,1.00
2017.01.16 14:56:29.341,1.20913,1.20916,1.00,1.00
2017.01.16 14:56:29.645,1.20914,1.20918,1.00,1.00
2017.01.16 14:56:32.989,1.20916,1.20918,1.00,1.00
2017.01.16 14:56:33.454,1.20917,1.20919,1.00,1.00
2017.01.16 14:56:36.660,1.20916,1.20917,1.00,1.00
2017.01.16 14:56:38.322,1.20915,1.20917,1.00,1.00
2017.01.16 14:56:40.327,1.20914,1.20917,1.25,1.00
2017.01.16 14:56:40.378,1.20914,1.20916,1.25,1.00
2017.01.16 14:56:40.682,1.20911,1.20913,1.00,1.00
2017.01.16 14:56:41.565,1.20912,1.20913,1.00,1.00
2017.01.16 14:56:43.320,1.20913,1.20915,1.00,1.00
2017.01.16 14:56:45.521,1.20911,1.20915,3.00,1.00
2017.01.16 14:56:45.925,1.20912,1.20917,1.12,1.00
2017.01.16 14:56:47.252,1.20911,1.20917,1.12,1.00
2017.01.16 14:56:47.787,1.20911,1.20917,2.06,1.69
2017.01.16 14:56:49.437,1.20913,1.20917,1.00,1.69
2017.01.16 14:56:49.992,1.2091,1.20915,1.87,1.00
2017.01.16 14:56:50.196,1.20909,1.20915,1.25,1.69
2017.01.16 14:56:51.079,1.2091,1.20915,1.00,1.69
2017.01.16 14:56:51.391,1.20908,1.20911,1.31,1.00
2017.01.16 14:56:51.442,1.20906,1.2091,2.44,1.00
2017.01.16 14:56:51.493,1.20906,1.20909,2.44,1.00
2017.01.16 14:56:51.544,1.20906,1.2091,2.44,1.00
2017.01.16 14:56:51.595,1.20905,1.20908,2.44,1.00
2017.01.16 14:56:52.826,1.20905,1.20908,1.69,1.00
2017.01.16 14:56:59.117,1.20905,1.20909,1.69,1.00
2017.01.16 14:57:01.185,1.20901,1.20905,2.44,1.25
2017.01.16 14:57:01.701,1.20901,1.20904,1.69,1.00
2017.01.16 14:57:02.841,1.20903,1.20905,1.00,1.25
2017.01.16 14:57:03.090,1.20904,1.20909,2.44,1.50
2017.01.16 14:57:03.596,1.20905,1.20908,1.25,1.00
2017.01.16 14:57:04.102,1.20904,1.20909,1.19,1.00
2017.01.16 14:57:05.378,1.20904,1.20909,1.19,1.19
2017.01.16 14:57:06.098,1.20904,1.2091,1.19,1.69
2017.01.16 14:57:06.602,1.20904,1.2091,1.19,1.69
2017.01.16 14:57:07.264,1.20904,1.20908,1.69,1.00
2017.01.16 14:57:14.917,1.20904,1.20909,1.19,1.25
2017.01.16 14:57:15.389,1.20902,1.20908,1.69,1.00
2017.01.16 14:57:15.492,1.20902,1.20906,1.31,1.00
2017.01.16 14:57:16.079,1.20902,1.20907,1.69,1.00
2017.01.16 14:57:18.933,1.20904,1.20909,1.00,1.12
2017.01.16 14:57:19.447,1.20905,1.2091,1.00,1.87
2017.01.16 14:57:19.819,1.20903,1.2091,2.44,1.87
2017.01.16 14:57:20.723,1.20904,1.2091,1.00,1.87
2017.01.16 14:57:21.230,1.20903,1.2091,2.44,1.87
2017.01.16 14:57:21.839,1.20904,1.2091,1.00,1.87
2017.01.16 14:57:23.700,1.20903,1.2091,1.69,1.87
2017.01.16 14:57:24.251,1.20904,1.2091,1.00,1.87
2017.01.16 14:57:24.858,1.20903,1.2091,2.81,1.87
2017.01.16 14:57:24.989,1.20905,1.2091,1.00,1.87
2017.01.16 14:57:25.735,1.20904,1.2091,1.00,1.87
2017.01.16 14:57:26.278,1.20903,1.2091,3.56,1.87
2017.01.16 14:57:26.791,1.20904,1.2091,1.00,1.87
2017.01.16 14:57:32.910,1.20903,1.2091,2.44,1.87
2017.01.16 14:57:33.213,1.20903,1.20909,1.25,2.25
2017.01.16 14:57:33.406,1.20903,1.20908,1.25,1.25
2017.01.16 14:57:34.496,1.20903,1.20907,1.25,1.00
2017.01.16 14:57:35.752,1.20902,1.20908,1.19,1.25
2017.01.16 14:57:36.795,1.20902,1.20908,1.19,1.19
2017.01.16 14:57:37.401,1.20903,1.20908,1.25,1.25
2017.01.16 14:57:38.387,1.20905,1.2091,1.00,2.06
2017.01.16 14:57:38.931,1.20906,1.2091,1.00,1.31
2017.01.16 14:57:40.035,1.20905,1.2091,1.69,1.12
2017.01.16 14:57:41.152,1.20902,1.20909,2.81,1.00
2017.01.16 14:57:41.203,1.20902,1.2091,2.06,1.50
2017.01.16 14:57:41.304,1.20904,1.2091,1.00,1.31
2017.01.16 14:57:50.121,1.20905,1.2091,1.69,1.50
2017.01.16 14:57:50.173,1.20908,1.20912,1.00,1.69
2017.01.16 14:57:50.375,1.20907,1.20915,3.37,3.19
2017.01.16 14:57:50.426,1.20906,1.20912,2.44,1.00
2017.01.16 14:57:50.935,1.20907,1.20913,1.25,1.00
2017.01.16 14:57:52.662,1.20906,1.20911,1.44,1.00
2017.01.16 14:57:52.938,1.20903,1.20909,1.50,1.00
2017.01.16 14:57:53.444,1.20903,1.20908,1.00,1.00
2017.01.16 14:57:55.305,1.20901,1.20908,1.25,1.25
2017.01.16 14:57:56.864,1.20903,1.20908,1.00,1.69
2017.01.16 14:57:57.369,1.20904,1.20908,1.00,1.25
2017.01.16 14:57:57.618,1.20902,1.20908,1.00,1.25
2017.01.16 14:57:57.770,1.20904,1.20908,1.00,1.25
2017.01.16 14:57:58.294,1.20905,1.20908,1.00,1.25
2017.01.16 14:57:58.806,1.20904,1.20908,1.00,1.25
2017.01.16 14:57:59.403,1.20905,1.20908,1.00,1.25
2017.01.16 14:58:00.073,1.20904,1.20908,1.00,1.25
2017.01.16 14:58:00.579,1.20908,1.20911,1.00,2.06
2017.01.16 14:58:00.893,1.20911,1.20917,1.00,3.94
2017.01.16 14:58:00.994,1.20909,1.20917,1.00,4.69
2017.01.16 14:58:01.095,1.20909,1.20917,1.00,4.54
2017.01.16 14:58:02.120,1.20908,1.20917,1.00,3.19
2017.01.16 14:58:02.643,1.20909,1.20917,1.00,3.19
2017.01.16 14:58:02.896,1.20908,1.20914,1.50,1.50
2017.01.16 14:58:02.997,1.20906,1.20914,2.25,2.06
2017.01.16 14:58:03.099,1.20906,1.20911,1.50,1.00
2017.01.16 14:58:03.409,1.20901,1.20909,2.25,1.87
2017.01.16 14:58:03.911,1.20902,1.20908,1.00,2.06
2017.01.16 14:58:04.323,1.20905,1.20908,1.00,1.31
2017.01.16 14:58:04.374,1.20902,1.20908,1.50,1.25
2017.01.16 14:58:04.526,1.20904,1.20909,1.00,1.19
2017.01.16 14:58:05.117,1.20903,1.20908,1.00,1.25
2017.01.16 14:58:05.742,1.20904,1.2091,1.00,2.81
2017.01.16 14:58:06.274,1.20903,1.20908,1.00,1.25
2017.01.16 14:58:06.375,1.20901,1.20909,1.12,3.19
2017.01.16 14:58:06.939,1.20899,1.20902,1.00,1.00
2017.01.16 14:58:07.245,1.20892,1.20893,3.00,1.00
2017.01.16 14:58:07.296,1.20893,1.20895,1.87,2.25
2017.01.16 14:58:07.348,1.20891,1.20893,1.00,1.19
2017.01.16 14:58:07.400,1.20885,1.2089,1.12,1.25
2017.01.16 14:58:07.451,1.20883,1.20888,1.75,1.00
2017.01.16 14:58:07.907,1.20885,1.2089,1.12,1.12
2017.01.16 14:58:08.521,1.20886,1.20891,1.00,1.19
2017.01.16 14:58:09.052,1.20885,1.20891,1.87,1.19
2017.01.16 14:58:10.050,1.20887,1.20892,1.00,1.25
2017.01.16 14:58:11.253,1.20889,1.20893,1.00,2.06
2017.01.16 14:58:11.305,1.20889,1.20894,1.00,2.44
2017.01.16 14:58:11.457,1.20892,1.20895,1.00,1.69
2017.01.16 14:58:11.559,1.20894,1.20897,1.00,1.50
2017.01.16 14:58:11.610,1.20892,1.20897,1.00,1.50
2017.01.16 14:58:11.813,1.20891,1.20895,1.50,1.19
2017.01.16 14:58:12.116,1.2089,1.20893,1.00,1.19
2017.01.16 14:58:12.217,1.20887,1.20893,1.12,1.19
2017.01.16 14:58:12.356,1.20889,1.20893,1.00,1.19
2017.01.16 14:58:12.561,1.20889,1.20894,1.00,1.19
2017.01.16 14:58:13.068,1.2089,1.20894,1.00,1.19
2017.01.16 14:58:13.589,1.20889,1.20894,1.00,1.19
2017.01.16 14:58:13.640,1.20891,1.20894,1.00,1.19
2017.01.16 14:58:13.842,1.20888,1.20892,1.50,1.00
2017.01.16 14:58:13.994,1.20887,1.20889,1.00,1.00
2017.01.16 14:58:14.096,1.20884,1.20888,1.87,1.00
2017.01.16 14:58:14.226,1.20884,1.20886,1.50,1.00
2017.01.16 14:58:14.331,1.2088,1.20884,1.50,1.00
2017.01.16 14:58:14.837,1.2088,1.20885,1.00,2.25
2017.01.16 14:58:15.370,1.2088,1.20885,1.00,3.94
2017.01.16 14:58:16.466,1.20879,1.20885,1.50,4.69
2017.01.16 14:58:16.970,1.20876,1.2088,1.87,1.00
2017.01.16 14:58:17.443,1.20877,1.20882,1.00,1.69
2017.01.16 14:58:17.963,1.20876,1.20882,1.00,1.25
2017.01.16 14:58:18.220,1.20878,1.20883,1.00,1.19
2017.01.16 14:58:18.844,1.2088,1.20883,1.00,1.19
2017.01.16 14:58:18.947,1.2088,1.20884,1.00,1.25
2017.01.16 14:58:19.200,1.20882,1.20885,1.00,1.69
2017.01.16 14:58:19.352,1.20881,1.20885,1.00,1.69
2017.01.16 14:58:19.403,1.2088,1.20883,1.00,1.19
2017.01.16 14:58:19.708,1.20886,1.2089,1.00,4.87
2017.01.16 14:58:20.131,1.20884,1.20892,1.50,3.19
2017.01.16 14:58:20.636,1.20885,1.20892,1.50,3.19
2017.01.16 14:58:21.507,1.20886,1.20892,1.00,3.56
2017.01.16 14:58:22.052,1.20885,1.20892,1.00,3.56
2017.01.16 14:58:22.282,1.20883,1.20891,2.62,1.19
2017.01.16 14:58:22.747,1.20885,1.20891,1.00,1.19
2017.01.16 14:58:22.949,1.20883,1.20891,3.37,1.19
2017.01.16 14:58:23.000,1.20885,1.20891,1.00,1.19
2017.01.16 14:58:23.508,1.20884,1.20892,1.50,2.06
2017.01.16 14:58:24.015,1.20885,1.20892,1.00,2.06
2017.01.16 14:58:24.689,1.20887,1.20892,1.12,2.06
2017.01.16 14:58:24.793,1.20891,1.20895,1.00,1.25
2017.01.16 14:58:25.198,1.20892,1.20898,1.50,1.31
2017.01.16 14:58:25.249,1.20894,1.20899,1.00,3.19
2017.01.16 14:58:25.401,1.20895,1.209,1.00,2.44
2017.01.16 14:58:25.452,1.20897,1.209,1.00,2.06
2017.01.16 14:58:25.554,1.20898,1.20903,1.00,2.44
2017.01.16 14:58:26.150,1.20897,1.209,1.00,1.25
2017.01.16 14:58:26.403,1.20895,1.20901,1.00,2.06
2017.01.16 14:58:26.927,1.20896,1.20901,1.00,1.19
2017.01.16 14:58:27.181,1.20897,1.20903,1.00,2.06
2017.01.16 14:58:27.232,1.20899,1.20903,1.00,1.69
2017.01.16 14:58:27.283,1.20899,1.20905,1.50,2.44
2017.01.16 14:58:27.830,1.20898,1.20905,1.50,1.19
2017.01.16 14:58:28.341,1.20898,1.20906,1.69,2.44
2017.01.16 14:58:30.697,1.20898,1.20904,1.19,1.19
2017.01.16 14:58:30.950,1.20897,1.20904,1.00,1.69
2017.01.16 14:58:31.051,1.20897,1.20904,1.69,1.69
2017.01.16 14:58:31.594,1.20897,1.20904,1.69,1.69
2017.01.16 14:58:32.123,1.20896,1.20904,2.44,1.69
2017.01.16 14:58:33.660,1.20896,1.20904,2.06,1.69
2017.01.16 14:58:34.364,1.20896,1.20904,2.13,1.69
2017.01.16 14:58:34.861,1.20898,1.20903,1.00,1.25
2017.01.16 14:58:35.013,1.20896,1.20903,2.88,1.25
2017.01.16 14:58:35.230,1.20899,1.20905,1.00,1.69
2017.01.16 14:58:36.682,1.20898,1.20905,2.13,1.19
2017.01.16 14:58:36.991,1.209,1.20906,1.12,1.19
2017.01.16 14:58:38.219,1.20901,1.20906,1.00,1.19
2017.01.16 14:58:38.933,1.209,1.20906,1.50,1.19
2017.01.16 14:58:39.767,1.20903,1.20908,1.00,2.44
2017.01.16 14:58:39.970,1.20905,1.2091,1.00,1.25
2017.01.16 14:58:40.494,1.20904,1.20911,1.75,1.19
2017.01.16 14:58:41.020,1.20905,1.20911,1.00,1.25
2017.01.16 14:58:41.526,1.20904,1.2091,2.50,1.00
2017.01.16 14:58:42.199,1.20904,1.20909,1.25,1.00
2017.01.16 14:58:42.742,1.20904,1.20909,1.75,1.00
2017.01.16 14:58:43.125,1.20906,1.20909,1.00,1.00
2017.01.16 14:58:43.226,1.20904,1.20909,1.50,1.00
2017.01.16 14:58:43.796,1.20905,1.20909,1.00,1.00
2017.01.16 14:58:43.949,1.20903,1.20909,1.12,1.25
2017.01.16 14:58:44.257,1.20903,1.20907,1.12,1.00
2017.01.16 14:58:44.612,1.20906,1.2091,1.00,1.69
2017.01.16 14:58:44.663,1.20906,1.20911,1.00,1.25
2017.01.16 14:58:44.865,1.20904,1.20907,1.00,1.69
2017.01.16 14:58:44.967,1.20899,1.20907,1.12,3.00
2017.01.16 14:58:45.906,1.20901,1.20906,1.00,1.31
2017.01.16 14:58:46.058,1.20902,1.20907,2.10,1.12
2017.01.16 14:58:46.717,1.20902,1.20909,1.00,1.19
2017.01.16 14:58:46.768,1.20905,1.20909,1.00,1.19
2017.01.16 14:58:47.329,1.20903,1.20909,1.00,1.69
2017.01.16 14:58:48.997,1.20904,1.20908,1.00,1.25
2017.01.16 14:58:50.521,1.20905,1.20909,1.00,1.69
2017.01.16 14:58:50.572,1.20906,1.20909,1.00,1.69
2017.01.16 14:58:51.141,1.20906,1.20909,1.00,2.44
2017.01.16 14:58:52.735,1.20905,1.20908,1.00,1.25
2017.01.16 14:58:52.988,1.20905,1.20907,1.00,1.19
2017.01.16 14:58:53.535,1.20905,1.20907,1.00,1.25
2017.01.16 14:58:56.180,1.20904,1.20907,1.00,1.19
2017.01.16 14:58:56.231,1.20901,1.20907,1.00,1.19
2017.01.16 14:58:56.736,1.209,1.20907,2.81,1.19
2017.01.16 14:58:57.995,1.20899,1.20905,3.00,1.19
2017.01.16 14:58:58.249,1.20897,1.20905,2.62,1.69
2017.01.16 14:58:58.300,1.20899,1.20904,1.00,1.00
2017.01.16 14:58:58.806,1.209,1.20906,1.00,2.44
2017.01.16 14:58:58.965,1.209,1.20908,1.50,1.87
2017.01.16 14:58:59.016,1.20902,1.20908,1.00,1.19
2017.01.16 14:58:59.067,1.20902,1.20908,1.50,1.69
2017.01.16 14:58:59.544,1.209,1.20907,2.25,1.19
2017.01.16 14:59:01.408,1.20904,1.20908,1.00,2.81
2017.01.16 14:59:02.914,1.20903,1.20907,1.00,1.69
2017.01.16 14:59:03.218,1.20905,1.20907,1.00,1.25
2017.01.16 14:59:03.492,1.20907,1.20911,1.00,1.62
2017.01.16 14:59:03.565,1.2091,1.20912,1.00,1.25
2017.01.16 14:59:03.666,1.20912,1.20914,1.00,1.25
2017.01.16 14:59:04.172,1.20911,1.20916,1.00,3.00
2017.01.16 14:59:04.325,1.20908,1.20915,1.00,4.12
2017.01.16 14:59:04.376,1.20908,1.20913,1.00,2.25
2017.01.16 14:59:04.884,1.20908,1.20911,1.00,1.44
2017.01.16 14:59:05.608,1.20907,1.20911,1.00,1.37
2017.01.16 14:59:05.659,1.20905,1.20911,1.50,1.87
2017.01.16 14:59:05.710,1.20907,1.20911,1.00,2.62
2017.01.16 14:59:06.216,1.20906,1.20911,1.00,2.25
2017.01.16 14:59:06.805,1.20907,1.20911,1.00,3.00
2017.01.16 14:59:07.121,1.20906,1.20909,1.00,1.19
2017.01.16 14:59:07.626,1.20906,1.20909,1.00,1.19
2017.01.16 14:59:08.992,1.20904,1.20909,1.00,2.25
2017.01.16 14:59:12.114,1.20904,1.20907,1.00,1.00
2017.01.16 14:59:13.214,1.20906,1.20908,1.00,1.25
2017.01.16 14:59:13.265,1.20905,1.20907,1.00,1.00
2017.01.16 14:59:13.784,1.20905,1.20907,1.00,1.00
2017.01.16 14:59:14.344,1.20905,1.20909,1.00,2.25
2017.01.16 14:59:14.749,1.20906,1.20909,1.00,1.44
2017.01.16 14:59:15.271,1.20908,1.20909,1.00,1.00
2017.01.16 14:59:15.701,1.20907,1.20912,1.00,3.37
2017.01.16 14:59:16.274,1.20908,1.2091,1.00,1.00
2017.01.16 14:59:19.047,1.20907,1.20908,1.00,1.00
2017.01.16 14:59:19.097,1.20905,1.20908,1.00,1.00
2017.01.16 14:59:20.261,1.20906,1.20908,1.00,1.00
2017.01.16 14:59:20.772,1.20906,1.20909,1.00,1.25
2017.01.16 14:59:21.492,1.20907,1.2091,1.00,1.19
2017.01.16 14:59:21.998,1.20907,1.20911,1.00,1.19
2017.01.16 14:59:22.475,1.20909,1.20911,1.00,1.25
2017.01.16 14:59:22.728,1.20911,1.20912,1.00,1.00
2017.01.16 14:59:23.275,1.2091,1.20915,1.00,2.62
2017.01.16 14:59:24.490,1.2091,1.20915,1.00,2.25
2017.01.16 14:59:25.683,1.2091,1.20914,1.00,1.00
2017.01.16 14:59:25.785,1.20908,1.20914,1.00,1.00
2017.01.16 14:59:28.685,1.20911,1.20914,1.00,1.00
2017.01.16 14:59:28.736,1.20908,1.20914,1.00,1.00
2017.01.16 14:59:28.786,1.20911,1.20914,1.00,1.00
2017.01.16 14:59:28.864,1.20909,1.20914,1.00,1.00
2017.01.16 14:59:28.915,1.20911,1.20914,1.00,1.00
2017.01.16 14:59:28.966,1.20908,1.20914,1.50,1.00
2017.01.16 14:59:29.505,1.20909,1.20913,1.00,1.00
2017.01.16 14:59:30.269,1.20909,1.20912,1.00,1.00
2017.01.16 14:59:30.421,1.20907,1.20913,1.00,1.25
2017.01.16 14:59:30.932,1.20908,1.20913,1.00,1.69
2017.01.16 14:59:31.185,1.2091,1.20914,1.00,3.19
2017.01.16 14:59:31.745,1.20908,1.20914,1.00,1.69
2017.01.16 14:59:31.796,1.2091,1.20914,1.00,1.69
2017.01.16 14:59:31.907,1.20908,1.20914,1.00,1.69
2017.01.16 14:59:32.029,1.2091,1.20914,1.00,1.69
2017.01.16 14:59:32.131,1.20908,1.20914,1.00,2.44
2017.01.16 14:59:32.182,1.20908,1.20911,1.00,1.00
2017.01.16 14:59:32.738,1.20909,1.20911,1.00,1.00
2017.01.16 14:59:32.954,1.2091,1.20913,1.00,1.31
2017.01.16 14:59:33.460,1.20909,1.20913,1.00,1.25
2017.01.16 14:59:34.060,1.2091,1.20913,1.00,1.25
2017.01.16 14:59:34.982,1.20909,1.20912,1.00,1.00
2017.01.16 14:59:35.488,1.20908,1.20912,1.00,1.00
2017.01.16 14:59:36.032,1.20908,1.20913,1.00,1.69
2017.01.16 14:59:36.584,1.2091,1.20913,1.00,1.69
2017.01.16 14:59:37.027,1.20911,1.20914,1.00,1.12
2017.01.16 14:59:37.129,1.20909,1.20915,1.00,2.44
2017.01.16 14:59:37.331,1.20912,1.20915,1.00,1.69
2017.01.16 14:59:37.382,1.2091,1.20915,1.00,1.69
2017.01.16 14:59:37.685,1.20912,1.20915,1.00,1.69
2017.01.16 14:59:38.172,1.20911,1.20915,1.00,1.69
2017.01.16 14:59:39.224,1.2091,1.20915,1.00,1.25
2017.01.16 14:59:39.629,1.20912,1.20915,1.00,1.31
2017.01.16 14:59:39.781,1.2091,1.20915,1.00,1.25
2017.01.16 14:59:39.882,1.20912,1.20915,1.00,1.12
2017.01.16 14:59:40.205,1.20911,1.20912,1.00,1.00
2017.01.16 14:59:40.307,1.20911,1.20915,1.00,1.31
2017.01.16 14:59:40.924,1.20912,1.20915,1.00,1.31
2017.01.16 14:59:41.077,1.20914,1.20917,1.00,1.12
2017.01.16 14:59:41.179,1.20916,1.20919,1.00,1.19
2017.01.16 14:59:41.281,1.20916,1.20921,1.00,3.94
2017.01.16 14:59:41.434,1.20918,1.20921,1.00,1.00
2017.01.16 14:59:41.951,1.20919,1.20921,1.00,1.00
2017.01.16 14:59:42.457,1.2092,1.20922,1.00,1.00
2017.01.16 14:59:42.983,1.20918,1.20923,1.00,1.00
2017.01.16 14:59:43.084,1.20919,1.20921,1.00,1.00
2017.01.16 14:59:43.490,1.2092,1.20923,1.00,2.06
2017.01.16 14:59:43.592,1.20918,1.20924,1.00,3.94
2017.01.16 14:59:43.643,1.2092,1.20924,1.00,3.94
2017.01.16 14:59:43.744,1.20918,1.20924,1.00,4.54
2017.01.16 14:59:43.896,1.2092,1.20924,1.00,2.62
2017.01.16 14:59:44.221,1.20918,1.20922,1.00,1.00
2017.01.16 14:59:45.182,1.20917,1.20922,1.00,1.00
2017.01.16 14:59:45.709,1.20916,1.20922,1.00,1.00
2017.01.16 14:59:46.244,1.20917,1.20922,1.00,1.00
2017.01.16 14:59:47.173,1.20915,1.20923,1.87,3.37
2017.01.16 14:59:47.275,1.20915,1.20921,1.00,1.19
2017.01.16 14:59:47.527,1.20913,1.20921,1.87,1.19
2017.01.16 14:59:48.163,1.20914,1.20921,1.00,1.69
2017.01.16 14:59:48.766,1.20914,1.20919,1.00,1.00
2017.01.16 14:59:49.272,1.20914,1.2092,1.00,2.44
2017.01.16 14:59:49.831,1.20914,1.20919,1.00,1.50
2017.01.16 14:59:49.997,1.20911,1.20918,3.94,1.00
2017.01.16 14:59:50.104,1.20911,1.20915,3.94,1.00
2017.01.16 14:59:50.270,1.20909,1.20913,1.25,1.00
2017.01.16 14:59:50.422,1.2091,1.20913,1.00,1.00
2017.01.16 14:59:50.473,1.2091,1.20912,1.00,1.00
2017.01.16 14:59:50.676,1.20912,1.20917,1.00,1.31
2017.01.16 14:59:50.726,1.20914,1.20918,1.00,1.69
2017.01.16 14:59:50.828,1.20914,1.2092,1.00,1.12
2017.01.16 14:59:51.334,1.20915,1.2092,1.00,1.12
2017.01.16 14:59:51.882,1.20916,1.2092,1.00,1.25
2017.01.16 14:59:51.944,1.20914,1.2092,1.25,1.25
2017.01.16 14:59:52.017,1.20917,1.2092,1.00,1.25
2017.01.16 14:59:52.220,1.20915,1.2092,2.25,1.25
2017.01.16 14:59:52.422,1.20917,1.2092,1.00,1.25
2017.01.16 14:59:52.574,1.20915,1.2092,1.00,1.25
2017.01.16 14:59:53.281,1.20916,1.2092,1.00,1.25
2017.01.16 14:59:54.215,1.20916,1.20919,1.00,1.00
2017.01.16 14:59:55.103,1.20917,1.20919,1.00,1.00
2017.01.16 14:59:56.468,1.20915,1.20919,1.00,1.00
2017.01.16 14:59:57.007,1.20916,1.20918,1.00,1.00
2017.01.16 14:59:57.428,1.20921,1.20923,1.00,1.00
2017.01.16 14:59:57.930,1.20922,1.20924,1.00,1.00
2017.01.16 14:59:58.340,1.20919,1.2092,1.00,1.31
2017.01.16 14:59:58.392,1.20916,1.20918,1.50,1.19
2017.01.16 14:59:58.443,1.20913,1.20916,1.00,1.79
2017.01.16 14:59:58.494,1.20911,1.20913,1.50,1.00
2017.01.16 14:59:58.545,1.20912,1.20914,1.00,1.00
2017.01.16 14:59:58.648,1.20913,1.20915,1.00,1.25
2017.01.16 14:59:58.698,1.20912,1.20914,1.00,1.00
2017.01.16 14:59:59.205,1.20912,1.20917,1.00,1.69
2017.01.16 14:59:59.747,1.20913,1.20915,1.00,1.25
